y_true,y_pred,true_class,pred_class,prob_0_actinic_keratoses_and_intraepithelial_carcinoma,prob_1_basal_cell_carcinoma,prob_2_benign_keratosis-like_lesions,prob_3_dermatofibroma,prob_4_melanoma,prob_5_melanocytic_nevi,prob_6_vascular_lesions
5,5,melanocytic nevi,melanocytic nevi,0.037450273,0.020230414,0.05081677,0.0051073777,0.14022787,0.7441552,0.0020120628
3,1,dermatofibroma,basal cell carcinoma,0.17849432,0.35526985,0.12109042,0.08727224,0.06653938,0.1704012,0.020932619
4,2,melanoma,benign keratosis-like lesions,0.10201398,0.11802826,0.5166021,0.040094353,0.15231495,0.068096176,0.0028501698
0,0,actinic keratoses and intraepithelial carcinoma,actinic keratoses and intraepithelial carcinoma,0.37823308,0.19616953,0.2375686,0.08069868,0.062361397,0.038342256,0.0066264826
5,5,melanocytic nevi,melanocytic nevi,0.0256465,0.05096255,0.10068731,0.019636948,0.13598019,0.6569066,0.010180011
5,5,melanocytic nevi,melanocytic nevi,0.0004282702,0.00022935984,0.002984599,0.0007971502,0.0018204886,0.9933855,0.00035467956
5,5,melanocytic nevi,melanocytic nevi,0.0048751566,0.01682879,0.14324827,0.0057838075,0.15199079,0.667251,0.010022194
4,4,melanoma,melanoma,0.008357873,0.0015056357,0.08840738,0.0005695008,0.49086058,0.4101935,0.00010555089
5,5,melanocytic nevi,melanocytic nevi,0.0008791339,0.00042179934,0.0028869116,0.0017741659,0.00071010436,0.9928029,0.0005248384
2,2,benign keratosis-like lesions,benign keratosis-like lesions,0.010502549,0.030062554,0.6117652,0.012851856,0.08784156,0.2455444,0.001431911
1,1,basal cell carcinoma,basal cell carcinoma,0.05088307,0.4302503,0.12668018,0.06252344,0.042922884,0.2566627,0.0300774
5,5,melanocytic nevi,melanocytic nevi,0.00037092555,0.00013871015,0.0029349204,0.0003596051,0.0016633982,0.9943457,0.00018673662
4,4,melanoma,melanoma,0.04880669,0.020389402,0.28320974,0.009474126,0.40064415,0.23652855,0.0009473149
5,5,melanocytic nevi,melanocytic nevi,0.014518129,0.015332328,0.015341111,0.026225943,0.0044829147,0.9195498,0.0045498167
5,5,melanocytic nevi,melanocytic nevi,0.0038480733,0.013019516,0.120514095,0.008580491,0.1380326,0.7044697,0.011535448
4,5,melanoma,melanocytic nevi,0.0127663445,0.002477946,0.12557809,0.001313998,0.4219348,0.43578985,0.00013886984
4,5,melanoma,melanocytic nevi,0.0027523353,0.00048830383,0.123240344,0.00021699235,0.35071188,0.52255607,3.408294e-05
2,5,benign keratosis-like lesions,melanocytic nevi,0.008361732,0.0085997265,0.37884122,0.0043266043,0.15564016,0.44382092,0.0004097009
5,5,melanocytic nevi,melanocytic nevi,0.051644847,0.020782735,0.0324284,0.006388256,0.15513685,0.73183453,0.001784324
2,5,benign keratosis-like lesions,melanocytic nevi,0.014872943,0.020933274,0.3749503,0.009866029,0.14529389,0.43227476,0.0018088099
5,2,melanocytic nevi,benign keratosis-like lesions,0.009097783,0.036640745,0.4768508,0.017678514,0.13920735,0.308664,0.011860714
5,4,melanocytic nevi,melanoma,0.024552358,0.010842482,0.25372422,0.0049934164,0.36741713,0.3379758,0.000494563
5,5,melanocytic nevi,melanocytic nevi,0.0077129155,0.020423165,0.22029302,0.0079317475,0.04090723,0.70172405,0.0010078144
5,5,melanocytic nevi,melanocytic nevi,0.0010150418,0.0001584152,0.017478034,0.00042785244,0.016041124,0.9648036,7.589624e-05
5,5,melanocytic nevi,melanocytic nevi,0.115654014,0.1256872,0.094359495,0.039912105,0.07835603,0.52835053,0.017680546
5,5,melanocytic nevi,melanocytic nevi,0.10502949,0.034302346,0.13600853,0.030477708,0.16878542,0.5144399,0.010956572
5,5,melanocytic nevi,melanocytic nevi,0.14579158,0.22532792,0.053028032,0.15668526,0.018416816,0.3647541,0.035996187
5,5,melanocytic nevi,melanocytic nevi,0.023804458,0.007540046,0.10617736,0.002756137,0.25231,0.60694754,0.00046447272
5,5,melanocytic nevi,melanocytic nevi,0.004455909,0.0024453872,0.01061642,0.0021985779,0.016898569,0.96186763,0.0015175851
2,1,benign keratosis-like lesions,basal cell carcinoma,0.03634816,0.4472248,0.12094693,0.052405044,0.040533204,0.10610426,0.19643757
5,5,melanocytic nevi,melanocytic nevi,0.001933941,0.0006019106,0.008970208,0.0012373133,0.006169242,0.98076093,0.0003263907
5,5,melanocytic nevi,melanocytic nevi,0.0020958425,0.0007985877,0.006537892,0.0019333807,0.003394752,0.98476297,0.00047645532
4,4,melanoma,melanoma,0.13180697,0.02904334,0.17380412,0.010810084,0.47974512,0.17390965,0.0008807884
5,5,melanocytic nevi,melanocytic nevi,0.012064693,0.0028733786,0.23069221,0.0014566832,0.23873346,0.51409805,8.158897e-05
2,2,benign keratosis-like lesions,benign keratosis-like lesions,0.007592547,0.02596076,0.51843727,0.013549718,0.08415025,0.34825748,0.0020519728
2,2,benign keratosis-like lesions,benign keratosis-like lesions,0.22523092,0.109954774,0.29073462,0.030458724,0.23985338,0.10200264,0.0017648701
2,2,benign keratosis-like lesions,benign keratosis-like lesions,0.027673448,0.06268405,0.5643332,0.026463447,0.14012109,0.17381479,0.0049099606
5,5,melanocytic nevi,melanocytic nevi,0.00029397075,6.519965e-05,0.0031331533,0.00017606895,0.0018865189,0.99440837,3.67306e-05
2,0,benign keratosis-like lesions,actinic keratoses and intraepithelial carcinoma,0.4214695,0.1781664,0.25315592,0.033495884,0.09641653,0.016239159,0.0010565495
1,5,basal cell carcinoma,melanocytic nevi,0.050047234,0.31866422,0.08612166,0.046001878,0.017375834,0.4644284,0.01736071
5,2,melanocytic nevi,benign keratosis-like lesions,0.057912737,0.06728892,0.45928112,0.021710023,0.20606041,0.18432032,0.0034264522
5,5,melanocytic nevi,melanocytic nevi,0.0017409177,0.00035881097,0.01927988,0.00061872636,0.030664576,0.9471969,0.00014008864
5,5,melanocytic nevi,melanocytic nevi,4.7014848e-05,3.6950958e-06,0.007096736,5.2229802e-06,0.0652552,0.9275913,7.3222685e-07
5,5,melanocytic nevi,melanocytic nevi,4.8623788e-05,1.6405982e-05,0.001647647,3.1809857e-05,0.0042477227,0.9939792,2.871672e-05
5,5,melanocytic nevi,melanocytic nevi,0.00070315774,0.00018237828,0.005500075,0.0005127501,0.0024951997,0.9904867,0.00011984008
1,2,basal cell carcinoma,benign keratosis-like lesions,0.07216467,0.13370872,0.3776904,0.035845954,0.07441489,0.30145416,0.0047211978
5,5,melanocytic nevi,melanocytic nevi,0.022761878,0.008952461,0.025293743,0.013303004,0.012715419,0.91472906,0.0022444336
5,0,melanocytic nevi,actinic keratoses and intraepithelial carcinoma,0.4110127,0.25803685,0.12511806,0.055672396,0.082509235,0.06195254,0.0056981915
5,5,melanocytic nevi,melanocytic nevi,0.0041736793,0.0036042624,0.010793672,0.0038181115,0.00743877,0.9682234,0.0019481301
5,5,melanocytic nevi,melanocytic nevi,0.046356417,0.03821806,0.13280149,0.010095161,0.15257944,0.6176533,0.0022961155
5,5,melanocytic nevi,melanocytic nevi,0.10710466,0.028682152,0.06979296,0.058336895,0.015315624,0.71785486,0.0029127693
5,4,melanocytic nevi,melanoma,0.030095145,0.01114361,0.08773537,0.004003116,0.5920941,0.27371648,0.0012121674
5,5,melanocytic nevi,melanocytic nevi,0.0010662896,0.00031711612,0.0052364226,0.0006573512,0.002902805,0.9896828,0.00013725374
5,5,melanocytic nevi,melanocytic nevi,0.006264094,0.008462029,0.09173426,0.0021815388,0.037685167,0.853107,0.00056580605
5,5,melanocytic nevi,melanocytic nevi,0.0020313163,0.0047458448,0.2519422,0.0020819341,0.15398668,0.5837682,0.0014437815
2,5,benign keratosis-like lesions,melanocytic nevi,0.011503652,0.006233669,0.1441698,0.004036419,0.1884776,0.6448092,0.00076965144
3,2,dermatofibroma,benign keratosis-like lesions,0.24304731,0.21922435,0.25757343,0.08311512,0.102385804,0.08602398,0.008630022
2,2,benign keratosis-like lesions,benign keratosis-like lesions,0.23513786,0.18320036,0.35147795,0.11902231,0.047456875,0.05146706,0.012237623
5,5,melanocytic nevi,melanocytic nevi,0.0004561444,0.00019132445,0.0032662468,0.0004601345,0.0018988298,0.9933983,0.00032905283
5,5,melanocytic nevi,melanocytic nevi,0.24282421,0.1422725,0.1625232,0.06561536,0.13337007,0.24622306,0.0071715536
5,5,melanocytic nevi,melanocytic nevi,0.01579016,0.004907415,0.03566632,0.0069045583,0.020870686,0.9144804,0.0013804797
5,5,melanocytic nevi,melanocytic nevi,0.021734037,0.20035264,0.06719679,0.043681387,0.05864609,0.56829983,0.04008927
0,2,actinic keratoses and intraepithelial carcinoma,benign keratosis-like lesions,0.1125022,0.15146719,0.45779434,0.06843746,0.115171365,0.08833432,0.006293112
5,5,melanocytic nevi,melanocytic nevi,0.01082954,0.0351141,0.11970926,0.019160397,0.06751862,0.7365425,0.011125603
5,5,melanocytic nevi,melanocytic nevi,0.0047112396,0.0016267926,0.17379712,0.0007951063,0.26948655,0.54946584,0.0001174716
5,1,melanocytic nevi,basal cell carcinoma,0.19048959,0.427449,0.10501264,0.062394857,0.071024045,0.11717211,0.026457729
4,5,melanoma,melanocytic nevi,0.01069528,0.0037665463,0.13109522,0.0015465616,0.311642,0.54093784,0.00031657558
5,5,melanocytic nevi,melanocytic nevi,0.004149197,0.006849827,0.14887626,0.0038515218,0.25029826,0.58355916,0.002415762
4,4,melanoma,melanoma,0.047014233,0.008599531,0.13930148,0.00281901,0.42719448,0.37481132,0.00025999552
5,5,melanocytic nevi,melanocytic nevi,0.05037677,0.026793549,0.024422297,0.055431336,0.009475107,0.821896,0.011604826
5,5,melanocytic nevi,melanocytic nevi,0.0065538543,0.001718227,0.018266493,0.004420585,0.005979423,0.96243596,0.0006253597
5,5,melanocytic nevi,melanocytic nevi,0.002250322,0.00076006586,0.007485755,0.0019191751,0.0032004956,0.98394036,0.00044389206
1,1,basal cell carcinoma,basal cell carcinoma,0.30652773,0.34091133,0.12994541,0.07321998,0.06782521,0.06387432,0.017696023
3,0,dermatofibroma,actinic keratoses and intraepithelial carcinoma,0.3181255,0.23686041,0.10537994,0.12344386,0.035003476,0.16212915,0.019057695
4,2,melanoma,benign keratosis-like lesions,0.1968729,0.16967252,0.26279098,0.07149889,0.17926267,0.11053386,0.009368082
5,5,melanocytic nevi,melanocytic nevi,0.010594602,0.0028792217,0.02066714,0.0099966545,0.0046804496,0.95038164,0.00080033694
5,5,melanocytic nevi,melanocytic nevi,0.07739861,0.030145163,0.14091702,0.021793546,0.23085783,0.48763973,0.011248112
4,4,melanoma,melanoma,0.07183283,0.040735554,0.15843198,0.015329626,0.4945038,0.20785232,0.011313919
5,5,melanocytic nevi,melanocytic nevi,0.006681347,0.0032801728,0.009338138,0.0092529515,0.0023276173,0.9676091,0.0015105698
5,5,melanocytic nevi,melanocytic nevi,0.0007626886,0.00014973673,0.008952447,0.00012688481,0.022341162,0.96764386,2.3152264e-05
5,5,melanocytic nevi,melanocytic nevi,0.010015666,0.0041247495,0.020605993,0.0049834806,0.015134558,0.9436066,0.0015290311
5,5,melanocytic nevi,melanocytic nevi,0.00050735025,0.00035255647,0.06775021,0.00020134686,0.4414991,0.48941064,0.00027875896
5,5,melanocytic nevi,melanocytic nevi,0.0054146377,0.00093315815,0.012209896,0.0025579887,0.003918694,0.9747849,0.0001807255
5,1,melanocytic nevi,basal cell carcinoma,0.115441166,0.40386415,0.12263839,0.079857975,0.08881343,0.13156898,0.0578159
5,5,melanocytic nevi,melanocytic nevi,0.0041159964,0.0011346204,0.02492714,0.001509303,0.02022986,0.9478586,0.00022449045
5,5,melanocytic nevi,melanocytic nevi,0.009971017,0.0055081756,0.012096858,0.024948658,0.0020292734,0.9398733,0.0055726874
4,4,melanoma,melanoma,0.18521832,0.052500054,0.21240324,0.016176196,0.40031725,0.13242875,0.0009561919
5,4,melanocytic nevi,melanoma,2.7780417e-05,3.1988131e-06,0.01796244,1.4362038e-06,0.638249,0.3437555,6.1796396e-07
5,5,melanocytic nevi,melanocytic nevi,0.0040706284,0.0021962663,0.0089947,0.0038827248,0.0047724,0.9748917,0.0011916014
5,5,melanocytic nevi,melanocytic nevi,0.031476896,0.028336188,0.13345592,0.018897668,0.19773339,0.577331,0.012768978
5,5,melanocytic nevi,melanocytic nevi,0.014538189,0.056791116,0.09906933,0.036088496,0.038027246,0.7294529,0.026032647
5,5,melanocytic nevi,melanocytic nevi,0.013383023,0.0053140055,0.019916495,0.012220342,0.007327343,0.93778723,0.004051621
1,2,basal cell carcinoma,benign keratosis-like lesions,0.017979179,0.061751332,0.6327248,0.020104555,0.06965659,0.19587834,0.0019052183
5,5,melanocytic nevi,melanocytic nevi,0.0358041,0.087909795,0.11339623,0.022923848,0.18490984,0.54346895,0.011587287
5,5,melanocytic nevi,melanocytic nevi,0.07130618,0.06936252,0.17159954,0.026494568,0.17709674,0.47384667,0.01029383
5,5,melanocytic nevi,melanocytic nevi,0.010426001,0.044660866,0.040373307,0.02094958,0.030755593,0.8335612,0.019273484
4,4,melanoma,melanoma,0.12573738,0.043309562,0.15257968,0.015295735,0.33218226,0.32841304,0.0024823665
5,5,melanocytic nevi,melanocytic nevi,0.008052563,0.17500488,0.042309232,0.022684919,0.010710075,0.69520587,0.046032403
5,0,melanocytic nevi,actinic keratoses and intraepithelial carcinoma,0.37096143,0.2918821,0.12858133,0.061926555,0.084601335,0.052146617,0.009900694
5,5,melanocytic nevi,melanocytic nevi,0.0016965682,0.0008312119,0.0055580684,0.0012843435,0.005396722,0.9848822,0.00035090692
4,4,melanoma,melanoma,0.1337412,0.041474197,0.15320435,0.012088284,0.52127796,0.13674344,0.0014705479
5,1,melanocytic nevi,basal cell carcinoma,0.131942,0.37758276,0.09434668,0.039583255,0.031761166,0.31259418,0.012189943
5,5,melanocytic nevi,melanocytic nevi,0.019562474,0.055994816,0.055852506,0.02015383,0.050258398,0.7844756,0.01370248
5,5,melanocytic nevi,melanocytic nevi,0.014878351,0.0043338193,0.021478824,0.008156058,0.0061469614,0.9444097,0.0005962355
5,2,melanocytic nevi,benign keratosis-like lesions,0.019284705,0.050723255,0.5398675,0.025594812,0.11314859,0.2469761,0.0044050682
2,2,benign keratosis-like lesions,benign keratosis-like lesions,0.033543218,0.026067285,0.4044556,0.010933613,0.29873413,0.22529483,0.000971348
5,5,melanocytic nevi,melanocytic nevi,0.005774434,0.015288358,0.0608013,0.0066281944,0.189197,0.70931613,0.0129946815
5,5,melanocytic nevi,melanocytic nevi,3.860946e-05,8.6326345e-06,0.0009701328,2.4764813e-05,0.0012545434,0.9976937,9.653398e-06
5,4,melanocytic nevi,melanoma,0.1728511,0.18178467,0.18162932,0.049233798,0.20977642,0.18766904,0.017055612
5,5,melanocytic nevi,melanocytic nevi,0.035168327,0.047840815,0.080419384,0.014226631,0.14161444,0.67342967,0.0073007224
5,5,melanocytic nevi,melanocytic nevi,0.0007492908,0.00033493873,0.0028706288,0.0014353185,0.0008970715,0.9930137,0.00069909455
3,1,dermatofibroma,basal cell carcinoma,0.22358963,0.33703288,0.12366617,0.09874088,0.022640895,0.14521475,0.04911477
5,5,melanocytic nevi,melanocytic nevi,0.010969237,0.0031984681,0.019130453,0.009493269,0.005024574,0.9507844,0.0013996919
5,5,melanocytic nevi,melanocytic nevi,0.0014297646,0.00022984839,0.076947354,0.00013470379,0.23756708,0.68367565,1.5591668e-05
1,5,basal cell carcinoma,melanocytic nevi,0.07596293,0.25037307,0.08342031,0.057988834,0.03088092,0.47152054,0.029853422
5,5,melanocytic nevi,melanocytic nevi,0.007507896,0.0064086835,0.08266664,0.0015451505,0.05224689,0.8493747,0.00024994664
5,5,melanocytic nevi,melanocytic nevi,5.1491566e-05,2.0518235e-05,0.0037092464,3.2831915e-05,0.016892802,0.97921866,7.448003e-05
5,5,melanocytic nevi,melanocytic nevi,0.13726397,0.08697581,0.0861525,0.03635713,0.12950842,0.51768124,0.0060609356
2,5,benign keratosis-like lesions,melanocytic nevi,0.09958702,0.08400636,0.061823875,0.078983076,0.016488984,0.64848727,0.01062344
5,5,melanocytic nevi,melanocytic nevi,0.0016560266,0.0015448191,0.0041438565,0.0070767594,0.00063309405,0.9831871,0.0017582903
4,5,melanoma,melanocytic nevi,0.0032988528,0.0024419243,0.16203435,0.00079969177,0.26569027,0.5646001,0.0011348203
5,5,melanocytic nevi,melanocytic nevi,0.025992624,0.01386358,0.040211316,0.025046906,0.015719986,0.87451184,0.0046538124
5,5,melanocytic nevi,melanocytic nevi,0.1970026,0.092675194,0.08214668,0.055454966,0.06611286,0.49830294,0.008304823
5,5,melanocytic nevi,melanocytic nevi,1.8194423e-07,4.884961e-08,0.00015423754,6.938653e-08,0.0043982184,0.995447,2.3048233e-07
5,5,melanocytic nevi,melanocytic nevi,0.00059409224,0.00018110413,0.0046044695,0.00045375776,0.0025191654,0.99149853,0.00014892816
4,5,melanoma,melanocytic nevi,0.121929236,0.1541417,0.2011459,0.081631154,0.11033677,0.3041978,0.026617428
5,5,melanocytic nevi,melanocytic nevi,0.004576127,0.005061045,0.010679282,0.017426914,0.001467658,0.94879436,0.011994611
2,2,benign keratosis-like lesions,benign keratosis-like lesions,0.07256252,0.071116,0.2943204,0.03393453,0.25622788,0.26535594,0.006482691
4,4,melanoma,melanoma,0.012380897,0.008622858,0.13533409,0.0028001193,0.63734865,0.18715592,0.016357528
5,5,melanocytic nevi,melanocytic nevi,0.013065237,0.0043046563,0.015894782,0.012712253,0.0044207196,0.94760543,0.0019970203
4,5,melanoma,melanocytic nevi,0.0063765985,0.0025251464,0.11539432,0.0011660167,0.23715828,0.6371062,0.00027351477
2,4,benign keratosis-like lesions,melanoma,0.0164072,0.03418331,0.20241788,0.01052071,0.41408998,0.2840118,0.038369067
1,2,basal cell carcinoma,benign keratosis-like lesions,0.018525455,0.054780744,0.43484867,0.022213005,0.09812198,0.36751056,0.003999661
5,5,melanocytic nevi,melanocytic nevi,0.021698354,0.018062124,0.18262537,0.014671831,0.15635927,0.6041293,0.0024537537
5,2,melanocytic nevi,benign keratosis-like lesions,0.23787151,0.17272466,0.26114473,0.07689973,0.17337574,0.06738726,0.010596338
5,5,melanocytic nevi,melanocytic nevi,0.003156526,0.048633132,0.009800275,0.02426468,0.0095809605,0.55729043,0.34727395
5,5,melanocytic nevi,melanocytic nevi,0.0012590598,0.00025250946,0.0038966972,0.0009139337,0.0012463249,0.99233866,9.2738934e-05
4,4,melanoma,melanoma,0.0068519427,0.0016935051,0.11573088,0.00075459335,0.5378754,0.33696514,0.00012846185
5,5,melanocytic nevi,melanocytic nevi,0.025827903,0.046187185,0.10579662,0.014014515,0.18950145,0.6092512,0.00942117
2,5,benign keratosis-like lesions,melanocytic nevi,0.030279277,0.010362067,0.2594183,0.007236283,0.13348322,0.55864465,0.0005762184
4,4,melanoma,melanoma,0.012919698,0.021329522,0.1523738,0.008792949,0.50415707,0.27837202,0.022054933
5,5,melanocytic nevi,melanocytic nevi,0.055850547,0.04484373,0.03842215,0.044158995,0.022322865,0.78457767,0.009824062
5,5,melanocytic nevi,melanocytic nevi,0.02468792,0.0059969807,0.04071944,0.010406547,0.017102016,0.8998252,0.0012618754
2,5,benign keratosis-like lesions,melanocytic nevi,0.006203914,0.00695331,0.31082675,0.0029626812,0.13129508,0.5413209,0.0004373213
5,5,melanocytic nevi,melanocytic nevi,0.0021005962,0.007074128,0.08391017,0.0047269724,0.029290475,0.8706082,0.0022894102
2,2,benign keratosis-like lesions,benign keratosis-like lesions,0.23420657,0.18069746,0.3291997,0.09205337,0.09652887,0.05870107,0.008613015
5,5,melanocytic nevi,melanocytic nevi,0.04602318,0.0582407,0.09038274,0.014509324,0.07913918,0.70605594,0.005648975
5,5,melanocytic nevi,melanocytic nevi,0.0414573,0.010723037,0.061619256,0.0055883112,0.09493509,0.7846414,0.0010356639
5,6,melanocytic nevi,vascular lesions,0.0049029873,0.039724577,0.06487736,0.010474834,0.23037523,0.27558905,0.37405598
5,5,melanocytic nevi,melanocytic nevi,0.0009220519,0.00035716,0.0036785034,0.0012470467,0.0012309076,0.9921713,0.00039298733
5,4,melanocytic nevi,melanoma,0.07517839,0.056421395,0.13690612,0.027298382,0.40113696,0.29467002,0.00838868
5,5,melanocytic nevi,melanocytic nevi,0.00043625847,0.00017781995,0.0035501502,0.00055579783,0.0016449101,0.993479,0.00015609061
5,5,melanocytic nevi,melanocytic nevi,0.0013600277,0.00041835013,0.0032971909,0.0021536432,0.00076616235,0.9916372,0.00036755786
5,5,melanocytic nevi,melanocytic nevi,0.0042988625,0.00092672487,0.012367749,0.002507245,0.0052056885,0.9743736,0.00032013562
4,5,melanoma,melanocytic nevi,0.015264338,0.07441421,0.056016352,0.010283795,0.056238998,0.769013,0.018769326
5,0,melanocytic nevi,actinic keratoses and intraepithelial carcinoma,0.30825493,0.26673695,0.1023757,0.09225554,0.041817866,0.17222656,0.016332502
5,5,melanocytic nevi,melanocytic nevi,0.00070058636,0.0005225688,0.0039160885,0.00126776,0.0016216218,0.9907748,0.0011965793
5,5,melanocytic nevi,melanocytic nevi,0.004714662,0.018178064,0.13703306,0.0075619593,0.04107314,0.78881115,0.0026279287
4,2,melanoma,benign keratosis-like lesions,0.15486345,0.13661179,0.40923056,0.07786058,0.07900775,0.13581237,0.006613435
2,2,benign keratosis-like lesions,benign keratosis-like lesions,0.0074015167,0.032304306,0.7148678,0.009383062,0.08967516,0.14516321,0.0012049556
5,5,melanocytic nevi,melanocytic nevi,0.0053021726,0.0029555836,0.00916634,0.0067758034,0.0036461186,0.97086906,0.0012847562
1,1,basal cell carcinoma,basal cell carcinoma,0.2579745,0.3869609,0.09763196,0.0597742,0.05888656,0.12272767,0.016044276
5,5,melanocytic nevi,melanocytic nevi,0.02703007,0.32311723,0.08477883,0.025815789,0.022767305,0.48112473,0.03536612
2,2,benign keratosis-like lesions,benign keratosis-like lesions,0.030585703,0.043025598,0.5105067,0.022775289,0.1763683,0.21340518,0.0033332452
5,1,melanocytic nevi,basal cell carcinoma,0.21175565,0.2255559,0.17262122,0.08717304,0.09495683,0.19681035,0.011126949
2,5,benign keratosis-like lesions,melanocytic nevi,0.057962593,0.25794566,0.16288549,0.040000636,0.03636691,0.43149042,0.013348345
5,5,melanocytic nevi,melanocytic nevi,0.006820748,0.013186243,0.25830594,0.0074003055,0.112769514,0.5999918,0.0015254093
5,5,melanocytic nevi,melanocytic nevi,0.0001886956,4.5493856e-05,0.01961224,3.9257302e-05,0.17687187,0.80319864,4.388089e-05
0,0,actinic keratoses and intraepithelial carcinoma,actinic keratoses and intraepithelial carcinoma,0.4008215,0.26685122,0.14378203,0.07204091,0.04269816,0.065947026,0.007859204
1,1,basal cell carcinoma,basal cell carcinoma,0.19174881,0.35215437,0.11580448,0.063610755,0.05331529,0.20776387,0.015602456
4,5,melanoma,melanocytic nevi,0.035570927,0.019843498,0.18932949,0.008140037,0.2832137,0.46196163,0.0019406815
5,5,melanocytic nevi,melanocytic nevi,0.07309324,0.022780545,0.093430914,0.057147812,0.014157416,0.73643893,0.0029510346
5,5,melanocytic nevi,melanocytic nevi,4.8405876e-05,3.3413704e-05,0.0010172409,9.852711e-05,0.00083185756,0.9978003,0.0001702701
5,5,melanocytic nevi,melanocytic nevi,4.6307665e-05,1.7787952e-05,0.00075444987,5.084166e-05,0.0010100051,0.9980627,5.799299e-05
5,5,melanocytic nevi,melanocytic nevi,6.364154e-05,3.098472e-05,0.0014967074,6.36248e-05,0.0023419696,0.9959501,5.293069e-05
6,5,vascular lesions,melanocytic nevi,0.08080137,0.30760926,0.0935024,0.06900287,0.04661101,0.3218082,0.080664925
5,5,melanocytic nevi,melanocytic nevi,0.00081805704,0.00034538077,0.0047281217,0.00075379986,0.0033814039,0.98960054,0.00037280438
4,5,melanoma,melanocytic nevi,0.013393132,0.0064235507,0.15024059,0.0025162315,0.26712197,0.55972093,0.0005836568
2,2,benign keratosis-like lesions,benign keratosis-like lesions,0.021079734,0.05296019,0.5818623,0.019433992,0.18974273,0.13065982,0.004261284
1,2,basal cell carcinoma,benign keratosis-like lesions,0.08799344,0.11055271,0.37556276,0.03483464,0.16127925,0.22463927,0.005137938
5,5,melanocytic nevi,melanocytic nevi,0.0072392924,0.0039002788,0.018051604,0.0059389826,0.00793237,0.954248,0.002689567
5,5,melanocytic nevi,melanocytic nevi,0.0017756586,0.0011785537,0.0050681373,0.0033503277,0.0015039288,0.9858343,0.001289127
2,0,benign keratosis-like lesions,actinic keratoses and intraepithelial carcinoma,0.5565132,0.23078388,0.09866468,0.042458624,0.0325245,0.037793867,0.0012612425
5,5,melanocytic nevi,melanocytic nevi,0.102894396,0.1781875,0.07545961,0.0916843,0.02890055,0.4916576,0.031216025
5,5,melanocytic nevi,melanocytic nevi,0.08234262,0.05201907,0.049409594,0.042062007,0.014949697,0.75588715,0.003329883
5,5,melanocytic nevi,melanocytic nevi,0.0019965053,0.005159673,0.13464224,0.0026406678,0.043982036,0.8109641,0.00061472895
5,5,melanocytic nevi,melanocytic nevi,6.600987e-05,4.9838955e-06,0.0076110805,1.0989512e-05,0.014061043,0.97824496,9.588417e-07
2,1,benign keratosis-like lesions,basal cell carcinoma,0.14098297,0.39363804,0.1247305,0.096848235,0.0650644,0.11139955,0.0673363
2,2,benign keratosis-like lesions,benign keratosis-like lesions,0.054530192,0.23427238,0.31051397,0.06207048,0.08678351,0.24049512,0.011334365
0,0,actinic keratoses and intraepithelial carcinoma,actinic keratoses and intraepithelial carcinoma,0.27768153,0.09383627,0.17754704,0.03970666,0.21498008,0.19329146,0.002956891
5,5,melanocytic nevi,melanocytic nevi,0.004362502,0.0036855454,0.009370653,0.009332103,0.0021220718,0.9680684,0.0030587176
4,5,melanoma,melanocytic nevi,0.009848052,0.01585854,0.08995232,0.0069609736,0.2860336,0.57887477,0.0124717755
2,2,benign keratosis-like lesions,benign keratosis-like lesions,0.06190576,0.07722581,0.5439305,0.024134656,0.16822743,0.12225088,0.002324919
5,4,melanocytic nevi,melanoma,0.1610781,0.09291304,0.18233773,0.04015547,0.2675138,0.23538955,0.0206123
4,5,melanoma,melanocytic nevi,0.0369693,0.097327076,0.14286195,0.019004017,0.11654488,0.57802683,0.00926597
5,5,melanocytic nevi,melanocytic nevi,0.027192596,0.0817343,0.05962415,0.03720275,0.030858964,0.7281702,0.035217054
5,5,melanocytic nevi,melanocytic nevi,0.15564167,0.044312738,0.11306728,0.08175572,0.019257586,0.5817516,0.0042134267
5,5,melanocytic nevi,melanocytic nevi,0.0014227756,0.0011206638,0.15607879,0.00046281642,0.07505985,0.7657975,5.7641042e-05
5,5,melanocytic nevi,melanocytic nevi,0.00034348574,9.077256e-05,0.002017543,0.00027296785,0.0012120785,0.9960056,5.7606623e-05
0,1,actinic keratoses and intraepithelial carcinoma,basal cell carcinoma,0.1407404,0.5011306,0.05490233,0.11973261,0.035164636,0.054015167,0.09431429
5,5,melanocytic nevi,melanocytic nevi,0.024413783,0.15840101,0.12632072,0.032277264,0.08752226,0.55008835,0.020976644
5,5,melanocytic nevi,melanocytic nevi,0.009503832,0.032675,0.11409683,0.013579073,0.061479885,0.75896126,0.009704092
5,5,melanocytic nevi,melanocytic nevi,0.046017412,0.19511063,0.083790265,0.057554934,0.02890635,0.4883598,0.10026057
5,5,melanocytic nevi,melanocytic nevi,0.005212032,0.0087972805,0.066013426,0.0015431661,0.042721763,0.87495714,0.00075514434
2,5,benign keratosis-like lesions,melanocytic nevi,0.16959578,0.1139182,0.1234108,0.052759387,0.077014446,0.43343565,0.029865699
5,5,melanocytic nevi,melanocytic nevi,4.800794e-05,6.8576533e-06,0.0015073047,2.646294e-05,0.0010019059,0.99740463,4.905377e-06
5,5,melanocytic nevi,melanocytic nevi,0.062173877,0.12845312,0.2410546,0.06021514,0.13313742,0.36075735,0.014208448
5,5,melanocytic nevi,melanocytic nevi,0.00016998785,4.0884446e-05,0.001501352,0.00014698095,0.00085172243,0.9972488,4.0324318e-05
5,5,melanocytic nevi,melanocytic nevi,0.0016413436,0.00060422556,0.005411854,0.0014665426,0.0022919353,0.98823035,0.00035381786
4,6,melanoma,vascular lesions,1.389147e-05,0.0012401287,0.0009837572,6.454238e-05,0.011155821,0.004825328,0.9817166
4,6,melanoma,vascular lesions,0.0035010963,0.015341307,0.08238867,0.005361801,0.30052778,0.13156514,0.4613143
5,4,melanocytic nevi,melanoma,0.25495648,0.13138166,0.17055365,0.04005086,0.3006108,0.09830069,0.004145771
5,5,melanocytic nevi,melanocytic nevi,0.14067514,0.12903388,0.11972908,0.07787914,0.024638277,0.4835481,0.024496326
5,6,melanocytic nevi,vascular lesions,0.0002219585,0.013645795,0.0010609659,0.005409138,0.0012908543,0.09210521,0.8862661
1,1,basal cell carcinoma,basal cell carcinoma,0.078940205,0.4542818,0.11028246,0.06131623,0.025469135,0.24811223,0.021597922
0,0,actinic keratoses and intraepithelial carcinoma,actinic keratoses and intraepithelial carcinoma,0.26326677,0.12043482,0.19881521,0.034042843,0.25206196,0.12837529,0.003003136
5,5,melanocytic nevi,melanocytic nevi,0.00028283763,0.0012668937,0.07353162,0.00039885988,0.38201883,0.4721261,0.07037489
5,0,melanocytic nevi,actinic keratoses and intraepithelial carcinoma,0.49433774,0.13034537,0.10026611,0.03493851,0.06896471,0.16971253,0.0014349838
6,5,vascular lesions,melanocytic nevi,0.004760488,0.03136186,0.034125946,0.020370018,0.020182105,0.8662019,0.022997754
5,5,melanocytic nevi,melanocytic nevi,0.00059296924,0.00012493473,0.0017526891,0.0005986707,0.001035102,0.99581015,8.549288e-05
5,5,melanocytic nevi,melanocytic nevi,0.0015558996,0.0013257113,0.036590345,0.00048427732,0.27362344,0.68575835,0.00066197664
2,2,benign keratosis-like lesions,benign keratosis-like lesions,0.06416979,0.11583553,0.46549183,0.046131983,0.1387769,0.16291717,0.0066768094
2,5,benign keratosis-like lesions,melanocytic nevi,0.007832787,0.0076867724,0.26317307,0.0038570876,0.15529096,0.56149906,0.0006603137
5,5,melanocytic nevi,melanocytic nevi,0.00038601013,7.4783384e-05,0.0032508553,0.00027539767,0.0013034788,0.99466866,4.081995e-05
5,5,melanocytic nevi,melanocytic nevi,0.010464625,0.011739741,0.018712586,0.02284127,0.0040075933,0.92297083,0.009263266
5,5,melanocytic nevi,melanocytic nevi,0.00050725,0.00019575516,0.0036879778,0.0006655792,0.0011029579,0.9936401,0.00020028997
5,5,melanocytic nevi,melanocytic nevi,0.08011991,0.03666604,0.07699709,0.04796388,0.0153276045,0.7325126,0.01041291
5,2,melanocytic nevi,benign keratosis-like lesions,0.10267318,0.09336989,0.32182956,0.050185982,0.24669693,0.1781489,0.007095554
5,5,melanocytic nevi,melanocytic nevi,0.017975327,0.0058887014,0.115294814,0.0023583067,0.18977402,0.66827965,0.00042914486
5,5,melanocytic nevi,melanocytic nevi,6.2421177e-06,2.1188778e-06,0.007993466,1.3997424e-06,0.485866,0.5060798,5.089601e-05
5,5,melanocytic nevi,melanocytic nevi,0.0025595438,0.0022708809,0.22320165,0.0011515839,0.2132355,0.55721307,0.00036782498
5,5,melanocytic nevi,melanocytic nevi,0.0024855165,0.0008913314,0.010224679,0.0019910212,0.0048535825,0.9790501,0.00050378364
5,5,melanocytic nevi,melanocytic nevi,0.01280841,0.002966686,0.038704336,0.006671887,0.015996555,0.9217343,0.0011178451
5,4,melanocytic nevi,melanoma,0.0011938425,0.00020468033,0.11325737,8.687886e-05,0.5087958,0.37645453,6.872785e-06
4,2,melanoma,benign keratosis-like lesions,0.04414684,0.06197706,0.63266534,0.019761218,0.10839246,0.13113597,0.0019211365
2,2,benign keratosis-like lesions,benign keratosis-like lesions,0.13612783,0.17219536,0.42994893,0.045736875,0.099944256,0.11270043,0.0033464022
5,5,melanocytic nevi,melanocytic nevi,0.0015234494,0.0002995007,0.0076545714,0.0009920415,0.0028047164,0.98661786,0.000107806794
4,4,melanoma,melanoma,0.0004290502,3.01329e-05,0.07141953,1.0702757e-05,0.57760984,0.35050046,3.2241397e-07
5,5,melanocytic nevi,melanocytic nevi,0.15351178,0.16857518,0.08835746,0.11482136,0.031038482,0.3955829,0.048112832
5,5,melanocytic nevi,melanocytic nevi,3.0896983e-09,5.687661e-09,3.8413637e-06,1.0844356e-08,1.896984e-05,0.99997663,5.743428e-07
5,5,melanocytic nevi,melanocytic nevi,0.00034392902,9.059054e-05,0.0040388457,0.00028765027,0.002526552,0.9926462,6.628649e-05
5,5,melanocytic nevi,melanocytic nevi,0.09137986,0.031749923,0.058446936,0.033596646,0.02267311,0.75883925,0.0033142976
4,5,melanoma,melanocytic nevi,0.0031508561,0.0045473734,0.12958592,0.0026287541,0.40582466,0.43875456,0.015507866
5,5,melanocytic nevi,melanocytic nevi,0.0001243401,2.9491595e-05,0.0032827414,4.0726743e-05,0.009118257,0.9873904,1.4138526e-05
0,0,actinic keratoses and intraepithelial carcinoma,actinic keratoses and intraepithelial carcinoma,0.34054875,0.16305548,0.1313228,0.08687237,0.053886276,0.21390979,0.010404554
5,5,melanocytic nevi,melanocytic nevi,0.0008733493,0.00010237975,0.0062975227,0.00020924503,0.0087486245,0.9837516,1.7398126e-05
5,5,melanocytic nevi,melanocytic nevi,0.024201842,0.009113741,0.048493147,0.010544918,0.03107307,0.8737822,0.0027910247
5,5,melanocytic nevi,melanocytic nevi,0.003833733,0.0015695678,0.008002616,0.0048651397,0.002492295,0.97826505,0.00097161566
4,0,melanoma,actinic keratoses and intraepithelial carcinoma,0.29154,0.16291216,0.28039417,0.053263526,0.17430839,0.034827206,0.0027545465
1,0,basal cell carcinoma,actinic keratoses and intraepithelial carcinoma,0.30606315,0.30168685,0.11816732,0.07118497,0.058407586,0.12626955,0.018220605
5,5,melanocytic nevi,melanocytic nevi,0.031781852,0.03201988,0.055487096,0.007860472,0.11308792,0.75347567,0.006287142
2,0,benign keratosis-like lesions,actinic keratoses and intraepithelial carcinoma,0.3355645,0.2063556,0.13839845,0.111427814,0.03218228,0.15665497,0.019416431
5,5,melanocytic nevi,melanocytic nevi,0.013607139,0.004509322,0.019785766,0.012218416,0.0042730505,0.9438716,0.0017345668
5,5,melanocytic nevi,melanocytic nevi,0.00055646274,8.622754e-05,0.0053320006,0.00022266206,0.0049442956,0.9888319,2.6507154e-05
5,5,melanocytic nevi,melanocytic nevi,0.00095343735,0.0010299745,0.08457534,0.0004611892,0.14797162,0.764664,0.00034440294
4,5,melanoma,melanocytic nevi,0.034989886,0.017832782,0.08908337,0.0052322117,0.20355941,0.6476181,0.001684265
5,5,melanocytic nevi,melanocytic nevi,0.006243742,0.0012926869,0.017193839,0.0034102765,0.0082749445,0.9632103,0.00037419962
5,5,melanocytic nevi,melanocytic nevi,4.4336416e-06,9.0053504e-07,0.0010553015,1.1118913e-06,0.0120108975,0.9869263,1.0196782e-06
5,5,melanocytic nevi,melanocytic nevi,2.181902e-05,3.1510728e-05,0.00056750566,6.2609695e-05,0.0006335515,0.9985185,0.00016433012
2,2,benign keratosis-like lesions,benign keratosis-like lesions,0.014095095,0.0241416,0.65515375,0.010940628,0.094760284,0.19998036,0.00092832156
5,5,melanocytic nevi,melanocytic nevi,0.0008245799,0.00040617408,0.0025202935,0.0020879358,0.0006143331,0.9928308,0.00071583205
1,0,basal cell carcinoma,actinic keratoses and intraepithelial carcinoma,0.29710236,0.1742648,0.28960824,0.055281915,0.14315931,0.03768311,0.0029002312
4,4,melanoma,melanoma,0.0032910472,0.00046191856,0.07426614,0.00022859922,0.5920149,0.32969853,3.8852468e-05
2,5,benign keratosis-like lesions,melanocytic nevi,0.06631143,0.2377785,0.1394482,0.057300724,0.16607426,0.28633544,0.046751402
5,2,melanocytic nevi,benign keratosis-like lesions,0.020128844,0.07157153,0.41719034,0.032007117,0.1256202,0.3173442,0.016137704
5,5,melanocytic nevi,melanocytic nevi,0.011807284,0.040459365,0.07022614,0.011727316,0.050839726,0.8098688,0.005071317
4,4,melanoma,melanoma,0.00094207627,0.00031173695,0.043763787,0.00012282991,0.6136487,0.34111762,9.3273375e-05
5,5,melanocytic nevi,melanocytic nevi,0.0032719371,0.0016666854,0.006857626,0.007110017,0.0012335166,0.9774695,0.0023906939
5,5,melanocytic nevi,melanocytic nevi,0.008498704,0.0046418747,0.017008297,0.010450904,0.005087014,0.9506391,0.0036740233
0,0,actinic keratoses and intraepithelial carcinoma,actinic keratoses and intraepithelial carcinoma,0.3858755,0.119011246,0.1843392,0.04950483,0.1343065,0.12410842,0.0028543281
5,5,melanocytic nevi,melanocytic nevi,0.00898262,0.0042078556,0.020767223,0.0063230563,0.008713327,0.94897103,0.002034925
5,5,melanocytic nevi,melanocytic nevi,0.003684465,0.0023021,0.005924383,0.010696489,0.000982612,0.9745131,0.0018968036
5,5,melanocytic nevi,melanocytic nevi,0.012640089,0.013644203,0.033039328,0.006877909,0.053072974,0.8762973,0.0044283313
1,2,basal cell carcinoma,benign keratosis-like lesions,0.045295235,0.019973837,0.4036689,0.008701007,0.34452185,0.17718923,0.0006499083
5,5,melanocytic nevi,melanocytic nevi,0.0020508885,0.00067392964,0.006699985,0.0016967572,0.003032432,0.9853715,0.00047461144
5,5,melanocytic nevi,melanocytic nevi,0.00038037694,0.0003261615,0.14816451,0.00017127256,0.2211888,0.62967783,9.114019e-05
4,4,melanoma,melanoma,0.020087834,0.008103822,0.10102039,0.0032463227,0.64276886,0.22343141,0.0013413411
5,5,melanocytic nevi,melanocytic nevi,4.5040953e-05,0.00011196753,0.036087446,5.7574638e-05,0.2295213,0.7226756,0.011501106
5,5,melanocytic nevi,melanocytic nevi,0.17047104,0.15716618,0.14473756,0.037910752,0.13550521,0.34726852,0.0069407383
5,5,melanocytic nevi,melanocytic nevi,0.00071285025,0.00031417335,0.0027643591,0.001201457,0.0010540287,0.9934369,0.0005162321
5,5,melanocytic nevi,melanocytic nevi,0.0012565049,0.0005809502,0.0070198444,0.00097683,0.006213481,0.9832918,0.0006606657
5,5,melanocytic nevi,melanocytic nevi,0.012100388,0.010982961,0.16590947,0.0062659597,0.22135298,0.5818079,0.0015802656
5,5,melanocytic nevi,melanocytic nevi,0.0015533634,0.000742201,0.0044654426,0.0033753158,0.0010153133,0.9877406,0.0011077994
5,5,melanocytic nevi,melanocytic nevi,0.04447846,0.011784498,0.049273632,0.02428777,0.012289705,0.85586965,0.0020163083
5,5,melanocytic nevi,melanocytic nevi,0.001364255,0.0009686364,0.26851922,0.0005175267,0.13535239,0.5932373,4.0718503e-05
4,5,melanoma,melanocytic nevi,0.036584254,0.057127662,0.066302374,0.015760552,0.09234255,0.7248807,0.007001791
6,6,vascular lesions,vascular lesions,0.07074773,0.27838162,0.1377637,0.04357928,0.13051689,0.04410363,0.29490706
5,5,melanocytic nevi,melanocytic nevi,0.00069517974,6.4213586e-05,0.025478518,9.6524425e-05,0.031472337,0.9421871,6.2292424e-06
4,5,melanoma,melanocytic nevi,0.0070370724,0.0049721557,0.037343506,0.0016185746,0.15231217,0.79588914,0.0008272955
5,5,melanocytic nevi,melanocytic nevi,0.00554515,0.0014274989,0.02763721,0.0027102113,0.018137313,0.94408935,0.000453197
4,5,melanoma,melanocytic nevi,0.0062791854,0.008774641,0.16199249,0.00506348,0.19448991,0.62183744,0.0015627594
5,5,melanocytic nevi,melanocytic nevi,0.024015062,0.01768548,0.041906778,0.008323966,0.08921642,0.81216794,0.006684362
5,5,melanocytic nevi,melanocytic nevi,0.0013907285,0.0005396313,0.004427087,0.0021397707,0.0012165355,0.9895823,0.00070408586
1,5,basal cell carcinoma,melanocytic nevi,0.06789559,0.159952,0.064921215,0.07251288,0.035988703,0.5629208,0.035808768
2,1,benign keratosis-like lesions,basal cell carcinoma,0.27706686,0.30518153,0.13877183,0.10025461,0.0339729,0.10826223,0.036490057
5,5,melanocytic nevi,melanocytic nevi,0.022637503,0.0076342756,0.058637526,0.01775423,0.025720723,0.8650962,0.002519507
2,1,benign keratosis-like lesions,basal cell carcinoma,0.25024265,0.27443296,0.11662936,0.038852934,0.14771207,0.15947142,0.012658589
0,0,actinic keratoses and intraepithelial carcinoma,actinic keratoses and intraepithelial carcinoma,0.38277993,0.28381684,0.12673439,0.036453586,0.078271754,0.08802262,0.00392092
5,5,melanocytic nevi,melanocytic nevi,0.054109536,0.09188472,0.16720255,0.02137138,0.06430081,0.5956799,0.005451225
5,5,melanocytic nevi,melanocytic nevi,0.0019785461,0.005105743,0.12125325,0.0015235505,0.15465638,0.704979,0.01050348
2,5,benign keratosis-like lesions,melanocytic nevi,0.041070074,0.00651875,0.14583361,0.0018018759,0.37086093,0.43377137,0.00014333887
5,5,melanocytic nevi,melanocytic nevi,0.001309805,0.00039016016,0.0062047606,0.0010308261,0.0028668696,0.98793787,0.0002596334
1,5,basal cell carcinoma,melanocytic nevi,0.03340964,0.19772342,0.068496585,0.019217314,0.014708478,0.6588972,0.0075473487
5,5,melanocytic nevi,melanocytic nevi,0.008648102,0.0014477039,0.027826985,0.0046433606,0.006450828,0.95063657,0.00034651047
2,2,benign keratosis-like lesions,benign keratosis-like lesions,0.030589383,0.07299004,0.7275149,0.022819864,0.08542678,0.059416737,0.001242313
5,0,melanocytic nevi,actinic keratoses and intraepithelial carcinoma,0.3786088,0.24052228,0.12969436,0.050828468,0.09946421,0.09477505,0.0061068065
5,5,melanocytic nevi,melanocytic nevi,0.044708144,0.059517797,0.08196487,0.14005195,0.010791414,0.6352082,0.02775762
5,5,melanocytic nevi,melanocytic nevi,0.0009915032,0.0008143879,0.003307554,0.004254375,0.0004410745,0.9878753,0.002315941
5,5,melanocytic nevi,melanocytic nevi,0.018778527,0.008893659,0.27176586,0.0040868684,0.32003117,0.3760699,0.00037413725
5,5,melanocytic nevi,melanocytic nevi,0.0052006952,0.020192187,0.016719194,0.008393056,0.024994878,0.9175787,0.006921314
4,4,melanoma,melanoma,0.0025455998,0.0071461913,0.16500895,0.0028488697,0.41159552,0.39765713,0.013197737
5,5,melanocytic nevi,melanocytic nevi,0.07611495,0.16011102,0.099079624,0.022816408,0.07829399,0.55110747,0.0124765225
0,0,actinic keratoses and intraepithelial carcinoma,actinic keratoses and intraepithelial carcinoma,0.3348644,0.12114356,0.1659234,0.028093563,0.19538581,0.15284966,0.0017396699
5,4,melanocytic nevi,melanoma,2.7216238e-05,4.3742266e-06,0.016598463,1.3296564e-06,0.76794136,0.21542695,3.7180317e-07
5,5,melanocytic nevi,melanocytic nevi,0.0007938418,0.0006589108,0.002668959,0.0046122996,0.00025005295,0.9878941,0.00312181
1,2,basal cell carcinoma,benign keratosis-like lesions,0.033311263,0.07969416,0.39072755,0.04223153,0.12232907,0.32449487,0.0072115804
2,0,benign keratosis-like lesions,actinic keratoses and intraepithelial carcinoma,0.43403345,0.1640408,0.17478493,0.0409062,0.14086539,0.043496307,0.0018729467
5,5,melanocytic nevi,melanocytic nevi,0.008346274,0.004732041,0.012031451,0.018455606,0.0017360236,0.95240986,0.0022888253
5,6,melanocytic nevi,vascular lesions,0.0027256047,0.03086904,0.122476615,0.0054049897,0.11970706,0.17993248,0.5388842
5,2,melanocytic nevi,benign keratosis-like lesions,0.17140418,0.04018884,0.31395572,0.019150415,0.26772258,0.18691197,0.00066630857
5,5,melanocytic nevi,melanocytic nevi,5.595664e-06,1.3244038e-06,0.00023632783,5.3037115e-06,0.00024907786,0.99950004,2.388369e-06
4,2,melanoma,benign keratosis-like lesions,0.019144677,0.023891594,0.5934791,0.009189836,0.17383505,0.17989857,0.00056116347
5,5,melanocytic nevi,melanocytic nevi,0.0726984,0.037643332,0.074729495,0.055872902,0.017749501,0.73379874,0.007507662
2,1,benign keratosis-like lesions,basal cell carcinoma,0.16577522,0.28206226,0.21961264,0.06175274,0.13988723,0.082867414,0.048042495
5,1,melanocytic nevi,basal cell carcinoma,0.23173963,0.4399442,0.103330836,0.07183591,0.03883602,0.08744167,0.026871689
4,5,melanoma,melanocytic nevi,0.016337221,0.09036158,0.21862474,0.026117716,0.10926306,0.5198575,0.01943817
5,5,melanocytic nevi,melanocytic nevi,0.18000379,0.21859427,0.065323785,0.049701273,0.043740366,0.42792723,0.014709365
5,5,melanocytic nevi,melanocytic nevi,0.0052063316,0.0033333504,0.011805018,0.004746562,0.0053734016,0.9681569,0.0013783635
2,2,benign keratosis-like lesions,benign keratosis-like lesions,0.018762536,0.033169087,0.5528375,0.015982606,0.1255646,0.2520237,0.0016599667
2,2,benign keratosis-like lesions,benign keratosis-like lesions,0.03457803,0.084823295,0.63448775,0.037995018,0.09101218,0.11380969,0.0032940859
5,5,melanocytic nevi,melanocytic nevi,0.008331795,0.0025741938,0.0119955875,0.005307939,0.0035908066,0.967604,0.0005957634
5,5,melanocytic nevi,melanocytic nevi,3.707099e-05,8.586901e-06,0.0013129828,6.94246e-06,0.010022063,0.9886079,4.420916e-06
5,5,melanocytic nevi,melanocytic nevi,0.00067084754,8.58088e-05,0.009124623,0.00030704675,0.005008263,0.98476875,3.4630302e-05
1,5,basal cell carcinoma,melanocytic nevi,0.08733508,0.14774778,0.072338976,0.10148076,0.017953252,0.5209501,0.05219399
5,5,melanocytic nevi,melanocytic nevi,0.001236339,0.002998844,0.3789705,0.0023249383,0.08009375,0.53369653,0.00067908276
1,5,basal cell carcinoma,melanocytic nevi,0.15300943,0.28215274,0.118318245,0.07540601,0.046771247,0.28414604,0.040196277
5,5,melanocytic nevi,melanocytic nevi,0.0030442274,0.007703067,0.14320408,0.0033116706,0.051621195,0.79024833,0.0008674856
5,5,melanocytic nevi,melanocytic nevi,0.05808919,0.023042116,0.078389004,0.018547285,0.039973024,0.77949756,0.0024618045
5,5,melanocytic nevi,melanocytic nevi,0.0049976413,0.0013190155,0.025720907,0.0014089681,0.022690514,0.9436087,0.0002541795
5,5,melanocytic nevi,melanocytic nevi,0.0065436275,0.19581376,0.16642144,0.04409855,0.0524673,0.37340462,0.16125065
2,2,benign keratosis-like lesions,benign keratosis-like lesions,0.0069823065,0.01990323,0.5606922,0.008989414,0.08345943,0.31884262,0.0011308533
4,5,melanoma,melanocytic nevi,3.5446726e-06,3.224117e-06,0.008386121,3.2000094e-06,0.15422362,0.835989,0.001391351
5,5,melanocytic nevi,melanocytic nevi,0.007996947,0.0011643848,0.06520439,0.0014537013,0.06464463,0.85945445,8.144417e-05
5,5,melanocytic nevi,melanocytic nevi,0.0013304808,0.0034415207,0.026597101,0.0021840597,0.07624546,0.872757,0.017444434
0,5,actinic keratoses and intraepithelial carcinoma,melanocytic nevi,0.20404,0.055832002,0.114039056,0.07443224,0.033306103,0.5127973,0.0055533126
2,2,benign keratosis-like lesions,benign keratosis-like lesions,0.015521126,0.033880137,0.575758,0.011514525,0.049581375,0.3130412,0.0007036639
6,5,vascular lesions,melanocytic nevi,0.00833956,0.023621025,0.23701455,0.016345384,0.10907336,0.5993796,0.0062265373
5,5,melanocytic nevi,melanocytic nevi,0.011835038,0.008434269,0.04844574,0.02485136,0.013924113,0.8871925,0.0053169313
5,5,melanocytic nevi,melanocytic nevi,3.9114106e-08,7.8142946e-08,1.1736117e-05,1.12368845e-07,9.974796e-05,0.9998827,5.5455425e-06
4,5,melanoma,melanocytic nevi,0.0007349835,0.00069893803,0.10166421,0.00040977861,0.31528023,0.5804924,0.0007195008
5,5,melanocytic nevi,melanocytic nevi,0.007045416,0.0052082534,0.21647178,0.0019906813,0.11500334,0.6539898,0.00029072267
2,5,benign keratosis-like lesions,melanocytic nevi,0.20511512,0.1229979,0.19235185,0.04409807,0.12342615,0.30507186,0.006939059
2,0,benign keratosis-like lesions,actinic keratoses and intraepithelial carcinoma,0.39320615,0.23154807,0.15880214,0.04908568,0.07961807,0.083625525,0.0041142916
5,5,melanocytic nevi,melanocytic nevi,0.14136769,0.084730856,0.20002559,0.051908832,0.1390934,0.3296194,0.05325427
5,5,melanocytic nevi,melanocytic nevi,0.01834479,0.08509678,0.07569243,0.01134434,0.029320467,0.7733973,0.006803813
5,5,melanocytic nevi,melanocytic nevi,0.010956087,0.0016428278,0.042870052,0.0037103484,0.015955819,0.92464656,0.00021826796
0,0,actinic keratoses and intraepithelial carcinoma,actinic keratoses and intraepithelial carcinoma,0.35374904,0.20601927,0.22704485,0.080215625,0.084202215,0.041826766,0.0069422764
5,5,melanocytic nevi,melanocytic nevi,0.007839218,0.009589188,0.020036625,0.014557436,0.0037250558,0.9306284,0.0136241745
5,1,melanocytic nevi,basal cell carcinoma,0.12093941,0.31726655,0.12692057,0.07976452,0.03596728,0.25839564,0.060745984
5,5,melanocytic nevi,melanocytic nevi,0.047115386,0.045842774,0.19368252,0.0122519145,0.18390347,0.5139659,0.0032379704
4,4,melanoma,melanoma,0.00028270675,0.00038376314,0.025968077,8.364346e-05,0.62749386,0.34446564,0.0013223033
5,5,melanocytic nevi,melanocytic nevi,0.002630265,0.00055515335,0.013339142,0.0017483275,0.007112573,0.9743994,0.00021528907
1,1,basal cell carcinoma,basal cell carcinoma,0.16019331,0.39328453,0.11348995,0.07978839,0.08264611,0.12498941,0.04560827
5,5,melanocytic nevi,melanocytic nevi,0.00246989,0.0007087883,0.010153572,0.0012295076,0.010730575,0.974327,0.0003805818
5,5,melanocytic nevi,melanocytic nevi,0.036320172,0.013313034,0.034914147,0.043678742,0.0046087313,0.86474556,0.0024196329
5,5,melanocytic nevi,melanocytic nevi,0.0031267053,0.0014503545,0.0076756873,0.0019461768,0.0057676076,0.9796689,0.0003646276
5,5,melanocytic nevi,melanocytic nevi,0.0023156588,0.002292861,0.0071371207,0.008280819,0.0009880549,0.974518,0.00446748
5,0,melanocytic nevi,actinic keratoses and intraepithelial carcinoma,0.33301768,0.21984228,0.15682343,0.057941314,0.1163311,0.109228134,0.006816077
6,6,vascular lesions,vascular lesions,0.02294201,0.10446095,0.090746574,0.032353435,0.088627815,0.03710275,0.6237665
4,4,melanoma,melanoma,0.0102554085,0.003665821,0.23697479,0.0015124383,0.4228761,0.32459435,0.00012110086
1,6,basal cell carcinoma,vascular lesions,1.0462611e-06,0.001598557,3.54224e-05,4.524049e-05,0.00018843735,8.5288775e-05,0.9980459
4,5,melanoma,melanocytic nevi,0.001841815,0.0014460902,0.06694758,0.0009989805,0.34034443,0.5625724,0.025848718
4,2,melanoma,benign keratosis-like lesions,0.07643491,0.09142901,0.6554298,0.031480663,0.10882844,0.035259556,0.0011375332
5,1,melanocytic nevi,basal cell carcinoma,0.19466846,0.34986344,0.093619525,0.07352379,0.023092452,0.2533607,0.011871619
5,5,melanocytic nevi,melanocytic nevi,0.00811706,0.008276361,0.05851333,0.0026318168,0.11783305,0.80346024,0.0011681751
5,5,melanocytic nevi,melanocytic nevi,8.486063e-06,1.5158608e-06,0.0018887726,1.7926138e-06,0.034923792,0.96317434,1.2080059e-06
1,6,basal cell carcinoma,vascular lesions,0.0053067533,0.11535336,0.10591194,0.015487108,0.0361519,0.18365188,0.538137
5,5,melanocytic nevi,melanocytic nevi,0.10669902,0.20707524,0.14205658,0.058336776,0.21873924,0.2351098,0.031983294
5,5,melanocytic nevi,melanocytic nevi,0.0038648043,0.0014586627,0.02629753,0.0010576898,0.0958733,0.8709488,0.00049920025
5,5,melanocytic nevi,melanocytic nevi,0.00073748216,0.0002562633,0.012736043,0.00020827803,0.046625413,0.9392743,0.00016229063
5,5,melanocytic nevi,melanocytic nevi,0.003841125,0.00081963727,0.0103051,0.0025522204,0.0035465716,0.9786092,0.00032615205
6,6,vascular lesions,vascular lesions,0.023951976,0.14956717,0.100211546,0.029878858,0.07104492,0.025477875,0.59986764
5,5,melanocytic nevi,melanocytic nevi,0.0012274199,0.00039864378,0.0060477406,0.0007362174,0.004508216,0.9868793,0.00020257344
5,5,melanocytic nevi,melanocytic nevi,0.06699044,0.041473847,0.05554189,0.011519105,0.12629908,0.6953975,0.0027781953
5,5,melanocytic nevi,melanocytic nevi,0.00088772766,0.00045050788,0.0037662887,0.0010893316,0.0025309755,0.9906723,0.00060293585
5,5,melanocytic nevi,melanocytic nevi,1.065898e-05,3.3099966e-06,0.00062250346,3.7025188e-06,0.0032181116,0.9961377,4.018146e-06
5,5,melanocytic nevi,melanocytic nevi,0.051516198,0.08375003,0.08933928,0.031215796,0.09800148,0.63307977,0.013097459
5,5,melanocytic nevi,melanocytic nevi,0.09728594,0.2129954,0.10562175,0.07571834,0.07238999,0.37537712,0.060611505
2,5,benign keratosis-like lesions,melanocytic nevi,0.22551264,0.095256105,0.153045,0.09550567,0.044739626,0.36998028,0.015960665
1,1,basal cell carcinoma,basal cell carcinoma,0.12819931,0.4174705,0.18604952,0.063862,0.041269712,0.15108864,0.012060334
4,5,melanoma,melanocytic nevi,0.02297378,0.021340314,0.049318362,0.0064602806,0.17453702,0.71993595,0.0054343403
5,5,melanocytic nevi,melanocytic nevi,0.006501214,0.0015799155,0.0110832425,0.0054798936,0.004198744,0.9699552,0.0012017193
5,5,melanocytic nevi,melanocytic nevi,0.01292979,0.005684289,0.01986323,0.010497499,0.010231579,0.93856543,0.002228118
5,5,melanocytic nevi,melanocytic nevi,0.0004381751,0.00036108532,0.002224459,0.0013511953,0.0012259051,0.99292034,0.0014788734
5,5,melanocytic nevi,melanocytic nevi,0.07727537,0.046784554,0.08951399,0.045229055,0.027859475,0.6984416,0.014895949
5,5,melanocytic nevi,melanocytic nevi,0.008217551,0.0037150893,0.0263311,0.012418431,0.0053590448,0.94140685,0.0025519766
5,5,melanocytic nevi,melanocytic nevi,0.0007274929,0.0001322969,0.0071977656,0.00031419002,0.0054704053,0.98610145,5.640842e-05
5,5,melanocytic nevi,melanocytic nevi,0.023176901,0.08077528,0.0724374,0.04784864,0.06564427,0.5105263,0.19959125
5,5,melanocytic nevi,melanocytic nevi,0.0008384462,0.00027267152,0.005936321,0.0005388012,0.0040239794,0.9881991,0.00019063153
1,0,basal cell carcinoma,actinic keratoses and intraepithelial carcinoma,0.35014057,0.21214698,0.1875418,0.08795303,0.061316922,0.08736293,0.013537754
5,5,melanocytic nevi,melanocytic nevi,0.042658687,0.29283124,0.13698913,0.055555392,0.054760814,0.38594398,0.03126076
5,5,melanocytic nevi,melanocytic nevi,0.00010107302,2.34211e-05,0.0015735893,6.961057e-05,0.0012055938,0.99700576,2.0961888e-05
4,5,melanoma,melanocytic nevi,0.016827859,0.062879875,0.14226416,0.02695011,0.08999866,0.6469189,0.014160366
5,5,melanocytic nevi,melanocytic nevi,0.12872271,0.04734078,0.0831012,0.045222346,0.038037367,0.6536882,0.0038874133
5,5,melanocytic nevi,melanocytic nevi,0.0023309991,0.005624809,0.061821792,0.0047390265,0.024287382,0.89870733,0.0024887084
1,2,basal cell carcinoma,benign keratosis-like lesions,0.20342249,0.21961099,0.29083693,0.07129917,0.1444223,0.06240314,0.008004998
5,0,melanocytic nevi,actinic keratoses and intraepithelial carcinoma,0.3406773,0.20397128,0.08979057,0.036595456,0.08404877,0.23941542,0.005501182
2,0,benign keratosis-like lesions,actinic keratoses and intraepithelial carcinoma,0.5083483,0.1803373,0.18849532,0.043944623,0.056829143,0.020768242,0.0012770979
0,1,actinic keratoses and intraepithelial carcinoma,basal cell carcinoma,0.30719465,0.30967066,0.1263288,0.07533645,0.042951453,0.12384826,0.014669731
5,5,melanocytic nevi,melanocytic nevi,0.003747758,0.009097235,0.018567665,0.0037867785,0.05769043,0.8639497,0.043160465
5,5,melanocytic nevi,melanocytic nevi,0.0038399675,0.0022898552,0.01209276,0.0049132323,0.007433284,0.9677636,0.0016672291
1,5,basal cell carcinoma,melanocytic nevi,0.09251595,0.22854897,0.08961773,0.090135016,0.050840598,0.40849036,0.03985134
5,5,melanocytic nevi,melanocytic nevi,0.03341963,0.07532472,0.07146356,0.014109586,0.056513336,0.7383207,0.010848389
5,5,melanocytic nevi,melanocytic nevi,0.008523708,0.0019810789,0.06193525,0.00314083,0.049272977,0.8743536,0.0007925631
5,5,melanocytic nevi,melanocytic nevi,0.032884054,0.030114617,0.0455476,0.012592058,0.08815102,0.78312427,0.0075863423
5,4,melanocytic nevi,melanoma,0.108155906,0.051241804,0.14010115,0.017369775,0.3405801,0.33820817,0.004343127
2,2,benign keratosis-like lesions,benign keratosis-like lesions,0.078473724,0.100954086,0.42969558,0.05502629,0.18529952,0.11521803,0.035332713
5,5,melanocytic nevi,melanocytic nevi,0.004406156,0.0051017655,0.012389164,0.014013769,0.0014955626,0.94977796,0.012815688
1,0,basal cell carcinoma,actinic keratoses and intraepithelial carcinoma,0.38378236,0.20580783,0.1591413,0.08357451,0.057708457,0.09862258,0.011363021
5,5,melanocytic nevi,melanocytic nevi,0.05346017,0.024200346,0.041794334,0.034625683,0.018839002,0.8202361,0.0068442663
5,5,melanocytic nevi,melanocytic nevi,0.0008251246,0.0004918457,0.003805092,0.0016022229,0.0010068265,0.9914077,0.0008611581
5,5,melanocytic nevi,melanocytic nevi,0.009276289,0.018413318,0.04843275,0.007940827,0.18121743,0.70208764,0.032631736
4,5,melanoma,melanocytic nevi,0.08920101,0.11820079,0.1835037,0.03917021,0.09690751,0.46334022,0.0096765235
2,1,benign keratosis-like lesions,basal cell carcinoma,0.2018558,0.37850523,0.12290221,0.08549088,0.03235273,0.13252439,0.04636873
5,5,melanocytic nevi,melanocytic nevi,0.018828273,0.00756202,0.029310543,0.011443158,0.013916856,0.9162051,0.0027340637
5,5,melanocytic nevi,melanocytic nevi,0.00012323736,2.7165484e-05,0.0041960543,4.5724457e-05,0.008132522,0.98746,1.5358924e-05
5,5,melanocytic nevi,melanocytic nevi,1.3455255e-07,2.226526e-08,0.00018161167,2.7529817e-08,0.009165145,0.99065316,3.3721424e-08
5,5,melanocytic nevi,melanocytic nevi,0.0068773227,0.029142685,0.17423096,0.009179875,0.3495061,0.37826094,0.05280214
2,1,benign keratosis-like lesions,basal cell carcinoma,0.21836744,0.2652597,0.13297603,0.10616253,0.024369529,0.20689118,0.045973554
5,5,melanocytic nevi,melanocytic nevi,0.0033582414,0.0022877357,0.017208721,0.0036489312,0.010373952,0.9588735,0.0042490466
4,0,melanoma,actinic keratoses and intraepithelial carcinoma,0.422658,0.22957487,0.14718965,0.04994499,0.10169273,0.045105085,0.0038346632
5,5,melanocytic nevi,melanocytic nevi,0.089071445,0.057127785,0.058644976,0.03119415,0.06507818,0.6877065,0.01117697
5,2,melanocytic nevi,benign keratosis-like lesions,0.0669666,0.17219993,0.35532296,0.047797766,0.08117853,0.2693797,0.0071544778
5,5,melanocytic nevi,melanocytic nevi,0.001150845,0.00041433243,0.004752155,0.0011357192,0.0017972525,0.99042624,0.00032345284
5,5,melanocytic nevi,melanocytic nevi,0.14837565,0.07433561,0.07821322,0.015537057,0.15893248,0.52021635,0.0043896306
3,5,dermatofibroma,melanocytic nevi,0.077667765,0.120169215,0.19714738,0.039341394,0.14729293,0.40509713,0.013284193
1,1,basal cell carcinoma,basal cell carcinoma,0.06122864,0.45168582,0.13509561,0.05896402,0.040155582,0.23057063,0.022299644
5,5,melanocytic nevi,melanocytic nevi,0.0039465143,0.0030203648,0.008023671,0.010539722,0.0014668297,0.969329,0.003673898
5,5,melanocytic nevi,melanocytic nevi,7.449006e-05,2.7429429e-05,0.0007582955,9.2897135e-05,0.00042166814,0.99857986,4.530598e-05
1,6,basal cell carcinoma,vascular lesions,0.0023483224,0.085213356,0.08073655,0.035389576,0.04367307,0.13738653,0.6152526
5,5,melanocytic nevi,melanocytic nevi,0.00054808415,0.0001226146,0.0026507068,0.0005309716,0.00085529144,0.99519414,9.820082e-05
5,5,melanocytic nevi,melanocytic nevi,0.039260343,0.013390576,0.119485795,0.008398453,0.20895538,0.6074859,0.0030236188
5,2,melanocytic nevi,benign keratosis-like lesions,0.081256665,0.088804156,0.4753519,0.03271281,0.1932335,0.12545173,0.003189183
2,0,benign keratosis-like lesions,actinic keratoses and intraepithelial carcinoma,0.3329858,0.18935019,0.2552865,0.06295174,0.12440444,0.031180508,0.0038408022
5,5,melanocytic nevi,melanocytic nevi,0.06281931,0.13715918,0.23502037,0.029530747,0.10434938,0.4238868,0.007234144
5,5,melanocytic nevi,melanocytic nevi,0.008815408,0.037946265,0.12154131,0.010975613,0.114795454,0.69772035,0.008205587
5,0,melanocytic nevi,actinic keratoses and intraepithelial carcinoma,0.43176955,0.1680802,0.13994707,0.035654783,0.1510847,0.07131157,0.002152135
5,5,melanocytic nevi,melanocytic nevi,0.052327346,0.040487632,0.06693243,0.045992665,0.012912434,0.76338744,0.017960178
5,5,melanocytic nevi,melanocytic nevi,0.025308158,0.015930109,0.12776516,0.004775793,0.17127898,0.65394807,0.0009937133
6,6,vascular lesions,vascular lesions,0.00024489238,0.0055456054,0.002661464,0.0017097124,0.00145851,0.003660091,0.98471975
5,2,melanocytic nevi,benign keratosis-like lesions,0.011883367,0.013099714,0.40606862,0.0053214906,0.3984216,0.1637156,0.001489632
3,2,dermatofibroma,benign keratosis-like lesions,0.23654366,0.20952377,0.26588693,0.05846659,0.1259457,0.09780718,0.0058262204
1,0,basal cell carcinoma,actinic keratoses and intraepithelial carcinoma,0.5033334,0.25134653,0.11721078,0.05113931,0.042275097,0.032251246,0.0024436538
1,1,basal cell carcinoma,basal cell carcinoma,0.18791921,0.5347129,0.08904439,0.05130891,0.026692316,0.09363459,0.016687635
5,5,melanocytic nevi,melanocytic nevi,0.010877027,0.011030617,0.061958928,0.0027319584,0.12245387,0.78918135,0.0017662626
5,5,melanocytic nevi,melanocytic nevi,4.1209376e-05,1.3240628e-05,0.0006624485,3.8548613e-05,0.00095671695,0.9982591,2.8706216e-05
5,5,melanocytic nevi,melanocytic nevi,0.002117825,0.00699459,0.29810262,0.0038721645,0.052136492,0.63590616,0.0008701406
2,2,benign keratosis-like lesions,benign keratosis-like lesions,0.05710633,0.029148271,0.4031962,0.011834752,0.17848818,0.31967494,0.00055125385
5,5,melanocytic nevi,melanocytic nevi,0.023253007,0.13928464,0.10090071,0.037928887,0.027365515,0.6539326,0.01733467
5,5,melanocytic nevi,melanocytic nevi,0.06882941,0.18827207,0.08993375,0.080176115,0.019188456,0.47642595,0.07717429
5,5,melanocytic nevi,melanocytic nevi,0.016147748,0.00476159,0.14720064,0.0025153079,0.3382753,0.49066103,0.00043840334
4,4,melanoma,melanoma,6.039337e-05,0.000113443806,0.06792764,3.487642e-05,0.7141546,0.14896056,0.06874844
5,5,melanocytic nevi,melanocytic nevi,0.0030268133,0.0009876278,0.014644085,0.0012763587,0.011914445,0.96781206,0.00033848872
5,5,melanocytic nevi,melanocytic nevi,0.007318718,0.0023593667,0.009964083,0.010471528,0.002503024,0.96638227,0.0010009536
2,5,benign keratosis-like lesions,melanocytic nevi,0.11349813,0.08101988,0.280901,0.026592512,0.20553477,0.28938693,0.0030667777
5,5,melanocytic nevi,melanocytic nevi,0.0014213915,0.0009711396,0.0032966419,0.0051999753,0.00061190827,0.9864955,0.0020035142
5,5,melanocytic nevi,melanocytic nevi,0.0014518932,0.0010148528,0.0033393495,0.0064626383,0.0004484685,0.98501474,0.0022681237
5,5,melanocytic nevi,melanocytic nevi,0.006753956,0.0035024597,0.23536226,0.001514884,0.25145736,0.5011736,0.00023547928
5,5,melanocytic nevi,melanocytic nevi,0.0008889333,0.00047498275,0.0034753925,0.0013384165,0.0014941022,0.9916556,0.0006725169
5,5,melanocytic nevi,melanocytic nevi,0.07090015,0.036196526,0.06592292,0.04073941,0.026206046,0.75481516,0.005219762
6,5,vascular lesions,melanocytic nevi,0.007498842,0.1192761,0.032661337,0.033113685,0.030534783,0.5675564,0.20935886
5,5,melanocytic nevi,melanocytic nevi,0.036502887,0.106045336,0.21890232,0.022867808,0.07140104,0.53825784,0.006022728
5,5,melanocytic nevi,melanocytic nevi,0.009922563,0.00775163,0.14574036,0.0066751284,0.24046272,0.5746465,0.014801083
4,2,melanoma,benign keratosis-like lesions,0.03077948,0.088384084,0.36263582,0.04823057,0.26618767,0.16859312,0.035189305
5,5,melanocytic nevi,melanocytic nevi,0.0036414783,0.0133953495,0.074681565,0.0057741203,0.09797449,0.79722196,0.007311067
5,5,melanocytic nevi,melanocytic nevi,0.00014166496,5.1347884e-05,0.0019267969,0.00019195786,0.0012144833,0.9964259,4.7824902e-05
2,0,benign keratosis-like lesions,actinic keratoses and intraepithelial carcinoma,0.3200334,0.19732441,0.2178448,0.07795976,0.13764155,0.040742178,0.008453951
5,5,melanocytic nevi,melanocytic nevi,0.25739896,0.08198149,0.109777495,0.04084348,0.084710024,0.42203882,0.0032497507
5,5,melanocytic nevi,melanocytic nevi,0.025206294,0.05949715,0.2346846,0.04302976,0.07047026,0.5527723,0.014339674
5,5,melanocytic nevi,melanocytic nevi,0.0039606355,0.009529575,0.3576973,0.0077055,0.08491232,0.5339987,0.0021959373
2,5,benign keratosis-like lesions,melanocytic nevi,0.0017919587,0.0009236612,0.26331043,0.00049390306,0.14325725,0.5901892,3.3587705e-05
5,5,melanocytic nevi,melanocytic nevi,0.0014059131,0.0006918947,0.0069928705,0.0012309882,0.0051397583,0.9838604,0.00067811366
5,0,melanocytic nevi,actinic keratoses and intraepithelial carcinoma,0.43192032,0.17711514,0.19919017,0.064281106,0.07503229,0.048223197,0.0042377594
5,5,melanocytic nevi,melanocytic nevi,0.0021557247,0.0010060215,0.0079513965,0.0012202977,0.008097463,0.9789171,0.0006519977
5,5,melanocytic nevi,melanocytic nevi,0.0037173745,0.004970999,0.101617545,0.003620271,0.14680126,0.73787004,0.001402499
5,0,melanocytic nevi,actinic keratoses and intraepithelial carcinoma,0.28176555,0.21623597,0.20420572,0.11635272,0.05112269,0.11170749,0.018609844
5,1,melanocytic nevi,basal cell carcinoma,0.20519172,0.28131902,0.13474223,0.07826356,0.0549263,0.20315948,0.042397704
2,4,benign keratosis-like lesions,melanoma,0.0064885896,0.0039141765,0.3128176,0.0016480548,0.36457565,0.3102936,0.00026226675
5,5,melanocytic nevi,melanocytic nevi,0.006715873,0.0016236046,0.017280504,0.0038575209,0.008707678,0.9611117,0.00070311024
1,2,basal cell carcinoma,benign keratosis-like lesions,0.0639063,0.12910853,0.40066382,0.035621297,0.1382961,0.22409333,0.008310617
5,5,melanocytic nevi,melanocytic nevi,0.039725374,0.036554944,0.104923256,0.014944019,0.27192366,0.52287626,0.009052516
5,5,melanocytic nevi,melanocytic nevi,0.01216934,0.025849557,0.24613802,0.012379958,0.24177666,0.45131984,0.010366704
5,5,melanocytic nevi,melanocytic nevi,0.013533762,0.0032937431,0.011785257,0.011256772,0.0049214335,0.95306355,0.0021454983
4,0,melanoma,actinic keratoses and intraepithelial carcinoma,0.25745836,0.14220713,0.13950656,0.04135417,0.19348103,0.21736147,0.008631284
5,5,melanocytic nevi,melanocytic nevi,0.0024366844,0.0049165688,0.18713573,0.0038180375,0.06016996,0.7406843,0.00083876785
4,5,melanoma,melanocytic nevi,0.011465086,0.0073451386,0.1341867,0.0027878045,0.19949254,0.6437795,0.00094320904
5,5,melanocytic nevi,melanocytic nevi,7.602276e-05,2.7557579e-05,0.00081133255,0.00012255821,0.00042520353,0.998486,5.139593e-05
5,5,melanocytic nevi,melanocytic nevi,0.026932955,0.026447492,0.042795148,0.032184567,0.009508013,0.84430957,0.01782222
5,0,melanocytic nevi,actinic keratoses and intraepithelial carcinoma,0.30490637,0.18095961,0.16409427,0.052506585,0.17106827,0.11720027,0.009264583
5,5,melanocytic nevi,melanocytic nevi,0.02936417,0.008708036,0.04312136,0.014637731,0.016890015,0.8851117,0.0021670754
5,5,melanocytic nevi,melanocytic nevi,0.0039904504,0.0012365228,0.006840878,0.0046276813,0.0021022242,0.98036766,0.0008346184
5,5,melanocytic nevi,melanocytic nevi,0.025298176,0.005998543,0.06556363,0.008254426,0.03437582,0.85940653,0.0011028348
5,5,melanocytic nevi,melanocytic nevi,0.0072898786,0.0012320736,0.112544455,0.0005908308,0.2169141,0.6613739,5.4723976e-05
5,5,melanocytic nevi,melanocytic nevi,0.0018567344,0.006443178,0.18180598,0.002924051,0.051277276,0.75482565,0.00086704997
5,4,melanocytic nevi,melanoma,0.00044264595,0.00030444202,0.06721721,0.00013794522,0.47002482,0.46160498,0.00026794526
5,5,melanocytic nevi,melanocytic nevi,0.00027410625,7.698824e-05,0.00186859,0.00026665776,0.00090239744,0.9965243,8.6962915e-05
5,5,melanocytic nevi,melanocytic nevi,0.024191415,0.07641441,0.1601697,0.017409207,0.07423601,0.6413835,0.006195725
5,5,melanocytic nevi,melanocytic nevi,0.0006246822,0.00050990004,0.04869679,0.00016376641,0.34470224,0.6051066,0.00019600985
5,5,melanocytic nevi,melanocytic nevi,0.01888818,0.005838509,0.017535768,0.014688044,0.005980118,0.93532884,0.0017406672
1,1,basal cell carcinoma,basal cell carcinoma,0.11961376,0.42926815,0.1253672,0.068467565,0.0626196,0.16889395,0.025769787
5,5,melanocytic nevi,melanocytic nevi,0.14605421,0.11702231,0.20140065,0.042313024,0.2307665,0.25088298,0.011560334
5,5,melanocytic nevi,melanocytic nevi,0.0010409262,0.00040842185,0.003937157,0.0015179577,0.0012871668,0.99138546,0.00042299367
4,5,melanoma,melanocytic nevi,0.002693371,0.0012708706,0.033730887,0.00054899615,0.2585354,0.70263135,0.0005891417
5,5,melanocytic nevi,melanocytic nevi,0.035078403,0.08751517,0.07407236,0.034350164,0.054924816,0.6951844,0.018874701
5,0,melanocytic nevi,actinic keratoses and intraepithelial carcinoma,0.3545987,0.24297419,0.15597194,0.058428135,0.13633175,0.04516369,0.0065315487
5,5,melanocytic nevi,melanocytic nevi,0.023967361,0.11409879,0.16123596,0.02385405,0.070028864,0.59461784,0.012197158
5,5,melanocytic nevi,melanocytic nevi,0.021557907,0.005545346,0.031590916,0.011651709,0.011247124,0.91705877,0.0013482018
5,5,melanocytic nevi,melanocytic nevi,0.000100121695,3.1647603e-05,0.011479857,3.3999746e-05,0.13149695,0.856731,0.00012638788
5,5,melanocytic nevi,melanocytic nevi,0.004444972,0.02998211,0.1909916,0.017854031,0.17234103,0.5227801,0.061606187
5,1,melanocytic nevi,basal cell carcinoma,0.080547035,0.42523745,0.07565269,0.04386384,0.031853613,0.31283668,0.030008696
5,5,melanocytic nevi,melanocytic nevi,0.09172959,0.17236406,0.10111249,0.08512347,0.02724747,0.45238423,0.0700387
5,5,melanocytic nevi,melanocytic nevi,0.057981964,0.043202315,0.19313192,0.013406917,0.20110638,0.4873446,0.0038258792
0,0,actinic keratoses and intraepithelial carcinoma,actinic keratoses and intraepithelial carcinoma,0.37772292,0.21707314,0.13975638,0.056487862,0.106107995,0.09389312,0.008958556
5,5,melanocytic nevi,melanocytic nevi,0.0022534076,0.004146917,0.02251976,0.0017288221,0.09953103,0.867226,0.002594094
5,5,melanocytic nevi,melanocytic nevi,0.0027685068,0.007682765,0.10864271,0.0029665735,0.13764186,0.73728174,0.0030157813
5,5,melanocytic nevi,melanocytic nevi,0.021151949,0.046448044,0.11080903,0.025769819,0.14114295,0.6347186,0.019959686
2,5,benign keratosis-like lesions,melanocytic nevi,0.0003629288,0.00010802135,0.062479164,6.472748e-05,0.41226086,0.52464926,7.506621e-05
3,0,dermatofibroma,actinic keratoses and intraepithelial carcinoma,0.42254925,0.19527967,0.17498274,0.07555313,0.04885515,0.07691931,0.005860783
5,5,melanocytic nevi,melanocytic nevi,0.033288516,0.014801426,0.04294133,0.0103535745,0.03337811,0.86355597,0.0016811223
5,5,melanocytic nevi,melanocytic nevi,0.0002725201,0.0003296391,0.14519998,0.00025475805,0.31075776,0.54149026,0.0016951143
5,1,melanocytic nevi,basal cell carcinoma,0.10539893,0.3660555,0.09770864,0.059079926,0.064161755,0.21840103,0.08919426
2,5,benign keratosis-like lesions,melanocytic nevi,0.20094444,0.21402366,0.13236858,0.09433481,0.024784684,0.3091288,0.024415039
2,5,benign keratosis-like lesions,melanocytic nevi,0.01677152,0.007490141,0.034445647,0.004416028,0.08235177,0.85270584,0.001819025
5,5,melanocytic nevi,melanocytic nevi,0.0052553187,0.013632833,0.0357246,0.010008449,0.022566786,0.9074045,0.0054075397
5,5,melanocytic nevi,melanocytic nevi,0.007467933,0.0009235418,0.052231498,0.0022315467,0.027195366,0.9097827,0.0001673972
2,2,benign keratosis-like lesions,benign keratosis-like lesions,0.058334835,0.062100075,0.5197238,0.022817964,0.21428849,0.12086141,0.0018734444
2,5,benign keratosis-like lesions,melanocytic nevi,0.06452876,0.06305408,0.2568244,0.03267094,0.25085503,0.32298318,0.00908356
2,1,benign keratosis-like lesions,basal cell carcinoma,0.15243857,0.3152744,0.26743022,0.061149426,0.07197846,0.11969167,0.012037249
5,5,melanocytic nevi,melanocytic nevi,0.03991189,0.039069362,0.04263074,0.022646267,0.025241062,0.82392144,0.0065793376
0,1,actinic keratoses and intraepithelial carcinoma,basal cell carcinoma,0.19793262,0.5197145,0.081154905,0.058465295,0.02087476,0.107892156,0.013965868
5,5,melanocytic nevi,melanocytic nevi,0.046941467,0.3162053,0.11526594,0.034598757,0.03310131,0.43253478,0.021352448
1,0,basal cell carcinoma,actinic keratoses and intraepithelial carcinoma,0.43840382,0.2203454,0.14195092,0.06569084,0.042633254,0.08692725,0.0040485174
2,2,benign keratosis-like lesions,benign keratosis-like lesions,0.1303431,0.15713093,0.50504684,0.07343136,0.09330525,0.03673366,0.0040089064
2,2,benign keratosis-like lesions,benign keratosis-like lesions,0.07774691,0.08230028,0.4103041,0.033230495,0.14607047,0.2466058,0.0037419547
1,1,basal cell carcinoma,basal cell carcinoma,0.10239053,0.27191743,0.18620308,0.05930354,0.110091284,0.25754556,0.012548572
5,5,melanocytic nevi,melanocytic nevi,0.00062284345,0.00025248568,0.0012826009,0.002408407,0.00024523033,0.9945463,0.0006422532
5,0,melanocytic nevi,actinic keratoses and intraepithelial carcinoma,0.38992712,0.13035649,0.14479068,0.06732486,0.051056687,0.21284084,0.0037032932
5,5,melanocytic nevi,melanocytic nevi,0.02437301,0.053811993,0.3119922,0.043513913,0.07536311,0.48255053,0.008395213
5,5,melanocytic nevi,melanocytic nevi,0.009706938,0.004798185,0.014169908,0.011361263,0.0032011992,0.954853,0.0019095638
5,5,melanocytic nevi,melanocytic nevi,0.00020559375,0.00026369822,0.10164312,0.00017145072,0.10086145,0.79668605,0.00016868963
4,2,melanoma,benign keratosis-like lesions,0.041247237,0.086950704,0.53762823,0.037366096,0.15283187,0.13902994,0.004945929
5,5,melanocytic nevi,melanocytic nevi,0.16747317,0.032895096,0.050099283,0.018060109,0.053753335,0.6770591,0.000659862
5,5,melanocytic nevi,melanocytic nevi,0.022732256,0.028538732,0.25989228,0.019286543,0.16141766,0.5044786,0.0036539738
2,5,benign keratosis-like lesions,melanocytic nevi,0.021298118,0.043723766,0.07025681,0.008278011,0.08484551,0.76365095,0.0079468805
5,5,melanocytic nevi,melanocytic nevi,0.000115589784,9.721557e-05,0.0017334383,7.81916e-05,0.0048017376,0.9929866,0.00018723446
5,5,melanocytic nevi,melanocytic nevi,0.01795215,0.0061737327,0.025444219,0.006850332,0.019423967,0.9226045,0.001551053
1,1,basal cell carcinoma,basal cell carcinoma,0.100375034,0.456835,0.11275638,0.05460636,0.031878605,0.2257274,0.017821286
5,5,melanocytic nevi,melanocytic nevi,0.009571388,0.0024094721,0.025602514,0.008882471,0.005602949,0.9470738,0.0008573484
5,5,melanocytic nevi,melanocytic nevi,0.00023751652,2.455784e-05,0.09590626,1.0423941e-05,0.29208362,0.6117372,4.248514e-07
5,5,melanocytic nevi,melanocytic nevi,0.040477518,0.06434822,0.3151484,0.033188127,0.22182517,0.3195607,0.005451768
5,5,melanocytic nevi,melanocytic nevi,0.20163113,0.16615981,0.15340184,0.05464232,0.12658782,0.28924683,0.008330199
5,5,melanocytic nevi,melanocytic nevi,0.03789331,0.05667981,0.32850432,0.028480299,0.18958852,0.35316005,0.00569373
2,2,benign keratosis-like lesions,benign keratosis-like lesions,0.09010309,0.13860337,0.59735036,0.05711931,0.07942754,0.035186663,0.0022097032
2,2,benign keratosis-like lesions,benign keratosis-like lesions,0.21054688,0.156742,0.39725807,0.088219725,0.0823938,0.0602529,0.0045866217
5,5,melanocytic nevi,melanocytic nevi,0.00082658645,0.00042628692,0.0045319796,0.0004180039,0.0062383963,0.98733974,0.00021906756
5,5,melanocytic nevi,melanocytic nevi,0.02243619,0.09046626,0.049865354,0.042598657,0.045210417,0.6851317,0.06429133
1,1,basal cell carcinoma,basal cell carcinoma,0.09467826,0.36749467,0.15720901,0.053286422,0.053706523,0.26139927,0.012225876
1,1,basal cell carcinoma,basal cell carcinoma,0.2106682,0.41757452,0.110392906,0.07543853,0.057162292,0.09827767,0.030485902
5,2,melanocytic nevi,benign keratosis-like lesions,0.22134289,0.13703078,0.25109962,0.059681572,0.11055235,0.20724806,0.013044729
2,2,benign keratosis-like lesions,benign keratosis-like lesions,0.045688953,0.056965478,0.38882396,0.021226052,0.18160793,0.30285856,0.0028291184
5,5,melanocytic nevi,melanocytic nevi,0.016318526,0.01196936,0.041579645,0.03759214,0.011535762,0.87452286,0.0064816973
5,5,melanocytic nevi,melanocytic nevi,0.010168018,0.004854009,0.02001686,0.0069598802,0.008924616,0.94753534,0.0015412517
5,5,melanocytic nevi,melanocytic nevi,0.06455063,0.024699358,0.06410291,0.02916833,0.02570794,0.78620005,0.0055708415
2,2,benign keratosis-like lesions,benign keratosis-like lesions,0.03244331,0.06502659,0.5294119,0.02574179,0.22531684,0.116586305,0.005473305
5,1,melanocytic nevi,basal cell carcinoma,0.23405202,0.47786888,0.07889379,0.06312429,0.026467463,0.10572149,0.013872007
5,5,melanocytic nevi,melanocytic nevi,0.00018883907,5.4095766e-05,0.0023798074,0.00013847934,0.0018884727,0.9952962,5.4089578e-05
5,5,melanocytic nevi,melanocytic nevi,0.014542218,0.11264219,0.08058647,0.036620058,0.095264934,0.6038473,0.056496836
5,5,melanocytic nevi,melanocytic nevi,0.1493869,0.10563714,0.10115974,0.028640157,0.22105186,0.38685125,0.007272908
1,1,basal cell carcinoma,basal cell carcinoma,0.068800114,0.47393468,0.10531045,0.058077004,0.044641744,0.2189062,0.030329796
5,5,melanocytic nevi,melanocytic nevi,0.02735325,0.020947233,0.036599994,0.00960275,0.027977815,0.87611276,0.001406174
5,5,melanocytic nevi,melanocytic nevi,0.10466559,0.0469641,0.11768704,0.036343455,0.07978079,0.6007062,0.013852799
5,5,melanocytic nevi,melanocytic nevi,0.010290126,0.0048784628,0.012641957,0.0112678725,0.0052690716,0.95350486,0.0021476285
5,5,melanocytic nevi,melanocytic nevi,0.05832253,0.20709097,0.12265654,0.04702026,0.08599951,0.43314946,0.04576068
2,2,benign keratosis-like lesions,benign keratosis-like lesions,0.052029587,0.08022594,0.6590552,0.022854805,0.124830574,0.059393987,0.0016099815
5,5,melanocytic nevi,melanocytic nevi,0.0018531599,0.00019281672,0.01063535,0.00045227312,0.011260075,0.9755796,2.6752836e-05
5,5,melanocytic nevi,melanocytic nevi,0.03363552,0.014396677,0.028076498,0.033890247,0.006740303,0.8789232,0.0043375287
0,5,actinic keratoses and intraepithelial carcinoma,melanocytic nevi,0.1451335,0.2160732,0.15181358,0.05353149,0.10182619,0.2922728,0.039349206
5,5,melanocytic nevi,melanocytic nevi,0.013867499,0.012085225,0.18837385,0.0042674057,0.1399924,0.64061385,0.0007997351
5,5,melanocytic nevi,melanocytic nevi,0.009226136,0.0034088837,0.015361035,0.011341191,0.0028190706,0.9565207,0.0013229897
5,5,melanocytic nevi,melanocytic nevi,0.03984405,0.25778955,0.18611863,0.058936667,0.094353385,0.33825722,0.024700517
4,5,melanoma,melanocytic nevi,0.0074992627,0.014341027,0.21626937,0.0057666055,0.37023216,0.3744198,0.011471737
5,1,melanocytic nevi,basal cell carcinoma,0.049642798,0.39653334,0.15688768,0.052766666,0.035234768,0.29028955,0.018645214
5,5,melanocytic nevi,melanocytic nevi,0.0001836435,0.00013426218,0.001969265,0.00039837783,0.0007987436,0.99627244,0.0002433287
5,5,melanocytic nevi,melanocytic nevi,0.07510323,0.14894697,0.23721401,0.032491103,0.09086226,0.40830818,0.0070742946
5,5,melanocytic nevi,melanocytic nevi,0.007730617,0.008461831,0.06138406,0.0013423733,0.06740964,0.85308707,0.00058440387
4,5,melanoma,melanocytic nevi,0.057568137,0.07523285,0.19136345,0.04054604,0.2766217,0.342691,0.01597684
5,0,melanocytic nevi,actinic keratoses and intraepithelial carcinoma,0.36962053,0.19235298,0.09555831,0.054645505,0.06174714,0.21770443,0.00837108
5,5,melanocytic nevi,melanocytic nevi,0.001041457,0.0015597555,0.12729271,0.00079590816,0.24092133,0.6274181,0.00097068184
4,5,melanoma,melanocytic nevi,0.09374328,0.305227,0.107859366,0.037007537,0.067580916,0.3681576,0.020424323
4,4,melanoma,melanoma,0.008040948,0.0024573028,0.065569185,0.0009129157,0.6832205,0.23939684,0.00040223892
3,5,dermatofibroma,melanocytic nevi,0.19558206,0.18953104,0.13902836,0.13634063,0.02652684,0.2872366,0.025754439
2,1,benign keratosis-like lesions,basal cell carcinoma,0.2084669,0.48781487,0.0901898,0.067927405,0.028287463,0.09688681,0.020426724
4,5,melanoma,melanocytic nevi,0.028829647,0.10433096,0.0883609,0.023016442,0.20793638,0.41526332,0.1322623
5,5,melanocytic nevi,melanocytic nevi,0.050848097,0.06809354,0.12771963,0.028600752,0.08585538,0.6250331,0.013849592
4,2,melanoma,benign keratosis-like lesions,0.13564767,0.13952658,0.46698457,0.07095817,0.1219424,0.059256118,0.0056844833
2,2,benign keratosis-like lesions,benign keratosis-like lesions,0.26432845,0.16186269,0.32701233,0.04804754,0.12380342,0.07256289,0.0023826798
5,2,melanocytic nevi,benign keratosis-like lesions,0.026646176,0.07442656,0.5827783,0.03278882,0.10539504,0.17410143,0.0038636671
2,5,benign keratosis-like lesions,melanocytic nevi,0.033866566,0.12897441,0.22986466,0.036159705,0.12845282,0.4290367,0.013645125
5,5,melanocytic nevi,melanocytic nevi,0.17287394,0.21099743,0.12299209,0.040408872,0.09319892,0.3459868,0.013541933
4,5,melanoma,melanocytic nevi,0.005412343,0.003583099,0.105653726,0.0024983499,0.25436816,0.6274649,0.001019473
2,5,benign keratosis-like lesions,melanocytic nevi,0.09823124,0.1364666,0.21321952,0.042952623,0.077527694,0.42427242,0.0073299618
4,5,melanoma,melanocytic nevi,0.03923732,0.09998712,0.1661571,0.048480555,0.09292756,0.54290134,0.010309031
5,0,melanocytic nevi,actinic keratoses and intraepithelial carcinoma,0.2915712,0.21811359,0.15545872,0.103360854,0.028669575,0.16737625,0.035449877
1,1,basal cell carcinoma,basal cell carcinoma,0.10342362,0.5217956,0.09452193,0.058888018,0.048674606,0.13976151,0.032934736
5,4,melanocytic nevi,melanoma,0.00026018612,5.5494173e-05,0.10884714,2.2542124e-05,0.52213955,0.3686721,2.977268e-06
5,5,melanocytic nevi,melanocytic nevi,0.010020114,0.006761993,0.016366037,0.007833527,0.0077955415,0.9494157,0.0018070267
2,5,benign keratosis-like lesions,melanocytic nevi,0.00043167287,8.644315e-05,0.18128389,3.74434e-05,0.2033949,0.61476463,1.0221847e-06
5,5,melanocytic nevi,melanocytic nevi,0.04080727,0.02372324,0.06569651,0.016947636,0.04087836,0.80537933,0.0065676873
5,1,melanocytic nevi,basal cell carcinoma,0.14206338,0.26315725,0.16956039,0.06432487,0.11456398,0.21869089,0.027639229
4,5,melanoma,melanocytic nevi,0.026109783,0.009935825,0.1416487,0.003383516,0.2390148,0.57919735,0.00070997566
5,5,melanocytic nevi,melanocytic nevi,0.031010732,0.0072370414,0.040210363,0.017028958,0.009620994,0.89348245,0.0014096153
5,5,melanocytic nevi,melanocytic nevi,0.0012878334,0.00078301085,0.005288031,0.0019535602,0.0025316356,0.9869855,0.0011704669
5,5,melanocytic nevi,melanocytic nevi,0.012892489,0.08862585,0.17721246,0.025011754,0.03912334,0.64924526,0.007888804
5,5,melanocytic nevi,melanocytic nevi,0.0006772343,0.0017502911,0.09981365,0.0010315679,0.060149338,0.83559436,0.0009835332
5,5,melanocytic nevi,melanocytic nevi,0.017327301,0.0537734,0.18371168,0.02052879,0.11039091,0.6071864,0.007081559
5,5,melanocytic nevi,melanocytic nevi,8.8364446e-05,2.4903122e-05,0.052378856,1.0948782e-05,0.46612138,0.48137218,3.4129037e-06
2,2,benign keratosis-like lesions,benign keratosis-like lesions,0.02773211,0.08795194,0.45132664,0.038650546,0.14265615,0.23998287,0.0116997585
5,5,melanocytic nevi,melanocytic nevi,0.0019913616,0.0005245545,0.004888966,0.0023218822,0.0021273796,0.9874915,0.00065432355
5,5,melanocytic nevi,melanocytic nevi,0.0045407536,0.0008283389,0.016009273,0.0031440407,0.0052359817,0.97000366,0.00023799644
5,5,melanocytic nevi,melanocytic nevi,0.0376915,0.01102373,0.15219148,0.0064158808,0.23545623,0.55548525,0.001735999
5,5,melanocytic nevi,melanocytic nevi,0.011594886,0.0041676513,0.019816602,0.014974442,0.0043058763,0.9436911,0.0014493808
6,1,vascular lesions,basal cell carcinoma,0.09488936,0.44414982,0.07497019,0.08440057,0.011672971,0.25302407,0.036892913
5,5,melanocytic nevi,melanocytic nevi,0.0012128763,0.0006529229,0.0041964576,0.0020146149,0.0015154809,0.9894711,0.0009365341
5,5,melanocytic nevi,melanocytic nevi,0.061743762,0.06794744,0.082875475,0.138458,0.017850952,0.60887307,0.022251332
5,0,melanocytic nevi,actinic keratoses and intraepithelial carcinoma,0.37558773,0.118000716,0.17366365,0.03668285,0.23276305,0.061384227,0.0019177812
5,5,melanocytic nevi,melanocytic nevi,0.12149428,0.03655463,0.27588502,0.033406317,0.12899381,0.4010864,0.0025796352
5,4,melanocytic nevi,melanoma,0.00355842,0.0020621738,0.07073516,0.00082910585,0.46852952,0.4537844,0.0005011916
5,0,melanocytic nevi,actinic keratoses and intraepithelial carcinoma,0.32926485,0.09815766,0.18223803,0.09510752,0.03937542,0.25039884,0.0054576793
5,5,melanocytic nevi,melanocytic nevi,0.0007864024,0.002054052,0.09416108,0.0011909284,0.2369804,0.65980625,0.0050208527
1,1,basal cell carcinoma,basal cell carcinoma,0.18061306,0.3446426,0.12102409,0.06050154,0.092077665,0.1789648,0.022176148
0,0,actinic keratoses and intraepithelial carcinoma,actinic keratoses and intraepithelial carcinoma,0.39810643,0.15591344,0.21746682,0.06013043,0.11532457,0.049367294,0.0036910707
2,5,benign keratosis-like lesions,melanocytic nevi,0.0022717146,0.002653004,0.3600111,0.0010177323,0.083542615,0.5504176,8.6269385e-05
5,1,melanocytic nevi,basal cell carcinoma,0.2104756,0.31025225,0.10644003,0.09296858,0.064973,0.19350162,0.021388955
5,5,melanocytic nevi,melanocytic nevi,0.08533001,0.046027355,0.08509991,0.074286155,0.0131442025,0.68587476,0.010237638
5,5,melanocytic nevi,melanocytic nevi,0.011578703,0.018793033,0.10516909,0.0048177172,0.15409616,0.692607,0.012938279
1,2,basal cell carcinoma,benign keratosis-like lesions,0.15757023,0.17766793,0.31930506,0.084291734,0.15009053,0.097028755,0.014045745
5,5,melanocytic nevi,melanocytic nevi,0.010884811,0.004035598,0.028834464,0.004506741,0.015079772,0.9358708,0.000787918
5,5,melanocytic nevi,melanocytic nevi,0.00025630035,7.351634e-05,0.0016736744,0.00024058713,0.0009835971,0.99669695,7.5410615e-05
5,5,melanocytic nevi,melanocytic nevi,0.17329547,0.097407885,0.20465171,0.12642182,0.030859942,0.30877295,0.058590215
5,5,melanocytic nevi,melanocytic nevi,0.0035725166,0.001482671,0.0065247733,0.0034117734,0.0030425454,0.9813747,0.0005910752
5,5,melanocytic nevi,melanocytic nevi,0.00027793582,7.492822e-05,0.0018717857,0.00024603703,0.0009909729,0.99646,7.836819e-05
1,1,basal cell carcinoma,basal cell carcinoma,0.1715378,0.65377885,0.044206686,0.036275286,0.011632065,0.07616866,0.0064006057
2,2,benign keratosis-like lesions,benign keratosis-like lesions,0.07652425,0.11199298,0.41112188,0.049079362,0.19673677,0.14695486,0.007589901
3,0,dermatofibroma,actinic keratoses and intraepithelial carcinoma,0.27032316,0.15005824,0.23948388,0.06468729,0.08097878,0.18999894,0.0044697686
1,1,basal cell carcinoma,basal cell carcinoma,0.16184817,0.355082,0.14456843,0.1034586,0.06085295,0.11527632,0.058913507
5,5,melanocytic nevi,melanocytic nevi,0.1541575,0.21163517,0.11541824,0.1069641,0.030007955,0.34025487,0.04156224
5,5,melanocytic nevi,melanocytic nevi,0.013627878,0.008630697,0.027014267,0.005619466,0.022680242,0.9201139,0.002313476
5,2,melanocytic nevi,benign keratosis-like lesions,0.07139814,0.06942252,0.48456085,0.03192178,0.19980507,0.1401732,0.0027184626
5,5,melanocytic nevi,melanocytic nevi,0.0020603857,0.0003831107,0.011793289,0.00072054606,0.008436844,0.97651833,8.756175e-05
5,5,melanocytic nevi,melanocytic nevi,0.06731997,0.019026373,0.0511023,0.025885964,0.018371874,0.81632197,0.0019715976
5,5,melanocytic nevi,melanocytic nevi,0.0008457238,0.00086244824,0.028966842,0.0009411478,0.04309797,0.92475104,0.0005347158
1,1,basal cell carcinoma,basal cell carcinoma,0.18104306,0.29530644,0.17457595,0.076279484,0.14549951,0.099933684,0.027361887
5,5,melanocytic nevi,melanocytic nevi,0.020686531,0.0069626593,0.028166069,0.012206524,0.012829443,0.9170303,0.002118499
5,5,melanocytic nevi,melanocytic nevi,0.02970314,0.017554253,0.08510158,0.010571168,0.06924481,0.78449696,0.003328038
4,5,melanoma,melanocytic nevi,0.020120077,0.062254835,0.07157951,0.014857255,0.0778634,0.743422,0.009902939
5,5,melanocytic nevi,melanocytic nevi,0.001916993,0.0045797704,0.17048956,0.00376364,0.046824876,0.7713902,0.0010348994
5,5,melanocytic nevi,melanocytic nevi,0.0001750791,6.0479466e-05,0.0015392591,0.00015628793,0.0010448509,0.99695826,6.571542e-05
5,5,melanocytic nevi,melanocytic nevi,0.017699488,0.115725026,0.20989825,0.030451192,0.037184767,0.58032537,0.008715962
5,5,melanocytic nevi,melanocytic nevi,0.003758665,0.12437614,0.17114803,0.029953504,0.07159054,0.3183665,0.28080666
5,5,melanocytic nevi,melanocytic nevi,0.0027467234,0.0013984068,0.009645368,0.0026614144,0.0044833,0.9778406,0.001224208
5,5,melanocytic nevi,melanocytic nevi,0.17239054,0.13856223,0.083248325,0.057432678,0.055987053,0.48172694,0.01065217
5,5,melanocytic nevi,melanocytic nevi,0.0006550601,0.0002685929,0.002543632,0.0013762682,0.0006021965,0.9939513,0.00060299673
5,5,melanocytic nevi,melanocytic nevi,0.00016159494,1.9676476e-05,0.0015068024,4.6084737e-05,0.00233452,0.99592614,5.2128717e-06
5,5,melanocytic nevi,melanocytic nevi,0.0033252079,0.023314336,0.050764017,0.0031901847,0.028612612,0.8796748,0.011118785
4,6,melanoma,vascular lesions,2.5322546e-05,0.0024107106,0.0010313505,9.803935e-05,0.0087116975,0.0021319604,0.98559093
0,5,actinic keratoses and intraepithelial carcinoma,melanocytic nevi,0.13290015,0.2076189,0.15960707,0.04585831,0.10249893,0.33934423,0.012172425
5,5,melanocytic nevi,melanocytic nevi,0.00017088026,0.00010352953,0.003060495,0.00017730295,0.0063741617,0.98980486,0.00030875005
5,5,melanocytic nevi,melanocytic nevi,0.0050075194,0.0038832298,0.010718679,0.0060510957,0.0047969436,0.9675213,0.0020213113
4,4,melanoma,melanoma,0.105214655,0.10677318,0.18047445,0.03243111,0.34003916,0.22694245,0.008125001
5,5,melanocytic nevi,melanocytic nevi,0.0064382316,0.0031727448,0.020936903,0.003326735,0.013898619,0.95115155,0.001075159
5,5,melanocytic nevi,melanocytic nevi,0.008683777,0.008237564,0.066810034,0.003756977,0.26037213,0.6501251,0.0020144247
2,5,benign keratosis-like lesions,melanocytic nevi,0.08203703,0.039602116,0.25038284,0.023593778,0.1406912,0.4614623,0.0022307367
5,4,melanocytic nevi,melanoma,0.018823821,0.004098056,0.114989296,0.0010109189,0.5494712,0.31147942,0.00012736098
5,5,melanocytic nevi,melanocytic nevi,0.00035264713,0.00017370097,0.0036284341,0.00026243625,0.00501352,0.99020547,0.0003637867
0,0,actinic keratoses and intraepithelial carcinoma,actinic keratoses and intraepithelial carcinoma,0.3310386,0.2548664,0.14974284,0.08944609,0.06670847,0.092384696,0.015812902
5,5,melanocytic nevi,melanocytic nevi,0.00023774181,6.0724116e-05,0.0011066617,0.00030998862,0.0004072284,0.9978154,6.221058e-05
1,1,basal cell carcinoma,basal cell carcinoma,0.22899342,0.41887084,0.089681,0.0825138,0.027774038,0.13055865,0.021608258
5,4,melanocytic nevi,melanoma,0.11846823,0.027416484,0.13771027,0.009994519,0.35616493,0.3488298,0.0014157488
1,1,basal cell carcinoma,basal cell carcinoma,0.18974468,0.24648604,0.152823,0.06900346,0.14473133,0.18457498,0.012636493
5,5,melanocytic nevi,melanocytic nevi,5.6872752e-05,6.2655768e-06,0.0067193136,6.8493405e-06,0.07805055,0.9151584,1.7644292e-06
2,2,benign keratosis-like lesions,benign keratosis-like lesions,0.2062497,0.18298283,0.318471,0.07154124,0.13350876,0.08091443,0.0063319756
5,0,melanocytic nevi,actinic keratoses and intraepithelial carcinoma,0.29593924,0.17032556,0.15788256,0.05012341,0.12803292,0.19073974,0.0069565703
4,5,melanoma,melanocytic nevi,0.00030535366,2.927869e-05,0.07765976,1.1218153e-05,0.21531503,0.7066789,4.2176435e-07
5,5,melanocytic nevi,melanocytic nevi,0.022279654,0.009787168,0.060945485,0.03645518,0.0074625,0.861109,0.0019609171
0,1,actinic keratoses and intraepithelial carcinoma,basal cell carcinoma,0.3325758,0.44041887,0.072841726,0.048267514,0.022623546,0.07775198,0.005520485
5,5,melanocytic nevi,melanocytic nevi,1.04807805e-05,2.8066902e-06,0.0004972015,6.1370843e-06,0.0010451477,0.9984341,4.0314058e-06
5,5,melanocytic nevi,melanocytic nevi,0.00080132834,0.00015839149,0.010504793,0.00023278089,0.014593785,0.97365034,5.8444784e-05
5,5,melanocytic nevi,melanocytic nevi,0.00997507,0.011938356,0.1604514,0.0066985353,0.3340734,0.4744977,0.0023655107
5,5,melanocytic nevi,melanocytic nevi,0.0026307167,0.001176268,0.0049365684,0.003245408,0.0013877255,0.98595876,0.0006645939
5,5,melanocytic nevi,melanocytic nevi,0.07304563,0.23190993,0.21432276,0.052549206,0.15612768,0.23399512,0.03804964
5,5,melanocytic nevi,melanocytic nevi,1.2781082e-08,3.8130827e-09,2.347614e-05,9.293531e-09,0.0004009702,0.99957556,4.2703878e-08
5,5,melanocytic nevi,melanocytic nevi,0.015431406,0.006244676,0.035468433,0.017527528,0.010047671,0.91205245,0.003227759
0,1,actinic keratoses and intraepithelial carcinoma,basal cell carcinoma,0.13526942,0.41833127,0.11660791,0.07903634,0.058813818,0.14794222,0.04399907
0,0,actinic keratoses and intraepithelial carcinoma,actinic keratoses and intraepithelial carcinoma,0.47386906,0.2741768,0.10126911,0.0569929,0.031367127,0.057879917,0.004445097
5,1,melanocytic nevi,basal cell carcinoma,0.25804523,0.30434608,0.13905889,0.07777582,0.042920493,0.16764323,0.010210309
5,2,melanocytic nevi,benign keratosis-like lesions,0.09828688,0.10252567,0.6016697,0.03040217,0.13444059,0.03151083,0.0011641118
5,5,melanocytic nevi,melanocytic nevi,0.000881233,0.0003606679,0.006102686,0.00032149124,0.009909056,0.9822891,0.00013583837
6,6,vascular lesions,vascular lesions,0.005178202,0.03958555,0.018773066,0.022436684,0.0063622547,0.05394466,0.8537196
5,5,melanocytic nevi,melanocytic nevi,2.032262e-05,1.7584498e-06,0.0022355383,3.0854162e-06,0.005560899,0.9921779,4.201429e-07
5,5,melanocytic nevi,melanocytic nevi,0.00015645669,7.522382e-05,0.0039696237,0.00013263474,0.006792113,0.98866665,0.00020729833
3,0,dermatofibroma,actinic keratoses and intraepithelial carcinoma,0.3093067,0.160013,0.23654015,0.057362627,0.12778227,0.10374681,0.0052483943
0,1,actinic keratoses and intraepithelial carcinoma,basal cell carcinoma,0.20775844,0.29191864,0.19049713,0.10328666,0.069531545,0.10649177,0.030515825
5,5,melanocytic nevi,melanocytic nevi,0.006030374,0.0036535787,0.115374915,0.001728777,0.418938,0.45368987,0.0005844454
5,5,melanocytic nevi,melanocytic nevi,0.004826193,0.0023831755,0.011078305,0.006764064,0.0030769373,0.9697949,0.0020764533
5,5,melanocytic nevi,melanocytic nevi,0.003882513,0.0027790735,0.01377649,0.004756859,0.006132702,0.9636458,0.0050264825
5,5,melanocytic nevi,melanocytic nevi,0.013762674,0.044364586,0.089510284,0.017321287,0.06858742,0.75057125,0.01588257
5,5,melanocytic nevi,melanocytic nevi,0.03649208,0.010085861,0.022177184,0.010245697,0.011350891,0.90895635,0.00069186254
5,5,melanocytic nevi,melanocytic nevi,0.0037679768,0.0004807601,0.020510117,0.0014063361,0.009326406,0.964402,0.000106466716
5,5,melanocytic nevi,melanocytic nevi,0.0015293469,0.0003974204,0.011398003,0.0008162827,0.0068362425,0.9788175,0.0002051747
5,5,melanocytic nevi,melanocytic nevi,0.010520778,0.003757633,0.012408927,0.011117345,0.0039196736,0.9566287,0.0016469527
5,5,melanocytic nevi,melanocytic nevi,0.0006030509,0.00040328866,0.002519665,0.0013718726,0.0012402704,0.9927375,0.0011244244
5,5,melanocytic nevi,melanocytic nevi,0.0008539557,9.0987145e-05,0.010608765,0.0002746911,0.005860231,0.9822917,1.9670877e-05
5,5,melanocytic nevi,melanocytic nevi,0.009050171,0.002694452,0.015891781,0.0064982534,0.0059839175,0.95906997,0.000811562
5,5,melanocytic nevi,melanocytic nevi,0.00902542,0.049671046,0.048599504,0.0054718875,0.017274529,0.8652307,0.0047269734
4,5,melanoma,melanocytic nevi,0.007869288,0.01694241,0.32499343,0.0072844285,0.16887724,0.46889976,0.0051334193
5,5,melanocytic nevi,melanocytic nevi,0.04519538,0.12851393,0.20844093,0.07207691,0.094883196,0.42429778,0.0265919
5,5,melanocytic nevi,melanocytic nevi,0.032142963,0.15489349,0.10261785,0.038504116,0.07368176,0.5715207,0.026639145
5,5,melanocytic nevi,melanocytic nevi,0.011658018,0.01993405,0.20181258,0.01248985,0.33980584,0.39852214,0.015777549
5,5,melanocytic nevi,melanocytic nevi,0.0012573027,0.00053764036,0.008162226,0.00061165716,0.012642856,0.97645,0.00033830418
5,5,melanocytic nevi,melanocytic nevi,0.097333945,0.024446595,0.12771668,0.022880364,0.16859011,0.5549213,0.004111032
5,5,melanocytic nevi,melanocytic nevi,0.0008928666,0.00022930042,0.067439064,7.4829906e-05,0.4224559,0.5088912,1.679275e-05
5,5,melanocytic nevi,melanocytic nevi,0.0025612307,0.0009608949,0.012422394,0.003046905,0.0039695874,0.9765524,0.00048652754
5,5,melanocytic nevi,melanocytic nevi,0.03505348,0.011763945,0.04390515,0.005406862,0.053243145,0.85021174,0.00041572185
4,4,melanoma,melanoma,0.0032862045,0.0006714875,0.061708868,0.0002269128,0.76902956,0.16501819,5.8757465e-05
5,5,melanocytic nevi,melanocytic nevi,0.013482625,0.008921646,0.026154466,0.010689019,0.018091861,0.9150479,0.007612527
2,1,benign keratosis-like lesions,basal cell carcinoma,0.22972247,0.323732,0.1246527,0.08950123,0.053760868,0.13958623,0.03904455
1,0,basal cell carcinoma,actinic keratoses and intraepithelial carcinoma,0.25284702,0.23949113,0.13328308,0.061009414,0.07221459,0.22367539,0.017479347
5,5,melanocytic nevi,melanocytic nevi,0.012334904,0.005668017,0.014306787,0.009768294,0.0076016225,0.9484063,0.0019140544
5,5,melanocytic nevi,melanocytic nevi,0.003051717,0.0011095613,0.0070421887,0.004254655,0.0016163748,0.9821291,0.00079641223
0,1,actinic keratoses and intraepithelial carcinoma,basal cell carcinoma,0.2829856,0.3260396,0.12784345,0.072884515,0.052937686,0.118436664,0.018872442
5,5,melanocytic nevi,melanocytic nevi,0.008178142,0.0029523028,0.070397295,0.0009960716,0.2579838,0.6591296,0.000362745
5,5,melanocytic nevi,melanocytic nevi,0.023695689,0.06956986,0.2034816,0.017695302,0.078263864,0.60162675,0.0056669503
4,5,melanoma,melanocytic nevi,0.18614694,0.105862774,0.18696363,0.035582922,0.19108461,0.28842822,0.0059309653
5,5,melanocytic nevi,melanocytic nevi,0.00087687484,0.00044759526,0.0028452869,0.0017349527,0.00095117436,0.9924584,0.00068555685
5,5,melanocytic nevi,melanocytic nevi,0.018771017,0.0076825432,0.02970464,0.010640603,0.01468485,0.9163191,0.002197279
2,4,benign keratosis-like lesions,melanoma,0.015715294,0.0046080723,0.24414039,0.0015056921,0.4398534,0.29406327,0.00011380977
4,5,melanoma,melanocytic nevi,0.013773897,0.02040703,0.08029757,0.0047888975,0.12133132,0.7562547,0.003146714
1,1,basal cell carcinoma,basal cell carcinoma,0.03797067,0.7857126,0.037774317,0.044489115,0.0038069494,0.058183618,0.0320628
5,5,melanocytic nevi,melanocytic nevi,0.00082177215,0.00013109946,0.0070076585,0.00030717385,0.0060492028,0.9856387,4.4451637e-05
5,5,melanocytic nevi,melanocytic nevi,0.00012286144,3.8625683e-05,0.0033360422,7.467709e-05,0.0071063875,0.9892703,5.104346e-05
5,5,melanocytic nevi,melanocytic nevi,0.0011881446,0.00055812765,0.0033763344,0.0028116982,0.00065191527,0.9906074,0.0008062844
4,5,melanoma,melanocytic nevi,0.033415966,0.031002302,0.028962564,0.044260424,0.01774622,0.8290942,0.015518253
5,5,melanocytic nevi,melanocytic nevi,0.0015432108,0.0008765981,0.004078308,0.0022212295,0.0020096505,0.9885515,0.00071951095
5,4,melanocytic nevi,melanoma,0.03661413,0.0577392,0.254208,0.031295985,0.30847433,0.29396456,0.017703686
5,5,melanocytic nevi,melanocytic nevi,0.043811172,0.010021784,0.08729801,0.021175224,0.027499357,0.8079161,0.0022784146
1,5,basal cell carcinoma,melanocytic nevi,0.11078271,0.31471333,0.09681528,0.075296775,0.023428198,0.33935013,0.03961353
2,2,benign keratosis-like lesions,benign keratosis-like lesions,0.17262141,0.17938107,0.31605276,0.069054656,0.17120942,0.084270045,0.0074106525
6,6,vascular lesions,vascular lesions,0.0012254032,0.008998314,0.00826209,0.016556213,0.0025019094,0.16985832,0.7925978
3,5,dermatofibroma,melanocytic nevi,0.07464864,0.033460774,0.095592536,0.06907216,0.013865851,0.7060186,0.007341473
5,5,melanocytic nevi,melanocytic nevi,0.0028337813,0.0010619112,0.10242183,0.00033859702,0.22032973,0.6729117,0.0001024642
2,0,benign keratosis-like lesions,actinic keratoses and intraepithelial carcinoma,0.4378898,0.29477417,0.11714558,0.060173858,0.039308783,0.045340292,0.005367559
4,4,melanoma,melanoma,0.0015873142,0.00029253858,0.077367894,0.00013443959,0.5372645,0.38330764,4.5655914e-05
2,2,benign keratosis-like lesions,benign keratosis-like lesions,0.14978282,0.16752808,0.40858254,0.046757516,0.111293785,0.11256996,0.0034852773
5,1,melanocytic nevi,basal cell carcinoma,0.14636648,0.507148,0.072084524,0.03668611,0.02402113,0.20051439,0.013179298
5,5,melanocytic nevi,melanocytic nevi,0.020047918,0.009654899,0.043747377,0.004477572,0.09626504,0.824639,0.0011682413
1,1,basal cell carcinoma,basal cell carcinoma,0.22443403,0.27844125,0.2477964,0.056850098,0.108665794,0.07744113,0.006371332
5,5,melanocytic nevi,melanocytic nevi,0.020599304,0.013437728,0.026042067,0.044211347,0.005746801,0.88175833,0.008204451
5,5,melanocytic nevi,melanocytic nevi,0.0046240697,0.0047002803,0.05755807,0.0012278521,0.08816872,0.8431419,0.000579139
5,5,melanocytic nevi,melanocytic nevi,0.02973586,0.011738339,0.17463642,0.0059991144,0.3851999,0.39114422,0.0015461387
5,5,melanocytic nevi,melanocytic nevi,0.012033061,0.013895209,0.22148444,0.003773775,0.05748786,0.69078255,0.00054316246
5,5,melanocytic nevi,melanocytic nevi,0.0011938097,0.00022162408,0.012229882,0.0004081139,0.01168823,0.97417986,7.8472025e-05
4,5,melanoma,melanocytic nevi,0.018556831,0.0072457865,0.06510792,0.002641598,0.43936473,0.465882,0.0012011513
5,5,melanocytic nevi,melanocytic nevi,0.006788687,0.0033891117,0.033377875,0.015550875,0.0046310215,0.9351968,0.0010655696
5,5,melanocytic nevi,melanocytic nevi,0.0007585345,0.00023685471,0.004234243,0.00071421824,0.0017335264,0.99211836,0.00020424579
4,2,melanoma,benign keratosis-like lesions,0.010194207,0.020777853,0.40708736,0.011476825,0.26754907,0.27773336,0.00518135
5,5,melanocytic nevi,melanocytic nevi,0.006187259,0.0017968044,0.015618256,0.0032649313,0.009416086,0.9631833,0.0005333713
5,5,melanocytic nevi,melanocytic nevi,0.00047750367,0.00011557287,0.0041315574,0.00034336897,0.002791932,0.9920548,8.5235646e-05
2,5,benign keratosis-like lesions,melanocytic nevi,0.00806753,0.023934608,0.4187943,0.012409702,0.07847146,0.45643774,0.001884611
5,5,melanocytic nevi,melanocytic nevi,7.937229e-05,2.2051065e-05,0.0016062576,5.06916e-05,0.0016307662,0.99658704,2.379046e-05
5,5,melanocytic nevi,melanocytic nevi,0.00088468404,0.00043646543,0.005191125,0.0010927136,0.002615276,0.98928577,0.00049404363
5,5,melanocytic nevi,melanocytic nevi,0.00045173685,0.00025841038,0.0017991682,0.0014837654,0.00035188918,0.99484247,0.00081263256
5,5,melanocytic nevi,melanocytic nevi,0.0013584769,0.00048107517,0.0045943456,0.0017853904,0.0013450776,0.989954,0.0004815923
5,5,melanocytic nevi,melanocytic nevi,0.0046178214,0.026941232,0.15738498,0.011660267,0.13958433,0.63637394,0.023437414
0,1,actinic keratoses and intraepithelial carcinoma,basal cell carcinoma,0.25425926,0.2728354,0.22270863,0.09257081,0.09610202,0.046972282,0.014551619
5,5,melanocytic nevi,melanocytic nevi,0.008364637,0.026824674,0.053825725,0.004404423,0.049790766,0.8520205,0.0047692526
5,5,melanocytic nevi,melanocytic nevi,0.052619085,0.017798187,0.071145356,0.039381307,0.016697176,0.79839706,0.0039618164
5,5,melanocytic nevi,melanocytic nevi,0.0023735138,0.002623711,0.08918833,0.0014824697,0.30400762,0.5988529,0.0014715503
5,4,melanocytic nevi,melanoma,0.0021402691,0.001216515,0.06858208,0.00048329306,0.5691638,0.35815105,0.0002629777
5,5,melanocytic nevi,melanocytic nevi,0.0056959386,0.0049508866,0.1489756,0.002222123,0.18271503,0.65493274,0.00050760136
2,2,benign keratosis-like lesions,benign keratosis-like lesions,0.1459069,0.16243038,0.322443,0.0662119,0.20608,0.08879025,0.008137555
5,5,melanocytic nevi,melanocytic nevi,0.019848125,0.03484756,0.035294823,0.019576468,0.036467288,0.83432,0.019645676
5,5,melanocytic nevi,melanocytic nevi,0.048343413,0.12833704,0.09558627,0.029772084,0.223776,0.4115506,0.062634595
1,1,basal cell carcinoma,basal cell carcinoma,0.0938083,0.3604045,0.10169828,0.07353753,0.04068587,0.2643072,0.065558255
5,5,melanocytic nevi,melanocytic nevi,0.10361887,0.052470375,0.088666074,0.050854817,0.028027987,0.6614978,0.014864156
5,5,melanocytic nevi,melanocytic nevi,0.019114949,0.0063240896,0.025207149,0.009957766,0.010792083,0.9272471,0.0013568564
5,4,melanocytic nevi,melanoma,0.110498056,0.17302415,0.19174342,0.06067053,0.26063228,0.18746683,0.015964745
5,5,melanocytic nevi,melanocytic nevi,0.13437545,0.047450066,0.12595461,0.10919396,0.015538622,0.5624791,0.0050082533
6,6,vascular lesions,vascular lesions,0.0044897296,0.023880322,0.0115422085,0.046183776,0.0044196104,0.17772278,0.7317616
0,5,actinic keratoses and intraepithelial carcinoma,melanocytic nevi,0.017734902,0.05439054,0.28170422,0.028639011,0.09243658,0.51687,0.008224793
5,5,melanocytic nevi,melanocytic nevi,0.0028541125,0.0005473659,0.013342111,0.0016257932,0.0062088603,0.97522724,0.0001945185
2,2,benign keratosis-like lesions,benign keratosis-like lesions,0.22582373,0.1837482,0.30512285,0.07765511,0.12986934,0.06961135,0.008169331
4,0,melanoma,actinic keratoses and intraepithelial carcinoma,0.40266013,0.16404139,0.14871259,0.049868602,0.14568312,0.08427899,0.0047551272
4,5,melanoma,melanocytic nevi,0.060946103,0.014663157,0.1282612,0.004982292,0.28302574,0.5075506,0.0005709307
5,5,melanocytic nevi,melanocytic nevi,0.076388605,0.11461633,0.08448625,0.1416614,0.018645335,0.5186632,0.04553886
5,5,melanocytic nevi,melanocytic nevi,0.0007878392,0.00020081134,0.005147224,0.0005468745,0.0032220548,0.9899748,0.00012035146
4,2,melanoma,benign keratosis-like lesions,0.14427285,0.13289326,0.31766608,0.13790049,0.04823048,0.20691788,0.012118942
6,1,vascular lesions,basal cell carcinoma,0.16033897,0.23334089,0.09924529,0.13566789,0.04572775,0.2170279,0.10865129
2,0,benign keratosis-like lesions,actinic keratoses and intraepithelial carcinoma,0.5532979,0.2235594,0.107914574,0.038137425,0.046191845,0.029464886,0.0014339169
5,5,melanocytic nevi,melanocytic nevi,0.0007933981,0.00024101239,0.006085533,0.00024953,0.009849824,0.9826781,0.000102570724
5,5,melanocytic nevi,melanocytic nevi,0.00046922133,0.000116284835,0.00412662,0.00022351326,0.0037992266,0.99121195,5.3152275e-05
5,5,melanocytic nevi,melanocytic nevi,0.019526064,0.18098032,0.09523526,0.03258535,0.06548629,0.56360507,0.042581674
5,5,melanocytic nevi,melanocytic nevi,0.0019370408,0.003660504,0.16800688,0.0018189632,0.093228355,0.7308281,0.00052011316
5,5,melanocytic nevi,melanocytic nevi,0.0044172197,0.016436119,0.04403953,0.0066138725,0.22370599,0.55939174,0.14539549
5,1,melanocytic nevi,basal cell carcinoma,0.16062191,0.27492067,0.16533415,0.06358401,0.1847042,0.13176896,0.019066121
4,5,melanoma,melanocytic nevi,0.0014097417,0.0025397565,0.036623906,0.0008108458,0.31403852,0.63760394,0.0069732796
5,5,melanocytic nevi,melanocytic nevi,0.0012848808,0.0003141837,0.0075800666,0.0008944386,0.0034973512,0.986264,0.00016512055
5,5,melanocytic nevi,melanocytic nevi,0.002772157,0.0034824202,0.09838434,0.0014486993,0.290284,0.6020435,0.0015848464
2,2,benign keratosis-like lesions,benign keratosis-like lesions,0.034793384,0.066273145,0.5276771,0.023123896,0.14512554,0.19971545,0.0032914293
5,5,melanocytic nevi,melanocytic nevi,0.00046176373,0.00044239318,0.006392191,0.0002227129,0.047534894,0.94395083,0.0009951869
4,5,melanoma,melanocytic nevi,0.010069932,0.0035581822,0.11145657,0.0012073597,0.39868277,0.4746832,0.00034195968
3,0,dermatofibroma,actinic keratoses and intraepithelial carcinoma,0.3651742,0.33340883,0.105105616,0.06282885,0.038558025,0.08576436,0.009160085
5,5,melanocytic nevi,melanocytic nevi,0.022012867,0.012240922,0.04007831,0.038301148,0.007963113,0.87466496,0.004738806
5,5,melanocytic nevi,melanocytic nevi,0.0030414432,0.0014629164,0.099857114,0.00061246345,0.24163908,0.65319407,0.00019296716
5,0,melanocytic nevi,actinic keratoses and intraepithelial carcinoma,0.2742135,0.22951801,0.24287556,0.10685982,0.069947794,0.060445145,0.016140174
5,5,melanocytic nevi,melanocytic nevi,0.012338289,0.0058195195,0.047319453,0.007525945,0.10208973,0.8204631,0.0044439994
5,5,melanocytic nevi,melanocytic nevi,0.0087704975,0.003984813,0.014158052,0.011830624,0.0044195186,0.9544208,0.0024156878
4,4,melanoma,melanoma,9.455721e-06,1.1792484e-05,0.01756627,5.155539e-06,0.53764087,0.44139156,0.003374958
5,5,melanocytic nevi,melanocytic nevi,0.0016008576,0.0009267505,0.003208204,0.006113483,0.00045451638,0.9858338,0.0018623763
3,0,dermatofibroma,actinic keratoses and intraepithelial carcinoma,0.36324924,0.23174095,0.17677882,0.09113454,0.055633333,0.07034481,0.01111831
5,2,melanocytic nevi,benign keratosis-like lesions,0.10203789,0.11626259,0.46056393,0.05753919,0.12249305,0.13584758,0.005255723
5,1,melanocytic nevi,basal cell carcinoma,0.24306744,0.2697326,0.12716234,0.09404899,0.043299153,0.1877974,0.03489209
5,5,melanocytic nevi,melanocytic nevi,0.01137987,0.027771952,0.11814416,0.010363084,0.11126966,0.6868701,0.034201134
1,1,basal cell carcinoma,basal cell carcinoma,0.28732985,0.39237127,0.14236908,0.050971165,0.0413559,0.07868209,0.006920693
2,2,benign keratosis-like lesions,benign keratosis-like lesions,0.011299307,0.02825181,0.5111322,0.0121778315,0.1089067,0.32640043,0.0018317433
5,5,melanocytic nevi,melanocytic nevi,0.009413235,0.006722846,0.013345753,0.017254405,0.0037595613,0.9449186,0.0045855776
5,5,melanocytic nevi,melanocytic nevi,0.0015234136,0.0004265811,0.0041660224,0.0017265041,0.0013794523,0.99047875,0.00029934262
5,5,melanocytic nevi,melanocytic nevi,6.0922706e-05,9.735536e-06,0.0019794323,2.7306853e-05,0.0037066585,0.9942093,6.6137877e-06
5,5,melanocytic nevi,melanocytic nevi,0.035994954,0.020879772,0.033920452,0.010507944,0.038502917,0.8586995,0.001494451
5,5,melanocytic nevi,melanocytic nevi,0.004262212,0.0014408848,0.038990393,0.0005955708,0.15540272,0.7991598,0.00014831906
5,5,melanocytic nevi,melanocytic nevi,1.005009e-08,3.3203431e-09,1.689175e-05,5.3974523e-09,0.00018960913,0.99979347,2.3583421e-08
2,2,benign keratosis-like lesions,benign keratosis-like lesions,0.02893506,0.06807485,0.4780975,0.023395577,0.05428014,0.34386593,0.0033508844
5,5,melanocytic nevi,melanocytic nevi,0.0027139974,0.0007442525,0.0059583313,0.0032089557,0.0012020073,0.985786,0.00038635219
5,5,melanocytic nevi,melanocytic nevi,0.0242916,0.042794157,0.039072726,0.02489203,0.04299577,0.8059517,0.02000207
5,5,melanocytic nevi,melanocytic nevi,0.030398818,0.3084666,0.1815588,0.04919083,0.03492675,0.3728774,0.022580726
2,0,benign keratosis-like lesions,actinic keratoses and intraepithelial carcinoma,0.45283896,0.22868383,0.14725298,0.056381512,0.06014135,0.050709136,0.0039921794
4,5,melanoma,melanocytic nevi,0.027584424,0.026816692,0.15176739,0.013935549,0.15647139,0.6167787,0.0066459198
4,4,melanoma,melanoma,0.0049944674,0.013022076,0.23387215,0.005870521,0.5114254,0.18498227,0.045833133
5,5,melanocytic nevi,melanocytic nevi,0.0076083937,0.003956023,0.020111043,0.007815902,0.0064179082,0.95115036,0.0029404925
5,5,melanocytic nevi,melanocytic nevi,0.0128894225,0.0024806578,0.14672764,0.0014256425,0.2617387,0.5746008,0.00013710982
4,5,melanoma,melanocytic nevi,0.0075833197,0.0033276058,0.15655825,0.0012631847,0.17955214,0.65150803,0.00020742806
5,2,melanocytic nevi,benign keratosis-like lesions,0.0024761206,0.0099351,0.54246086,0.0031419424,0.038041808,0.40368426,0.0002598917
5,5,melanocytic nevi,melanocytic nevi,0.0069870153,0.0030564351,0.020404054,0.004063246,0.014294921,0.9490984,0.0020959286
5,5,melanocytic nevi,melanocytic nevi,0.010181384,0.04333429,0.21905246,0.013816244,0.03261886,0.677461,0.0035357338
2,2,benign keratosis-like lesions,benign keratosis-like lesions,0.09977807,0.105977096,0.45923042,0.034587488,0.17278114,0.12438624,0.0032595226
5,5,melanocytic nevi,melanocytic nevi,0.01618714,0.006643563,0.02253399,0.009423044,0.014134937,0.9295644,0.001512885
5,5,melanocytic nevi,melanocytic nevi,0.013829509,0.002592463,0.09245398,0.0015707335,0.31126088,0.5779894,0.00030310565
5,5,melanocytic nevi,melanocytic nevi,0.010304984,0.023751512,0.10229995,0.07126611,0.01941479,0.7421421,0.030820584
5,5,melanocytic nevi,melanocytic nevi,0.00075064495,0.00019784743,0.0042326422,0.00060407654,0.0016361955,0.992444,0.0001346313
5,5,melanocytic nevi,melanocytic nevi,0.0092287045,0.0021435043,0.025086422,0.0015186698,0.054534327,0.9073414,0.00014696749
5,5,melanocytic nevi,melanocytic nevi,2.7835476e-06,5.981487e-06,0.008436578,2.940152e-06,0.3125369,0.6717255,0.0072893105
5,5,melanocytic nevi,melanocytic nevi,0.0072120056,0.0028154813,0.016788905,0.007397714,0.00421411,0.9604872,0.0010844907
2,1,benign keratosis-like lesions,basal cell carcinoma,0.31433854,0.3544183,0.121442996,0.07039697,0.039687224,0.08357412,0.016141912
5,5,melanocytic nevi,melanocytic nevi,0.008821756,0.013006694,0.039523058,0.0054715117,0.10164096,0.8279069,0.0036290747
5,5,melanocytic nevi,melanocytic nevi,0.17837103,0.08364117,0.13633242,0.08202942,0.027685823,0.4800488,0.011891342
5,5,melanocytic nevi,melanocytic nevi,0.06921851,0.06519212,0.092039004,0.03320875,0.08578474,0.6447229,0.009833995
5,5,melanocytic nevi,melanocytic nevi,0.00068483443,0.00042321996,0.0027124567,0.001797278,0.00083947973,0.9926899,0.00085283344
5,5,melanocytic nevi,melanocytic nevi,0.018433122,0.00791373,0.019825272,0.017432394,0.0035843356,0.93107504,0.0017362022
5,5,melanocytic nevi,melanocytic nevi,0.0003396728,0.0009229721,0.034677286,0.00078619045,0.1273761,0.8106156,0.025282124
5,5,melanocytic nevi,melanocytic nevi,0.0041179983,0.000901313,0.011650139,0.0039690044,0.002802583,0.9762005,0.00035840468
2,5,benign keratosis-like lesions,melanocytic nevi,0.007987508,0.011758215,0.14173225,0.008673242,0.14857371,0.6713691,0.009905986
1,0,basal cell carcinoma,actinic keratoses and intraepithelial carcinoma,0.30204692,0.18708691,0.14860776,0.08011263,0.05425194,0.20948376,0.018410148
5,5,melanocytic nevi,melanocytic nevi,0.0010104936,0.00025652262,0.0048927725,0.00085285486,0.0017817155,0.99103737,0.00016832277
4,0,melanoma,actinic keratoses and intraepithelial carcinoma,0.4558457,0.1752087,0.20236313,0.04960398,0.09389408,0.021270502,0.0018139052
5,5,melanocytic nevi,melanocytic nevi,0.024648048,0.18301997,0.17400147,0.03748501,0.047572404,0.5198787,0.013394456
5,5,melanocytic nevi,melanocytic nevi,0.032152653,0.12914279,0.089728616,0.025791168,0.11386094,0.58191067,0.027413126
3,1,dermatofibroma,basal cell carcinoma,0.26873228,0.3947587,0.11911145,0.078199565,0.049047526,0.06607781,0.024072668
5,5,melanocytic nevi,melanocytic nevi,0.0033612791,0.0014899421,0.006118718,0.0070758713,0.001451869,0.9789155,0.001586818
0,5,actinic keratoses and intraepithelial carcinoma,melanocytic nevi,0.2246348,0.1451521,0.12351738,0.056761287,0.058882337,0.38343552,0.0076165874
4,5,melanoma,melanocytic nevi,0.0068665314,0.0011151583,0.07256684,0.00045828722,0.43273634,0.48617572,8.1179525e-05
5,5,melanocytic nevi,melanocytic nevi,0.007820822,0.0035164307,0.013456392,0.009183479,0.0035166405,0.9608489,0.0016573622
0,0,actinic keratoses and intraepithelial carcinoma,actinic keratoses and intraepithelial carcinoma,0.35984686,0.32871288,0.1186951,0.068883486,0.049393423,0.06306341,0.0114048235
2,2,benign keratosis-like lesions,benign keratosis-like lesions,0.0557954,0.24430637,0.29063395,0.060725376,0.091769904,0.24503222,0.011736828
5,5,melanocytic nevi,melanocytic nevi,0.0015153354,0.00034431196,0.062026862,0.00013004283,0.40216812,0.5337904,2.4878922e-05
5,5,melanocytic nevi,melanocytic nevi,0.003164341,0.015436765,0.10410319,0.0053753313,0.049370084,0.81750154,0.0050487895
1,1,basal cell carcinoma,basal cell carcinoma,0.18740097,0.5675117,0.07407454,0.06939226,0.03241021,0.041834466,0.027375864
5,2,melanocytic nevi,benign keratosis-like lesions,0.020351104,0.038617868,0.80052894,0.010253006,0.06314959,0.06672453,0.0003749873
5,5,melanocytic nevi,melanocytic nevi,0.0066207005,0.0019401385,0.16082823,0.0010410536,0.25941056,0.57002425,0.0001350306
4,4,melanoma,melanoma,0.080260545,0.053615913,0.188589,0.019080212,0.41170493,0.24287811,0.003871318
5,5,melanocytic nevi,melanocytic nevi,0.00011233362,6.138662e-05,0.0010378296,0.00013964676,0.0014370403,0.997004,0.0002077338
5,5,melanocytic nevi,melanocytic nevi,0.00029569946,7.235461e-05,0.08242249,2.8359453e-05,0.12405951,0.79311854,3.002641e-06
5,5,melanocytic nevi,melanocytic nevi,0.00415563,0.0010263448,0.01084636,0.0023987582,0.004376499,0.9768429,0.0003534961
5,5,melanocytic nevi,melanocytic nevi,0.0010661038,0.00022955473,0.10460414,9.20729e-05,0.12185038,0.77215207,5.737218e-06
5,5,melanocytic nevi,melanocytic nevi,0.008216167,0.0013663465,0.020527767,0.0032152873,0.0083201155,0.9581451,0.00020922802
5,5,melanocytic nevi,melanocytic nevi,0.0012502816,0.0005248225,0.004465186,0.0017389997,0.0013976006,0.99000496,0.0006181874
5,5,melanocytic nevi,melanocytic nevi,0.00050871726,0.00022591883,0.0030764837,0.0005136691,0.0017929138,0.9935715,0.0003107688
3,5,dermatofibroma,melanocytic nevi,0.030630685,0.0056976127,0.028046539,0.014285941,0.0068726493,0.9137571,0.00070955924
5,5,melanocytic nevi,melanocytic nevi,0.085720345,0.041447695,0.1421905,0.028086469,0.12781009,0.56543386,0.009311073
5,5,melanocytic nevi,melanocytic nevi,0.03357515,0.050458215,0.12905754,0.023763468,0.15953366,0.5645518,0.039060228
5,5,melanocytic nevi,melanocytic nevi,0.02085506,0.0058975234,0.022383342,0.015316593,0.0055534164,0.9287167,0.0012773029
5,5,melanocytic nevi,melanocytic nevi,0.035237964,0.095276594,0.2169226,0.03624916,0.11351039,0.493574,0.009229336
5,5,melanocytic nevi,melanocytic nevi,0.07676797,0.20766687,0.17235768,0.08614927,0.11258138,0.31350207,0.030974744
2,1,benign keratosis-like lesions,basal cell carcinoma,0.14223205,0.31545675,0.16003506,0.062578864,0.09263952,0.21206315,0.014994568
2,0,benign keratosis-like lesions,actinic keratoses and intraepithelial carcinoma,0.29008502,0.15828012,0.18872195,0.046360303,0.17329653,0.1394706,0.003785385
5,5,melanocytic nevi,melanocytic nevi,0.010283087,0.0040063728,0.024752831,0.0064051193,0.012033657,0.9409884,0.0015304945
0,0,actinic keratoses and intraepithelial carcinoma,actinic keratoses and intraepithelial carcinoma,0.4022354,0.14870057,0.17838252,0.07875542,0.06311405,0.12274646,0.006065657
1,1,basal cell carcinoma,basal cell carcinoma,0.11717759,0.4710459,0.10058943,0.054677673,0.050088603,0.1814265,0.024994243
4,5,melanoma,melanocytic nevi,0.015613279,0.0038629703,0.1607839,0.0016937668,0.27814728,0.53967506,0.0002236944
4,5,melanoma,melanocytic nevi,0.057849985,0.021871904,0.09627187,0.014313321,0.09678578,0.70917034,0.0037368333
2,5,benign keratosis-like lesions,melanocytic nevi,0.20133981,0.19365697,0.12663697,0.116813384,0.020795258,0.3262394,0.014518215
5,5,melanocytic nevi,melanocytic nevi,0.012486849,0.044521824,0.11629027,0.02212524,0.07452133,0.7228354,0.0072189304
5,5,melanocytic nevi,melanocytic nevi,0.03567029,0.032129787,0.2611143,0.01731562,0.28805262,0.36253518,0.0031822266
2,0,benign keratosis-like lesions,actinic keratoses and intraepithelial carcinoma,0.34502047,0.17972447,0.21811607,0.06321385,0.14961216,0.039389364,0.0049236002
5,2,melanocytic nevi,benign keratosis-like lesions,0.075794846,0.06384021,0.34802026,0.030471105,0.2595307,0.21911131,0.0032316162
5,5,melanocytic nevi,melanocytic nevi,0.0046024467,0.011354164,0.4310109,0.0055005597,0.088130474,0.45874995,0.00065150385
0,0,actinic keratoses and intraepithelial carcinoma,actinic keratoses and intraepithelial carcinoma,0.42188352,0.2568144,0.13228354,0.05778064,0.061058708,0.064510755,0.005668442
5,5,melanocytic nevi,melanocytic nevi,0.0589051,0.06089604,0.075056255,0.053651642,0.015465777,0.69928306,0.036742073
5,5,melanocytic nevi,melanocytic nevi,0.0734631,0.20902951,0.06656346,0.040301837,0.066539206,0.5278148,0.016288094
2,2,benign keratosis-like lesions,benign keratosis-like lesions,0.07626945,0.044982113,0.3539361,0.0097803995,0.35106876,0.16191557,0.0020476056
5,5,melanocytic nevi,melanocytic nevi,0.0012548682,0.00055673876,0.006521179,0.00049456913,0.012224407,0.97873026,0.00021805427
5,4,melanocytic nevi,melanoma,0.112745166,0.07475697,0.113295056,0.023239875,0.3767206,0.28963926,0.009603072
5,5,melanocytic nevi,melanocytic nevi,0.0012597773,0.0006422922,0.0037807995,0.0028293314,0.0009839486,0.9897244,0.0007794278
4,5,melanoma,melanocytic nevi,0.03224788,0.067019165,0.310362,0.016722823,0.20480068,0.34611443,0.022733048
5,5,melanocytic nevi,melanocytic nevi,0.13135816,0.04344438,0.22117859,0.025484445,0.21121149,0.3637294,0.0035936015
5,5,melanocytic nevi,melanocytic nevi,0.008112181,0.0025058987,0.013194629,0.002689846,0.010003135,0.9631061,0.0003881447
5,5,melanocytic nevi,melanocytic nevi,0.054809857,0.111443326,0.16128305,0.017343134,0.092098035,0.55542505,0.0075975102
2,2,benign keratosis-like lesions,benign keratosis-like lesions,0.052321874,0.039873023,0.35463423,0.012709481,0.21738346,0.3216914,0.0013865752
5,5,melanocytic nevi,melanocytic nevi,0.003370135,0.009526019,0.17658764,0.006028212,0.05007793,0.75272036,0.0016896965
5,5,melanocytic nevi,melanocytic nevi,0.00014680722,5.2960135e-05,0.002150793,0.00017526276,0.0012652966,0.9961498,5.911218e-05
5,5,melanocytic nevi,melanocytic nevi,0.04044021,0.008898853,0.048743837,0.02493726,0.009227162,0.8663278,0.0014248712
2,2,benign keratosis-like lesions,benign keratosis-like lesions,0.0063217143,0.012625945,0.4853239,0.005601917,0.0823413,0.40726832,0.0005168223
4,5,melanoma,melanocytic nevi,0.0061089834,0.0053977827,0.11944888,0.0027984555,0.19258542,0.6723231,0.0013372991
5,5,melanocytic nevi,melanocytic nevi,0.0017833977,0.0016726109,0.005876273,0.0059388797,0.00090481254,0.9797218,0.0041023092
5,5,melanocytic nevi,melanocytic nevi,0.0076301093,0.005878879,0.013061635,0.019104434,0.0018617791,0.94696754,0.0054957382
4,5,melanoma,melanocytic nevi,0.17791778,0.20652469,0.12585814,0.04384754,0.07159973,0.36282226,0.011429866
5,5,melanocytic nevi,melanocytic nevi,0.0022884652,0.0008704585,0.007120238,0.0015913427,0.0047000614,0.98293406,0.0004953112
5,5,melanocytic nevi,melanocytic nevi,0.0021575936,0.00083977205,0.00540049,0.0020574466,0.0025731,0.9865014,0.00047021193
4,4,melanoma,melanoma,0.06344093,0.031066434,0.25145197,0.013084756,0.46645638,0.17303213,0.0014673992
5,2,melanocytic nevi,benign keratosis-like lesions,0.009400602,0.022809707,0.40792337,0.012110489,0.17667444,0.36535993,0.0057214904
5,5,melanocytic nevi,melanocytic nevi,0.027710449,0.0099771265,0.085314915,0.0051138327,0.21204753,0.65798473,0.0018514479
5,5,melanocytic nevi,melanocytic nevi,0.00023458916,7.748776e-05,0.0020523062,0.000216981,0.0013489615,0.99597186,9.767648e-05
5,5,melanocytic nevi,melanocytic nevi,0.04326744,0.016726572,0.047869164,0.01905549,0.020215154,0.85019207,0.0026741205
5,5,melanocytic nevi,melanocytic nevi,0.011260588,0.0027130444,0.024333779,0.008164426,0.008262463,0.9442578,0.001007888
5,5,melanocytic nevi,melanocytic nevi,0.007532869,0.0021978882,0.016796535,0.0033910137,0.016967678,0.9521242,0.0009898797
2,2,benign keratosis-like lesions,benign keratosis-like lesions,0.01726951,0.05784051,0.779148,0.017644525,0.080322936,0.0467986,0.0009758525
4,0,melanoma,actinic keratoses and intraepithelial carcinoma,0.44655743,0.14002034,0.1657894,0.04572424,0.11694196,0.08280819,0.0021584427
5,5,melanocytic nevi,melanocytic nevi,0.0011235514,0.0012737788,0.015848342,0.00097260065,0.10098745,0.8627714,0.017022837
5,5,melanocytic nevi,melanocytic nevi,0.028263288,0.08333735,0.049055,0.12318142,0.019748667,0.6095623,0.086852
5,5,melanocytic nevi,melanocytic nevi,0.00038835555,0.0010708385,0.120417945,0.00060529646,0.032322176,0.8449755,0.00021992139
2,5,benign keratosis-like lesions,melanocytic nevi,0.11196928,0.031198302,0.16612008,0.009603288,0.26904583,0.4112553,0.0008078866
1,0,basal cell carcinoma,actinic keratoses and intraepithelial carcinoma,0.30079862,0.17672402,0.28978297,0.04903741,0.14314069,0.03820134,0.0023148947
5,5,melanocytic nevi,melanocytic nevi,0.008192359,0.02932538,0.12926139,0.016862258,0.0587168,0.75005555,0.0075862086
5,5,melanocytic nevi,melanocytic nevi,0.00048333762,0.00013737232,0.041822195,4.108851e-05,0.23615007,0.7213502,1.5731164e-05
5,5,melanocytic nevi,melanocytic nevi,0.10538772,0.26927468,0.13508153,0.06342989,0.041278504,0.36624673,0.019300986
4,5,melanoma,melanocytic nevi,0.0078035574,0.002620726,0.026847085,0.0029816213,0.022398297,0.93667436,0.0006744306
2,5,benign keratosis-like lesions,melanocytic nevi,0.021405455,0.020184238,0.28891835,0.008386098,0.23302726,0.42667395,0.0014046255
5,5,melanocytic nevi,melanocytic nevi,0.0043193046,0.001322731,0.014194252,0.0021802408,0.008260206,0.9691171,0.0006060298
5,5,melanocytic nevi,melanocytic nevi,0.016191443,0.008984174,0.022131993,0.016104179,0.008938097,0.92181534,0.0058347206
4,5,melanoma,melanocytic nevi,0.0032075415,0.003137358,0.07832422,0.0010139315,0.20886229,0.70425814,0.0011965047
2,5,benign keratosis-like lesions,melanocytic nevi,0.001484139,0.00026302252,0.085564405,8.977902e-05,0.304254,0.6083293,1.5349615e-05
4,5,melanoma,melanocytic nevi,0.0034311449,0.003094919,0.067396015,0.0010392059,0.27971134,0.64445734,0.00087006215
5,0,melanocytic nevi,actinic keratoses and intraepithelial carcinoma,0.2527185,0.21231024,0.1472656,0.124778695,0.021564055,0.20950392,0.03185902
5,5,melanocytic nevi,melanocytic nevi,0.029988497,0.042891152,0.08297699,0.11621841,0.011561962,0.6751443,0.041218754
5,5,melanocytic nevi,melanocytic nevi,0.0046649408,0.0014507943,0.012275612,0.003467131,0.004044008,0.9735989,0.0004985888
5,5,melanocytic nevi,melanocytic nevi,0.010699784,0.023427876,0.03369438,0.018740516,0.023116823,0.88113123,0.009189403
5,5,melanocytic nevi,melanocytic nevi,0.009557691,0.0032546099,0.02651142,0.004387319,0.013465697,0.9416907,0.00113259
5,1,melanocytic nevi,basal cell carcinoma,0.03616083,0.3978807,0.091436796,0.03275687,0.06363831,0.23355949,0.14456695
5,5,melanocytic nevi,melanocytic nevi,0.0003196294,0.00010077537,0.0028544911,0.00021849634,0.0021592905,0.9942821,6.519218e-05
4,5,melanoma,melanocytic nevi,0.005909976,0.013846178,0.07132156,0.0057482896,0.25518575,0.6366962,0.011292081
4,5,melanoma,melanocytic nevi,0.19848967,0.1972558,0.14467634,0.12041473,0.07813274,0.21918216,0.041848615
4,5,melanoma,melanocytic nevi,0.030780198,0.03901516,0.10804498,0.011849951,0.30293974,0.4985306,0.008839367
5,5,melanocytic nevi,melanocytic nevi,0.00036815763,9.808389e-05,0.0020393818,0.0003974734,0.0007203016,0.9962831,9.351994e-05
1,1,basal cell carcinoma,basal cell carcinoma,0.1742169,0.32483998,0.11696648,0.069488406,0.06890917,0.23141539,0.014163642
2,1,benign keratosis-like lesions,basal cell carcinoma,0.0525638,0.494324,0.07509771,0.043746945,0.012628573,0.3033774,0.018261587
2,5,benign keratosis-like lesions,melanocytic nevi,0.049289856,0.009776111,0.08636566,0.017678412,0.041656777,0.7937295,0.0015037027
1,1,basal cell carcinoma,basal cell carcinoma,0.07246454,0.44201908,0.1267876,0.07434172,0.06372352,0.1851674,0.035496093
5,5,melanocytic nevi,melanocytic nevi,0.002946163,0.0007430552,0.014842643,0.0028529088,0.004919731,0.97336763,0.0003277494
5,5,melanocytic nevi,melanocytic nevi,2.8648328e-05,5.42864e-06,0.0008034603,1.2371982e-05,0.00093865476,0.99820805,3.4823038e-06
5,5,melanocytic nevi,melanocytic nevi,0.00032143373,8.5108375e-05,0.0031700754,0.00022549529,0.002208929,0.9939243,6.4688225e-05
2,5,benign keratosis-like lesions,melanocytic nevi,0.07477683,0.050653543,0.22117801,0.032032695,0.12673153,0.48621094,0.008416416
5,5,melanocytic nevi,melanocytic nevi,5.768689e-06,2.3928264e-06,0.00045179756,2.665031e-06,0.001900245,0.99763465,2.4994497e-06
5,5,melanocytic nevi,melanocytic nevi,0.00044913602,6.257839e-05,0.003084758,0.00024716664,0.0011340616,0.994997,2.5221505e-05
5,5,melanocytic nevi,melanocytic nevi,0.08199422,0.093710795,0.09846621,0.031941637,0.06114139,0.61701024,0.01573553
5,5,melanocytic nevi,melanocytic nevi,0.08490192,0.034055904,0.055504195,0.026450496,0.040381696,0.7550387,0.003667053
5,5,melanocytic nevi,melanocytic nevi,0.00110646,0.00045382878,0.014582288,0.00066510134,0.026690686,0.955534,0.0009677046
1,2,basal cell carcinoma,benign keratosis-like lesions,0.135308,0.199566,0.31746328,0.05749962,0.1942845,0.082795694,0.013082966
5,5,melanocytic nevi,melanocytic nevi,0.017572964,0.004377417,0.03190168,0.012808764,0.008008987,0.9241755,0.0011546973
4,1,melanoma,basal cell carcinoma,0.2861167,0.30851355,0.12668549,0.073121846,0.082877114,0.107367836,0.015317519
5,5,melanocytic nevi,melanocytic nevi,0.006507322,0.0046717618,0.010641148,0.020715067,0.0013349745,0.9453969,0.010732865
5,5,melanocytic nevi,melanocytic nevi,0.20876876,0.23097442,0.14412533,0.051014625,0.08906874,0.26152065,0.014527454
5,5,melanocytic nevi,melanocytic nevi,0.002924687,0.0012116763,0.0071877167,0.0021037993,0.0037366063,0.98248947,0.0003459306
5,5,melanocytic nevi,melanocytic nevi,0.002061964,0.0029911809,0.16930598,0.0014145315,0.14090702,0.68287367,0.00044562685
5,5,melanocytic nevi,melanocytic nevi,0.0013946953,0.001911703,0.008180906,0.0021087588,0.00781667,0.97740823,0.0011790618
5,5,melanocytic nevi,melanocytic nevi,0.0001549341,2.3760978e-05,0.001906411,6.575399e-05,0.0013002515,0.9965383,1.0717197e-05
5,5,melanocytic nevi,melanocytic nevi,0.023222724,0.011610552,0.033298526,0.021080237,0.0075881546,0.8976077,0.005592127
5,5,melanocytic nevi,melanocytic nevi,0.0027004892,0.0007216092,0.010040632,0.0010976521,0.008827415,0.9763946,0.00021760151
5,5,melanocytic nevi,melanocytic nevi,0.00056775083,6.296162e-05,0.001028646,0.00016861701,0.0009230242,0.99723804,1.0909135e-05
5,2,melanocytic nevi,benign keratosis-like lesions,0.06494139,0.16438846,0.40998447,0.055735715,0.07658269,0.22067714,0.007690153
5,5,melanocytic nevi,melanocytic nevi,0.0016602799,0.0004571445,0.0032064167,0.0016995907,0.0016758096,0.9907392,0.0005615238
5,5,melanocytic nevi,melanocytic nevi,0.0009007173,0.00063516106,0.0038649992,0.0020501823,0.0012034822,0.98957425,0.0017711007
5,5,melanocytic nevi,melanocytic nevi,0.0047606817,0.011116188,0.1370906,0.004086561,0.102262825,0.7385498,0.0021333536
5,5,melanocytic nevi,melanocytic nevi,0.0055568214,0.013056533,0.10465414,0.01024753,0.060444634,0.802677,0.003363415
5,5,melanocytic nevi,melanocytic nevi,0.001264291,0.00071871345,0.0037526942,0.0014909132,0.003706819,0.9879441,0.0011223838
2,1,benign keratosis-like lesions,basal cell carcinoma,0.2888478,0.33999664,0.15496254,0.058135565,0.069651924,0.078011155,0.010394418
4,4,melanoma,melanoma,1.6926133e-05,3.996021e-06,0.01997483,1.6519122e-06,0.6980184,0.28198242,1.7650036e-06
5,5,melanocytic nevi,melanocytic nevi,0.0052777403,0.0013981699,0.07811332,0.00064549927,0.32374334,0.5906044,0.00021747363
5,4,melanocytic nevi,melanoma,0.065533146,0.051083684,0.33036843,0.022324711,0.37177026,0.15626383,0.0026558735
5,5,melanocytic nevi,melanocytic nevi,0.08551061,0.158729,0.110689305,0.043156862,0.13610548,0.44039324,0.025415491
5,5,melanocytic nevi,melanocytic nevi,0.00652997,0.001984694,0.01379419,0.0056427764,0.004329038,0.9668555,0.0008638784
0,0,actinic keratoses and intraepithelial carcinoma,actinic keratoses and intraepithelial carcinoma,0.38987875,0.21976976,0.114726,0.04949721,0.0994669,0.12051987,0.0061415294
5,5,melanocytic nevi,melanocytic nevi,0.08783866,0.056965023,0.05388687,0.02573907,0.09193124,0.6701848,0.013454327
5,5,melanocytic nevi,melanocytic nevi,0.09055466,0.2861842,0.08787711,0.074204005,0.019358205,0.41027647,0.031545386
5,5,melanocytic nevi,melanocytic nevi,0.009178686,0.004570542,0.20917147,0.0018277521,0.14636776,0.62861806,0.00026574102
5,5,melanocytic nevi,melanocytic nevi,0.12700307,0.040520325,0.12359747,0.05049019,0.033896446,0.6206618,0.0038307542
5,5,melanocytic nevi,melanocytic nevi,1.2105881e-05,4.9191226e-06,0.0002811771,1.9835674e-05,0.00023226452,0.9994319,1.7908711e-05
5,5,melanocytic nevi,melanocytic nevi,0.0135597,0.0019048044,0.1731636,0.0016869485,0.15250893,0.65711904,5.6919416e-05
5,5,melanocytic nevi,melanocytic nevi,0.0012901159,0.007665848,0.34147778,0.0028764782,0.04505125,0.6010796,0.0005588896
5,5,melanocytic nevi,melanocytic nevi,0.0090802265,0.00704743,0.014468728,0.015853688,0.0026630594,0.94687104,0.0040157363
5,5,melanocytic nevi,melanocytic nevi,0.014459123,0.03647765,0.08124747,0.011361771,0.093095236,0.75780004,0.0055586896
5,5,melanocytic nevi,melanocytic nevi,0.04289403,0.01928748,0.058391597,0.04964745,0.007035575,0.8009071,0.021836724
5,5,melanocytic nevi,melanocytic nevi,0.015685733,0.0047383327,0.022325102,0.007563851,0.012664701,0.9357514,0.0012708236
5,4,melanocytic nevi,melanoma,0.087787405,0.033599176,0.1811843,0.017243108,0.4696777,0.20674059,0.003767741
6,6,vascular lesions,vascular lesions,0.049889132,0.2123631,0.06949567,0.08360476,0.017990068,0.1093513,0.45730594
4,4,melanoma,melanoma,0.1017538,0.06802364,0.17463428,0.031573456,0.44015658,0.17379493,0.010063384
5,5,melanocytic nevi,melanocytic nevi,0.00074666785,0.0006444418,0.003024805,0.003111352,0.00041378362,0.98995423,0.0021047643
5,5,melanocytic nevi,melanocytic nevi,0.0018709739,0.00053398527,0.008397407,0.0012715943,0.003555072,0.9841149,0.00025604648
5,1,melanocytic nevi,basal cell carcinoma,0.024921147,0.71920854,0.042224552,0.036640823,0.002111974,0.16157141,0.01332164
5,4,melanocytic nevi,melanoma,0.00434446,0.0011566593,0.087696716,0.00050872285,0.485085,0.4210879,0.0001204928
5,5,melanocytic nevi,melanocytic nevi,0.015162403,0.017947167,0.02860813,0.027003817,0.007916928,0.8887594,0.014602276
4,5,melanoma,melanocytic nevi,0.020015096,0.008361676,0.12701376,0.0033419807,0.34321922,0.49700102,0.0010473148
5,5,melanocytic nevi,melanocytic nevi,0.0013330546,0.0012503401,0.0033297378,0.0041868514,0.0008631549,0.9876061,0.0014306785
3,1,dermatofibroma,basal cell carcinoma,0.07682112,0.27907008,0.25460714,0.05547786,0.063944936,0.25903255,0.011046302
5,5,melanocytic nevi,melanocytic nevi,0.0029000996,0.000534865,0.007272357,0.0020556129,0.0018539656,0.98521566,0.0001673356
5,5,melanocytic nevi,melanocytic nevi,0.0055599306,0.014314065,0.109172575,0.00788787,0.11778633,0.7411799,0.004099364
3,5,dermatofibroma,melanocytic nevi,0.04611907,0.3317359,0.12669967,0.049073216,0.041278534,0.38643515,0.018658424
1,1,basal cell carcinoma,basal cell carcinoma,0.16005743,0.4096087,0.10826138,0.053559363,0.061864734,0.19377163,0.012876857
5,5,melanocytic nevi,melanocytic nevi,0.038363066,0.030227453,0.12200204,0.023024196,0.16168718,0.55618113,0.06851494
5,2,melanocytic nevi,benign keratosis-like lesions,0.19607262,0.22439818,0.30073407,0.08229669,0.08623385,0.0980026,0.01226197
5,5,melanocytic nevi,melanocytic nevi,0.00024737444,9.367398e-05,0.0015482018,0.00034154538,0.0007387166,0.99690056,0.00012996157
5,5,melanocytic nevi,melanocytic nevi,0.0012673899,0.00021630678,0.0071770046,0.00021735288,0.018443167,0.9726512,2.7472846e-05
5,5,melanocytic nevi,melanocytic nevi,0.00393825,0.0011559374,0.1575987,0.00047665188,0.17974687,0.65704703,3.6553225e-05
5,5,melanocytic nevi,melanocytic nevi,0.0012884137,0.00029131895,0.006414267,0.0011423962,0.0020571763,0.98869705,0.00010932956
5,2,melanocytic nevi,benign keratosis-like lesions,0.0384475,0.048763484,0.43251234,0.02520016,0.22492638,0.22688694,0.0032632363
5,5,melanocytic nevi,melanocytic nevi,0.117962115,0.100408584,0.057255775,0.117541306,0.020585304,0.5547169,0.03153003
5,5,melanocytic nevi,melanocytic nevi,0.0018101722,0.00041499513,0.006081994,0.0011611327,0.002172535,0.98822254,0.00013666214
4,0,melanoma,actinic keratoses and intraepithelial carcinoma,0.31567237,0.17309208,0.14663005,0.0764286,0.13387007,0.13292572,0.021381086
5,5,melanocytic nevi,melanocytic nevi,3.9100123e-06,2.6098242e-06,0.00019589097,5.7286147e-06,0.00024362477,0.9995377,1.0448001e-05
5,5,melanocytic nevi,melanocytic nevi,0.049436364,0.15590249,0.11174339,0.025181966,0.045829806,0.60131466,0.010591382
5,5,melanocytic nevi,melanocytic nevi,0.045146473,0.15744339,0.19357237,0.032786887,0.096649215,0.46328333,0.011118423
2,1,benign keratosis-like lesions,basal cell carcinoma,0.21325532,0.26493677,0.1935267,0.12734763,0.06111517,0.09271056,0.04710785
5,5,melanocytic nevi,melanocytic nevi,0.001793841,0.0007267652,0.007929122,0.001921458,0.00339288,0.98377335,0.00046251042
2,1,benign keratosis-like lesions,basal cell carcinoma,0.18159081,0.39766976,0.061794747,0.18232511,0.028454429,0.07999546,0.068169646
2,2,benign keratosis-like lesions,benign keratosis-like lesions,0.17470734,0.16760315,0.38188013,0.07156571,0.13550536,0.0629276,0.0058106994
2,0,benign keratosis-like lesions,actinic keratoses and intraepithelial carcinoma,0.32028618,0.20011002,0.23285797,0.095241904,0.08451752,0.054403346,0.012583083
5,5,melanocytic nevi,melanocytic nevi,0.028672425,0.078175694,0.18066333,0.040705435,0.10003996,0.5589278,0.012815458
2,5,benign keratosis-like lesions,melanocytic nevi,0.008033758,0.010266224,0.29158145,0.0054545035,0.1728974,0.5109505,0.00081615197
5,5,melanocytic nevi,melanocytic nevi,0.02261198,0.0055236295,0.02743315,0.012897554,0.009347493,0.92124134,0.0009448438
2,2,benign keratosis-like lesions,benign keratosis-like lesions,0.12027171,0.08689849,0.436512,0.050684005,0.10926593,0.1924051,0.0039626895
4,4,melanoma,melanoma,0.047580976,0.040180482,0.2277618,0.01577205,0.3567318,0.30813354,0.003839301
4,4,melanoma,melanoma,0.0006889706,0.00023852826,0.049907766,8.932049e-05,0.503328,0.445713,3.4356406e-05
4,4,melanoma,melanoma,0.0060776807,0.0006317724,0.08672842,0.00023672133,0.57161623,0.33469352,1.5690763e-05
5,4,melanocytic nevi,melanoma,1.8450657e-05,1.7514714e-06,0.011635054,6.070508e-07,0.7248804,0.26346368,1.2219692e-07
2,0,benign keratosis-like lesions,actinic keratoses and intraepithelial carcinoma,0.48369643,0.2840539,0.110684656,0.049006317,0.036605734,0.03292801,0.0030249527
5,5,melanocytic nevi,melanocytic nevi,0.0069060265,0.0036958,0.012970269,0.008040515,0.0041039977,0.9621792,0.0021042284
5,5,melanocytic nevi,melanocytic nevi,0.00036329494,0.0001055165,0.001631523,0.0005174465,0.0004899985,0.9967539,0.00013835085
5,5,melanocytic nevi,melanocytic nevi,0.018185614,0.0076866066,0.12687927,0.0025605836,0.29609093,0.5480769,0.0005200732
5,5,melanocytic nevi,melanocytic nevi,0.0006522883,0.00010620835,0.0053245793,0.0001556323,0.0054944195,0.9882493,1.7564458e-05
5,5,melanocytic nevi,melanocytic nevi,1.3234077e-07,5.5228696e-08,6.88499e-05,7.565674e-08,0.0008599006,0.99907076,2.2946585e-07
2,0,benign keratosis-like lesions,actinic keratoses and intraepithelial carcinoma,0.41084555,0.2612182,0.14271039,0.079623535,0.03190623,0.06528746,0.008408693
5,1,melanocytic nevi,basal cell carcinoma,0.17890295,0.367561,0.10631196,0.07369893,0.023796642,0.23857158,0.011156925
6,6,vascular lesions,vascular lesions,0.020515291,0.057366088,0.18092588,0.027612524,0.20842572,0.21083899,0.29431555
5,5,melanocytic nevi,melanocytic nevi,0.034330785,0.012698476,0.17236115,0.0062038954,0.3612631,0.4116799,0.0014626997
5,5,melanocytic nevi,melanocytic nevi,0.007009688,0.0037028026,0.046378765,0.004945701,0.05239541,0.8812698,0.004297875
4,2,melanoma,benign keratosis-like lesions,0.029753314,0.023832379,0.47266942,0.009317866,0.23814854,0.22557105,0.0007074702
5,5,melanocytic nevi,melanocytic nevi,0.000960214,7.572531e-05,0.013268626,0.000116268646,0.017105369,0.96846676,7.0097035e-06
4,5,melanoma,melanocytic nevi,0.052280482,0.19049184,0.17917979,0.050009277,0.14418246,0.3612014,0.02265474
5,5,melanocytic nevi,melanocytic nevi,0.02320086,0.007415276,0.04554101,0.01631107,0.012399737,0.89336187,0.0017701834
5,5,melanocytic nevi,melanocytic nevi,0.017840782,0.050500344,0.032080125,0.11805666,0.0067627053,0.65136117,0.123398244
5,5,melanocytic nevi,melanocytic nevi,0.009234107,0.029032288,0.35473892,0.018018011,0.16020481,0.41592556,0.012846283
2,2,benign keratosis-like lesions,benign keratosis-like lesions,0.20470221,0.13744032,0.33595076,0.09216738,0.07769652,0.14106229,0.010980527
5,2,melanocytic nevi,benign keratosis-like lesions,0.065565094,0.12575619,0.3625423,0.037705507,0.1410889,0.26016098,0.0071810563
2,2,benign keratosis-like lesions,benign keratosis-like lesions,0.19504191,0.1519237,0.3565677,0.06413918,0.15848413,0.06908191,0.0047614234
5,5,melanocytic nevi,melanocytic nevi,0.029074669,0.057319187,0.04985165,0.024819367,0.034403674,0.78485286,0.01967852
5,5,melanocytic nevi,melanocytic nevi,0.0018596664,0.00083487894,0.007555645,0.0015839533,0.0038689699,0.98373586,0.0005610193
4,4,melanoma,melanoma,0.003364291,0.0003199852,0.066516496,7.417445e-05,0.6622876,0.26743197,5.5309893e-06
0,1,actinic keratoses and intraepithelial carcinoma,basal cell carcinoma,0.2675453,0.34334204,0.15234984,0.07940196,0.07520655,0.06626332,0.015891016
2,5,benign keratosis-like lesions,melanocytic nevi,0.17753322,0.14404231,0.14524218,0.029859923,0.19900489,0.2976438,0.0066736448
5,5,melanocytic nevi,melanocytic nevi,0.07465966,0.015650487,0.07510112,0.032937966,0.022407794,0.77746993,0.0017731094
5,5,melanocytic nevi,melanocytic nevi,0.004657454,0.0023462854,0.01925327,0.0023848165,0.021103317,0.94911,0.0011449303
5,2,melanocytic nevi,benign keratosis-like lesions,0.0036349576,0.0080161635,0.4333836,0.006178744,0.11563759,0.431231,0.0019179484
6,6,vascular lesions,vascular lesions,0.070619814,0.2108254,0.11958601,0.07520026,0.086742274,0.094939254,0.342087
0,1,actinic keratoses and intraepithelial carcinoma,basal cell carcinoma,0.19619282,0.3452794,0.08116958,0.043541256,0.039298974,0.2873722,0.0071457815
5,5,melanocytic nevi,melanocytic nevi,0.0016249213,0.0006461192,0.005562766,0.0018042803,0.0023759934,0.9873361,0.00064979465
5,5,melanocytic nevi,melanocytic nevi,1.1987252e-05,4.173766e-06,0.0004119958,6.7899164e-06,0.0009632809,0.9985964,5.3234767e-06
5,5,melanocytic nevi,melanocytic nevi,0.00024320676,4.0703668e-05,0.012501472,5.4802756e-05,0.05507822,0.9320691,1.2597784e-05
5,5,melanocytic nevi,melanocytic nevi,1.2648036e-06,1.7824098e-07,0.00015248371,6.1474174e-07,0.00014523133,0.99969995,1.9997694e-07
5,5,melanocytic nevi,melanocytic nevi,0.13396707,0.045912787,0.16639575,0.050000306,0.056566212,0.53770196,0.009455917
2,2,benign keratosis-like lesions,benign keratosis-like lesions,0.068678506,0.05085788,0.5887019,0.034613043,0.09688555,0.15838607,0.0018770742
0,0,actinic keratoses and intraepithelial carcinoma,actinic keratoses and intraepithelial carcinoma,0.5094088,0.27307242,0.08716861,0.046587925,0.028808307,0.052067947,0.0028860036
4,5,melanoma,melanocytic nevi,0.012951525,0.008420636,0.09089061,0.0047010067,0.27601483,0.59973717,0.007284208
5,5,melanocytic nevi,melanocytic nevi,0.0022392073,0.0022280004,0.06276877,0.0007069125,0.11823342,0.8132266,0.0005970533
3,0,dermatofibroma,actinic keratoses and intraepithelial carcinoma,0.38918537,0.34950802,0.106302686,0.053242978,0.04964646,0.046804145,0.0053103208
5,5,melanocytic nevi,melanocytic nevi,0.015392584,0.0052794367,0.031893883,0.011100299,0.010455927,0.92366123,0.0022166092
5,5,melanocytic nevi,melanocytic nevi,0.0039853025,0.008905788,0.07909853,0.0036858323,0.10076487,0.8013387,0.0022210074
1,0,basal cell carcinoma,actinic keratoses and intraepithelial carcinoma,0.30755296,0.19022591,0.2236005,0.10716524,0.07626,0.083411664,0.011783693
5,5,melanocytic nevi,melanocytic nevi,4.222458e-06,5.3760996e-06,0.00023302624,6.422088e-06,0.000764029,0.99893564,5.1333333e-05
2,2,benign keratosis-like lesions,benign keratosis-like lesions,0.10455136,0.09295919,0.500163,0.023464045,0.1538548,0.122345366,0.0026622193
5,1,melanocytic nevi,basal cell carcinoma,0.26935142,0.2908832,0.11109073,0.050587587,0.10743892,0.15898313,0.011664961
5,5,melanocytic nevi,melanocytic nevi,0.02516423,0.10984382,0.28864387,0.030847631,0.057297677,0.48000216,0.008200604
5,5,melanocytic nevi,melanocytic nevi,0.01189176,0.010974778,0.020658545,0.025432568,0.0033170858,0.9187199,0.009005302
5,0,melanocytic nevi,actinic keratoses and intraepithelial carcinoma,0.2733882,0.20807281,0.26678878,0.10007593,0.069275275,0.069858246,0.012540731
5,5,melanocytic nevi,melanocytic nevi,0.18940562,0.053157408,0.15306422,0.024277272,0.14396518,0.4341027,0.0020275747
5,5,melanocytic nevi,melanocytic nevi,0.029064637,0.011140897,0.033261348,0.010150691,0.028292261,0.8865013,0.001588922
5,5,melanocytic nevi,melanocytic nevi,0.010449532,0.018808872,0.17614445,0.008311334,0.17378868,0.6104082,0.0020889002
4,2,melanoma,benign keratosis-like lesions,0.098213635,0.09413823,0.5759629,0.037210017,0.14302337,0.04993812,0.001513775
2,2,benign keratosis-like lesions,benign keratosis-like lesions,0.008482748,0.026532026,0.46875253,0.00781764,0.07500885,0.41107297,0.0023333286
4,4,melanoma,melanoma,0.22321168,0.06516764,0.17132102,0.027707182,0.2907731,0.21936059,0.002458736
2,0,benign keratosis-like lesions,actinic keratoses and intraepithelial carcinoma,0.27576455,0.18905498,0.22776681,0.07868049,0.15830958,0.061072942,0.009350644
2,2,benign keratosis-like lesions,benign keratosis-like lesions,0.004688631,0.02698114,0.39387345,0.013102304,0.21240851,0.26969293,0.07925305
5,5,melanocytic nevi,melanocytic nevi,0.0145147,0.0056812987,0.030808505,0.008644575,0.010883239,0.92822397,0.0012436488
5,5,melanocytic nevi,melanocytic nevi,0.009508046,0.0016902499,0.034332164,0.003528346,0.020972226,0.9295835,0.0003855258
0,0,actinic keratoses and intraepithelial carcinoma,actinic keratoses and intraepithelial carcinoma,0.37583053,0.19720598,0.24316642,0.0714225,0.0783209,0.029352887,0.0047008577
5,5,melanocytic nevi,melanocytic nevi,0.012375076,0.005474882,0.025001945,0.010920576,0.007866474,0.93522865,0.003132417
4,2,melanoma,benign keratosis-like lesions,0.1419328,0.11162502,0.4721228,0.033721253,0.19468714,0.044211224,0.0016997634
4,5,melanoma,melanocytic nevi,0.0018099111,0.0026703228,0.18625481,0.0016849748,0.1008419,0.70633346,0.00040467808
3,5,dermatofibroma,melanocytic nevi,0.12456187,0.19230056,0.09358248,0.106630005,0.017518621,0.43999904,0.025407467
5,5,melanocytic nevi,melanocytic nevi,0.0016722997,0.0010046922,0.011081239,0.00074575987,0.014191554,0.9709476,0.00035680964
5,5,melanocytic nevi,melanocytic nevi,0.11876669,0.21691762,0.14330173,0.07286899,0.06628031,0.3593103,0.022554295
0,1,actinic keratoses and intraepithelial carcinoma,basal cell carcinoma,0.25563967,0.39596838,0.11989106,0.06677614,0.072011106,0.06581691,0.023896722
2,2,benign keratosis-like lesions,benign keratosis-like lesions,0.16826361,0.10269949,0.27718487,0.056352563,0.2747435,0.10252403,0.018231964
5,5,melanocytic nevi,melanocytic nevi,0.063457325,0.023517577,0.06274768,0.030912926,0.020210767,0.7928449,0.006308812
5,5,melanocytic nevi,melanocytic nevi,0.00021079257,0.00016203242,0.085048266,8.140938e-05,0.43367484,0.4804469,0.00037578665
5,5,melanocytic nevi,melanocytic nevi,0.13561127,0.14988136,0.21585958,0.038453415,0.18632412,0.26623148,0.0076387795
1,1,basal cell carcinoma,basal cell carcinoma,0.09383884,0.40170076,0.13965198,0.050505433,0.035521135,0.26651603,0.012265757
5,5,melanocytic nevi,melanocytic nevi,0.011197674,0.014886431,0.19073671,0.012207585,0.086619265,0.67489094,0.009461387
2,5,benign keratosis-like lesions,melanocytic nevi,0.014747574,0.06819336,0.30952117,0.029154083,0.065324746,0.50592136,0.0071377275
5,0,melanocytic nevi,actinic keratoses and intraepithelial carcinoma,0.2420463,0.18607295,0.16432847,0.10383621,0.10096767,0.18367758,0.019070875
2,5,benign keratosis-like lesions,melanocytic nevi,0.08753188,0.053121995,0.116112396,0.014343018,0.19559279,0.5288695,0.004428451
4,5,melanoma,melanocytic nevi,0.042435177,0.05925414,0.093114026,0.014523045,0.20090033,0.5789178,0.010855438
4,5,melanoma,melanocytic nevi,0.15056694,0.10419249,0.069349445,0.029289387,0.1440941,0.4958675,0.0066401497
5,1,melanocytic nevi,basal cell carcinoma,0.013519233,0.8055019,0.021359295,0.022669794,0.00093666237,0.12465846,0.011354648
5,5,melanocytic nevi,melanocytic nevi,0.003329489,0.0026114706,0.0065715727,0.008179695,0.0014318028,0.97551167,0.0023643824
5,5,melanocytic nevi,melanocytic nevi,0.00020725698,5.6740828e-05,0.0014824453,0.00022899857,0.0007557619,0.9972059,6.274333e-05
3,5,dermatofibroma,melanocytic nevi,0.052294035,0.024398463,0.058272958,0.062788755,0.010762116,0.78552705,0.005956708
5,0,melanocytic nevi,actinic keratoses and intraepithelial carcinoma,0.284604,0.09079806,0.1902253,0.036472853,0.2715762,0.1231232,0.0032004232
5,6,melanocytic nevi,vascular lesions,9.81445e-06,0.0006227482,0.00069588964,0.00023352771,0.0019173217,0.083125114,0.91339564
5,5,melanocytic nevi,melanocytic nevi,0.043097265,0.008448054,0.036628675,0.02869778,0.005341424,0.87660074,0.0011860174
2,2,benign keratosis-like lesions,benign keratosis-like lesions,0.01981418,0.044709884,0.63527834,0.019331226,0.083818145,0.1950235,0.0020246648
5,2,melanocytic nevi,benign keratosis-like lesions,0.06426822,0.054044873,0.40597722,0.022049336,0.33417407,0.11716904,0.0023173103
2,5,benign keratosis-like lesions,melanocytic nevi,0.02902447,0.18455367,0.11817716,0.02570008,0.019942872,0.6105806,0.012021144
5,5,melanocytic nevi,melanocytic nevi,6.959965e-05,1.8227145e-05,0.0014240664,4.1640702e-05,0.0013505208,0.9970794,1.661466e-05
1,0,basal cell carcinoma,actinic keratoses and intraepithelial carcinoma,0.32497042,0.17308542,0.20167945,0.059705388,0.14898343,0.08304551,0.008530385
5,5,melanocytic nevi,melanocytic nevi,0.0011207919,0.0015557309,0.05362071,0.00049203256,0.055291828,0.88763726,0.00028170607
5,5,melanocytic nevi,melanocytic nevi,0.0026448327,0.0012265212,0.009682509,0.0013781184,0.008810731,0.975726,0.0005313763
5,4,melanocytic nevi,melanoma,0.05699411,0.010444144,0.25919276,0.0035386565,0.3897296,0.27989992,0.00020082068
5,4,melanocytic nevi,melanoma,0.050713893,0.054221537,0.22221354,0.019614045,0.3536628,0.29480663,0.004767593
5,5,melanocytic nevi,melanocytic nevi,0.0041380944,0.005476392,0.011236306,0.012781389,0.0018154708,0.95646876,0.008083624
5,5,melanocytic nevi,melanocytic nevi,0.040239017,0.077348754,0.047006007,0.029499523,0.05273124,0.7421578,0.011017739
5,5,melanocytic nevi,melanocytic nevi,2.1887827e-06,6.04734e-07,0.00041396575,9.793584e-07,0.002315857,0.9972652,1.1859554e-06
1,5,basal cell carcinoma,melanocytic nevi,0.16615936,0.13715878,0.16382451,0.051079463,0.08730996,0.38420263,0.010265374
5,5,melanocytic nevi,melanocytic nevi,0.0037248477,0.0049516633,0.04096727,0.0010555814,0.116967574,0.8309429,0.0013901753
4,5,melanoma,melanocytic nevi,0.0063099666,0.0068832454,0.17869237,0.0037826556,0.3068668,0.49593574,0.0015293072
5,5,melanocytic nevi,melanocytic nevi,0.007827001,0.013702115,0.16653475,0.0071067913,0.3412051,0.4105657,0.05305856
6,1,vascular lesions,basal cell carcinoma,0.14058428,0.42241222,0.08676592,0.10888171,0.015098214,0.1501303,0.07612734
5,5,melanocytic nevi,melanocytic nevi,0.0043424065,0.0033710306,0.008020642,0.012712034,0.0013622298,0.96565676,0.0045348792
2,4,benign keratosis-like lesions,melanoma,0.24522473,0.094221696,0.23101944,0.028411916,0.26724285,0.13137542,0.0025039387
5,5,melanocytic nevi,melanocytic nevi,0.019367035,0.10089452,0.106004655,0.015851567,0.05150248,0.69747996,0.008899779
5,6,melanocytic nevi,vascular lesions,0.000118988486,0.015232058,0.0020305198,0.0032903992,0.0018214068,0.013180363,0.9643263
2,1,benign keratosis-like lesions,basal cell carcinoma,0.1335949,0.38685572,0.20497335,0.061839446,0.052812003,0.15028821,0.009636412
1,0,basal cell carcinoma,actinic keratoses and intraepithelial carcinoma,0.44793004,0.20389588,0.1781676,0.05315236,0.09340434,0.020925695,0.0025241592
5,5,melanocytic nevi,melanocytic nevi,0.00019165273,0.0003382135,0.005618844,0.00015102405,0.044294056,0.94350576,0.005900424
5,5,melanocytic nevi,melanocytic nevi,0.054241847,0.017163254,0.06306729,0.01846418,0.036987707,0.8087309,0.0013448442
2,5,benign keratosis-like lesions,melanocytic nevi,0.035745863,0.10345514,0.13175945,0.04204799,0.081911035,0.5941486,0.010931883
5,5,melanocytic nevi,melanocytic nevi,0.040243316,0.03182969,0.043710157,0.06336351,0.0068919277,0.79585284,0.018108483
5,5,melanocytic nevi,melanocytic nevi,0.00035348954,8.24585e-05,0.0047045024,9.963511e-05,0.008484073,0.98624146,3.4406123e-05
2,2,benign keratosis-like lesions,benign keratosis-like lesions,0.10466795,0.12337426,0.43413374,0.047530632,0.19636834,0.089008175,0.004916896
5,2,melanocytic nevi,benign keratosis-like lesions,0.089883104,0.14201918,0.38677993,0.041814733,0.13197143,0.20134977,0.006181857
5,5,melanocytic nevi,melanocytic nevi,0.0004451555,0.00043687693,0.07944893,0.00023685179,0.14470668,0.77465326,7.222145e-05
5,5,melanocytic nevi,melanocytic nevi,0.0010560076,0.00081206707,0.0032836115,0.0041939314,0.00045487806,0.9881777,0.0020218554
5,5,melanocytic nevi,melanocytic nevi,0.05021608,0.06070784,0.043487303,0.026616473,0.07187304,0.7110618,0.03603747
5,5,melanocytic nevi,melanocytic nevi,0.009797578,0.0036364421,0.011409432,0.0107223615,0.0049869507,0.9575753,0.0018718195
5,5,melanocytic nevi,melanocytic nevi,0.12454254,0.09966323,0.17146172,0.049499683,0.22370069,0.30407688,0.027055189
4,5,melanoma,melanocytic nevi,0.0017472894,0.0006736526,0.047688916,0.00018665502,0.42044333,0.5291553,0.00010474888
5,5,melanocytic nevi,melanocytic nevi,0.00458648,0.009122807,0.1065023,0.0037674292,0.065194525,0.8090607,0.0017658914
5,5,melanocytic nevi,melanocytic nevi,0.005231731,0.0032346616,0.007836371,0.014286262,0.0013680721,0.96498644,0.0030563802
0,0,actinic keratoses and intraepithelial carcinoma,actinic keratoses and intraepithelial carcinoma,0.34835365,0.26185194,0.15755677,0.08046255,0.07837253,0.06063489,0.012767717
5,5,melanocytic nevi,melanocytic nevi,0.1527699,0.069573365,0.116324835,0.035403516,0.13402066,0.48682612,0.005081589
0,5,actinic keratoses and intraepithelial carcinoma,melanocytic nevi,0.013969111,0.0043622656,0.085146755,0.0019245768,0.34821355,0.5455267,0.00085707364
5,5,melanocytic nevi,melanocytic nevi,0.0058779526,0.0030523671,0.10974525,0.0013192446,0.39918375,0.4804013,0.00042014124
5,2,melanocytic nevi,benign keratosis-like lesions,0.08719305,0.17313382,0.38264138,0.048965808,0.10474353,0.190885,0.012437435
5,5,melanocytic nevi,melanocytic nevi,0.0028461998,0.0012368334,0.009404655,0.0031801823,0.003182001,0.97880554,0.0013445689
4,5,melanoma,melanocytic nevi,0.008929415,0.016087035,0.11369651,0.005644406,0.07865254,0.7746171,0.0023730057
1,1,basal cell carcinoma,basal cell carcinoma,0.16800496,0.3484129,0.114430815,0.0929076,0.03815031,0.18487784,0.05321552
5,5,melanocytic nevi,melanocytic nevi,0.006021005,0.014561741,0.18362488,0.0066168713,0.09501992,0.69136214,0.002793414
5,5,melanocytic nevi,melanocytic nevi,0.006515341,0.0030811634,0.016885774,0.003127113,0.012590859,0.95720917,0.0005906445
2,5,benign keratosis-like lesions,melanocytic nevi,0.012014819,0.016484173,0.37529227,0.008796112,0.13903423,0.44676757,0.0016107701
4,5,melanoma,melanocytic nevi,0.036767766,0.02862424,0.15964936,0.012456382,0.3061417,0.4531462,0.003214408
2,1,benign keratosis-like lesions,basal cell carcinoma,0.17968045,0.21945395,0.17421679,0.059623785,0.18737747,0.15929228,0.020355236
5,5,melanocytic nevi,melanocytic nevi,0.0010361231,0.0005149379,0.0050135856,0.0009971341,0.0031247342,0.98885906,0.00045450826
5,1,melanocytic nevi,basal cell carcinoma,0.22759594,0.2815829,0.13988416,0.11686145,0.027900917,0.1397472,0.0664274
5,5,melanocytic nevi,melanocytic nevi,0.03729857,0.05609485,0.06322755,0.0665076,0.006206701,0.7323401,0.03832459
5,0,melanocytic nevi,actinic keratoses and intraepithelial carcinoma,0.23866525,0.20806578,0.1416755,0.051919427,0.18101813,0.16144164,0.01721423
5,5,melanocytic nevi,melanocytic nevi,0.010457498,0.004271204,0.023205888,0.0076147094,0.009304246,0.94335586,0.0017906212
5,5,melanocytic nevi,melanocytic nevi,0.0008418745,0.00054636324,0.005019807,0.0009305171,0.0032691525,0.9884539,0.0009384657
4,1,melanoma,basal cell carcinoma,0.22351667,0.3020187,0.17129639,0.11236356,0.06109812,0.10915519,0.020551395
5,5,melanocytic nevi,melanocytic nevi,0.09540594,0.16595319,0.061727956,0.073690645,0.045327265,0.53508115,0.022813892
5,5,melanocytic nevi,melanocytic nevi,0.0032540068,0.0011379485,0.008648943,0.0025436117,0.0030804176,0.9808616,0.00047338344
5,5,melanocytic nevi,melanocytic nevi,0.039381824,0.24170117,0.17143941,0.03892368,0.055790383,0.43872407,0.014039491
5,5,melanocytic nevi,melanocytic nevi,0.01802754,0.06028565,0.13117003,0.025970247,0.09263338,0.6611501,0.010763124
1,1,basal cell carcinoma,basal cell carcinoma,0.1615915,0.49293366,0.07418036,0.07472818,0.013353656,0.1693097,0.013902957
2,2,benign keratosis-like lesions,benign keratosis-like lesions,0.059802294,0.11111489,0.36824006,0.052624613,0.19996317,0.14140971,0.06684526
5,5,melanocytic nevi,melanocytic nevi,0.00049575,0.00016498174,0.0031458219,0.00031105537,0.0032263403,0.99248767,0.00016846175
5,2,melanocytic nevi,benign keratosis-like lesions,0.055151954,0.034523606,0.39279208,0.013361005,0.31631455,0.1868098,0.0010470734
5,5,melanocytic nevi,melanocytic nevi,0.004767331,0.0018080755,0.010101475,0.0025755186,0.007319551,0.972887,0.0005410515
4,5,melanoma,melanocytic nevi,0.014727659,0.009153767,0.14668906,0.0029664559,0.33191738,0.4934148,0.0011309524
1,1,basal cell carcinoma,basal cell carcinoma,0.2970549,0.34512612,0.11599193,0.07940969,0.04834083,0.09716171,0.016914891
5,5,melanocytic nevi,melanocytic nevi,0.0021050337,0.00085567136,0.0055299643,0.0034733238,0.0012883228,0.98562676,0.001120953
4,1,melanoma,basal cell carcinoma,0.2031252,0.2783665,0.22310476,0.05339705,0.11028438,0.12389551,0.007826611
4,5,melanoma,melanocytic nevi,0.045092613,0.079537235,0.17875877,0.050588783,0.19260626,0.3806594,0.072757
5,5,melanocytic nevi,melanocytic nevi,0.013495094,0.00834369,0.08558152,0.004000379,0.1646968,0.7230479,0.0008345838
4,2,melanoma,benign keratosis-like lesions,0.13755874,0.107294515,0.52636945,0.03204404,0.14416301,0.0514309,0.0011393682
5,5,melanocytic nevi,melanocytic nevi,0.020782813,0.006364533,0.02473449,0.005485508,0.024759227,0.91733664,0.00053686334
5,5,melanocytic nevi,melanocytic nevi,0.10521125,0.2708268,0.19131868,0.048679575,0.08475063,0.28852317,0.010689896
0,0,actinic keratoses and intraepithelial carcinoma,actinic keratoses and intraepithelial carcinoma,0.35316354,0.3209912,0.11515842,0.06807695,0.05784202,0.07358596,0.0111818835
2,2,benign keratosis-like lesions,benign keratosis-like lesions,0.023167364,0.044530462,0.5802453,0.021286666,0.12790069,0.20038398,0.0024854634
4,5,melanoma,melanocytic nevi,0.0033514036,0.0046645235,0.10667621,0.0023836736,0.1953298,0.6864964,0.0010979924
5,5,melanocytic nevi,melanocytic nevi,0.025681393,0.0048182015,0.13680007,0.0017471849,0.39697132,0.43378332,0.0001984898
5,5,melanocytic nevi,melanocytic nevi,0.13185579,0.1467355,0.10210403,0.030335391,0.09134807,0.49055326,0.0070680096
5,5,melanocytic nevi,melanocytic nevi,0.000960457,0.00026206474,0.008568206,0.00039396595,0.0075052204,0.98221636,9.384223e-05
5,5,melanocytic nevi,melanocytic nevi,0.033938486,0.013991568,0.021964692,0.04091074,0.004647807,0.87993836,0.0046084607
3,1,dermatofibroma,basal cell carcinoma,0.107315175,0.34615728,0.17293921,0.06190187,0.07104843,0.22769196,0.012946108
5,5,melanocytic nevi,melanocytic nevi,0.12502252,0.0410775,0.2210149,0.023975212,0.21392588,0.37156042,0.0034236459
5,5,melanocytic nevi,melanocytic nevi,0.00097000436,0.0001988904,0.007922372,0.0008321059,0.0031821874,0.9867731,0.00012138996
0,1,actinic keratoses and intraepithelial carcinoma,basal cell carcinoma,0.2592348,0.35292113,0.11952486,0.08668595,0.055217832,0.100576885,0.025838569
2,5,benign keratosis-like lesions,melanocytic nevi,0.005232215,0.011120907,0.26145917,0.007976791,0.22774489,0.47901797,0.007448039
2,2,benign keratosis-like lesions,benign keratosis-like lesions,0.06338309,0.17075333,0.37849885,0.041591477,0.05815871,0.2813722,0.0062423195
5,5,melanocytic nevi,melanocytic nevi,0.00066419947,0.00023795707,0.004136208,0.00056577515,0.005177292,0.9889859,0.00023276026
5,0,melanocytic nevi,actinic keratoses and intraepithelial carcinoma,0.3072663,0.13248481,0.1710421,0.09126111,0.047108524,0.23603441,0.014802753
1,6,basal cell carcinoma,vascular lesions,0.018906979,0.3182411,0.01786537,0.04976205,0.025333727,0.050850775,0.51904
5,5,melanocytic nevi,melanocytic nevi,0.26203382,0.10428822,0.11780169,0.064008586,0.07210839,0.36849675,0.011262565
5,5,melanocytic nevi,melanocytic nevi,0.017420186,0.008862616,0.030845338,0.013394228,0.012569586,0.9126826,0.0042254385
5,5,melanocytic nevi,melanocytic nevi,0.010321781,0.02979599,0.11068028,0.02602344,0.03879055,0.7764831,0.007904872
2,5,benign keratosis-like lesions,melanocytic nevi,0.122061215,0.250507,0.16428046,0.062136576,0.10034288,0.27188095,0.028790938
5,5,melanocytic nevi,melanocytic nevi,0.004641244,0.0012067213,0.01491363,0.0021469954,0.009054908,0.9676358,0.00040063402
5,4,melanocytic nevi,melanoma,0.2385742,0.08315111,0.17093058,0.03123651,0.29120332,0.18108231,0.0038219844
4,2,melanoma,benign keratosis-like lesions,0.18520774,0.15139088,0.3915641,0.07936287,0.11138033,0.074312165,0.0067819846
5,5,melanocytic nevi,melanocytic nevi,0.06028638,0.06645393,0.062166236,0.020774018,0.043133244,0.743024,0.0041621756
0,5,actinic keratoses and intraepithelial carcinoma,melanocytic nevi,0.03078441,0.17603904,0.1082351,0.06307984,0.044103824,0.52300376,0.05475404
1,1,basal cell carcinoma,basal cell carcinoma,0.22610746,0.43378723,0.097488545,0.06086785,0.040440094,0.12334678,0.01796206
5,5,melanocytic nevi,melanocytic nevi,0.00013878722,2.8992557e-05,0.0031508545,5.1388703e-05,0.004953975,0.9916557,2.0221622e-05
5,5,melanocytic nevi,melanocytic nevi,0.000859208,0.00035364035,0.00317617,0.0015151739,0.0008742122,0.99269706,0.00052460306
5,5,melanocytic nevi,melanocytic nevi,0.016359301,0.0029882349,0.033424444,0.008288847,0.010948225,0.9272561,0.0007347988
5,5,melanocytic nevi,melanocytic nevi,0.018363865,0.03966463,0.24916746,0.014231697,0.15223885,0.52074885,0.0055846404
4,5,melanoma,melanocytic nevi,0.002680157,0.0006607135,0.073354155,0.00088168413,0.12212006,0.7999599,0.00034330523
1,1,basal cell carcinoma,basal cell carcinoma,0.1248694,0.30201277,0.11965117,0.07470177,0.07085119,0.26589867,0.042015042
5,5,melanocytic nevi,melanocytic nevi,0.00014462092,2.7662973e-05,0.0013928441,7.1015835e-05,0.0011032645,0.9972485,1.2109238e-05
5,5,melanocytic nevi,melanocytic nevi,0.028490894,0.025744947,0.02674932,0.020505203,0.01440591,0.87924826,0.004855385
5,5,melanocytic nevi,melanocytic nevi,0.00025431177,0.00015847634,0.008972582,7.468193e-05,0.119744636,0.8707223,7.3060684e-05
5,5,melanocytic nevi,melanocytic nevi,0.0006867844,0.00019901565,0.0025564209,0.0009414884,0.00074691715,0.9945912,0.0002781741
5,5,melanocytic nevi,melanocytic nevi,0.0016851602,0.00079877675,0.0070311734,0.0021160797,0.0028527204,0.9846519,0.00086425786
5,5,melanocytic nevi,melanocytic nevi,0.005721895,0.002954655,0.11763551,0.00084012974,0.10246884,0.7702509,0.00012806266
2,0,benign keratosis-like lesions,actinic keratoses and intraepithelial carcinoma,0.32634443,0.21986653,0.20393339,0.07366989,0.09320887,0.074085124,0.008891737
2,2,benign keratosis-like lesions,benign keratosis-like lesions,0.039185684,0.09711105,0.42420104,0.02868044,0.24260582,0.08763716,0.08057879
5,5,melanocytic nevi,melanocytic nevi,0.00016201017,0.00029426115,0.002107506,0.00066502637,0.0016445629,0.9935109,0.0016156852
5,5,melanocytic nevi,melanocytic nevi,0.006103666,0.011317081,0.07807717,0.0026830798,0.071746744,0.8282821,0.0017899963
5,1,melanocytic nevi,basal cell carcinoma,0.14180522,0.2911404,0.10767913,0.08385839,0.06565788,0.24998587,0.059873108
2,2,benign keratosis-like lesions,benign keratosis-like lesions,0.0123393275,0.024565415,0.4197478,0.015332976,0.11163248,0.41402698,0.0023550275
5,5,melanocytic nevi,melanocytic nevi,0.0029394382,0.0005858892,0.01589002,0.00038913943,0.039386723,0.94072926,7.955644e-05
5,5,melanocytic nevi,melanocytic nevi,0.0029177442,0.0013893183,0.0072126975,0.0027446882,0.0036028423,0.981573,0.0005597727
5,5,melanocytic nevi,melanocytic nevi,0.009829185,0.015162654,0.024249176,0.013563441,0.017802441,0.9106385,0.008754627
5,5,melanocytic nevi,melanocytic nevi,0.019798338,0.088678025,0.18469757,0.025011579,0.055397026,0.6183646,0.008052805
5,5,melanocytic nevi,melanocytic nevi,0.11525756,0.24250051,0.13197511,0.09663821,0.024603207,0.2998788,0.08914661
0,1,actinic keratoses and intraepithelial carcinoma,basal cell carcinoma,0.11219616,0.46320975,0.07001694,0.07296906,0.016532468,0.23689301,0.028182615
5,5,melanocytic nevi,melanocytic nevi,0.16097322,0.08411055,0.15690073,0.1488351,0.014889612,0.41084728,0.023443475
4,0,melanoma,actinic keratoses and intraepithelial carcinoma,0.3100055,0.11576177,0.2851326,0.07150235,0.11302631,0.099385306,0.0051862746
5,5,melanocytic nevi,melanocytic nevi,0.0024602881,0.0009942927,0.0073649664,0.0028470398,0.0024686775,0.9831383,0.0007264553
2,4,benign keratosis-like lesions,melanoma,0.00016065742,4.699972e-05,0.043244496,1.6456748e-05,0.7330028,0.2235106,1.7977967e-05
2,1,benign keratosis-like lesions,basal cell carcinoma,0.28483704,0.3354297,0.14285745,0.09265907,0.053305656,0.058556993,0.032354135
1,1,basal cell carcinoma,basal cell carcinoma,0.2948965,0.31337753,0.13506423,0.067144215,0.09939194,0.07675041,0.013375157
5,5,melanocytic nevi,melanocytic nevi,1.1014434e-05,4.784792e-06,0.0011556313,6.0922866e-06,0.010403851,0.9883917,2.6835196e-05
4,5,melanoma,melanocytic nevi,0.05701309,0.023237474,0.075784385,0.020303247,0.05580098,0.7617577,0.006103128
5,5,melanocytic nevi,melanocytic nevi,0.013017621,0.2961649,0.059149634,0.022946285,0.00803306,0.5790925,0.021596028
5,0,melanocytic nevi,actinic keratoses and intraepithelial carcinoma,0.4077957,0.29913294,0.1314337,0.0697652,0.038873523,0.045108292,0.007890694
5,5,melanocytic nevi,melanocytic nevi,0.03847395,0.1242607,0.117127776,0.026447594,0.0528827,0.6308047,0.0100025525
0,0,actinic keratoses and intraepithelial carcinoma,actinic keratoses and intraepithelial carcinoma,0.43715793,0.22984987,0.15329064,0.06900621,0.044093106,0.061479226,0.005122996
5,5,melanocytic nevi,melanocytic nevi,0.008248213,0.016874647,0.35794228,0.006641612,0.15097727,0.45798746,0.0013284857
5,5,melanocytic nevi,melanocytic nevi,0.002583644,0.00473066,0.25437373,0.0030461971,0.08417108,0.65045226,0.0006424093
2,1,benign keratosis-like lesions,basal cell carcinoma,0.1737877,0.40199408,0.12746723,0.086100474,0.081153765,0.07625346,0.053243313
5,5,melanocytic nevi,melanocytic nevi,0.026443694,0.012921454,0.03615714,0.0116381245,0.01652286,0.8946104,0.0017062884
5,5,melanocytic nevi,melanocytic nevi,0.041435808,0.0240741,0.04646603,0.0339874,0.012542077,0.831702,0.00979265
0,4,actinic keratoses and intraepithelial carcinoma,melanoma,0.17706755,0.19186164,0.19573154,0.06537572,0.20256118,0.15737885,0.010023456
5,5,melanocytic nevi,melanocytic nevi,0.0018306759,0.007286868,0.23653209,0.006926315,0.07164615,0.6723999,0.003378099
5,5,melanocytic nevi,melanocytic nevi,0.000569087,0.0011214771,0.0861443,0.0009055062,0.2351326,0.505384,0.1707431
5,5,melanocytic nevi,melanocytic nevi,0.00027092712,7.921374e-05,0.0677065,3.783326e-05,0.39279374,0.53908694,2.4786257e-05
5,5,melanocytic nevi,melanocytic nevi,0.0011687014,0.0004841657,0.007774197,0.00093512295,0.0061715823,0.98313785,0.00032836452
5,5,melanocytic nevi,melanocytic nevi,0.00639155,0.0009022238,0.0069721243,0.0029297946,0.0022431295,0.9804346,0.00012661982
5,2,melanocytic nevi,benign keratosis-like lesions,0.0114380745,0.03918569,0.4074978,0.020565657,0.1587912,0.34207526,0.020446371
5,5,melanocytic nevi,melanocytic nevi,0.00019190545,7.243649e-05,0.0012519949,0.00021439574,0.0007720209,0.99740666,9.056132e-05
5,5,melanocytic nevi,melanocytic nevi,0.03156131,0.16700947,0.15634653,0.045275733,0.14019121,0.4339476,0.025668073
5,5,melanocytic nevi,melanocytic nevi,0.019934503,0.0073087635,0.07108497,0.01741946,0.023981227,0.85468894,0.0055820723
5,5,melanocytic nevi,melanocytic nevi,8.035858e-05,2.3439758e-05,0.0019309561,3.613978e-05,0.0050194287,0.9928934,1.633278e-05
5,5,melanocytic nevi,melanocytic nevi,0.09771544,0.21888694,0.147581,0.049467407,0.21487874,0.25363314,0.01783728
5,5,melanocytic nevi,melanocytic nevi,0.013416289,0.10655247,0.16855012,0.024000796,0.05757692,0.6104138,0.019489624
5,5,melanocytic nevi,melanocytic nevi,0.0005512772,6.495394e-05,0.00356179,0.00020045553,0.0024529954,0.99315065,1.791686e-05
5,5,melanocytic nevi,melanocytic nevi,0.003165991,0.0009049267,0.009368484,0.0011664077,0.007678582,0.97748077,0.00023475123
4,5,melanoma,melanocytic nevi,0.015387401,0.007896314,0.23558067,0.0031222126,0.3471323,0.39046726,0.00041391267
5,1,melanocytic nevi,basal cell carcinoma,0.11348222,0.4105087,0.097995274,0.050510947,0.03331694,0.2739285,0.02025745
5,5,melanocytic nevi,melanocytic nevi,3.810216e-05,5.7226675e-06,0.0013420309,1.5929914e-05,0.0018049676,0.99678934,3.8839303e-06
5,5,melanocytic nevi,melanocytic nevi,0.00075256015,0.00029868275,0.003636113,0.0009450595,0.0017577502,0.99218893,0.00042095315
5,5,melanocytic nevi,melanocytic nevi,0.035146855,0.11779651,0.09785964,0.027121173,0.11268326,0.59121966,0.018172925
5,5,melanocytic nevi,melanocytic nevi,0.0094620865,0.0058693415,0.017272182,0.0111413095,0.0048130658,0.9479013,0.003540704
5,5,melanocytic nevi,melanocytic nevi,0.0035891775,0.00048645114,0.015931923,0.0006869619,0.022768246,0.9564908,4.6452413e-05
5,6,melanocytic nevi,vascular lesions,0.005569435,0.067188755,0.021165438,0.06934942,0.00949389,0.20430328,0.6229298
5,5,melanocytic nevi,melanocytic nevi,0.00882441,0.017914154,0.10822512,0.009587645,0.10087261,0.7512482,0.0033278782
4,4,melanoma,melanoma,0.0115003,0.03766455,0.23890209,0.013839486,0.45524395,0.17767298,0.06517668
5,5,melanocytic nevi,melanocytic nevi,0.00216603,0.0011193674,0.0061542396,0.0038291542,0.001550545,0.9835194,0.0016612456
5,5,melanocytic nevi,melanocytic nevi,0.028768204,0.059967443,0.1580636,0.017929848,0.18264635,0.54313487,0.009489651
2,1,benign keratosis-like lesions,basal cell carcinoma,0.26335043,0.2708364,0.1793395,0.10148656,0.050695848,0.111528,0.02276324
5,5,melanocytic nevi,melanocytic nevi,0.02415654,0.00896713,0.021934515,0.025676508,0.0064178,0.9070903,0.0057571214
5,0,melanocytic nevi,actinic keratoses and intraepithelial carcinoma,0.49684307,0.26644805,0.1117539,0.042883005,0.061770566,0.017974019,0.0023273577
4,2,melanoma,benign keratosis-like lesions,0.06067541,0.0985185,0.40243685,0.044189304,0.25029507,0.13409168,0.009793117
5,5,melanocytic nevi,melanocytic nevi,0.00017034171,6.648024e-05,0.0009893269,0.00039333958,0.000327501,0.9978116,0.00024146866
5,5,melanocytic nevi,melanocytic nevi,0.01712469,0.03369203,0.07622618,0.019299034,0.13742852,0.6922609,0.023968644
5,5,melanocytic nevi,melanocytic nevi,0.0017159138,0.0011587722,0.116634935,0.00058662146,0.22835882,0.6512853,0.00025965687
5,5,melanocytic nevi,melanocytic nevi,8.804512e-06,1.3158347e-06,0.0003686651,4.724988e-06,0.0004338935,0.9991812,1.2816312e-06
6,5,vascular lesions,melanocytic nevi,0.009456791,0.04102296,0.027329724,0.020939015,0.01722925,0.85474104,0.029281328
5,5,melanocytic nevi,melanocytic nevi,0.1921986,0.1964997,0.043012243,0.059871126,0.04037898,0.45432964,0.013709721
2,5,benign keratosis-like lesions,melanocytic nevi,0.029040134,0.020358898,0.046985026,0.04945587,0.008116891,0.8376094,0.008433813
6,6,vascular lesions,vascular lesions,0.011848662,0.14679378,0.057649143,0.035433635,0.054952398,0.06497088,0.6283515
5,5,melanocytic nevi,melanocytic nevi,0.035491277,0.014040895,0.05622266,0.033706143,0.010776462,0.8454683,0.0042943726
1,5,basal cell carcinoma,melanocytic nevi,0.02385217,0.08981932,0.23663816,0.04040657,0.0748365,0.52138937,0.0130579565
5,5,melanocytic nevi,melanocytic nevi,0.023630798,0.012153184,0.13694611,0.00399793,0.105282255,0.71754414,0.00044560526
5,1,melanocytic nevi,basal cell carcinoma,0.06449623,0.39793053,0.08098049,0.045589987,0.040217277,0.32981628,0.040969197
2,5,benign keratosis-like lesions,melanocytic nevi,0.00029065335,0.0027496223,0.3591648,0.00060515176,0.12581968,0.5092224,0.002147696
1,0,basal cell carcinoma,actinic keratoses and intraepithelial carcinoma,0.35275295,0.31659684,0.12760176,0.07465542,0.073748134,0.040184084,0.014460856
4,2,melanoma,benign keratosis-like lesions,0.12035587,0.14539228,0.379987,0.05084557,0.11994816,0.1766361,0.006835048
2,5,benign keratosis-like lesions,melanocytic nevi,0.005882506,0.009926473,0.20217396,0.0037317183,0.24661686,0.52783895,0.0038295223
4,6,melanoma,vascular lesions,0.01743359,0.141608,0.06524265,0.037074525,0.13638005,0.23907356,0.36318767
5,5,melanocytic nevi,melanocytic nevi,0.001906898,0.0002625923,0.016923496,0.0008757792,0.007774276,0.9721795,7.738924e-05
5,5,melanocytic nevi,melanocytic nevi,0.00034333245,0.00011340559,0.0026344578,0.00044871928,0.0008901634,0.99545324,0.00011661846
5,5,melanocytic nevi,melanocytic nevi,0.055524282,0.20199254,0.1647663,0.0783822,0.08997543,0.3700773,0.03928194
2,5,benign keratosis-like lesions,melanocytic nevi,0.008199732,0.044213332,0.38703474,0.02254293,0.07378231,0.45357126,0.010655728
4,4,melanoma,melanoma,0.06904918,0.046759196,0.13864821,0.018958796,0.39543074,0.32537207,0.0057817665
2,5,benign keratosis-like lesions,melanocytic nevi,0.02091316,0.005378263,0.25703567,0.004641551,0.16435759,0.5473798,0.0002939497
5,5,melanocytic nevi,melanocytic nevi,0.053818274,0.04531668,0.12188249,0.009557901,0.118064374,0.64871424,0.0026460055
5,5,melanocytic nevi,melanocytic nevi,0.02401594,0.0046582203,0.03439835,0.014901885,0.006011281,0.9152837,0.00073060964
2,5,benign keratosis-like lesions,melanocytic nevi,0.20033686,0.21224523,0.14334175,0.12102911,0.022391692,0.26397088,0.03668455
5,5,melanocytic nevi,melanocytic nevi,0.0047527617,0.009314196,0.40787446,0.0028984183,0.1488451,0.42536518,0.0009498206
5,5,melanocytic nevi,melanocytic nevi,0.0015463475,0.00072739954,0.007939949,0.002508808,0.002794666,0.98382574,0.0006570354
5,5,melanocytic nevi,melanocytic nevi,0.009664431,0.017079398,0.08734742,0.0039370637,0.039908707,0.8406306,0.0014323812
5,0,melanocytic nevi,actinic keratoses and intraepithelial carcinoma,0.24140677,0.16548678,0.19670743,0.037829395,0.15413082,0.19996288,0.00447586
4,5,melanoma,melanocytic nevi,0.0008368916,0.00021441173,0.04285517,0.00010659901,0.1786935,0.77726364,2.9755447e-05
2,5,benign keratosis-like lesions,melanocytic nevi,0.013533997,0.01643068,0.07025621,0.004141889,0.17225505,0.71959627,0.0037858468
5,5,melanocytic nevi,melanocytic nevi,0.01714046,0.010533604,0.03716489,0.021244124,0.007843988,0.90031785,0.0057551414
5,5,melanocytic nevi,melanocytic nevi,0.00052917836,0.00017597037,0.005636049,0.00028922525,0.007093386,0.9861655,0.00011069298
5,5,melanocytic nevi,melanocytic nevi,0.059739437,0.08456963,0.085235484,0.016466284,0.11961869,0.62458885,0.0097816195
5,5,melanocytic nevi,melanocytic nevi,0.0053913584,0.0022524886,0.13357328,0.0010315295,0.3808288,0.4766618,0.00026071863
5,5,melanocytic nevi,melanocytic nevi,0.00086461904,0.0009894867,0.004553227,0.0010262959,0.007676829,0.9826585,0.0022310931
5,5,melanocytic nevi,melanocytic nevi,0.014035829,0.009170063,0.029217398,0.004993466,0.025522849,0.91568416,0.0013761634
5,5,melanocytic nevi,melanocytic nevi,0.00026335465,0.00025923908,0.0022695956,0.00039102425,0.002140498,0.99404514,0.00063117745
2,2,benign keratosis-like lesions,benign keratosis-like lesions,0.0727923,0.10471813,0.6424893,0.04064781,0.09441437,0.043300245,0.001637811
4,5,melanoma,melanocytic nevi,0.019063715,0.029602451,0.078525364,0.010902211,0.2385461,0.6096963,0.013663852
5,1,melanocytic nevi,basal cell carcinoma,0.15564384,0.33058533,0.105460286,0.07705737,0.03475108,0.2681481,0.028354002
5,5,melanocytic nevi,melanocytic nevi,3.7121536e-05,9.270336e-06,0.0008558057,2.686321e-05,0.00069991394,0.99836177,9.326255e-06
5,5,melanocytic nevi,melanocytic nevi,0.00480428,0.0106605925,0.21527596,0.0049451035,0.06929921,0.6939256,0.0010892735
5,5,melanocytic nevi,melanocytic nevi,0.0111096995,0.015206099,0.076632105,0.0108554745,0.097155936,0.7853,0.0037405463
1,1,basal cell carcinoma,basal cell carcinoma,0.13965838,0.56315786,0.057594642,0.07535009,0.027169976,0.07646975,0.06059921
5,5,melanocytic nevi,melanocytic nevi,0.052702237,0.040303156,0.07898969,0.020875495,0.08399386,0.7160748,0.0070607113
5,5,melanocytic nevi,melanocytic nevi,0.005401932,0.0017002659,0.021804381,0.0023134544,0.014820248,0.95368093,0.00027887695
5,5,melanocytic nevi,melanocytic nevi,0.015870156,0.06974779,0.13569854,0.018084543,0.15821734,0.5907936,0.011588043
5,5,melanocytic nevi,melanocytic nevi,0.0010618226,0.00029310066,0.0050339075,0.0007664988,0.0030616722,0.9895918,0.00019120722
5,5,melanocytic nevi,melanocytic nevi,0.01294274,0.010309049,0.049047027,0.032043073,0.0055800606,0.8865874,0.0034906426
5,5,melanocytic nevi,melanocytic nevi,0.020952838,0.04068231,0.074640475,0.008874031,0.1877264,0.6568296,0.0102942865
5,5,melanocytic nevi,melanocytic nevi,0.0051124236,0.0017791257,0.018294754,0.0069554523,0.0041473866,0.9628766,0.0008342714
5,5,melanocytic nevi,melanocytic nevi,0.03661968,0.013430465,0.046961173,0.016739985,0.030890793,0.8500066,0.005351387
5,5,melanocytic nevi,melanocytic nevi,0.00318845,0.0030036168,0.010799743,0.013043343,0.0025040885,0.96337277,0.004088074
0,0,actinic keratoses and intraepithelial carcinoma,actinic keratoses and intraepithelial carcinoma,0.41042522,0.18201433,0.17023394,0.0689713,0.06943325,0.09339952,0.005522464
6,6,vascular lesions,vascular lesions,0.027694725,0.200836,0.08691384,0.055101793,0.07489152,0.12242884,0.43213326
5,5,melanocytic nevi,melanocytic nevi,0.0031446158,0.0010178639,0.006843257,0.0032544693,0.0018619028,0.9833778,0.00050008623
5,5,melanocytic nevi,melanocytic nevi,0.0016357881,0.0006323964,0.008917219,0.00096493604,0.0052279443,0.98235035,0.0002713339
5,5,melanocytic nevi,melanocytic nevi,0.015151181,0.011011022,0.17795083,0.0022949744,0.19607763,0.59585416,0.0016602369
5,5,melanocytic nevi,melanocytic nevi,0.26279363,0.110488296,0.10587812,0.10620566,0.03699211,0.36977333,0.00786887
5,5,melanocytic nevi,melanocytic nevi,0.101659305,0.027392853,0.13649139,0.048573237,0.03743205,0.6425271,0.0059240083
4,5,melanoma,melanocytic nevi,0.014560503,0.015367678,0.06410238,0.00530306,0.115652606,0.78132135,0.0036924991
5,0,melanocytic nevi,actinic keratoses and intraepithelial carcinoma,0.31126705,0.16372888,0.1563093,0.041914057,0.1594467,0.16254051,0.0047935047
5,5,melanocytic nevi,melanocytic nevi,0.121200025,0.13590124,0.21271238,0.037648626,0.22704887,0.2581943,0.0072945533
5,5,melanocytic nevi,melanocytic nevi,0.0026826037,0.0011559024,0.0059852074,0.0033063588,0.0018661226,0.98433465,0.00066923763
4,2,melanoma,benign keratosis-like lesions,0.08255637,0.1166148,0.5293114,0.045416396,0.14096719,0.08137038,0.0037634303
5,5,melanocytic nevi,melanocytic nevi,0.001694363,0.0010322841,0.024653407,0.00035138783,0.2117797,0.7600905,0.00039843933
5,5,melanocytic nevi,melanocytic nevi,0.0003447576,0.00010548988,0.0016923205,0.00044345055,0.0006718304,0.99658704,0.00015515905
5,5,melanocytic nevi,melanocytic nevi,0.013886667,0.00809673,0.031901956,0.008216055,0.01519621,0.9209666,0.0017358068
5,5,melanocytic nevi,melanocytic nevi,0.00042990592,0.00025071143,0.0042519714,0.0003945012,0.0066977288,0.9872939,0.00068126456
5,5,melanocytic nevi,melanocytic nevi,0.0254039,0.009749467,0.09761877,0.004491131,0.42439973,0.43687108,0.001465988
5,5,melanocytic nevi,melanocytic nevi,7.454991e-06,1.7447686e-06,0.00048182163,4.3087875e-06,0.0010723902,0.9984301,2.1730298e-06
5,0,melanocytic nevi,actinic keratoses and intraepithelial carcinoma,0.32323053,0.29415926,0.14829786,0.07163906,0.09380555,0.055390097,0.013477617
5,5,melanocytic nevi,melanocytic nevi,0.012225077,0.044096846,0.11876989,0.012784954,0.10619493,0.6994736,0.00645465
5,5,melanocytic nevi,melanocytic nevi,0.0058184415,0.0045362287,0.011567509,0.0146616185,0.001976049,0.9542782,0.0071619307
5,5,melanocytic nevi,melanocytic nevi,0.005756761,0.0015836891,0.0077542565,0.0034031132,0.007948328,0.9730618,0.0004920312
5,5,melanocytic nevi,melanocytic nevi,0.0040102988,0.0006913706,0.032933377,0.00067057525,0.075428106,0.8861413,0.00012501696
5,2,melanocytic nevi,benign keratosis-like lesions,0.016498884,0.04976632,0.5636536,0.024133535,0.07886134,0.26406303,0.0030232714
5,5,melanocytic nevi,melanocytic nevi,0.0013220874,0.0009189011,0.004559716,0.0035274245,0.0012666796,0.9857793,0.0026259255
5,5,melanocytic nevi,melanocytic nevi,0.003124033,0.0021167698,0.010371416,0.004174743,0.0037577348,0.9744173,0.0020379045
5,5,melanocytic nevi,melanocytic nevi,0.022139965,0.01279103,0.03849126,0.00916699,0.039291337,0.8729095,0.005209948
5,5,melanocytic nevi,melanocytic nevi,1.5357618e-05,1.5337626e-05,0.0003456097,4.21836e-05,0.00032478347,0.99915123,0.00010538898
5,0,melanocytic nevi,actinic keratoses and intraepithelial carcinoma,0.2544145,0.08620268,0.19663502,0.047938168,0.1664699,0.24135083,0.006988852
4,5,melanoma,melanocytic nevi,0.16297668,0.098440304,0.16649309,0.06123098,0.20867135,0.28196883,0.020218754
2,1,benign keratosis-like lesions,basal cell carcinoma,0.077506885,0.32529432,0.09952593,0.057766363,0.10155476,0.08251148,0.25584024
4,5,melanoma,melanocytic nevi,0.0074621937,0.011376685,0.09337666,0.0038867984,0.1918519,0.68981177,0.002233995
5,5,melanocytic nevi,melanocytic nevi,0.01484997,0.011383274,0.02825264,0.029990744,0.0037888375,0.8991335,0.012601
2,4,benign keratosis-like lesions,melanoma,0.002614908,0.0074054715,0.17613253,0.0021460205,0.4424277,0.28082544,0.08844785
4,2,melanoma,benign keratosis-like lesions,0.07674367,0.104871474,0.32864076,0.03615242,0.31970882,0.102144435,0.03173837
5,5,melanocytic nevi,melanocytic nevi,0.0026030526,0.0009607816,0.009864394,0.0045331423,0.0027260645,0.9787381,0.00057444465
5,4,melanocytic nevi,melanoma,0.1974135,0.085319236,0.24291454,0.042511202,0.2772377,0.14774144,0.006862304
5,5,melanocytic nevi,melanocytic nevi,0.046464436,0.14320031,0.15562391,0.04073157,0.092041776,0.5112011,0.010736971
5,5,melanocytic nevi,melanocytic nevi,0.008966456,0.015522176,0.08253393,0.0038297563,0.06227309,0.8248212,0.002053388
5,5,melanocytic nevi,melanocytic nevi,0.0024131448,0.0045919176,0.13231514,0.0025594102,0.13188072,0.725196,0.0010436444
4,5,melanoma,melanocytic nevi,0.015162005,0.054408118,0.22842385,0.030303845,0.07309294,0.5891329,0.009476384
5,5,melanocytic nevi,melanocytic nevi,0.0066062594,0.030835787,0.08122022,0.008699155,0.02940879,0.8381281,0.005101646
0,1,actinic keratoses and intraepithelial carcinoma,basal cell carcinoma,0.12663913,0.40626281,0.110273674,0.05726494,0.060506985,0.21931928,0.019733133
5,5,melanocytic nevi,melanocytic nevi,0.06367279,0.081964105,0.10083817,0.010739618,0.07199207,0.6677545,0.0030388576
1,1,basal cell carcinoma,basal cell carcinoma,0.2130422,0.27621818,0.21787278,0.0797622,0.10826182,0.09000571,0.014837034
5,5,melanocytic nevi,melanocytic nevi,0.0050575654,0.0031581398,0.012426817,0.0052675465,0.004919795,0.9674928,0.0016772691
5,5,melanocytic nevi,melanocytic nevi,9.679267e-06,0.0009421268,0.00046605335,0.00011900521,0.0032233596,0.6548181,0.3404217
5,5,melanocytic nevi,melanocytic nevi,0.0005123771,0.0001366014,0.004141284,0.00030397292,0.0027392076,0.9920853,8.132329e-05
5,1,melanocytic nevi,basal cell carcinoma,0.36214897,0.38892594,0.08437861,0.06255984,0.026453821,0.067778334,0.007754489
0,0,actinic keratoses and intraepithelial carcinoma,actinic keratoses and intraepithelial carcinoma,0.38553664,0.21924992,0.1695312,0.07114179,0.09656159,0.05044431,0.007534538
5,5,melanocytic nevi,melanocytic nevi,0.0023670876,0.0006831729,0.08851548,0.000246491,0.080980726,0.82719177,1.5308922e-05
4,5,melanoma,melanocytic nevi,0.02469831,0.012415587,0.27955765,0.0052813245,0.20251846,0.4749787,0.00054996036
5,5,melanocytic nevi,melanocytic nevi,0.0063618124,0.012011725,0.34507883,0.0072211185,0.12018654,0.50766015,0.001479833
5,5,melanocytic nevi,melanocytic nevi,0.18335448,0.18004149,0.114383034,0.049182605,0.09590094,0.36089683,0.016240628
5,0,melanocytic nevi,actinic keratoses and intraepithelial carcinoma,0.33345968,0.16539754,0.17499587,0.059129637,0.105288476,0.1548135,0.006915334
5,5,melanocytic nevi,melanocytic nevi,0.0570586,0.006868729,0.08183348,0.007968191,0.060396053,0.78551227,0.00036267994
5,5,melanocytic nevi,melanocytic nevi,0.035714272,0.06029616,0.2023871,0.032300558,0.13389735,0.52729243,0.008112162
5,5,melanocytic nevi,melanocytic nevi,0.0013023472,0.0006716163,0.004071438,0.0019939854,0.0017467932,0.9894908,0.00072291645
4,4,melanoma,melanoma,0.21122293,0.035880946,0.15939035,0.010411245,0.36105385,0.2215748,0.00046586883
2,2,benign keratosis-like lesions,benign keratosis-like lesions,0.026527576,0.051226497,0.6074685,0.01777174,0.06729411,0.22829145,0.0014201336
2,0,benign keratosis-like lesions,actinic keratoses and intraepithelial carcinoma,0.4259531,0.18184783,0.22027707,0.06416279,0.06656965,0.038420778,0.0027688118
2,2,benign keratosis-like lesions,benign keratosis-like lesions,0.11264411,0.23122065,0.37741634,0.049987443,0.0523116,0.1703117,0.0061081904
5,2,melanocytic nevi,benign keratosis-like lesions,0.13900828,0.16002072,0.28675604,0.10798224,0.098250814,0.18443179,0.023550114
5,5,melanocytic nevi,melanocytic nevi,0.031229476,0.005079675,0.071646295,0.0027499786,0.14779764,0.74129575,0.0002012151
5,5,melanocytic nevi,melanocytic nevi,0.0036905566,0.0012085778,0.008125089,0.0046834555,0.0021183193,0.979423,0.00075101043
5,5,melanocytic nevi,melanocytic nevi,0.002735593,0.0021667434,0.00546164,0.0056087165,0.0020347084,0.9783613,0.0036313161
5,0,melanocytic nevi,actinic keratoses and intraepithelial carcinoma,0.24636951,0.104479104,0.214614,0.04273102,0.22499566,0.16401826,0.002792495
5,4,melanocytic nevi,melanoma,0.0646771,0.055846892,0.29424757,0.02440857,0.3685716,0.18810025,0.0041480223
5,5,melanocytic nevi,melanocytic nevi,0.00013241205,1.7233302e-05,0.0052055214,3.425552e-05,0.009264401,0.98534006,6.1249416e-06
4,0,melanoma,actinic keratoses and intraepithelial carcinoma,0.30991837,0.21011375,0.23604462,0.04765487,0.12577337,0.066822715,0.00367229
5,5,melanocytic nevi,melanocytic nevi,0.0349613,0.00941981,0.06678383,0.009758159,0.08033478,0.79675305,0.0019891188
5,2,melanocytic nevi,benign keratosis-like lesions,0.0064359144,0.010637096,0.46623904,0.0032849233,0.090510935,0.4224226,0.0004695112
5,5,melanocytic nevi,melanocytic nevi,0.017135818,0.01212323,0.023708282,0.029896712,0.0045615593,0.9057584,0.006815959
5,5,melanocytic nevi,melanocytic nevi,0.057251435,0.19276184,0.1296628,0.04420591,0.07010064,0.47956228,0.026455063
5,5,melanocytic nevi,melanocytic nevi,0.0054527046,0.029156605,0.13265386,0.010318597,0.032071937,0.786776,0.0035703229
4,4,melanoma,melanoma,0.009285082,0.008982021,0.07638527,0.0031061438,0.54289985,0.35464764,0.004694075
4,5,melanoma,melanocytic nevi,0.00024402146,3.99604e-05,0.08656025,1.7620001e-05,0.38075072,0.5323846,2.7990484e-06
5,5,melanocytic nevi,melanocytic nevi,0.015759923,0.0056923814,0.019394029,0.011648594,0.009413825,0.93573564,0.0023556773
5,5,melanocytic nevi,melanocytic nevi,0.0018481314,0.0008970645,0.007213273,0.002658127,0.0022122676,0.9843062,0.0008649055
0,0,actinic keratoses and intraepithelial carcinoma,actinic keratoses and intraepithelial carcinoma,0.39309752,0.0747665,0.11785703,0.034762118,0.10648657,0.27179784,0.0012324334
5,5,melanocytic nevi,melanocytic nevi,0.0013723429,0.0006573985,0.003964119,0.0024087953,0.0013294299,0.9892085,0.0010593256
5,0,melanocytic nevi,actinic keratoses and intraepithelial carcinoma,0.32952374,0.21971688,0.254605,0.038904127,0.122668765,0.032686964,0.0018945815
5,5,melanocytic nevi,melanocytic nevi,0.002798106,0.0010167075,0.009419261,0.002084234,0.0047796783,0.9791998,0.0007021071
0,0,actinic keratoses and intraepithelial carcinoma,actinic keratoses and intraepithelial carcinoma,0.41470864,0.17160584,0.16112506,0.05042119,0.121046536,0.077818245,0.0032744827
2,2,benign keratosis-like lesions,benign keratosis-like lesions,0.21469884,0.103658944,0.3722025,0.035459764,0.21790965,0.054700613,0.0013697174
2,1,benign keratosis-like lesions,basal cell carcinoma,0.1753645,0.29665276,0.23706068,0.058413725,0.03628581,0.18888722,0.007335334
2,2,benign keratosis-like lesions,benign keratosis-like lesions,0.03443858,0.07466242,0.35365805,0.039446965,0.1438814,0.3445948,0.009317773
3,5,dermatofibroma,melanocytic nevi,0.087430105,0.07520708,0.06692701,0.11554885,0.0139732985,0.60815907,0.032754626
5,5,melanocytic nevi,melanocytic nevi,0.0024152917,0.00067230716,0.01770107,0.0015711006,0.013225162,0.9639062,0.00050879683
5,4,melanocytic nevi,melanoma,0.18035091,0.18654764,0.1974512,0.050290186,0.24861912,0.12674911,0.009991894
4,5,melanoma,melanocytic nevi,0.0040644533,0.0011712554,0.027296206,0.0007837174,0.108394906,0.85808194,0.0002075191
4,4,melanoma,melanoma,0.050217334,0.02238762,0.3599689,0.009201303,0.36134994,0.19625318,0.0006217402
5,5,melanocytic nevi,melanocytic nevi,4.3481687e-05,3.888331e-06,0.010730478,7.360874e-06,0.047310248,0.94190365,9.407355e-07
5,5,melanocytic nevi,melanocytic nevi,0.00059075904,0.0020297032,0.0065490794,0.0041219415,0.0038383014,0.96664923,0.016220996
5,5,melanocytic nevi,melanocytic nevi,0.002430844,0.00039892705,0.019762406,0.00050422276,0.024036996,0.95281327,5.3225387e-05
5,5,melanocytic nevi,melanocytic nevi,0.10516108,0.15885654,0.11066897,0.026371453,0.06365316,0.5277467,0.0075420984
0,2,actinic keratoses and intraepithelial carcinoma,benign keratosis-like lesions,0.28795645,0.18099551,0.30720866,0.057841208,0.10272079,0.059641212,0.0036361471
5,5,melanocytic nevi,melanocytic nevi,0.01071937,0.0027860068,0.022028117,0.0066279154,0.0069027753,0.95015967,0.0007761806
5,1,melanocytic nevi,basal cell carcinoma,0.15046321,0.552615,0.063021,0.05116932,0.014087216,0.15941481,0.009229417
5,5,melanocytic nevi,melanocytic nevi,0.018274598,0.053300224,0.31083673,0.029428134,0.09468283,0.48661715,0.0068602944
5,5,melanocytic nevi,melanocytic nevi,0.043838855,0.02602459,0.047986556,0.051176883,0.007902116,0.81136936,0.011701581
4,4,melanoma,melanoma,0.0030426777,0.0011101064,0.17439991,0.00047900685,0.47343558,0.3474401,9.268772e-05
2,2,benign keratosis-like lesions,benign keratosis-like lesions,0.09221313,0.109659806,0.35694382,0.037855193,0.23485298,0.16375469,0.0047204825
1,1,basal cell carcinoma,basal cell carcinoma,0.2680879,0.43488,0.09986308,0.07001859,0.04016616,0.06811736,0.018866954
5,1,melanocytic nevi,basal cell carcinoma,0.11860368,0.27146825,0.14088543,0.06535899,0.13460697,0.23100266,0.038074013
5,5,melanocytic nevi,melanocytic nevi,0.00412795,0.030734895,0.093858,0.006461592,0.009619397,0.85343915,0.0017588985
5,5,melanocytic nevi,melanocytic nevi,0.012462761,0.0049619437,0.03686595,0.004828594,0.029739408,0.90996224,0.0011790332
5,5,melanocytic nevi,melanocytic nevi,0.010926936,0.002487107,0.01837978,0.005454817,0.006349203,0.9559709,0.0004313406
5,5,melanocytic nevi,melanocytic nevi,0.00010020311,1.7423205e-05,0.002766958,3.5696536e-05,0.0051038903,0.991966,9.927963e-06
5,5,melanocytic nevi,melanocytic nevi,0.000107950174,3.621762e-05,0.0010512278,0.0001077039,0.0007087632,0.9979381,4.9907827e-05
5,5,melanocytic nevi,melanocytic nevi,0.0005773707,0.00014415804,0.0063335407,0.00021682333,0.0064598653,0.98622686,4.1380903e-05
5,5,melanocytic nevi,melanocytic nevi,0.06643163,0.04584634,0.06679391,0.035775114,0.023981448,0.7426682,0.01850337
1,1,basal cell carcinoma,basal cell carcinoma,0.2219415,0.34583518,0.12830086,0.071130306,0.059316695,0.1460176,0.027457856
5,4,melanocytic nevi,melanoma,0.13473663,0.016810734,0.14861335,0.008898699,0.4379634,0.2525396,0.00043754317
2,5,benign keratosis-like lesions,melanocytic nevi,0.013110809,0.023417663,0.35356125,0.009665768,0.1736844,0.42446506,0.0020950094
5,5,melanocytic nevi,melanocytic nevi,0.00015460228,0.00024780552,0.0017311284,0.00082778843,0.0009921457,0.993046,0.0030006198
5,5,melanocytic nevi,melanocytic nevi,0.0027127187,0.0011457233,0.0074700457,0.0035478198,0.0023636494,0.9817824,0.000977585
2,5,benign keratosis-like lesions,melanocytic nevi,0.064311355,0.05365971,0.3031865,0.022069244,0.2167013,0.33625114,0.0038207243
5,5,melanocytic nevi,melanocytic nevi,0.00056900235,0.0001333811,0.0068449858,0.00023574111,0.0098004695,0.98233956,7.6985234e-05
5,5,melanocytic nevi,melanocytic nevi,0.03736928,0.29799658,0.16785309,0.04980535,0.07589062,0.34881932,0.022265688
1,0,basal cell carcinoma,actinic keratoses and intraepithelial carcinoma,0.37466657,0.27711383,0.13656646,0.049790096,0.10785644,0.04906389,0.0049426355
5,5,melanocytic nevi,melanocytic nevi,0.023758966,0.00815901,0.048873898,0.018679438,0.018446747,0.878197,0.0038849046
4,5,melanoma,melanocytic nevi,0.12401658,0.0845088,0.09980672,0.040061668,0.12780254,0.51377946,0.010024222
0,2,actinic keratoses and intraepithelial carcinoma,benign keratosis-like lesions,0.2751967,0.16920452,0.31218052,0.05070913,0.15641575,0.033855926,0.002437444
5,5,melanocytic nevi,melanocytic nevi,0.0122939,0.0047529293,0.021858219,0.014405749,0.008309656,0.936222,0.0021576085
5,5,melanocytic nevi,melanocytic nevi,0.008275507,0.026359709,0.2805714,0.011963803,0.07892092,0.5904469,0.0034616631
5,5,melanocytic nevi,melanocytic nevi,0.097858906,0.058264382,0.096542835,0.023677776,0.12277521,0.59835577,0.0025250802
5,5,melanocytic nevi,melanocytic nevi,0.0006110522,0.00017853132,0.047866106,0.00013600742,0.19610283,0.75499034,0.00011515499
5,5,melanocytic nevi,melanocytic nevi,0.056039076,0.014523685,0.031284094,0.030387856,0.008375516,0.8575894,0.0018002669
5,5,melanocytic nevi,melanocytic nevi,0.00015705665,2.7332284e-05,0.0025326577,7.2827446e-05,0.0020372204,0.99515706,1.5743957e-05
5,5,melanocytic nevi,melanocytic nevi,0.0020576816,0.0004907419,0.009764736,0.0008563492,0.008619955,0.9780701,0.00014041345
5,5,melanocytic nevi,melanocytic nevi,0.1851551,0.0662131,0.17871392,0.0337829,0.23775694,0.2928143,0.0055637113
1,5,basal cell carcinoma,melanocytic nevi,0.043474507,0.082984135,0.22042836,0.04343796,0.2305475,0.3491368,0.0299907
5,5,melanocytic nevi,melanocytic nevi,0.012686305,0.0032042328,0.1778405,0.0011440129,0.18218409,0.6228536,8.733159e-05
5,5,melanocytic nevi,melanocytic nevi,0.023368383,0.07093323,0.049372654,0.036771286,0.025342856,0.7617826,0.032429032
5,5,melanocytic nevi,melanocytic nevi,0.0034430155,0.005435957,0.1571432,0.0022247212,0.08954224,0.741583,0.0006279509
5,5,melanocytic nevi,melanocytic nevi,0.024479747,0.0068214918,0.030021373,0.012597126,0.013784538,0.91088474,0.0014109962
5,5,melanocytic nevi,melanocytic nevi,0.0035625775,0.0030301334,0.0069055944,0.009978944,0.0012891878,0.9723384,0.002895285
5,5,melanocytic nevi,melanocytic nevi,0.00089354225,0.0032052624,0.008060912,0.0030394606,0.015084867,0.95348763,0.016228259
5,5,melanocytic nevi,melanocytic nevi,0.0043052253,0.0008075116,0.018833337,0.0017034204,0.009883338,0.964311,0.00015606817
5,5,melanocytic nevi,melanocytic nevi,0.0022262768,0.001074274,0.010610852,0.001339728,0.010189313,0.97359294,0.00096666464
4,5,melanoma,melanocytic nevi,0.040048383,0.21441661,0.09686419,0.0619665,0.071441524,0.46143726,0.053825505
5,5,melanocytic nevi,melanocytic nevi,0.00023226847,8.564757e-05,0.0018744465,0.0002846939,0.001193656,0.99618113,0.0001481491
5,5,melanocytic nevi,melanocytic nevi,0.0018662079,0.0021080228,0.006339466,0.006906027,0.0010001892,0.9770289,0.0047512003
5,5,melanocytic nevi,melanocytic nevi,0.073177405,0.19052336,0.114313304,0.035103723,0.072840676,0.5026764,0.011365101
2,5,benign keratosis-like lesions,melanocytic nevi,0.019459533,0.058887605,0.2930708,0.026930518,0.105178386,0.49101648,0.0054566567
5,5,melanocytic nevi,melanocytic nevi,1.9406967e-05,0.00053172867,0.0018902741,0.00041001863,0.0026202044,0.8094663,0.18506198
5,5,melanocytic nevi,melanocytic nevi,0.003676338,0.0025632686,0.008317818,0.009240685,0.0014240448,0.9717656,0.0030122444
4,5,melanoma,melanocytic nevi,0.008711399,0.0124539845,0.20437092,0.00503543,0.121732846,0.6462782,0.0014172132
5,2,melanocytic nevi,benign keratosis-like lesions,0.05159281,0.14929412,0.40361467,0.05279347,0.10264558,0.22898707,0.011072302
5,6,melanocytic nevi,vascular lesions,0.035535976,0.17339912,0.06635168,0.08505414,0.06586139,0.14286678,0.43093085
5,5,melanocytic nevi,melanocytic nevi,0.0018079411,0.0013557891,0.008113971,0.0022318792,0.0057255286,0.97899866,0.0017660998
2,5,benign keratosis-like lesions,melanocytic nevi,0.082723305,0.10840735,0.15091503,0.030217342,0.28400907,0.2974795,0.04624838
5,5,melanocytic nevi,melanocytic nevi,2.0659447e-05,1.8367228e-06,0.002458542,3.0987856e-06,0.008760861,0.9887545,5.5055193e-07
5,5,melanocytic nevi,melanocytic nevi,0.07527306,0.2187694,0.13934524,0.069028996,0.077424526,0.38771608,0.0324426
5,5,melanocytic nevi,melanocytic nevi,0.018506484,0.019516349,0.029637069,0.029806247,0.025899228,0.86286974,0.013764942
4,0,melanoma,actinic keratoses and intraepithelial carcinoma,0.3778912,0.12321787,0.3043265,0.036263,0.13570853,0.021947576,0.00064535293
6,6,vascular lesions,vascular lesions,0.042239387,0.12055655,0.08415955,0.08074383,0.029285187,0.035406932,0.6076085
5,5,melanocytic nevi,melanocytic nevi,0.0022590854,0.0019521186,0.0073111486,0.008654518,0.0011531381,0.97573644,0.0029335052
5,5,melanocytic nevi,melanocytic nevi,4.4629752e-07,8.426342e-08,0.00011345682,1.8115388e-07,0.00041766485,0.99946815,1.3478169e-07
2,5,benign keratosis-like lesions,melanocytic nevi,0.13823213,0.060117792,0.14785212,0.04635036,0.06192908,0.53368217,0.01183636
5,5,melanocytic nevi,melanocytic nevi,0.0002712197,3.7025846e-05,0.009531941,6.593021e-05,0.025280006,0.9648013,1.2481438e-05
4,4,melanoma,melanoma,0.0047197253,0.0010575509,0.1156803,0.00045857095,0.50507146,0.3729486,6.38092e-05
5,5,melanocytic nevi,melanocytic nevi,2.933359e-06,3.020685e-07,0.0014187945,3.3187663e-07,0.04619426,0.9523833,1.2268774e-07
6,4,vascular lesions,melanoma,0.008514796,0.027789166,0.27581424,0.013583362,0.40654716,0.13788864,0.12986264
5,5,melanocytic nevi,melanocytic nevi,0.004398808,0.001077984,0.015940024,0.0021117602,0.010969777,0.96507806,0.00042364997
5,5,melanocytic nevi,melanocytic nevi,0.015305792,0.006103111,0.022657651,0.020357218,0.004950833,0.9248924,0.0057329377
5,5,melanocytic nevi,melanocytic nevi,0.00056197244,8.75937e-05,0.026706152,4.6554615e-05,0.4310391,0.5415423,1.631578e-05
5,5,melanocytic nevi,melanocytic nevi,0.06729524,0.073042646,0.048588138,0.05733266,0.031575203,0.7061497,0.016016457
4,5,melanoma,melanocytic nevi,0.008164793,0.0040370096,0.044631694,0.0021002302,0.16608468,0.7736049,0.0013766373
5,2,melanocytic nevi,benign keratosis-like lesions,0.021924235,0.081967376,0.42297935,0.026320146,0.053364303,0.38907915,0.00436541
5,5,melanocytic nevi,melanocytic nevi,0.0025001573,0.0091817025,0.26112852,0.007572937,0.1234661,0.5919202,0.0042303596
4,2,melanoma,benign keratosis-like lesions,0.04733476,0.06610124,0.48707882,0.029243866,0.15966949,0.20699577,0.0035760796
5,5,melanocytic nevi,melanocytic nevi,0.051480204,0.052130204,0.067565635,0.052018307,0.017915418,0.73411167,0.024778547
5,5,melanocytic nevi,melanocytic nevi,0.0015909814,0.0040965616,0.038253866,0.0022545094,0.13568461,0.8108857,0.0072338753
5,5,melanocytic nevi,melanocytic nevi,0.0014494532,0.00083075766,0.0039125625,0.004009562,0.0007012374,0.9878876,0.0012087747
5,4,melanocytic nevi,melanoma,0.17806165,0.08073884,0.19162457,0.030729337,0.34512857,0.16986723,0.0038498458
1,5,basal cell carcinoma,melanocytic nevi,0.21893634,0.11269193,0.23491184,0.056834873,0.12991814,0.24060741,0.0060995216
5,5,melanocytic nevi,melanocytic nevi,0.014263828,0.008987385,0.016635608,0.034978367,0.002771574,0.91590047,0.006462757
5,0,melanocytic nevi,actinic keratoses and intraepithelial carcinoma,0.30391788,0.27337846,0.20442753,0.10558095,0.043995816,0.055849448,0.012849957
5,5,melanocytic nevi,melanocytic nevi,0.03672692,0.010236115,0.04510709,0.020121409,0.013978853,0.87163895,0.002190647
5,4,melanocytic nevi,melanoma,0.04233715,0.032068346,0.10810115,0.008809851,0.41967565,0.36864412,0.0203637
5,5,melanocytic nevi,melanocytic nevi,0.0041076243,0.0016373205,0.014206022,0.003032882,0.0057497644,0.970525,0.0007413821
2,2,benign keratosis-like lesions,benign keratosis-like lesions,0.005416821,0.020507451,0.5821319,0.008008918,0.06619483,0.31661335,0.0011266199
5,5,melanocytic nevi,melanocytic nevi,0.09595534,0.020495575,0.170011,0.01095618,0.26084408,0.44096705,0.0007707764
0,5,actinic keratoses and intraepithelial carcinoma,melanocytic nevi,0.24341358,0.060584456,0.12022235,0.034417365,0.1410809,0.39672723,0.003554131
1,0,basal cell carcinoma,actinic keratoses and intraepithelial carcinoma,0.29590452,0.15360168,0.17842565,0.058576845,0.1030739,0.20526947,0.005147925
5,5,melanocytic nevi,melanocytic nevi,0.0015357966,0.00024169293,0.014970699,0.00034143036,0.025212632,0.95764107,5.676541e-05
4,4,melanoma,melanoma,0.12359373,0.15295374,0.102653466,0.04040161,0.26631752,0.25372642,0.060353562
5,5,melanocytic nevi,melanocytic nevi,0.0011921321,0.00029283293,0.0031742835,0.001371802,0.00073538977,0.9930566,0.00017695161
5,5,melanocytic nevi,melanocytic nevi,0.006166055,0.0022093675,0.06033351,0.001335115,0.20542324,0.7236898,0.0008428894
5,5,melanocytic nevi,melanocytic nevi,0.0017750771,0.0024740878,0.0064400714,0.0036148012,0.00470792,0.9750982,0.0058899396
5,5,melanocytic nevi,melanocytic nevi,0.008491466,0.0051099863,0.015610162,0.0083193,0.0059413016,0.95433617,0.0021916796
5,5,melanocytic nevi,melanocytic nevi,0.009172683,0.0043422314,0.015016738,0.007110401,0.004885442,0.9585504,0.00092210225
5,5,melanocytic nevi,melanocytic nevi,0.049518682,0.008408759,0.020246511,0.017871523,0.006925209,0.89637893,0.0006503858
5,5,melanocytic nevi,melanocytic nevi,0.0005982195,0.00017343434,0.0033444662,0.00058242725,0.0012373634,0.9939306,0.00013347655
5,5,melanocytic nevi,melanocytic nevi,0.001621966,0.0010413525,0.0051347394,0.0033626049,0.0026203904,0.98453856,0.0016803759
5,5,melanocytic nevi,melanocytic nevi,0.0035979182,0.001267122,0.017612115,0.0021403302,0.010962854,0.96356434,0.0008552376
5,5,melanocytic nevi,melanocytic nevi,0.018290302,0.008621081,0.14410801,0.0041806633,0.30042338,0.52329916,0.0010774096
4,4,melanoma,melanoma,0.0026343158,0.0029228805,0.15152931,0.0011204043,0.49829742,0.3401156,0.003380079
5,5,melanocytic nevi,melanocytic nevi,0.008164434,0.05081115,0.21542594,0.015190293,0.105052486,0.5860813,0.019274315
5,5,melanocytic nevi,melanocytic nevi,0.0044895746,0.0022714364,0.0144246,0.0033474355,0.008268225,0.96593887,0.0012598925
5,5,melanocytic nevi,melanocytic nevi,0.015224106,0.008687071,0.016154345,0.017212274,0.0035479655,0.93732375,0.0018504795
2,5,benign keratosis-like lesions,melanocytic nevi,0.02783303,0.01021088,0.38230285,0.010912682,0.113859996,0.45420417,0.0006763173
4,4,melanoma,melanoma,0.014071681,0.0053128814,0.23482227,0.0018713697,0.49538934,0.24832878,0.00020365792
5,5,melanocytic nevi,melanocytic nevi,1.3079299e-05,5.3750996e-06,0.0003705234,1.652412e-05,0.00035512488,0.99922335,1.6112086e-05
2,0,benign keratosis-like lesions,actinic keratoses and intraepithelial carcinoma,0.35634395,0.17107864,0.25404993,0.06575071,0.112734735,0.036018766,0.004023276
5,5,melanocytic nevi,melanocytic nevi,0.018959228,0.0060490803,0.11395766,0.003959987,0.13631327,0.72004056,0.00072023313
5,5,melanocytic nevi,melanocytic nevi,0.001567588,0.003941072,0.0532671,0.0021755744,0.03027365,0.9076321,0.0011429233
4,2,melanoma,benign keratosis-like lesions,0.065775946,0.1112841,0.40109676,0.051331542,0.1303406,0.2311815,0.00898949
4,5,melanoma,melanocytic nevi,0.053321097,0.25096366,0.05531291,0.017590448,0.026019052,0.58811307,0.008679881
5,6,melanocytic nevi,vascular lesions,0.0004471282,0.13731451,0.0008251305,0.007740369,0.0016581765,0.005890099,0.8461246
4,5,melanoma,melanocytic nevi,0.00181558,0.0011798914,0.20168318,0.00061062694,0.21118651,0.58345646,6.779298e-05
2,5,benign keratosis-like lesions,melanocytic nevi,0.040184736,0.02427857,0.1819215,0.025268644,0.14452364,0.5709781,0.012844809
4,4,melanoma,melanoma,8.83015e-05,4.2710766e-05,0.022047298,2.000182e-05,0.64090973,0.33655474,0.00033722696
5,5,melanocytic nevi,melanocytic nevi,0.06983636,0.23512927,0.10641124,0.05731524,0.03787347,0.45706165,0.0363727
5,5,melanocytic nevi,melanocytic nevi,0.02700981,0.021120043,0.040478922,0.032321583,0.02640553,0.8215139,0.031150239
5,5,melanocytic nevi,melanocytic nevi,0.0015223204,0.0008904272,0.0053035812,0.0035062856,0.0010860382,0.9857875,0.0019039107
4,4,melanoma,melanoma,7.137897e-06,4.707406e-05,0.06293215,1.034952e-05,0.43805355,0.40733886,0.09161089
5,5,melanocytic nevi,melanocytic nevi,0.00030225894,5.534105e-05,0.0035657138,0.00013854507,0.0029550998,0.9929531,2.9976536e-05
5,1,melanocytic nevi,basal cell carcinoma,0.19172756,0.21791798,0.16578554,0.11587106,0.06912297,0.21554892,0.0240259
5,5,melanocytic nevi,melanocytic nevi,0.10046365,0.29157555,0.117857985,0.041612837,0.09253543,0.3321721,0.023782413
4,5,melanoma,melanocytic nevi,0.013776204,0.02828823,0.14671342,0.009569596,0.20274647,0.5941736,0.0047324775
1,2,basal cell carcinoma,benign keratosis-like lesions,0.21026196,0.15860707,0.36024532,0.07937838,0.08164751,0.10438613,0.0054737283
2,5,benign keratosis-like lesions,melanocytic nevi,0.0018709048,0.00043795252,0.14386843,0.00019567051,0.26116613,0.59244555,1.5411651e-05
5,1,melanocytic nevi,basal cell carcinoma,0.1933567,0.389018,0.14557064,0.061638962,0.11382101,0.07289915,0.023695536
5,5,melanocytic nevi,melanocytic nevi,0.0061958227,0.0013617318,0.008541991,0.004863236,0.0024760233,0.9760966,0.0004646497
5,5,melanocytic nevi,melanocytic nevi,0.004143679,0.001679773,0.10635206,0.001109022,0.20847882,0.67779154,0.00044504734
5,5,melanocytic nevi,melanocytic nevi,0.021978932,0.01939178,0.036502793,0.0076282267,0.042274456,0.8702018,0.0020220422
5,5,melanocytic nevi,melanocytic nevi,0.011365789,0.028193355,0.31943172,0.015563302,0.13970266,0.48163268,0.004110406
5,5,melanocytic nevi,melanocytic nevi,2.1135764e-05,2.1845035e-06,0.0011349118,3.6901329e-06,0.009799716,0.9890376,8.043263e-07
5,5,melanocytic nevi,melanocytic nevi,0.0043455353,0.0010102473,0.07532086,0.00031882475,0.13479275,0.78418916,2.2579992e-05
1,2,basal cell carcinoma,benign keratosis-like lesions,0.025038734,0.049115244,0.6872587,0.012347955,0.032685082,0.19301894,0.000535244
5,5,melanocytic nevi,melanocytic nevi,0.0010898729,0.0005325314,0.0035533188,0.0016045393,0.0015717739,0.9910479,0.00060001184
2,5,benign keratosis-like lesions,melanocytic nevi,0.021697838,0.05247857,0.045601882,0.022247728,0.059901666,0.7739222,0.024150105
2,0,benign keratosis-like lesions,actinic keratoses and intraepithelial carcinoma,0.39916673,0.19326758,0.24453056,0.045188032,0.09032945,0.02588428,0.0016333705
5,2,melanocytic nevi,benign keratosis-like lesions,0.0510805,0.059880905,0.48021618,0.025836838,0.22067696,0.15972477,0.0025838062
5,5,melanocytic nevi,melanocytic nevi,0.006408751,0.006886479,0.025593745,0.0036272623,0.071597986,0.8786179,0.007267851
5,5,melanocytic nevi,melanocytic nevi,0.014599221,0.013320134,0.034557886,0.0042833425,0.037985086,0.89407665,0.0011777171
5,5,melanocytic nevi,melanocytic nevi,0.17660537,0.05001826,0.107234806,0.031286195,0.095354654,0.53654414,0.002956628
4,0,melanoma,actinic keratoses and intraepithelial carcinoma,0.33297983,0.2062899,0.2375795,0.0909609,0.07408795,0.05054892,0.0075530848
5,2,melanocytic nevi,benign keratosis-like lesions,0.108718775,0.13400096,0.3148964,0.07348576,0.2337983,0.11680006,0.018299773
5,5,melanocytic nevi,melanocytic nevi,0.024766535,0.095963664,0.0629834,0.054320607,0.10824435,0.359255,0.29446644
5,5,melanocytic nevi,melanocytic nevi,0.16303346,0.055662915,0.07302657,0.09488905,0.017482009,0.58976763,0.006138321
5,5,melanocytic nevi,melanocytic nevi,0.0040171286,0.00073292194,0.012903031,0.0015873201,0.0073224357,0.9732444,0.0001927294
5,5,melanocytic nevi,melanocytic nevi,0.0059412164,0.0019282376,0.14007026,0.0007327281,0.17006916,0.68112946,0.00012891575
5,5,melanocytic nevi,melanocytic nevi,0.0005333661,0.00035669716,0.0036592172,0.00038913978,0.0058386526,0.9889126,0.00031044992
5,5,melanocytic nevi,melanocytic nevi,0.0029113155,0.0018005281,0.012102536,0.002585511,0.0077653592,0.9705154,0.0023193639
5,5,melanocytic nevi,melanocytic nevi,0.009853202,0.012476734,0.1780044,0.010201104,0.0912206,0.6896181,0.008625881
1,1,basal cell carcinoma,basal cell carcinoma,0.24209996,0.31189078,0.106444284,0.09734255,0.02899436,0.18765338,0.02557474
5,5,melanocytic nevi,melanocytic nevi,0.005360472,0.0007650002,0.09887423,0.00042541063,0.36069262,0.5338334,4.8900158e-05
4,4,melanoma,melanoma,0.026324602,0.0058966135,0.16799986,0.0026984347,0.40148437,0.39528093,0.0003151048
5,5,melanocytic nevi,melanocytic nevi,0.00014737624,5.545076e-05,0.0010088217,0.00030436378,0.00045802997,0.99791104,0.00011491166
5,5,melanocytic nevi,melanocytic nevi,0.014028015,0.024283485,0.038250454,0.013255859,0.037305534,0.86432505,0.008551646
2,5,benign keratosis-like lesions,melanocytic nevi,0.1060199,0.03346901,0.26708266,0.04340528,0.0709777,0.47498384,0.004061547
0,0,actinic keratoses and intraepithelial carcinoma,actinic keratoses and intraepithelial carcinoma,0.37519297,0.21109587,0.14218163,0.07598978,0.040157788,0.148697,0.006684919
5,5,melanocytic nevi,melanocytic nevi,0.17176864,0.064127155,0.074434765,0.0937643,0.016026182,0.57349634,0.006382627
5,5,melanocytic nevi,melanocytic nevi,0.005133367,0.0008272144,0.01737019,0.0030396928,0.005914978,0.96749496,0.00021959713
5,5,melanocytic nevi,melanocytic nevi,0.016169626,0.004432181,0.025178356,0.010548608,0.0048920005,0.93801403,0.00076518574
5,5,melanocytic nevi,melanocytic nevi,0.018009711,0.005044894,0.044344496,0.0072818142,0.027577436,0.8963261,0.001415486
5,5,melanocytic nevi,melanocytic nevi,0.031380694,0.26480317,0.09331816,0.0317973,0.025160937,0.52761585,0.025923876
6,5,vascular lesions,melanocytic nevi,0.03337938,0.12042813,0.13372016,0.09482135,0.051428203,0.46409634,0.1021265
4,5,melanoma,melanocytic nevi,0.0142874615,0.020710709,0.19186266,0.0062503456,0.18578878,0.5747467,0.0063533536
1,1,basal cell carcinoma,basal cell carcinoma,0.13207103,0.5143644,0.061056845,0.056828056,0.017041527,0.20477533,0.013862804
5,5,melanocytic nevi,melanocytic nevi,0.0054969704,0.0031914853,0.0111892065,0.0037592985,0.009298564,0.96631473,0.0007497699
5,5,melanocytic nevi,melanocytic nevi,0.0005490522,0.00040580798,0.0021364915,0.0024326246,0.00029936375,0.9927048,0.0014718284
2,2,benign keratosis-like lesions,benign keratosis-like lesions,0.15207346,0.1832535,0.37753394,0.051176738,0.12890786,0.10260465,0.0044498667
5,5,melanocytic nevi,melanocytic nevi,0.07423012,0.052935656,0.069416024,0.016801083,0.15603717,0.6235899,0.0069901585
5,5,melanocytic nevi,melanocytic nevi,5.7859386e-05,1.0460444e-05,0.0007398046,3.29061e-05,0.0012079778,0.9979413,9.655738e-06
5,5,melanocytic nevi,melanocytic nevi,0.0113014905,0.0029977614,0.033861574,0.007036893,0.016867088,0.92660326,0.0013318735
0,1,actinic keratoses and intraepithelial carcinoma,basal cell carcinoma,0.30808365,0.3426848,0.12795328,0.060595643,0.058758516,0.09039654,0.011527539
5,5,melanocytic nevi,melanocytic nevi,7.2538446e-06,7.6375596e-07,0.0010339534,1.6284124e-06,0.0038292012,0.99512684,3.8307786e-07
5,5,melanocytic nevi,melanocytic nevi,0.013092356,0.009635747,0.016494155,0.017479505,0.006802204,0.9313054,0.005190683
4,2,melanoma,benign keratosis-like lesions,0.1792956,0.1264814,0.3346982,0.04813528,0.20342796,0.10440082,0.0035607226
5,5,melanocytic nevi,melanocytic nevi,0.00040506403,0.0010612227,0.003581533,0.0019500994,0.002641357,0.9815545,0.008806152
5,5,melanocytic nevi,melanocytic nevi,0.0065263472,0.002842481,0.10037536,0.0010097736,0.43777734,0.4511676,0.00030099976
4,4,melanoma,melanoma,0.0688489,0.050979987,0.18315724,0.019905599,0.42081842,0.2509787,0.005311056
5,5,melanocytic nevi,melanocytic nevi,0.06830156,0.12723464,0.14299591,0.03019617,0.13832067,0.47714603,0.015804984
5,5,melanocytic nevi,melanocytic nevi,0.066080354,0.18412851,0.25115266,0.04619347,0.13847096,0.30294266,0.011031353
5,5,melanocytic nevi,melanocytic nevi,0.014054813,0.004758658,0.024864698,0.0060453927,0.014976466,0.93463147,0.0006686418
5,4,melanocytic nevi,melanoma,0.020294193,0.0038903425,0.17490423,0.0015884422,0.4230356,0.3761092,0.0001779883
5,5,melanocytic nevi,melanocytic nevi,0.15261471,0.05432121,0.12715639,0.065776296,0.030747816,0.56200504,0.0073785833
5,5,melanocytic nevi,melanocytic nevi,0.0011898217,0.00031468828,0.004227509,0.0011285188,0.0018466407,0.99107903,0.00021386634
5,5,melanocytic nevi,melanocytic nevi,0.0004738259,0.00016021253,0.0033676103,0.00034975083,0.0023348988,0.99318415,0.00012957181
5,5,melanocytic nevi,melanocytic nevi,0.035074834,0.02272072,0.1556623,0.010224415,0.13695402,0.6367876,0.0025761146
5,5,melanocytic nevi,melanocytic nevi,0.0010287678,0.00041633256,0.004277179,0.0016856703,0.0014839566,0.99072015,0.0003880108
5,5,melanocytic nevi,melanocytic nevi,0.14472604,0.1805821,0.14493272,0.029164154,0.08750096,0.4052063,0.007887794
4,2,melanoma,benign keratosis-like lesions,0.084762715,0.11890904,0.40993094,0.046924498,0.13670337,0.19684538,0.0059240186
4,0,melanoma,actinic keratoses and intraepithelial carcinoma,0.280507,0.17286265,0.2148014,0.05425387,0.1705376,0.10200409,0.005033409
5,5,melanocytic nevi,melanocytic nevi,0.004145762,0.0012795215,0.0119783105,0.0029597925,0.0048690997,0.97431743,0.00045007744
5,4,melanocytic nevi,melanoma,0.00689513,0.0032585792,0.06222627,0.0010938069,0.5410734,0.38505748,0.0003953064
2,2,benign keratosis-like lesions,benign keratosis-like lesions,0.16308714,0.16640493,0.46262035,0.058615655,0.104650736,0.041657686,0.0029634181
5,5,melanocytic nevi,melanocytic nevi,0.011456986,0.03789571,0.037106052,0.026248984,0.020238994,0.8506253,0.016428012
5,5,melanocytic nevi,melanocytic nevi,0.088815585,0.055433147,0.21021275,0.022428297,0.17163022,0.44807982,0.0034001812
2,5,benign keratosis-like lesions,melanocytic nevi,0.0056638797,0.0019686795,0.023875453,0.0024665284,0.02397489,0.9415462,0.0005042769
5,5,melanocytic nevi,melanocytic nevi,0.004579332,0.0012007036,0.038874947,0.00074102066,0.13278565,0.8216698,0.00014851581
4,4,melanoma,melanoma,0.0019068337,0.00017084573,0.028075721,5.0675488e-05,0.7696407,0.20014621,9.020225e-06
5,5,melanocytic nevi,melanocytic nevi,0.11737428,0.08459759,0.1816875,0.03127124,0.26571923,0.3118878,0.0074622883
5,5,melanocytic nevi,melanocytic nevi,0.010193582,0.0087935785,0.016012762,0.02425453,0.0022382261,0.93236,0.0061472557
5,5,melanocytic nevi,melanocytic nevi,0.00019727573,3.492863e-05,0.0034495832,7.363336e-05,0.005452927,0.9907754,1.63339e-05
4,4,melanoma,melanoma,0.00089532713,0.00021255655,0.043277655,8.804114e-05,0.6640411,0.29141018,7.514932e-05
5,5,melanocytic nevi,melanocytic nevi,1.6730413e-05,4.538991e-06,0.00081055757,1.3075817e-05,0.0009751521,0.9981736,6.3357943e-06
5,5,melanocytic nevi,melanocytic nevi,0.06348045,0.15489471,0.22772738,0.0342822,0.13532774,0.37612987,0.008157623
5,5,melanocytic nevi,melanocytic nevi,0.0038057223,0.0019723747,0.0065333173,0.006932458,0.0015225234,0.97777224,0.0014614628
1,0,basal cell carcinoma,actinic keratoses and intraepithelial carcinoma,0.40401527,0.2733014,0.13740018,0.069605686,0.05169441,0.055436272,0.008546749
5,5,melanocytic nevi,melanocytic nevi,0.015017821,0.0060837925,0.02511764,0.009265841,0.011277436,0.9300936,0.0031439266
5,5,melanocytic nevi,melanocytic nevi,0.004902384,0.0021420645,0.0085539,0.005575695,0.003288495,0.97449434,0.0010430432
5,5,melanocytic nevi,melanocytic nevi,0.0031724558,0.0013931157,0.005724272,0.0076281894,0.0008439809,0.9801425,0.0010955692
4,5,melanoma,melanocytic nevi,0.0018032299,0.003371519,0.35104114,0.0016138041,0.18467149,0.45682237,0.0006765218
5,5,melanocytic nevi,melanocytic nevi,0.23332594,0.2294062,0.07835105,0.10629348,0.04763429,0.27736115,0.027627902
4,2,melanoma,benign keratosis-like lesions,0.06742413,0.09199923,0.42212906,0.039603822,0.16445774,0.20856105,0.005824986
5,1,melanocytic nevi,basal cell carcinoma,0.21769531,0.37468258,0.13223387,0.076826714,0.048188716,0.11205613,0.038316675
2,2,benign keratosis-like lesions,benign keratosis-like lesions,0.20016935,0.1420533,0.3670694,0.070806935,0.14948578,0.06450031,0.0059149973
5,5,melanocytic nevi,melanocytic nevi,0.07006243,0.09389068,0.22674468,0.035932254,0.20233539,0.35819665,0.012837927
5,5,melanocytic nevi,melanocytic nevi,0.00026726353,0.000112087364,0.004191624,0.00016653605,0.007485894,0.98762184,0.00015481767
5,5,melanocytic nevi,melanocytic nevi,0.019033365,0.0035103594,0.04679625,0.0038023626,0.044708814,0.8816862,0.00046261377
5,5,melanocytic nevi,melanocytic nevi,0.035075005,0.036219954,0.05488781,0.014385517,0.08329741,0.7676016,0.00853275
5,5,melanocytic nevi,melanocytic nevi,0.007856716,0.002507368,0.015551663,0.00895655,0.0039618486,0.9601363,0.00102959
5,5,melanocytic nevi,melanocytic nevi,0.0021519545,0.00075132155,0.005025744,0.0028135087,0.0015353804,0.987159,0.00056310033
5,5,melanocytic nevi,melanocytic nevi,6.206559e-06,1.0934592e-06,0.00028860406,2.9606238e-06,0.00027547296,0.9994247,9.4612506e-07
5,2,melanocytic nevi,benign keratosis-like lesions,0.04528712,0.06537237,0.5053606,0.030793807,0.16744107,0.18206158,0.0036834602
5,4,melanocytic nevi,melanoma,0.14277571,0.020349914,0.12203449,0.005736884,0.39890346,0.30988547,0.00031408668
5,5,melanocytic nevi,melanocytic nevi,0.010326635,0.010643231,0.022358371,0.020760382,0.008840137,0.91686493,0.010206443
1,1,basal cell carcinoma,basal cell carcinoma,0.024217326,0.48325142,0.062160164,0.038980257,0.013925145,0.3290044,0.048461244
4,5,melanoma,melanocytic nevi,0.0575979,0.03019553,0.14542487,0.0087648835,0.18270901,0.573256,0.0020517448
5,5,melanocytic nevi,melanocytic nevi,0.0021026798,0.00025911076,0.015494332,0.0004309353,0.01660352,0.9650745,3.483368e-05
5,5,melanocytic nevi,melanocytic nevi,5.472011e-05,2.7883418e-05,0.0540694,1.1563854e-05,0.2500975,0.6957211,1.7900169e-05
5,0,melanocytic nevi,actinic keratoses and intraepithelial carcinoma,0.3750718,0.10332485,0.10946755,0.052477736,0.087701365,0.26847446,0.0034821478
5,5,melanocytic nevi,melanocytic nevi,0.016793747,0.008183533,0.025874691,0.008307057,0.014883473,0.92467153,0.0012859536
5,5,melanocytic nevi,melanocytic nevi,0.042006448,0.25540355,0.13155244,0.044185247,0.078072794,0.41601855,0.032760967
5,5,melanocytic nevi,melanocytic nevi,0.014490484,0.06561926,0.10470342,0.023365628,0.1770762,0.44662893,0.16811608
5,5,melanocytic nevi,melanocytic nevi,0.030579705,0.015068244,0.040460896,0.054528184,0.00488321,0.8494933,0.0049864417
5,5,melanocytic nevi,melanocytic nevi,0.020713713,0.024885714,0.05851994,0.003187433,0.04527661,0.84668213,0.00073440623
5,5,melanocytic nevi,melanocytic nevi,0.0033800858,0.0013195034,0.008070468,0.005028078,0.002468573,0.9788423,0.00089097273
5,5,melanocytic nevi,melanocytic nevi,0.035140604,0.0151121495,0.047569755,0.02585964,0.012918694,0.8560232,0.007375968
0,0,actinic keratoses and intraepithelial carcinoma,actinic keratoses and intraepithelial carcinoma,0.31542945,0.31389976,0.1222389,0.0820315,0.035347585,0.11359391,0.017458934
2,5,benign keratosis-like lesions,melanocytic nevi,0.009676989,0.0030433564,0.01950582,0.0073551983,0.008077158,0.9510441,0.001297449
5,5,melanocytic nevi,melanocytic nevi,0.011482707,0.01112046,0.019382179,0.02344376,0.008222858,0.90636146,0.019986633
0,0,actinic keratoses and intraepithelial carcinoma,actinic keratoses and intraepithelial carcinoma,0.41773814,0.30864567,0.11872858,0.05829639,0.049993135,0.040511664,0.006086366
5,5,melanocytic nevi,melanocytic nevi,0.028171478,0.22020918,0.15069422,0.062101953,0.064982295,0.44798392,0.025856959
5,0,melanocytic nevi,actinic keratoses and intraepithelial carcinoma,0.21414055,0.2100823,0.18295586,0.06973969,0.09806777,0.20709349,0.017920403
4,5,melanoma,melanocytic nevi,0.007950445,0.0033372645,0.177413,0.0014013147,0.25997806,0.549671,0.00024891173
4,4,melanoma,melanoma,0.02224497,0.009216236,0.24099846,0.0033365646,0.4629217,0.26089522,0.00038687646
6,6,vascular lesions,vascular lesions,0.026757034,0.27573436,0.045026064,0.056778308,0.039485782,0.06904108,0.48717737
5,5,melanocytic nevi,melanocytic nevi,0.015443107,0.23875763,0.12038817,0.03880287,0.014346757,0.5568444,0.015417098
5,5,melanocytic nevi,melanocytic nevi,0.02194165,0.07410308,0.13979028,0.020298788,0.11432259,0.6210227,0.008520872
5,5,melanocytic nevi,melanocytic nevi,0.021714827,0.00833856,0.06440342,0.0066264225,0.044759784,0.85321814,0.00093879283
5,5,melanocytic nevi,melanocytic nevi,0.0006942284,0.0011431552,0.0031658171,0.00051092455,0.009089689,0.9842892,0.0011069943
5,5,melanocytic nevi,melanocytic nevi,0.0059699886,0.002733943,0.009118363,0.010654136,0.0021197302,0.9667339,0.0026700075
5,5,melanocytic nevi,melanocytic nevi,0.018772617,0.022184195,0.306758,0.010253023,0.17889561,0.46145386,0.0016826779
1,1,basal cell carcinoma,basal cell carcinoma,0.34614807,0.49629098,0.041562226,0.032565035,0.0153493555,0.06487332,0.0032110068
0,0,actinic keratoses and intraepithelial carcinoma,actinic keratoses and intraepithelial carcinoma,0.37021816,0.22566159,0.1500408,0.07469431,0.056834176,0.11192554,0.010625369
4,5,melanoma,melanocytic nevi,0.014163145,0.031431023,0.3748003,0.015587075,0.13993274,0.4196199,0.0044658505
5,5,melanocytic nevi,melanocytic nevi,0.2618428,0.14759745,0.12726663,0.086852334,0.060012095,0.29140282,0.025025902
5,5,melanocytic nevi,melanocytic nevi,0.0042277677,0.0010853877,0.010899139,0.0039063487,0.002606255,0.9767815,0.0004935622
1,5,basal cell carcinoma,melanocytic nevi,0.053994432,0.067695744,0.23267871,0.04352825,0.21846949,0.31146088,0.0721725
5,5,melanocytic nevi,melanocytic nevi,1.9877024e-09,4.4266113e-10,1.4908532e-05,7.7191087e-10,0.00042845664,0.9995566,2.6939357e-09
5,5,melanocytic nevi,melanocytic nevi,5.382782e-05,9.623409e-06,0.0022474586,2.39308e-05,0.0044446364,0.99321234,8.1490825e-06
5,5,melanocytic nevi,melanocytic nevi,0.0027498843,0.00046593693,0.01715128,0.0011364562,0.011152587,0.96721464,0.00012928438
5,4,melanocytic nevi,melanoma,0.24474125,0.12077789,0.24009347,0.042334575,0.26488298,0.08393847,0.00323132
5,5,melanocytic nevi,melanocytic nevi,0.000851191,0.0004937368,0.004215932,0.0012313551,0.001869337,0.99065816,0.00068022875
1,5,basal cell carcinoma,melanocytic nevi,0.033926427,0.1949417,0.052986085,0.064439476,0.03893554,0.5554862,0.059284676
5,5,melanocytic nevi,melanocytic nevi,1.0772668e-05,1.3855096e-06,0.0071799303,1.8892537e-06,0.092793666,0.9000117,6.459589e-07
5,5,melanocytic nevi,melanocytic nevi,0.036588594,0.04383483,0.1053274,0.015192215,0.16650876,0.6128503,0.019697927
5,5,melanocytic nevi,melanocytic nevi,0.0032136973,0.0015776317,0.16619085,0.0007093239,0.10621638,0.7219568,0.00013535425
4,5,melanoma,melanocytic nevi,0.064771846,0.035014253,0.092779234,0.0070655546,0.2587262,0.5389756,0.0026673034
5,5,melanocytic nevi,melanocytic nevi,0.0004173936,8.8232504e-05,0.007829474,0.00013535055,0.009743027,0.98175484,3.1748346e-05
5,5,melanocytic nevi,melanocytic nevi,9.0556794e-05,5.2879674e-05,0.0011496865,0.00021023925,0.00045184404,0.9979353,0.00010961146
6,5,vascular lesions,melanocytic nevi,0.025085565,0.041498177,0.106808856,0.012747487,0.31000113,0.3756511,0.12820767
5,5,melanocytic nevi,melanocytic nevi,4.6012195e-07,2.3231735e-06,9.042596e-05,3.077209e-06,0.00023227328,0.99938,0.00029142044
2,2,benign keratosis-like lesions,benign keratosis-like lesions,0.14257036,0.15619557,0.45514834,0.04132405,0.14579709,0.056414075,0.0025504676
6,5,vascular lesions,melanocytic nevi,0.0020486005,0.008839423,0.23571077,0.004406202,0.15941451,0.56959,0.019990565
4,2,melanoma,benign keratosis-like lesions,0.0323746,0.039678138,0.37146145,0.019780638,0.2739133,0.25948417,0.0033077667
5,5,melanocytic nevi,melanocytic nevi,0.00014626655,5.1039897e-05,0.002361564,0.000100304875,0.0033417107,0.9939266,7.254771e-05
5,5,melanocytic nevi,melanocytic nevi,0.06053407,0.1440535,0.07476352,0.04369885,0.052620485,0.61000574,0.014323819
5,5,melanocytic nevi,melanocytic nevi,0.0069970717,0.0013606375,0.02309285,0.0018375325,0.024088798,0.942403,0.00022008193
5,5,melanocytic nevi,melanocytic nevi,0.00022102764,4.4149365e-05,0.002300304,0.00013221003,0.0016488857,0.9956286,2.47806e-05
5,5,melanocytic nevi,melanocytic nevi,0.012495642,0.008884644,0.026855402,0.013131399,0.00999186,0.92000675,0.008634243
4,2,melanoma,benign keratosis-like lesions,0.10158021,0.10488712,0.46463594,0.049413335,0.16724901,0.10819806,0.004036334
5,1,melanocytic nevi,basal cell carcinoma,0.18766512,0.38313818,0.107351094,0.056521505,0.06348594,0.18662134,0.015216797
0,0,actinic keratoses and intraepithelial carcinoma,actinic keratoses and intraepithelial carcinoma,0.42775643,0.13772886,0.19539014,0.06277449,0.08682642,0.085221395,0.004302275
5,5,melanocytic nevi,melanocytic nevi,0.009637002,0.23179258,0.13119194,0.050733563,0.08953938,0.26743624,0.21966928
5,5,melanocytic nevi,melanocytic nevi,0.08296849,0.036029954,0.09350672,0.091047004,0.014510244,0.67521805,0.0067195054
2,2,benign keratosis-like lesions,benign keratosis-like lesions,0.08240697,0.11680962,0.34898132,0.0284845,0.07834148,0.3420663,0.0029097837
5,5,melanocytic nevi,melanocytic nevi,0.17257503,0.23271677,0.074491926,0.041391626,0.06368065,0.4017264,0.013417595
0,5,actinic keratoses and intraepithelial carcinoma,melanocytic nevi,0.1074188,0.16980447,0.08294855,0.03369371,0.11258011,0.46129808,0.032256212
2,2,benign keratosis-like lesions,benign keratosis-like lesions,0.0071282764,0.008297304,0.48684296,0.0032554306,0.10362568,0.39063218,0.00021818993
5,5,melanocytic nevi,melanocytic nevi,0.04578909,0.019095285,0.1396133,0.008621159,0.17932525,0.6058372,0.0017186557
5,5,melanocytic nevi,melanocytic nevi,0.015261407,0.010879399,0.13623126,0.008060909,0.33712918,0.4539865,0.03845142
5,5,melanocytic nevi,melanocytic nevi,0.00012983715,2.573431e-05,0.0016985238,3.623524e-05,0.0027089887,0.9953917,8.933799e-06
5,5,melanocytic nevi,melanocytic nevi,0.019896362,0.019329883,0.17867517,0.0076243742,0.21897715,0.5529989,0.0024981415
5,5,melanocytic nevi,melanocytic nevi,0.0008166373,8.721894e-05,0.007495117,0.00023885604,0.005396209,0.9859488,1.7120217e-05
5,5,melanocytic nevi,melanocytic nevi,0.0003948374,3.9467002e-05,0.085854284,1.815168e-05,0.29512134,0.61857104,8.8671874e-07
5,5,melanocytic nevi,melanocytic nevi,0.06738183,0.037957657,0.0697118,0.02454136,0.0449616,0.74457765,0.010868201
5,5,melanocytic nevi,melanocytic nevi,0.0055972496,0.0024056209,0.22869824,0.0009198627,0.31480455,0.44747537,9.916092e-05
5,5,melanocytic nevi,melanocytic nevi,0.016145961,0.016189836,0.36849636,0.0043681785,0.07954469,0.51457894,0.00067597564
4,5,melanoma,melanocytic nevi,0.026196651,0.0047509414,0.070215166,0.0023272824,0.2057253,0.69041896,0.00036565677
4,4,melanoma,melanoma,0.00026941812,0.00010360974,0.022821726,5.4123415e-05,0.5585331,0.41813526,8.2747996e-05
2,5,benign keratosis-like lesions,melanocytic nevi,0.005129082,0.0027829402,0.065883756,0.0011349468,0.4262077,0.49756882,0.0012927009
5,5,melanocytic nevi,melanocytic nevi,0.048485525,0.10093543,0.08066795,0.0146292485,0.058966037,0.6906333,0.005682544
5,5,melanocytic nevi,melanocytic nevi,0.0013845953,0.00045985848,0.0063574715,0.0016404478,0.0025663355,0.9872931,0.00029827916
5,5,melanocytic nevi,melanocytic nevi,0.0023397147,0.00095840916,0.007319555,0.0031537584,0.0019747613,0.9833334,0.0009204374
5,5,melanocytic nevi,melanocytic nevi,0.0035668728,0.0033982196,0.008370597,0.0038347845,0.011621373,0.96468186,0.0045263553
5,5,melanocytic nevi,melanocytic nevi,6.7941903e-07,1.2189423e-07,0.000111393325,2.9101142e-07,0.00025675047,0.9996306,1.6786902e-07
2,5,benign keratosis-like lesions,melanocytic nevi,0.02022842,0.015979465,0.18801159,0.0072224834,0.32395008,0.4420763,0.0025317157
2,5,benign keratosis-like lesions,melanocytic nevi,0.002666102,0.0017635291,0.19750375,0.00094646093,0.11397983,0.68305314,8.708732e-05
5,5,melanocytic nevi,melanocytic nevi,9.382239e-07,1.6539849e-07,0.000120208446,3.3349656e-07,0.00056265504,0.9993155,2.0115263e-07
2,5,benign keratosis-like lesions,melanocytic nevi,0.025094878,0.11705703,0.13240537,0.020859148,0.068123825,0.62581474,0.010645
5,5,melanocytic nevi,melanocytic nevi,0.00024966168,0.00065213005,0.06671855,0.00045134203,0.12344708,0.8028987,0.0055825356
6,6,vascular lesions,vascular lesions,0.0010476575,0.022271184,0.007369163,0.0055668536,0.006037086,0.016861983,0.9408461
5,5,melanocytic nevi,melanocytic nevi,0.008344438,0.0037474558,0.014129035,0.007058015,0.006738242,0.9580546,0.0019282957
5,5,melanocytic nevi,melanocytic nevi,0.005499798,0.0012975149,0.21464077,0.00063766923,0.25276542,0.52512085,3.798537e-05
5,5,melanocytic nevi,melanocytic nevi,0.011796194,0.0021398896,0.025678603,0.0053898934,0.008450913,0.94610834,0.0004362707
5,5,melanocytic nevi,melanocytic nevi,0.0066052796,0.0040287753,0.19273894,0.0024296578,0.17413807,0.6196446,0.00041461093
4,5,melanoma,melanocytic nevi,0.004905133,0.00312033,0.13258757,0.0011799553,0.18135734,0.676526,0.00032362257
2,5,benign keratosis-like lesions,melanocytic nevi,0.048475586,0.05261005,0.07769477,0.014155406,0.16146083,0.63553244,0.010070928
0,0,actinic keratoses and intraepithelial carcinoma,actinic keratoses and intraepithelial carcinoma,0.4799474,0.15716074,0.12366163,0.052337453,0.061830264,0.12248775,0.002574791
5,5,melanocytic nevi,melanocytic nevi,0.0048097284,0.0009351863,0.017648786,0.0017268318,0.009895295,0.96478826,0.0001959842
5,5,melanocytic nevi,melanocytic nevi,0.002328071,0.0016544706,0.0069175637,0.003138704,0.002569189,0.98210824,0.001283728
5,5,melanocytic nevi,melanocytic nevi,0.020675791,0.009343876,0.039428454,0.010099281,0.022730058,0.89392877,0.0037938347
5,5,melanocytic nevi,melanocytic nevi,0.0011011917,0.0005719514,0.0045361496,0.0016600753,0.0016197092,0.98962235,0.00088856876
5,5,melanocytic nevi,melanocytic nevi,0.00028105022,0.00068925536,0.005210121,0.0010024944,0.006613284,0.9844757,0.0017281373
2,2,benign keratosis-like lesions,benign keratosis-like lesions,0.084311984,0.049069505,0.33402207,0.012500035,0.26091516,0.25800264,0.0011786188
5,5,melanocytic nevi,melanocytic nevi,0.028138649,0.016945211,0.042045586,0.012377881,0.023660157,0.87375593,0.0030766956
5,5,melanocytic nevi,melanocytic nevi,0.039428223,0.04564678,0.07845504,0.009006931,0.09117145,0.73260903,0.0036825703
4,5,melanoma,melanocytic nevi,0.0011816963,0.0006249257,0.06370819,0.00044229638,0.27367055,0.6599868,0.0003855714
4,5,melanoma,melanocytic nevi,0.05261029,0.1269275,0.120489664,0.030907657,0.18886773,0.4567812,0.023415936
5,5,melanocytic nevi,melanocytic nevi,0.0017113026,0.0018659747,0.005720628,0.007064592,0.0007743199,0.97798723,0.004875935
5,5,melanocytic nevi,melanocytic nevi,0.0041727526,0.0012787736,0.007862297,0.0030903309,0.0041020936,0.97895014,0.0005435503
5,5,melanocytic nevi,melanocytic nevi,0.071342714,0.03553098,0.1242287,0.012007711,0.12629315,0.6291399,0.0014568028
5,5,melanocytic nevi,melanocytic nevi,0.014652331,0.049991652,0.29722154,0.016101161,0.069933794,0.54812765,0.0039718184
5,5,melanocytic nevi,melanocytic nevi,0.061798524,0.13908161,0.13125181,0.022419937,0.08267826,0.55412906,0.008640775
5,5,melanocytic nevi,melanocytic nevi,0.06962516,0.0982933,0.079436496,0.09364247,0.011499916,0.5924616,0.05504103
2,2,benign keratosis-like lesions,benign keratosis-like lesions,0.05759569,0.035664685,0.49048644,0.020407246,0.15160207,0.24302839,0.0012154558
5,5,melanocytic nevi,melanocytic nevi,0.005315591,0.0126962345,0.1054446,0.0076947277,0.10563536,0.759345,0.0038684844
5,1,melanocytic nevi,basal cell carcinoma,0.09855241,0.4186789,0.07456533,0.05334259,0.016732246,0.32448035,0.013648206
5,5,melanocytic nevi,melanocytic nevi,0.0010018947,0.0003282069,0.006771315,0.00037991477,0.0062577026,0.98514116,0.00011977446
5,5,melanocytic nevi,melanocytic nevi,0.00062683364,0.00023281775,0.0023875076,0.0010646171,0.0006763765,0.994701,0.0003108697
4,5,melanoma,melanocytic nevi,0.063328154,0.055744644,0.14178084,0.033509497,0.25178832,0.4346333,0.01921521
5,5,melanocytic nevi,melanocytic nevi,2.7082291e-05,1.0528003e-05,0.00080839684,3.087943e-05,0.0012268451,0.9978581,3.8049788e-05
4,4,melanoma,melanoma,0.0012510223,0.00083881925,0.15346514,0.00025761558,0.46247616,0.38094038,0.00077089574
5,5,melanocytic nevi,melanocytic nevi,6.96328e-05,1.4878596e-05,0.001419285,3.193846e-05,0.0020764123,0.99637526,1.2425345e-05
5,5,melanocytic nevi,melanocytic nevi,0.0065441644,0.0025684398,0.010042929,0.005830681,0.0031504198,0.9709406,0.0009227308
5,5,melanocytic nevi,melanocytic nevi,0.0034646464,0.012196405,0.092788324,0.009430504,0.065575376,0.8089986,0.0075462847
2,0,benign keratosis-like lesions,actinic keratoses and intraepithelial carcinoma,0.3374081,0.17435133,0.1917572,0.064607345,0.16953492,0.05579418,0.0065469397
5,5,melanocytic nevi,melanocytic nevi,0.0057867724,0.0019835785,0.013959268,0.0049193827,0.0042529884,0.96820503,0.0008929681
2,4,benign keratosis-like lesions,melanoma,0.16532506,0.023233313,0.15519872,0.008536013,0.4279037,0.21944347,0.00035969395
4,5,melanoma,melanocytic nevi,3.3786398e-06,3.6739689e-06,0.006944719,1.8773534e-06,0.2911305,0.70050967,0.0014061781
2,5,benign keratosis-like lesions,melanocytic nevi,0.038772937,0.1553422,0.32257038,0.042142697,0.048405427,0.38409743,0.0086689
5,5,melanocytic nevi,melanocytic nevi,0.000863463,0.0002656373,0.0046571475,0.0007109928,0.002345291,0.9909524,0.00020524354
0,0,actinic keratoses and intraepithelial carcinoma,actinic keratoses and intraepithelial carcinoma,0.37970048,0.11442327,0.09355573,0.035771824,0.1611028,0.21248813,0.0029577448
5,5,melanocytic nevi,melanocytic nevi,0.011276499,0.0022184646,0.08307314,0.0007001143,0.44630152,0.4563099,0.00012039511
5,5,melanocytic nevi,melanocytic nevi,0.0009796406,0.0035592197,0.014746681,0.0017074128,0.058118556,0.9027461,0.0181425
4,5,melanoma,melanocytic nevi,0.0036251724,0.0047782594,0.1456379,0.0026050496,0.1543421,0.6865153,0.002496131
2,0,benign keratosis-like lesions,actinic keratoses and intraepithelial carcinoma,0.44212055,0.23571733,0.14544794,0.07067056,0.044422287,0.05611115,0.0055102636
5,5,melanocytic nevi,melanocytic nevi,0.009134973,0.0012889517,0.014746833,0.0038940313,0.003432769,0.9673207,0.00018171404
5,2,melanocytic nevi,benign keratosis-like lesions,0.06812334,0.14629444,0.42930242,0.032316994,0.044127557,0.27065912,0.009176129
5,5,melanocytic nevi,melanocytic nevi,0.0013596027,0.000915897,0.004614773,0.003104445,0.0010546767,0.98696625,0.0019843604
5,1,melanocytic nevi,basal cell carcinoma,0.065296404,0.39619687,0.085989505,0.052098084,0.022316115,0.3511946,0.026908427
5,5,melanocytic nevi,melanocytic nevi,0.0059610982,0.0013400767,0.010390463,0.0045206826,0.0028136265,0.974591,0.00038305644
5,5,melanocytic nevi,melanocytic nevi,0.0001260536,2.8760423e-05,0.0018940453,5.369763e-05,0.0027232484,0.99516255,1.1730715e-05
5,5,melanocytic nevi,melanocytic nevi,0.0041787364,0.0016024807,0.00657657,0.005776649,0.0018950885,0.97916025,0.000810331
5,5,melanocytic nevi,melanocytic nevi,5.2237003e-05,1.8104816e-05,0.0009787702,5.0547245e-05,0.00081572356,0.99805534,2.9320363e-05
5,5,melanocytic nevi,melanocytic nevi,0.009817106,0.035710737,0.18061806,0.014445901,0.08686654,0.66605794,0.00648378
5,5,melanocytic nevi,melanocytic nevi,0.0014002868,0.00026035038,0.020435018,0.0002271401,0.045896214,0.9317439,3.7062277e-05
5,5,melanocytic nevi,melanocytic nevi,0.051467564,0.015505043,0.08157804,0.010689419,0.07864059,0.76118577,0.0009336035
4,2,melanoma,benign keratosis-like lesions,0.07465081,0.09645376,0.32046223,0.03150953,0.2355594,0.23305468,0.008309582
2,4,benign keratosis-like lesions,melanoma,0.0010233561,0.0015693471,0.14785905,0.0008069606,0.4299956,0.4125185,0.0062271478
5,5,melanocytic nevi,melanocytic nevi,0.12669085,0.030076321,0.14975266,0.03372045,0.07053097,0.5861671,0.0030617123
2,2,benign keratosis-like lesions,benign keratosis-like lesions,0.010842321,0.008402223,0.48933235,0.003069432,0.17105287,0.31714535,0.00015547064
5,4,melanocytic nevi,melanoma,2.6378868e-05,2.940737e-06,0.017643766,1.3403333e-06,0.64014304,0.34218198,5.540329e-07
5,5,melanocytic nevi,melanocytic nevi,3.011758e-07,4.0228947e-08,9.00584e-05,1.2234474e-07,0.00022419242,0.99968517,6.270434e-08
5,5,melanocytic nevi,melanocytic nevi,0.0005343656,4.7802816e-05,0.0048949453,0.00016206653,0.0022789075,0.99207336,8.467556e-06
5,5,melanocytic nevi,melanocytic nevi,0.0018381983,0.00093263004,0.1388464,0.00041371476,0.4250754,0.43249875,0.00039489815
2,2,benign keratosis-like lesions,benign keratosis-like lesions,0.088203445,0.053704545,0.484833,0.017138967,0.19762893,0.15725939,0.0012316791
4,6,melanoma,vascular lesions,2.0489881e-12,6.0600425e-10,7.789719e-05,4.1900036e-11,0.002510007,2.7116943e-05,0.99738497
0,0,actinic keratoses and intraepithelial carcinoma,actinic keratoses and intraepithelial carcinoma,0.3866073,0.15013108,0.12055139,0.08425538,0.05527652,0.19363338,0.009544948
5,5,melanocytic nevi,melanocytic nevi,0.061528485,0.022852622,0.17902498,0.015114143,0.17247654,0.5459606,0.0030425908
5,5,melanocytic nevi,melanocytic nevi,0.012550209,0.028821893,0.13756499,0.011187522,0.3691698,0.43060145,0.010104135
2,5,benign keratosis-like lesions,melanocytic nevi,0.032805055,0.3565725,0.12787236,0.05249234,0.033161443,0.370386,0.02671026
3,1,dermatofibroma,basal cell carcinoma,0.25827265,0.29166138,0.23009045,0.06585765,0.07673441,0.06983471,0.0075487783
4,5,melanoma,melanocytic nevi,0.0022478835,0.0017277596,0.075257406,0.0008987191,0.22140828,0.69756055,0.00089940755
5,5,melanocytic nevi,melanocytic nevi,0.00010186829,2.1849844e-05,0.0016712063,7.071489e-05,0.0013109752,0.99679774,2.5649046e-05
5,5,melanocytic nevi,melanocytic nevi,0.0047969013,0.001731047,0.016102612,0.004174217,0.0062515642,0.9656014,0.0013422645
2,2,benign keratosis-like lesions,benign keratosis-like lesions,0.043504145,0.10197605,0.47185883,0.034234237,0.08142814,0.26283556,0.004163
5,5,melanocytic nevi,melanocytic nevi,0.08112759,0.039820675,0.0704328,0.03110382,0.055490386,0.71302277,0.009001975
5,5,melanocytic nevi,melanocytic nevi,0.005937234,0.004495235,0.013286618,0.008081964,0.0044189845,0.9599324,0.00384766
2,2,benign keratosis-like lesions,benign keratosis-like lesions,0.012299344,0.04863576,0.77323717,0.015197963,0.08548228,0.06404531,0.001102147
1,6,basal cell carcinoma,vascular lesions,0.004847536,0.47698316,0.008252155,0.012296383,0.0058150683,0.007864198,0.48394156
4,0,melanoma,actinic keratoses and intraepithelial carcinoma,0.42189145,0.18253087,0.15499863,0.05598965,0.10745703,0.072135225,0.004997139
5,5,melanocytic nevi,melanocytic nevi,0.123252325,0.08352665,0.066014,0.02573456,0.060788665,0.6378175,0.0028662262
5,5,melanocytic nevi,melanocytic nevi,0.0040270733,0.0023832442,0.0075913477,0.0044466346,0.003418766,0.9772224,0.0009104758
2,2,benign keratosis-like lesions,benign keratosis-like lesions,0.02462183,0.05203338,0.74350286,0.015059019,0.095573515,0.06800938,0.0012000911
1,5,basal cell carcinoma,melanocytic nevi,0.054447442,0.25319782,0.14415228,0.050332163,0.12788254,0.3274876,0.042500153
5,5,melanocytic nevi,melanocytic nevi,6.187695e-05,1.47095025e-05,0.0006492783,6.6789355e-05,0.00029405512,0.9988954,1.7830642e-05
4,4,melanoma,melanoma,0.0135963,0.009192254,0.23496322,0.0035779448,0.4364888,0.30104712,0.0011343061
2,5,benign keratosis-like lesions,melanocytic nevi,0.014144878,0.08260873,0.18947709,0.025477437,0.036970295,0.6434336,0.0078879865
1,5,basal cell carcinoma,melanocytic nevi,0.04326459,0.23625655,0.079571396,0.04997172,0.10031895,0.273036,0.21758081
5,5,melanocytic nevi,melanocytic nevi,0.0005137793,0.00047850577,0.0063521797,0.0008009487,0.009231932,0.9803411,0.0022815696
5,5,melanocytic nevi,melanocytic nevi,0.08063934,0.020677624,0.14170435,0.006003437,0.30700135,0.44321463,0.0007591813
2,5,benign keratosis-like lesions,melanocytic nevi,0.19348548,0.096114814,0.2117332,0.05564638,0.086907804,0.3485808,0.0075315367
5,5,melanocytic nevi,melanocytic nevi,0.0026997896,0.0015935504,0.0066772876,0.0064028734,0.0012630066,0.9788977,0.002465895
5,5,melanocytic nevi,melanocytic nevi,0.0064591193,0.010427423,0.1535675,0.0087677585,0.15919766,0.63828915,0.023291448
4,2,melanoma,benign keratosis-like lesions,0.049696866,0.04173677,0.44708842,0.016582122,0.25912878,0.18445224,0.0013148135
5,5,melanocytic nevi,melanocytic nevi,0.024816321,0.010708111,0.023797851,0.0096998615,0.051314093,0.8755632,0.0041006147
5,5,melanocytic nevi,melanocytic nevi,0.0056909863,0.021243945,0.12791713,0.015097186,0.07093894,0.7496809,0.009430976
2,4,benign keratosis-like lesions,melanoma,0.021623574,0.04257112,0.1448888,0.012111849,0.47143534,0.16077366,0.14659566
1,1,basal cell carcinoma,basal cell carcinoma,0.066961825,0.30782604,0.18849674,0.056776676,0.07265545,0.2941485,0.0131348055
5,5,melanocytic nevi,melanocytic nevi,0.03087592,0.117021866,0.10207966,0.021806618,0.12849097,0.5795853,0.020139579
1,5,basal cell carcinoma,melanocytic nevi,0.12703949,0.24692318,0.08220811,0.09644393,0.03953319,0.3726056,0.03524658
4,2,melanoma,benign keratosis-like lesions,0.26609206,0.10602843,0.36170006,0.028653812,0.20458281,0.032309473,0.0006333626
5,5,melanocytic nevi,melanocytic nevi,0.01339963,0.007902592,0.028131852,0.02578136,0.00631105,0.9143446,0.004129004
0,0,actinic keratoses and intraepithelial carcinoma,actinic keratoses and intraepithelial carcinoma,0.5446215,0.17329662,0.14270706,0.040610544,0.06642808,0.030932978,0.0014032053
5,5,melanocytic nevi,melanocytic nevi,0.018055677,0.051557373,0.07814687,0.02000799,0.11281439,0.70630795,0.013109788
5,5,melanocytic nevi,melanocytic nevi,0.0051033604,0.008042796,0.2035773,0.0069256076,0.06026778,0.71466565,0.0014175095
2,2,benign keratosis-like lesions,benign keratosis-like lesions,0.11201668,0.09959013,0.527187,0.06374606,0.09338652,0.10039559,0.0036780247
5,5,melanocytic nevi,melanocytic nevi,0.012883203,0.0028088035,0.014398227,0.010132109,0.003529972,0.95541906,0.00082865
5,5,melanocytic nevi,melanocytic nevi,0.0013075708,0.00072771276,0.0031953654,0.004129614,0.0005316186,0.98897654,0.0011315047
5,5,melanocytic nevi,melanocytic nevi,0.0011277255,0.00015850905,0.036965705,0.00012907886,0.30035952,0.66122055,3.896594e-05
5,5,melanocytic nevi,melanocytic nevi,0.032678854,0.009943003,0.047021918,0.03736119,0.007874979,0.8632174,0.0019025368
5,5,melanocytic nevi,melanocytic nevi,0.028648242,0.055414293,0.33274332,0.01939525,0.10742539,0.4521721,0.0042013694
5,5,melanocytic nevi,melanocytic nevi,0.0006599621,0.0012379844,0.047587343,0.00046000734,0.030615378,0.91923684,0.0002024935
5,5,melanocytic nevi,melanocytic nevi,0.0029904875,0.0009663567,0.0081449,0.0031984025,0.002532491,0.9815817,0.00058561657
4,5,melanoma,melanocytic nevi,0.0012077136,0.0001464921,0.09643405,6.2765095e-05,0.38989902,0.51224554,4.3756613e-06
5,5,melanocytic nevi,melanocytic nevi,0.0009681997,0.0011467896,0.044583,0.00051335123,0.26493657,0.6867503,0.0011018198
2,2,benign keratosis-like lesions,benign keratosis-like lesions,0.08557767,0.07521301,0.41646653,0.0345706,0.22578716,0.15907595,0.0033090846
4,2,melanoma,benign keratosis-like lesions,0.086088866,0.08485705,0.39372718,0.033996124,0.24812268,0.14924972,0.0039584325
5,5,melanocytic nevi,melanocytic nevi,0.00012585643,0.0002872723,0.057193972,0.00025215,0.0778513,0.8620192,0.0022702583
5,5,melanocytic nevi,melanocytic nevi,0.008480315,0.0031784708,0.015048853,0.007725488,0.0044813273,0.9593021,0.0017834323
5,2,melanocytic nevi,benign keratosis-like lesions,0.025537701,0.050508246,0.5009334,0.019017315,0.07521924,0.32631084,0.0024732393
0,1,actinic keratoses and intraepithelial carcinoma,basal cell carcinoma,0.22186576,0.31970492,0.17919597,0.06849642,0.10770976,0.08967091,0.013356322
4,5,melanoma,melanocytic nevi,0.004438146,0.0050602895,0.05869328,0.0012500484,0.21615045,0.7126332,0.0017745493
5,5,melanocytic nevi,melanocytic nevi,0.00013290395,7.591396e-05,0.0012894288,0.00024131249,0.0008409535,0.99727374,0.00014570677
2,2,benign keratosis-like lesions,benign keratosis-like lesions,0.15210044,0.11379746,0.49263486,0.033899695,0.13392627,0.072163716,0.0014774846
5,5,melanocytic nevi,melanocytic nevi,0.005538134,0.004852417,0.011804245,0.010284001,0.002970064,0.9596074,0.0049437215
5,2,melanocytic nevi,benign keratosis-like lesions,0.045394372,0.12722687,0.40749502,0.05500913,0.07882821,0.27608287,0.00996355
2,5,benign keratosis-like lesions,melanocytic nevi,0.0021288611,0.0030611837,0.24668849,0.0013910963,0.106108576,0.6402174,0.00040443768
5,5,melanocytic nevi,melanocytic nevi,0.026113203,0.015691413,0.049439892,0.025184663,0.009948534,0.8654761,0.008146224
5,5,melanocytic nevi,melanocytic nevi,0.060334936,0.018568844,0.051104553,0.028216235,0.019989215,0.8180166,0.003769663
2,2,benign keratosis-like lesions,benign keratosis-like lesions,0.023005454,0.05873299,0.4192901,0.031465687,0.10316678,0.35795236,0.006386701
5,5,melanocytic nevi,melanocytic nevi,0.00046168128,0.00014076207,0.003950442,0.0004609745,0.0020901265,0.99275756,0.00013846191
0,0,actinic keratoses and intraepithelial carcinoma,actinic keratoses and intraepithelial carcinoma,0.4718765,0.30562603,0.09113082,0.045935888,0.0402244,0.042393677,0.0028126906
2,5,benign keratosis-like lesions,melanocytic nevi,0.021360122,0.07931422,0.10688784,0.029511733,0.06663239,0.6826938,0.013599923
5,5,melanocytic nevi,melanocytic nevi,0.038978644,0.1506312,0.12959518,0.044773415,0.08865613,0.5306423,0.016723145
5,5,melanocytic nevi,melanocytic nevi,0.0011635092,0.0006802993,0.004630206,0.00121007,0.0027700628,0.988915,0.000630884
5,5,melanocytic nevi,melanocytic nevi,1.4750477e-05,5.0342865e-06,0.00040956849,1.3871652e-05,0.0005639419,0.998982,1.0678227e-05
5,5,melanocytic nevi,melanocytic nevi,0.0017763822,0.0009995772,0.0036392123,0.003857203,0.0007599489,0.9881868,0.0007809596
5,5,melanocytic nevi,melanocytic nevi,0.014071208,0.018186308,0.17293891,0.0053876494,0.13066602,0.6575126,0.0012372494
1,1,basal cell carcinoma,basal cell carcinoma,0.071018726,0.30833006,0.18247664,0.06227524,0.15254694,0.1151129,0.10823944
5,5,melanocytic nevi,melanocytic nevi,0.0010682879,0.00034579154,0.0055321767,0.00091869675,0.0032732643,0.98864204,0.00021968353
5,5,melanocytic nevi,melanocytic nevi,0.0012645477,0.0023653717,0.004992955,0.0053051943,0.0037459722,0.96921533,0.013110618
5,2,melanocytic nevi,benign keratosis-like lesions,0.076837085,0.06335731,0.44808862,0.021518506,0.13653916,0.25198245,0.0016768352
5,5,melanocytic nevi,melanocytic nevi,0.013018267,0.0030201224,0.23291905,0.0015784939,0.1837721,0.56564337,4.864209e-05
5,5,melanocytic nevi,melanocytic nevi,0.015341527,0.0062419777,0.041554514,0.020853063,0.006536691,0.90808296,0.0013893137
2,0,benign keratosis-like lesions,actinic keratoses and intraepithelial carcinoma,0.3940658,0.30186352,0.10773052,0.052540336,0.0678276,0.07046417,0.0055080377
5,5,melanocytic nevi,melanocytic nevi,0.048741315,0.07401036,0.11420676,0.024077073,0.0984489,0.6307348,0.009780785
5,0,melanocytic nevi,actinic keratoses and intraepithelial carcinoma,0.34769,0.21345977,0.15030958,0.05594188,0.12775722,0.09621576,0.008625769
2,2,benign keratosis-like lesions,benign keratosis-like lesions,0.09676329,0.13102347,0.45211327,0.04493626,0.15584677,0.11465148,0.0046654847
5,5,melanocytic nevi,melanocytic nevi,0.015830548,0.058737688,0.11040093,0.020244751,0.12974526,0.65403354,0.0110072885
1,4,basal cell carcinoma,melanoma,0.0066998014,0.007899337,0.123538524,0.0032423576,0.4827203,0.35108426,0.02481541
4,2,melanoma,benign keratosis-like lesions,0.012639693,0.023433534,0.6288319,0.0076396526,0.08559212,0.24110535,0.0007576976
5,5,melanocytic nevi,melanocytic nevi,0.107848376,0.051329613,0.0967795,0.05918964,0.025286593,0.64192206,0.017644247
5,5,melanocytic nevi,melanocytic nevi,0.0018087828,0.0003724827,0.009423862,0.0007658171,0.010605385,0.97685367,0.00016999722
5,5,melanocytic nevi,melanocytic nevi,0.0719889,0.16442646,0.13586912,0.043535996,0.16799234,0.3992112,0.016976021
5,5,melanocytic nevi,melanocytic nevi,0.016201291,0.032242358,0.086536355,0.012134744,0.27400628,0.56717217,0.011706831
1,0,basal cell carcinoma,actinic keratoses and intraepithelial carcinoma,0.38460952,0.21260248,0.19355237,0.056024123,0.10436707,0.04442252,0.004421915
5,5,melanocytic nevi,melanocytic nevi,0.077826895,0.07696515,0.12066547,0.023774775,0.12910613,0.56455666,0.00710489
5,5,melanocytic nevi,melanocytic nevi,0.0042951107,0.0009202543,0.024856322,0.0011749315,0.025044143,0.94358855,0.0001206914
2,5,benign keratosis-like lesions,melanocytic nevi,0.006192979,0.016694717,0.23825595,0.00764449,0.061357893,0.6681421,0.0017119154
4,4,melanoma,melanoma,0.11245866,0.06080388,0.15845777,0.018333655,0.5234838,0.123685725,0.002776464
5,5,melanocytic nevi,melanocytic nevi,0.00066744996,0.000122009435,0.0023884631,0.00045195487,0.001669322,0.99464744,5.331306e-05
5,5,melanocytic nevi,melanocytic nevi,0.029556632,0.003304419,0.05391327,0.00746242,0.020930272,0.88453704,0.00029593048
5,5,melanocytic nevi,melanocytic nevi,0.015271671,0.052302882,0.19030379,0.024028586,0.115331694,0.5942968,0.008464531
5,5,melanocytic nevi,melanocytic nevi,0.028496679,0.21063587,0.12140884,0.04276369,0.07962959,0.46998563,0.047079712
5,5,melanocytic nevi,melanocytic nevi,0.03423835,0.02923381,0.16658084,0.009342511,0.27800277,0.47878334,0.0038184787
4,0,melanoma,actinic keratoses and intraepithelial carcinoma,0.4677594,0.26811078,0.1128041,0.05224913,0.05131773,0.044186942,0.0035719438
5,5,melanocytic nevi,melanocytic nevi,1.11545905e-05,8.946688e-06,0.00028784506,2.5223804e-05,0.0002958783,0.9993216,4.9378177e-05
5,2,melanocytic nevi,benign keratosis-like lesions,0.057547662,0.08848736,0.30971232,0.038373496,0.23203544,0.26675743,0.007086307
5,5,melanocytic nevi,melanocytic nevi,0.0077282214,0.04809264,0.104799636,0.011016271,0.060633738,0.75495654,0.012772987
5,5,melanocytic nevi,melanocytic nevi,0.0056258324,0.0020539775,0.06357991,0.0006894245,0.29699507,0.63080984,0.00024598264
5,5,melanocytic nevi,melanocytic nevi,0.016610911,0.03506352,0.08334856,0.006690091,0.06831964,0.78649116,0.0034760556
4,5,melanoma,melanocytic nevi,0.0014726535,0.001658723,0.06634788,0.0010593674,0.08142232,0.84774417,0.00029488353
5,0,melanocytic nevi,actinic keratoses and intraepithelial carcinoma,0.34582022,0.14137238,0.17557615,0.05326553,0.1192781,0.15951656,0.0051711076
5,5,melanocytic nevi,melanocytic nevi,0.016844591,0.010095714,0.04981209,0.039231777,0.0065209996,0.87471664,0.0027781806
4,0,melanoma,actinic keratoses and intraepithelial carcinoma,0.36104608,0.12041225,0.14104848,0.06569112,0.100523405,0.20543382,0.005844854
5,5,melanocytic nevi,melanocytic nevi,0.00053920236,0.00024403333,0.0031276057,0.0006777475,0.0017048632,0.9934157,0.00029087797
5,5,melanocytic nevi,melanocytic nevi,0.07931517,0.10168505,0.09673135,0.025752516,0.14825983,0.5414517,0.0068043824
6,6,vascular lesions,vascular lesions,0.00050521636,0.005717137,0.014124225,0.002018324,0.032857075,0.042893007,0.9018851
1,1,basal cell carcinoma,basal cell carcinoma,0.2603586,0.28919953,0.13635287,0.090789914,0.07805826,0.12591381,0.019327005
5,0,melanocytic nevi,actinic keratoses and intraepithelial carcinoma,0.37077224,0.1339707,0.18145686,0.03468818,0.18638921,0.09085316,0.001869623
5,5,melanocytic nevi,melanocytic nevi,0.024836358,0.010486779,0.084638506,0.0039287223,0.19478494,0.6801982,0.0011265633
4,2,melanoma,benign keratosis-like lesions,0.044446953,0.041556884,0.35450873,0.017591873,0.32589892,0.21375369,0.002242951
5,5,melanocytic nevi,melanocytic nevi,0.004787448,0.0010727332,0.008864595,0.0036348598,0.0035322835,0.9774434,0.0006646506
1,1,basal cell carcinoma,basal cell carcinoma,0.16539864,0.49872968,0.09162398,0.06059731,0.043801717,0.118540585,0.021308107
5,5,melanocytic nevi,melanocytic nevi,0.0005639818,0.00020330539,0.0030842386,0.000436824,0.0053210347,0.99012494,0.00026573613
0,0,actinic keratoses and intraepithelial carcinoma,actinic keratoses and intraepithelial carcinoma,0.30150864,0.1188705,0.17246296,0.03834197,0.15637843,0.20949906,0.0029384983
5,5,melanocytic nevi,melanocytic nevi,0.013043262,0.06348833,0.26943734,0.019282015,0.06853759,0.5586994,0.007512005
5,5,melanocytic nevi,melanocytic nevi,0.12064907,0.10616934,0.058662914,0.09669751,0.036195714,0.56013644,0.021489032
5,2,melanocytic nevi,benign keratosis-like lesions,0.019132106,0.15947166,0.24904697,0.07144926,0.14454666,0.124689825,0.23166348
5,0,melanocytic nevi,actinic keratoses and intraepithelial carcinoma,0.40933695,0.106616266,0.1257251,0.051941063,0.09088705,0.21249788,0.0029956412
5,5,melanocytic nevi,melanocytic nevi,0.005964379,0.03289406,0.10470916,0.012415195,0.025874864,0.8132903,0.004852003
5,5,melanocytic nevi,melanocytic nevi,0.00017935007,5.9171245e-05,0.0024477667,0.00018352654,0.0017540007,0.9953219,5.4228363e-05
5,4,melanocytic nevi,melanoma,0.00044127778,0.000266021,0.026886022,0.000119571785,0.58048785,0.39120108,0.000598228
4,0,melanoma,actinic keratoses and intraepithelial carcinoma,0.31790808,0.1227191,0.20425351,0.047388617,0.21356897,0.090133615,0.0040281042
5,5,melanocytic nevi,melanocytic nevi,0.0017962039,0.008928325,0.16071253,0.004418518,0.033804238,0.78893286,0.0014072164
5,5,melanocytic nevi,melanocytic nevi,0.10661662,0.030878799,0.1610106,0.011591934,0.28044608,0.40815407,0.0013019182
5,5,melanocytic nevi,melanocytic nevi,0.017037107,0.0044006268,0.119513415,0.0028708142,0.35843843,0.49719143,0.0005481431
4,2,melanoma,benign keratosis-like lesions,0.07589909,0.096212156,0.34050152,0.065993965,0.16626249,0.24262461,0.012506183
4,4,melanoma,melanoma,0.0018801542,0.0003697337,0.037792895,0.00013847908,0.54351383,0.41625765,4.720162e-05
6,1,vascular lesions,basal cell carcinoma,0.021485202,0.3099844,0.08009554,0.053105544,0.0807942,0.21542451,0.23911059
5,5,melanocytic nevi,melanocytic nevi,0.0026525494,0.0008320676,0.008844762,0.0027777662,0.0027961584,0.98157585,0.00052085775
5,5,melanocytic nevi,melanocytic nevi,1.6144717e-05,3.0546719e-06,0.0008089838,5.96763e-06,0.0031800494,0.9959824,3.3658928e-06
4,2,melanoma,benign keratosis-like lesions,0.030397113,0.040576976,0.49699408,0.01363089,0.31189337,0.09694136,0.009566089
4,5,melanoma,melanocytic nevi,0.0033295217,0.00084059703,0.08282355,0.00036436415,0.3794203,0.5331359,8.572036e-05
4,5,melanoma,melanocytic nevi,0.009110646,0.0037750818,0.16652043,0.0027610385,0.23679058,0.579711,0.0013312375
2,4,benign keratosis-like lesions,melanoma,0.009598544,0.019793017,0.14595424,0.006415038,0.5079569,0.16433868,0.14594357
5,5,melanocytic nevi,melanocytic nevi,0.11032732,0.33974275,0.08294713,0.02507687,0.06766634,0.36009553,0.01414404
1,1,basal cell carcinoma,basal cell carcinoma,0.3054763,0.5686558,0.037045207,0.02452377,0.009336703,0.053064123,0.0018981121
5,5,melanocytic nevi,melanocytic nevi,0.00019891134,4.212465e-05,0.0018832592,0.00012979885,0.0014727352,0.99624604,2.7111535e-05
5,4,melanocytic nevi,melanoma,0.00077077874,0.00011071849,0.031088125,5.1549654e-05,0.5734952,0.39446962,1.3924401e-05
4,4,melanoma,melanoma,0.17964879,0.12471279,0.18277223,0.045614447,0.3493013,0.109986216,0.007964285
5,5,melanocytic nevi,melanocytic nevi,0.026952561,0.009311322,0.037867654,0.02768433,0.0056523955,0.89039016,0.0021415113
5,5,melanocytic nevi,melanocytic nevi,0.005027292,0.0011926405,0.018780543,0.00320199,0.0071690436,0.9642303,0.00039819526
5,5,melanocytic nevi,melanocytic nevi,0.036952093,0.0032717772,0.05500814,0.0042749597,0.052818567,0.8475224,0.00015206654
5,5,melanocytic nevi,melanocytic nevi,0.0070113647,0.000783313,0.03607686,0.0008897075,0.047137126,0.90804964,5.1952156e-05
2,2,benign keratosis-like lesions,benign keratosis-like lesions,0.02140522,0.016406033,0.4419168,0.00524571,0.16762842,0.347018,0.0003798657
5,5,melanocytic nevi,melanocytic nevi,0.023982665,0.08623737,0.08236545,0.0533231,0.07347006,0.5985209,0.08210048
5,5,melanocytic nevi,melanocytic nevi,0.00017918833,0.00011038199,0.005270917,0.00020271535,0.010093576,0.98317266,0.0009705106
5,5,melanocytic nevi,melanocytic nevi,1.7488683e-05,2.5521865e-06,0.00078813394,7.2265448e-06,0.00085505284,0.9983277,1.7395622e-06
5,5,melanocytic nevi,melanocytic nevi,0.018217511,0.18812965,0.118698224,0.027622044,0.01686208,0.6190974,0.011372973
