y_true,y_pred,true_class,pred_class,prob_0_actinic_keratoses_and_intraepithelial_carcinoma,prob_1_basal_cell_carcinoma,prob_2_benign_keratosis-like_lesions,prob_3_dermatofibroma,prob_4_melanoma,prob_5_melanocytic_nevi,prob_6_vascular_lesions
5,5,melanocytic nevi,melanocytic nevi,0.00045085713,0.00050686486,0.0053495155,0.001033644,0.0011321659,0.9843715,0.007155501
3,3,dermatofibroma,dermatofibroma,0.08260792,0.09955109,0.0033140169,0.80571216,0.00077953486,0.005391445,0.0026437577
4,4,melanoma,melanoma,0.09534109,0.08181267,0.33100837,0.026186274,0.37252113,0.091294855,0.0018356435
0,2,actinic keratoses and intraepithelial carcinoma,benign keratosis-like lesions,0.10031927,0.3470114,0.50131285,0.015686462,0.022376778,0.011520223,0.0017730258
5,5,melanocytic nevi,melanocytic nevi,0.001725065,0.0024948462,0.006795838,0.0016281663,0.15574127,0.83117026,0.00044458604
5,5,melanocytic nevi,melanocytic nevi,3.9072787e-05,1.3106867e-05,0.039131466,0.00076491793,0.0024295875,0.9576145,7.3962537e-06
5,5,melanocytic nevi,melanocytic nevi,7.403149e-05,0.00012438445,0.022747226,1.8751979e-06,0.023870088,0.9531805,1.9498952e-06
4,5,melanoma,melanocytic nevi,0.0018540414,2.725958e-05,0.04125948,0.00033956024,0.16688052,0.78963727,1.8613998e-06
5,5,melanocytic nevi,melanocytic nevi,8.653043e-05,2.844738e-05,0.0006820626,0.00031907827,0.00077811955,0.99807394,3.174467e-05
2,2,benign keratosis-like lesions,benign keratosis-like lesions,0.00724657,0.037311886,0.6245162,0.023653299,0.0038374225,0.30139327,0.0020413718
1,1,basal cell carcinoma,basal cell carcinoma,0.017665258,0.8781567,0.027862791,0.019189853,0.0020814263,0.048748612,0.0062952884
5,5,melanocytic nevi,melanocytic nevi,4.575998e-06,5.2973246e-07,0.0004783747,5.3905194e-05,7.6371005e-05,0.9993837,2.4815408e-06
4,1,melanoma,basal cell carcinoma,0.103053704,0.5252567,0.15349513,0.051654123,0.1341085,0.030128608,0.0023032776
5,5,melanocytic nevi,melanocytic nevi,0.00018862201,0.00043103748,0.0019385645,0.02758887,0.0002102734,0.9691631,0.00047950726
5,2,melanocytic nevi,benign keratosis-like lesions,0.0006596711,1.6473448e-05,0.48454747,0.00053177576,0.044161804,0.47007617,6.614075e-06
4,4,melanoma,melanoma,0.007739812,0.00054972095,0.11365211,0.009715336,0.703076,0.16517188,9.519732e-05
4,4,melanoma,melanoma,0.01975195,0.00018356169,0.0977007,0.008714803,0.46631724,0.40730423,2.7444214e-05
2,2,benign keratosis-like lesions,benign keratosis-like lesions,0.0003923776,4.4145363e-06,0.8920464,0.00064775476,0.039753668,0.067155086,3.7473097e-07
5,5,melanocytic nevi,melanocytic nevi,0.0001107369,0.00013870551,0.02683995,0.00012687153,0.000306567,0.97237295,0.00010418854
2,2,benign keratosis-like lesions,benign keratosis-like lesions,0.0047225486,0.11041465,0.51164657,0.0013283162,0.2167381,0.15490611,0.00024366219
5,5,melanocytic nevi,melanocytic nevi,0.0035083499,0.000114518254,0.042960968,0.0049810214,0.055036172,0.8932388,0.00016020991
5,4,melanocytic nevi,melanoma,0.007267227,0.0020148305,0.29239184,0.026013946,0.43928295,0.23289639,0.00013276168
5,5,melanocytic nevi,melanocytic nevi,0.016956873,0.034963097,0.042616818,0.05618343,0.03944427,0.8094987,0.00033681985
5,5,melanocytic nevi,melanocytic nevi,0.0005267331,7.2535463e-06,0.0013835428,0.0015594075,0.002008338,0.9944939,2.0918013e-05
5,1,melanocytic nevi,basal cell carcinoma,0.093081154,0.42930037,0.011542743,0.15477417,0.056875307,0.25370762,0.0007186051
5,5,melanocytic nevi,melanocytic nevi,0.00011293387,0.0002949169,0.0053860447,0.00018092913,0.028176403,0.9655979,0.00025078567
5,5,melanocytic nevi,melanocytic nevi,4.977313e-06,0.0002689408,0.00015966465,7.904779e-05,1.0238334e-05,0.99231684,0.0071601477
5,5,melanocytic nevi,melanocytic nevi,0.0020705208,0.18091673,0.21493119,0.020487044,0.18062982,0.3974799,0.0034847478
5,5,melanocytic nevi,melanocytic nevi,2.7345315e-05,3.897265e-05,0.0014850959,2.3132518e-05,0.00025355333,0.99779874,0.00037310677
2,2,benign keratosis-like lesions,benign keratosis-like lesions,0.2578714,0.14149746,0.5097511,0.034367826,0.04764089,0.0058293925,0.0030419515
5,5,melanocytic nevi,melanocytic nevi,8.094404e-07,7.4717746e-06,0.0003074448,0.00013862277,3.8239163e-05,0.99946946,3.7978036e-05
5,5,melanocytic nevi,melanocytic nevi,2.4800578e-05,4.7479934e-06,0.000310836,0.000107451146,0.0003527306,0.99919087,8.572411e-06
4,2,melanoma,benign keratosis-like lesions,0.02584507,0.0014552736,0.77129036,0.0017282792,0.17693911,0.022707524,3.4369914e-05
5,5,melanocytic nevi,melanocytic nevi,0.00034184655,0.0014264188,0.018532688,0.00049270404,0.01613769,0.9630647,3.8569265e-06
2,2,benign keratosis-like lesions,benign keratosis-like lesions,0.13080503,0.29250723,0.39361185,0.06805936,0.013665638,0.09714234,0.0042085303
2,2,benign keratosis-like lesions,benign keratosis-like lesions,0.15383515,0.009017294,0.46802378,0.038180146,0.3166593,0.013992064,0.0002923071
2,2,benign keratosis-like lesions,benign keratosis-like lesions,0.013722681,0.00017028954,0.87751734,0.00030526766,0.018483598,0.08979529,5.525685e-06
5,5,melanocytic nevi,melanocytic nevi,2.9490146e-05,1.6139584e-05,0.00064565137,0.0017494244,0.0016767499,0.99523276,0.00064982974
2,2,benign keratosis-like lesions,benign keratosis-like lesions,0.00016331562,7.4761388e-06,0.99648213,0.0005774105,0.0007741399,0.0019941942,1.2841523e-06
1,1,basal cell carcinoma,basal cell carcinoma,0.001877986,0.95349675,0.0016109282,0.005729137,0.0017376988,0.0064362194,0.029111238
5,2,melanocytic nevi,benign keratosis-like lesions,0.0046949494,0.012014673,0.4637394,0.0052804486,0.42377955,0.09038321,0.000107830645
5,5,melanocytic nevi,melanocytic nevi,0.00025090287,9.316982e-06,0.0020683783,0.00023970334,0.005596121,0.99177307,6.259521e-05
5,5,melanocytic nevi,melanocytic nevi,4.2059646e-06,1.6728296e-05,0.0011521283,2.1818272e-05,0.00014052725,0.99863666,2.7917333e-05
5,5,melanocytic nevi,melanocytic nevi,3.1291677e-07,6.337326e-08,6.880418e-05,5.8725635e-07,0.0040419307,0.99588734,8.9803916e-07
5,5,melanocytic nevi,melanocytic nevi,0.00015980203,1.731717e-06,0.00025920355,0.0007395276,0.0009133166,0.99791974,6.7250035e-06
1,4,basal cell carcinoma,melanoma,0.039645378,0.08975895,0.1467067,0.10383648,0.36164066,0.2569058,0.0015060293
5,5,melanocytic nevi,melanocytic nevi,8.280403e-05,0.00022911553,0.0024882797,0.00046898972,3.965508e-05,0.99666166,2.9412495e-05
5,5,melanocytic nevi,melanocytic nevi,0.00060420437,0.0019302915,0.07396954,0.01617699,0.03475149,0.8616829,0.010884541
5,5,melanocytic nevi,melanocytic nevi,6.487069e-05,0.00023801124,0.00074908923,0.00029706923,0.0002103523,0.9953649,0.0030757193
5,5,melanocytic nevi,melanocytic nevi,0.0050577465,0.0010217143,0.07387782,0.007387351,0.22550155,0.6860215,0.0011323398
5,5,melanocytic nevi,melanocytic nevi,0.04939497,0.004292301,0.14686573,0.061521385,0.004962907,0.72958606,0.003376686
5,5,melanocytic nevi,melanocytic nevi,0.009954237,0.0047180695,0.025666803,0.0017217983,0.36521658,0.5925974,0.00012510447
5,5,melanocytic nevi,melanocytic nevi,3.4561674e-06,2.073751e-06,0.00025805418,0.00014735869,0.00032182632,0.99923503,3.2123553e-05
5,5,melanocytic nevi,melanocytic nevi,0.0006360447,0.0002350862,0.022675958,0.0013427474,0.09986113,0.8752428,6.216947e-06
5,5,melanocytic nevi,melanocytic nevi,0.00029986576,4.3564687e-06,0.059709784,0.00015498576,0.09506319,0.8447673,6.35045e-07
2,2,benign keratosis-like lesions,benign keratosis-like lesions,0.0011658492,0.0007730671,0.44343224,0.0002493696,0.41692472,0.1374165,3.834483e-05
3,3,dermatofibroma,dermatofibroma,0.029502768,0.0029968605,0.07117021,0.7352263,0.06665,0.09431321,0.0001407426
2,2,benign keratosis-like lesions,benign keratosis-like lesions,0.066314384,0.0019743328,0.8766854,0.029356588,0.005510203,0.019152824,0.0010062645
5,5,melanocytic nevi,melanocytic nevi,2.8286556e-06,6.8548106e-06,0.00030366186,0.0001452039,0.00018401745,0.99933666,2.0712649e-05
5,5,melanocytic nevi,melanocytic nevi,0.024044419,0.00041352885,0.19192882,0.026485596,0.0680303,0.6887798,0.0003176077
5,5,melanocytic nevi,melanocytic nevi,0.00017230827,2.1454105e-05,0.0053414265,0.0004429539,0.00033339325,0.9935939,9.455366e-05
5,5,melanocytic nevi,melanocytic nevi,0.0020859148,0.0012699546,0.07723061,0.007321664,0.3276608,0.58328015,0.0011509315
0,0,actinic keratoses and intraepithelial carcinoma,actinic keratoses and intraepithelial carcinoma,0.49254495,0.32922497,0.1336598,0.024653519,0.016471485,0.0024561537,0.000989165
5,5,melanocytic nevi,melanocytic nevi,0.00017027564,9.118649e-05,0.395875,0.002013633,0.015873313,0.58581513,0.00016146945
5,5,melanocytic nevi,melanocytic nevi,4.424005e-06,1.5780542e-07,0.00070739107,2.2933616e-05,0.007501118,0.99176323,7.544626e-07
5,5,melanocytic nevi,melanocytic nevi,0.0054249875,0.05772614,0.20047298,0.32642195,0.05126565,0.3574305,0.0012577862
4,5,melanoma,melanocytic nevi,0.00016881003,7.210825e-06,0.07983975,0.00016635604,0.12799096,0.7918263,6.440209e-07
5,5,melanocytic nevi,melanocytic nevi,2.3684797e-06,4.2773463e-06,0.0016266126,9.553065e-05,0.023493862,0.9747515,2.5840487e-05
4,4,melanoma,melanoma,0.2029131,0.043910608,0.05561067,0.007080721,0.68716663,0.0025741681,0.00074412324
5,5,melanocytic nevi,melanocytic nevi,0.015414001,0.11357798,0.12223482,0.0046653687,0.045952495,0.64431137,0.05384392
5,5,melanocytic nevi,melanocytic nevi,0.027366173,0.0016224391,0.12112141,0.011346247,0.009284882,0.82851,0.0007488415
5,5,melanocytic nevi,melanocytic nevi,1.396114e-05,8.666235e-05,0.0010196471,0.000668361,0.0006156101,0.9946602,0.0029355306
1,1,basal cell carcinoma,basal cell carcinoma,0.048524957,0.9283084,0.0064193807,0.00791726,0.0014625358,0.0065544494,0.00081302953
3,3,dermatofibroma,dermatofibroma,0.0015378381,0.027398532,0.0037308238,0.89794815,9.22437e-05,0.06277696,0.006515433
4,5,melanoma,melanocytic nevi,0.119885735,0.09909578,0.2456453,0.15540855,0.096083105,0.282094,0.0017875222
5,5,melanocytic nevi,melanocytic nevi,0.0021427155,0.00028076893,0.027397811,0.008386711,0.0018987898,0.9593008,0.0005924123
5,5,melanocytic nevi,melanocytic nevi,0.0022692573,9.297953e-05,0.095319286,0.002890086,0.095125,0.80427957,2.3911889e-05
4,4,melanoma,melanoma,0.00019081029,3.34859e-05,0.10722409,6.014629e-05,0.7840599,0.10842952,2.077812e-06
5,5,melanocytic nevi,melanocytic nevi,4.8114707e-05,1.2086573e-05,0.00066405226,0.0017786043,0.00012849923,0.997347,2.1633332e-05
5,5,melanocytic nevi,melanocytic nevi,2.3522582e-05,3.974731e-06,0.0026965276,0.00074242253,0.0019893132,0.9945381,6.1083756e-06
5,5,melanocytic nevi,melanocytic nevi,7.43083e-05,5.726602e-05,0.0007115296,0.00016592532,0.0010135873,0.99743795,0.0005395174
5,5,melanocytic nevi,melanocytic nevi,8.280639e-05,2.278228e-06,0.036742803,0.00030966414,0.47627828,0.48658395,2.56729e-07
5,5,melanocytic nevi,melanocytic nevi,0.00014256596,0.00018509432,0.036992207,0.041915324,0.00014985021,0.92052084,9.405895e-05
5,2,melanocytic nevi,benign keratosis-like lesions,0.26435918,0.17375582,0.37430647,0.019608514,0.041197497,0.12504874,0.0017238584
5,5,melanocytic nevi,melanocytic nevi,0.00021211349,0.000114154594,0.00944431,0.0046586446,0.0023740253,0.98315686,3.984818e-05
5,5,melanocytic nevi,melanocytic nevi,0.0018785954,0.007088951,0.024456928,0.0022078562,0.0003697352,0.96184134,0.0021565661
4,4,melanoma,melanoma,0.006899562,0.007926858,0.11472002,0.017987851,0.8258975,0.026547888,2.0265097e-05
5,5,melanocytic nevi,melanocytic nevi,0.00040414758,1.0333299e-05,0.01025744,9.448169e-05,0.43498904,0.55424404,5.379196e-07
5,5,melanocytic nevi,melanocytic nevi,7.516265e-05,5.9402664e-05,0.0022442464,0.0006230288,0.00084631325,0.9956067,0.0005451329
5,5,melanocytic nevi,melanocytic nevi,0.0016368581,3.6671745e-06,0.06676356,0.0024539528,0.027832234,0.9013055,4.3282544e-06
5,5,melanocytic nevi,melanocytic nevi,0.0003855373,0.002056253,0.07762232,0.0027077699,0.014689632,0.8802742,0.022264384
5,5,melanocytic nevi,melanocytic nevi,0.0013238761,8.055286e-05,0.006064321,0.0061361063,0.001400351,0.98485386,0.00014090302
1,2,basal cell carcinoma,benign keratosis-like lesions,0.001844731,0.33558562,0.43725228,0.07710247,0.014889626,0.13036355,0.0029617161
5,5,melanocytic nevi,melanocytic nevi,0.0003315185,0.0006683374,0.021668043,0.00029042963,0.10624768,0.87064946,0.00014460103
5,5,melanocytic nevi,melanocytic nevi,0.01771189,0.008137049,0.1731794,0.0039033259,0.08754087,0.7092467,0.00028082644
5,5,melanocytic nevi,melanocytic nevi,6.3535226e-05,0.00058979745,0.0080470545,1.163021e-05,0.0023664332,0.9888678,5.38054e-05
4,4,melanoma,melanoma,0.23377463,0.01826246,0.022640817,0.15908752,0.33775595,0.22663122,0.0018474433
5,5,melanocytic nevi,melanocytic nevi,0.008809988,0.0016531982,0.07931455,0.0018430073,0.011630877,0.89570844,0.0010398547
5,5,melanocytic nevi,melanocytic nevi,0.03236359,0.19792761,0.1803847,0.059063412,0.06040416,0.46794283,0.001913709
5,5,melanocytic nevi,melanocytic nevi,3.301214e-05,1.9037891e-06,0.00014418025,8.955446e-05,0.00073997094,0.99897987,1.1405753e-05
4,2,melanoma,benign keratosis-like lesions,9.51454e-05,6.831659e-06,0.83808726,0.0005069649,0.15189242,0.009410404,9.830766e-07
5,1,melanocytic nevi,basal cell carcinoma,0.026988216,0.8212519,0.06971898,0.002791226,0.012518345,0.06286174,0.0038696218
5,5,melanocytic nevi,melanocytic nevi,0.0025968174,0.0009930553,0.13915873,0.00055455725,0.0026421046,0.8537461,0.00030864787
5,5,melanocytic nevi,melanocytic nevi,0.0036605722,0.0019865008,0.0078916,0.0049728975,0.0022881434,0.978773,0.00042726283
5,2,melanocytic nevi,benign keratosis-like lesions,0.007579321,0.011707783,0.84011376,0.008622345,0.022661805,0.10896852,0.00034651964
2,2,benign keratosis-like lesions,benign keratosis-like lesions,3.3717784e-05,2.4742615e-06,0.92856973,2.9449167e-05,0.04421051,0.027154036,4.9254687e-08
5,5,melanocytic nevi,melanocytic nevi,4.4891218e-05,0.000112681,0.037876233,9.438737e-05,0.3500209,0.61183673,1.4135499e-05
5,5,melanocytic nevi,melanocytic nevi,6.507301e-07,1.0974548e-07,2.0133743e-05,1.6693686e-05,0.0012214563,0.99874073,2.6290192e-07
5,5,melanocytic nevi,melanocytic nevi,0.025964996,0.002440974,0.20977214,0.00043075645,0.07135983,0.6899548,7.648896e-05
5,5,melanocytic nevi,melanocytic nevi,0.0007367234,0.0008489636,0.08315,0.0014265825,0.22507489,0.68848616,0.00027669134
5,5,melanocytic nevi,melanocytic nevi,1.1153887e-05,4.153016e-06,0.00077365903,1.0945216e-05,0.00031246207,0.9988794,8.195368e-06
3,1,dermatofibroma,basal cell carcinoma,0.1436229,0.43843493,0.32462695,0.045899693,0.004240435,0.039977767,0.0031972423
5,5,melanocytic nevi,melanocytic nevi,0.0002988304,3.9506886e-05,0.013439613,0.0016231742,0.0011330484,0.98342913,3.6723322e-05
5,4,melanocytic nevi,melanoma,0.0009099686,0.0007527362,0.004152701,0.00036173893,0.5892581,0.4045549,9.89569e-06
1,1,basal cell carcinoma,basal cell carcinoma,0.04793214,0.57306844,0.0137103405,0.28378102,0.01759188,0.043071225,0.020845002
5,5,melanocytic nevi,melanocytic nevi,0.0037563113,0.0003827294,0.0023212484,0.0037583555,0.024698265,0.9650728,1.0193272e-05
5,5,melanocytic nevi,melanocytic nevi,0.00015109176,1.5912823e-05,0.005199514,0.0010515936,0.01752479,0.97602344,3.3674216e-05
5,5,melanocytic nevi,melanocytic nevi,3.576173e-05,0.005200875,0.003582958,9.4871044e-05,0.004328982,0.98664784,0.000108645785
2,3,benign keratosis-like lesions,dermatofibroma,0.21722867,0.1222768,0.05123053,0.31252015,0.0023481676,0.20145944,0.092936225
5,5,melanocytic nevi,melanocytic nevi,3.1633586e-05,0.00019565978,0.0014400485,0.00033913992,4.0725343e-05,0.9866694,0.011283366
4,4,melanoma,melanoma,0.0002884113,1.6029398e-05,0.3890335,0.0026848675,0.6061433,0.001815542,1.8358649e-05
5,5,melanocytic nevi,melanocytic nevi,3.6109143e-06,4.810592e-05,0.0018048894,0.00058984436,6.767196e-05,0.99730563,0.00018019335
5,5,melanocytic nevi,melanocytic nevi,0.00082240766,4.66963e-05,0.055452455,0.060249824,0.0012838764,0.8819584,0.00018643691
5,5,melanocytic nevi,melanocytic nevi,1.0797554e-06,8.626772e-07,0.00081282225,3.2766497e-05,0.002867205,0.9962754,9.853329e-06
5,5,melanocytic nevi,melanocytic nevi,0.00010554196,4.0529544e-06,0.00039592775,0.0030152784,0.0010243005,0.9954383,1.6591332e-05
4,5,melanoma,melanocytic nevi,0.002760745,0.0046816566,0.37822136,0.0066381874,0.18243665,0.42008266,0.0051786955
5,5,melanocytic nevi,melanocytic nevi,0.00017726207,0.0008104315,0.0035840569,0.015197606,8.8266934e-05,0.97476816,0.005374214
2,2,benign keratosis-like lesions,benign keratosis-like lesions,0.0040384573,0.04886514,0.48139763,0.008336873,0.15408303,0.30056265,0.002716309
4,4,melanoma,melanoma,9.569351e-06,3.891161e-05,0.0002341935,1.9849482e-05,0.993262,0.005017637,0.0014178272
5,5,melanocytic nevi,melanocytic nevi,0.00025760848,0.0010988532,0.0072252834,0.001821841,0.0005728325,0.9887832,0.00024037524
4,5,melanoma,melanocytic nevi,0.024564626,0.0009451451,0.0023597237,0.0046317508,0.4182943,0.5490762,0.00012826627
2,2,benign keratosis-like lesions,benign keratosis-like lesions,0.00012261873,1.39965905e-05,0.64121693,0.00021865022,0.28863677,0.06978675,4.355341e-06
1,2,basal cell carcinoma,benign keratosis-like lesions,0.0011239467,0.041325606,0.50453603,0.37257898,0.01704902,0.059564188,0.0038223004
5,5,melanocytic nevi,melanocytic nevi,0.000120358745,0.00032197588,0.061978873,0.00010094439,0.24061412,0.69685817,5.6003487e-06
5,4,melanocytic nevi,melanoma,0.0126995,0.08572624,0.31524068,0.032044373,0.3735842,0.17705584,0.0036492005
5,5,melanocytic nevi,melanocytic nevi,5.32956e-06,1.2088885e-06,0.00056611723,8.488851e-05,0.0020709329,0.99725384,1.775795e-05
5,5,melanocytic nevi,melanocytic nevi,0.0006577962,1.3010462e-05,0.0029746713,0.0013755435,0.0023691654,0.9925861,2.3763747e-05
4,2,melanoma,benign keratosis-like lesions,0.0037085407,0.00092140195,0.5285389,8.604293e-05,0.40393487,0.06279921,1.0993629e-05
5,5,melanocytic nevi,melanocytic nevi,0.00019182845,2.8862694e-05,0.012420715,0.00034307985,0.12443372,0.8625583,2.3424289e-05
2,2,benign keratosis-like lesions,benign keratosis-like lesions,4.0544197e-05,1.2982491e-05,0.9009858,0.007136395,0.00017220827,0.091638334,1.3910963e-05
4,4,melanoma,melanoma,0.00014496622,0.0039974996,0.013747797,0.0010385277,0.87413865,0.10612629,0.000806189
5,5,melanocytic nevi,melanocytic nevi,3.0209476e-06,3.4437173e-05,0.001839547,0.0007595919,8.3765015e-05,0.99710685,0.00017268844
5,5,melanocytic nevi,melanocytic nevi,0.0013463434,0.0007644173,0.08147426,0.0041857725,0.0015050274,0.9104614,0.00026280858
2,2,benign keratosis-like lesions,benign keratosis-like lesions,0.00012734676,1.1845868e-06,0.9494988,1.6211585e-05,0.0017246235,0.048631605,2.2297115e-07
5,5,melanocytic nevi,melanocytic nevi,4.1384086e-05,0.00061777676,0.044445276,0.00032915466,0.0029953227,0.95034426,0.0012269678
2,2,benign keratosis-like lesions,benign keratosis-like lesions,0.06045305,0.0014353519,0.80722576,0.011092323,0.11444483,0.0052433484,0.00010538333
5,5,melanocytic nevi,melanocytic nevi,8.95046e-05,0.00017348438,0.03976556,8.184898e-06,0.043455284,0.9164874,2.0693806e-05
5,5,melanocytic nevi,melanocytic nevi,4.6384837e-05,9.000399e-06,0.017771438,1.7509554e-05,0.000861157,0.9812407,5.3799402e-05
5,5,melanocytic nevi,melanocytic nevi,2.1708295e-06,1.3407927e-05,0.04495424,6.0496517e-05,0.0062389276,0.9477143,0.001016424
5,5,melanocytic nevi,melanocytic nevi,8.1324884e-05,1.0751571e-05,0.0021678212,0.00081768096,0.0004970352,0.9963774,4.7929963e-05
5,5,melanocytic nevi,melanocytic nevi,0.0006440026,0.013941692,0.042484052,0.005574619,0.22023419,0.7168459,0.000275532
5,5,melanocytic nevi,melanocytic nevi,1.1300376e-05,1.9160088e-05,0.005239783,0.0015291094,0.0003513351,0.9927765,7.275189e-05
5,5,melanocytic nevi,melanocytic nevi,1.3782122e-05,4.1420953e-06,0.0019630254,0.0010450416,0.00013591963,0.99682105,1.6958087e-05
5,5,melanocytic nevi,melanocytic nevi,8.93134e-06,2.8772806e-06,0.00051800633,0.00018787837,0.00039306332,0.99888486,4.399647e-06
4,5,melanoma,melanocytic nevi,0.00039223174,0.0013982699,0.06553013,0.00022506967,0.26303992,0.66905814,0.00035619497
5,5,melanocytic nevi,melanocytic nevi,0.020219516,0.008893328,0.024768537,0.017886223,0.14659846,0.7813663,0.00026763006
5,5,melanocytic nevi,melanocytic nevi,3.5916747e-07,3.1538988e-07,1.4534767e-05,4.3684565e-07,0.0006075251,0.99936646,1.0305769e-05
5,5,melanocytic nevi,melanocytic nevi,1.052367e-05,1.4605146e-06,0.024091303,4.644608e-05,0.05519102,0.920653,6.3024977e-06
4,5,melanoma,melanocytic nevi,0.058238212,0.025526408,0.3092957,0.20357849,0.02268904,0.37986895,0.00080317765
2,2,benign keratosis-like lesions,benign keratosis-like lesions,0.004816997,0.0006743881,0.9797291,0.00085355545,0.0036292681,0.010285397,1.1408671e-05
5,5,melanocytic nevi,melanocytic nevi,4.7834543e-05,6.005738e-05,0.00094285636,0.00087974267,0.00040182407,0.9973513,0.0003163919
1,5,basal cell carcinoma,melanocytic nevi,0.006759707,0.010824018,0.033411767,0.0051765246,0.1076739,0.8351393,0.0010149234
5,5,melanocytic nevi,melanocytic nevi,0.014271913,0.012390339,0.014778902,0.0024093927,0.17608364,0.77768147,0.0023844324
2,4,benign keratosis-like lesions,melanoma,0.0042773695,0.00095647166,0.26508594,0.006469068,0.38124198,0.3416966,0.00027265522
5,5,melanocytic nevi,melanocytic nevi,0.0014339678,0.29898855,0.25291914,0.015916314,0.00047106878,0.36395702,0.06631396
2,5,benign keratosis-like lesions,melanocytic nevi,0.009704252,0.0048203636,0.14856504,0.023657063,0.079184346,0.7338558,0.00021310856
5,5,melanocytic nevi,melanocytic nevi,0.0008620549,0.0018934043,0.218374,0.0030547406,0.123429,0.65223914,0.00014763339
5,5,melanocytic nevi,melanocytic nevi,8.356879e-06,1.8895798e-06,0.00052881945,5.5666483e-06,0.019297054,0.98015827,1.1768522e-07
0,0,actinic keratoses and intraepithelial carcinoma,actinic keratoses and intraepithelial carcinoma,0.8557398,0.08120871,0.019020528,0.032183684,0.002910453,0.008530544,0.00040636587
1,3,basal cell carcinoma,dermatofibroma,0.023479633,0.24182041,0.07217637,0.4403944,0.03573606,0.18584736,0.00054578955
4,5,melanoma,melanocytic nevi,0.0034099456,0.0025799107,0.3409724,0.00083013426,0.08500006,0.5664381,0.00076951156
5,5,melanocytic nevi,melanocytic nevi,0.00035940434,0.00021518195,0.054050475,0.24184245,0.00056241266,0.702453,0.00051709183
5,5,melanocytic nevi,melanocytic nevi,0.0032908127,6.142741e-05,0.0039358293,0.06358792,0.007802555,0.9204144,0.00090711255
5,5,melanocytic nevi,melanocytic nevi,0.00012221825,0.0001838891,0.0046918383,2.1266254e-05,0.010656005,0.98313266,0.001192023
5,5,melanocytic nevi,melanocytic nevi,5.8157675e-06,3.139654e-05,0.0021126033,0.0003124413,0.002107297,0.9953223,0.00010826657
6,5,vascular lesions,melanocytic nevi,0.0029537291,0.024106938,0.011475606,0.23320104,0.015605747,0.47700217,0.23565479
5,5,melanocytic nevi,melanocytic nevi,6.135554e-05,3.3959425e-06,0.0005634226,0.00014453872,0.0012869383,0.9979323,8.058685e-06
4,2,melanoma,benign keratosis-like lesions,0.03630296,0.0026132422,0.45838997,0.0032470974,0.13125277,0.36803,0.00016404556
2,2,benign keratosis-like lesions,benign keratosis-like lesions,0.008752459,0.0128375515,0.7886523,0.045638643,0.04915393,0.094818,0.00014713308
1,4,basal cell carcinoma,melanoma,0.04601552,0.010607786,0.0858322,0.0020967592,0.5916585,0.2637336,5.5718723e-05
5,5,melanocytic nevi,melanocytic nevi,0.0003239257,0.000114336486,0.0007012698,0.0004964635,0.002041222,0.99631196,1.0775879e-05
5,5,melanocytic nevi,melanocytic nevi,1.877235e-05,8.529576e-05,0.0003698204,0.00042861208,0.0002407646,0.99736744,0.0014893013
2,2,benign keratosis-like lesions,benign keratosis-like lesions,0.20576215,0.005549804,0.5023695,0.1579565,0.12321449,0.004799606,0.00034787384
5,2,melanocytic nevi,benign keratosis-like lesions,0.0015095278,0.0083189495,0.50943655,0.002203002,0.01314028,0.4634081,0.001983552
5,5,melanocytic nevi,melanocytic nevi,0.00018484371,0.0010114034,0.035322886,0.024810867,0.001379945,0.9364566,0.00083346706
5,2,melanocytic nevi,benign keratosis-like lesions,0.00045678008,0.00038207337,0.6500379,0.0001463778,0.099957876,0.24901085,8.233104e-06
5,5,melanocytic nevi,melanocytic nevi,0.00017095695,5.98668e-05,0.00047419258,0.0001368556,0.00076837296,0.9983784,1.1308669e-05
2,1,benign keratosis-like lesions,basal cell carcinoma,0.20120107,0.5270195,0.17104703,0.03136179,0.02321609,0.035416257,0.010738351
2,2,benign keratosis-like lesions,benign keratosis-like lesions,0.018054359,0.21470845,0.73789877,0.0013291788,0.010331964,0.016922722,0.0007546169
0,2,actinic keratoses and intraepithelial carcinoma,benign keratosis-like lesions,0.32317615,0.1759601,0.35198596,0.013940896,0.07042503,0.0629686,0.0015433499
5,5,melanocytic nevi,melanocytic nevi,0.0009324229,0.0009125483,0.0060891025,0.018590793,0.00035441932,0.9717705,0.0013502555
4,4,melanoma,melanoma,0.002453267,0.00032239576,0.28131577,0.012552761,0.35363182,0.3477863,0.0019376592
2,2,benign keratosis-like lesions,benign keratosis-like lesions,0.0001388439,0.0001530701,0.61200285,0.0016468432,0.081247345,0.30475655,5.4444805e-05
5,5,melanocytic nevi,melanocytic nevi,0.00042501508,0.014050526,0.22746299,0.00010445925,0.067206554,0.6741928,0.016557662
4,4,melanoma,melanoma,0.00054364424,0.0032894933,0.18148012,0.004347514,0.5615547,0.24854505,0.00023949357
5,5,melanocytic nevi,melanocytic nevi,0.00094297854,0.0020225968,0.018237324,0.006264094,0.14265387,0.7962292,0.033650026
5,5,melanocytic nevi,melanocytic nevi,0.00032980175,0.0002683738,0.011634297,0.007949882,0.00050319417,0.97909343,0.00022109304
5,4,melanocytic nevi,melanoma,0.0035630867,0.001071286,0.06832419,0.011409316,0.53116703,0.38444915,1.586736e-05
5,5,melanocytic nevi,melanocytic nevi,1.4640939e-06,4.4179596e-06,7.2894436e-05,4.3464573e-07,0.00047840708,0.9994351,7.3234987e-06
0,1,actinic keratoses and intraepithelial carcinoma,basal cell carcinoma,0.121563174,0.8065818,0.0053148717,0.024397392,0.004154442,0.0025930544,0.035395235
5,5,melanocytic nevi,melanocytic nevi,0.008284469,0.002941764,0.22800812,0.021736436,0.18236609,0.555045,0.0016181731
5,2,melanocytic nevi,benign keratosis-like lesions,0.0028741378,0.0022719158,0.45516884,0.031129776,0.15454221,0.35361567,0.00039743906
5,5,melanocytic nevi,melanocytic nevi,0.0033663334,0.27222088,0.073859215,0.050219785,0.008002589,0.5633941,0.028937103
5,5,melanocytic nevi,melanocytic nevi,1.2532828e-05,2.0675085e-05,0.0037882805,7.2521093e-06,0.04155576,0.9546143,1.1987677e-06
2,5,benign keratosis-like lesions,melanocytic nevi,0.015827969,0.01755438,0.33486098,0.0005272349,0.093817934,0.5313392,0.006072255
5,5,melanocytic nevi,melanocytic nevi,3.613506e-07,3.3668252e-07,4.393548e-05,9.528355e-06,6.6125824e-05,0.99987006,9.703876e-06
5,5,melanocytic nevi,melanocytic nevi,0.013453639,0.010987109,0.048938375,0.03073364,0.063258134,0.8322301,0.0003990352
5,5,melanocytic nevi,melanocytic nevi,6.841868e-05,1.6336004e-06,0.00030674852,0.00021536542,0.0026442835,0.9967552,8.349397e-06
5,5,melanocytic nevi,melanocytic nevi,2.8703756e-05,2.0052426e-05,0.0025193135,0.000236722,0.0007779701,0.99637514,4.2079555e-05
4,4,melanoma,melanoma,0.0004286755,0.02622077,0.0042243884,0.0004325367,0.94375694,0.0017071465,0.023229541
4,4,melanoma,melanoma,0.00014693014,0.005560127,0.0042619756,0.0018899582,0.88855076,0.09728377,0.0023065335
5,5,melanocytic nevi,melanocytic nevi,0.22114533,0.011928119,0.097054444,0.12385366,0.18982671,0.3549063,0.0012854356
5,5,melanocytic nevi,melanocytic nevi,0.012103827,0.022333764,0.021331115,0.037055366,0.017176026,0.8813644,0.008635457
5,5,melanocytic nevi,melanocytic nevi,4.3800777e-05,6.1611822e-06,0.0009553453,0.00021513511,0.00056575274,0.99819165,2.2229311e-05
1,1,basal cell carcinoma,basal cell carcinoma,0.00868128,0.79245144,0.09416071,0.008539976,0.05816245,0.031570695,0.006433423
0,2,actinic keratoses and intraepithelial carcinoma,benign keratosis-like lesions,0.2041095,0.02932127,0.34015265,0.017242258,0.31133452,0.09683465,0.0010050847
5,4,melanocytic nevi,melanoma,0.0012302902,0.0004585834,0.18062624,0.00096177304,0.53503484,0.2805314,0.0011568136
5,5,melanocytic nevi,melanocytic nevi,0.014795714,0.0034510652,0.06608706,0.038386926,0.22055349,0.656662,6.381719e-05
6,6,vascular lesions,vascular lesions,0.00073279196,0.02609647,0.0022264968,0.05932735,0.0023290156,0.100023165,0.8092647
5,5,melanocytic nevi,melanocytic nevi,1.9474562e-06,1.3515544e-06,6.264732e-05,2.9920775e-05,0.00046051803,0.99942255,2.1107155e-05
5,5,melanocytic nevi,melanocytic nevi,9.671692e-05,5.3449607e-05,0.04939139,7.369429e-05,0.2976826,0.6526824,1.9673798e-05
2,2,benign keratosis-like lesions,benign keratosis-like lesions,0.085848816,0.2530445,0.51235914,0.0062467153,0.018201761,0.123883314,0.00041584542
2,2,benign keratosis-like lesions,benign keratosis-like lesions,0.0011448533,0.0013457697,0.74132925,0.00398422,0.14139464,0.11079632,4.916876e-06
5,5,melanocytic nevi,melanocytic nevi,2.023549e-05,2.9963525e-07,0.00033488902,7.643213e-05,0.0003097669,0.999255,3.4970844e-06
5,5,melanocytic nevi,melanocytic nevi,3.4096985e-05,0.0029422217,0.0021600712,0.008984165,6.336552e-05,0.9851812,0.0006347533
5,5,melanocytic nevi,melanocytic nevi,0.00016343019,1.0965014e-05,0.0037177461,0.0057511744,0.00033630384,0.989962,5.8371832e-05
5,5,melanocytic nevi,melanocytic nevi,0.00021729205,8.473812e-06,0.005245013,0.0009281566,0.0012157309,0.9923407,4.4745062e-05
5,5,melanocytic nevi,melanocytic nevi,0.015171792,0.001988873,0.3092706,0.003576175,0.11989213,0.5499337,0.00016670935
5,5,melanocytic nevi,melanocytic nevi,0.025231695,0.004880281,0.047226712,0.0064541376,0.27024847,0.6458541,0.00010466323
5,5,melanocytic nevi,melanocytic nevi,6.1516264e-05,2.4486883e-06,0.0029752885,0.00010488827,0.41146216,0.58539295,6.641694e-07
5,4,melanocytic nevi,melanoma,1.0409119e-05,4.2466145e-05,0.18665105,7.052111e-05,0.6743531,0.13887134,1.1592224e-06
5,5,melanocytic nevi,melanocytic nevi,3.676282e-05,4.406907e-06,0.0033863885,0.00034107603,0.0014450843,0.99477506,1.1110812e-05
5,5,melanocytic nevi,melanocytic nevi,0.00025698368,0.0010346806,0.009001417,0.003096054,0.004730457,0.9815103,0.0003701465
5,5,melanocytic nevi,melanocytic nevi,0.00012864123,1.939853e-06,0.015420924,5.338373e-05,0.13045377,0.8539406,6.657126e-07
4,2,melanoma,benign keratosis-like lesions,0.004344011,0.018590847,0.8973282,0.0027276017,0.023104213,0.053890236,1.4821008e-05
2,2,benign keratosis-like lesions,benign keratosis-like lesions,0.0033889578,0.00019252181,0.6543807,0.0011011818,0.20158593,0.13934232,8.354961e-06
5,5,melanocytic nevi,melanocytic nevi,9.657477e-07,2.5943146e-07,0.00025543701,0.0008401489,0.00011815068,0.99878067,4.41957e-06
4,4,melanoma,melanoma,0.00018936406,8.91052e-05,0.0073209517,0.0019843895,0.95811784,0.032296974,1.3246482e-06
5,5,melanocytic nevi,melanocytic nevi,0.014436853,0.019192118,0.050187536,0.08622946,0.06281465,0.7572711,0.0098682875
5,5,melanocytic nevi,melanocytic nevi,1.2942336e-07,2.1103011e-08,6.242416e-06,4.491838e-06,6.4002736e-05,0.99992466,4.5597614e-07
5,5,melanocytic nevi,melanocytic nevi,4.7981404e-05,1.6086209e-06,0.00030126056,0.0017183317,0.0012786887,0.9966319,2.0196658e-05
5,5,melanocytic nevi,melanocytic nevi,8.241368e-05,0.00017326743,0.009660613,0.0008709107,0.0017208729,0.98738,0.00011197971
4,2,melanoma,benign keratosis-like lesions,0.0006868546,9.4108895e-05,0.5937469,0.0011139663,0.20783228,0.19639418,0.00013169371
5,5,melanocytic nevi,melanocytic nevi,6.095799e-05,4.1055435e-07,0.017687311,0.00045468006,0.0018901663,0.97989684,9.578535e-06
0,3,actinic keratoses and intraepithelial carcinoma,dermatofibroma,0.30481815,0.19259506,0.043479234,0.3769433,0.033153456,0.033003516,0.01600729
5,5,melanocytic nevi,melanocytic nevi,1.1770056e-05,1.3453104e-06,3.6340585e-05,4.3639822e-05,0.00042096118,0.9994821,3.943298e-06
5,5,melanocytic nevi,melanocytic nevi,0.004943871,0.0017015487,0.24633726,0.0014644596,0.03122256,0.71422416,0.00010608853
5,5,melanocytic nevi,melanocytic nevi,5.090653e-05,0.00013662118,0.0044499137,0.0021097255,0.00015087653,0.9928243,0.00027766748
4,2,melanoma,benign keratosis-like lesions,0.26076034,0.006217332,0.56567657,0.048247732,0.10366372,0.015265451,0.00016882346
1,1,basal cell carcinoma,basal cell carcinoma,0.28545025,0.5422249,0.111176185,0.004681444,0.034754418,0.020405265,0.001307597
5,5,melanocytic nevi,melanocytic nevi,0.000558024,0.00049492193,0.0023732397,0.00082373293,0.02841799,0.966658,0.0006740388
2,0,benign keratosis-like lesions,actinic keratoses and intraepithelial carcinoma,0.3196694,0.03185496,0.13782123,0.31812778,0.026988741,0.16190942,0.003628545
5,5,melanocytic nevi,melanocytic nevi,4.999079e-07,1.0818204e-06,8.2243205e-05,5.9202966e-06,0.00051609316,0.99934274,5.1484796e-05
5,5,melanocytic nevi,melanocytic nevi,2.8639945e-06,1.0899802e-06,0.001905041,0.00046710958,0.0007732786,0.99682933,2.124472e-05
5,5,melanocytic nevi,melanocytic nevi,0.00015755124,1.5549675e-05,0.014964116,0.00019152301,0.20758899,0.7770821,1.8170553e-07
4,5,melanoma,melanocytic nevi,0.0057218284,0.0004963056,0.03139882,0.005252496,0.4273598,0.5297454,2.5357802e-05
5,5,melanocytic nevi,melanocytic nevi,1.4669281e-05,4.3409023e-06,0.0006738558,0.0006182044,0.0008969555,0.9977557,3.6325244e-05
5,5,melanocytic nevi,melanocytic nevi,2.9122577e-05,0.00018005792,0.0008510678,0.002468993,0.0024035305,0.9936094,0.00045776827
5,5,melanocytic nevi,melanocytic nevi,1.8669207e-05,5.350046e-06,0.0033319634,0.0029528346,0.00038396445,0.9932248,8.24091e-05
2,2,benign keratosis-like lesions,benign keratosis-like lesions,0.00067929324,0.00029199728,0.957516,0.00026168776,0.0129792495,0.028265728,6.07262e-06
5,5,melanocytic nevi,melanocytic nevi,3.718417e-05,4.5053777e-05,0.00036449335,7.803021e-05,0.0005915262,0.99856806,0.00031572892
1,1,basal cell carcinoma,basal cell carcinoma,0.13263506,0.48293424,0.1976011,0.019830026,0.112399496,0.04583319,0.0087669445
4,4,melanoma,melanoma,0.0012086784,1.130621e-05,0.0058557787,0.00039210173,0.5294192,0.46311143,1.514476e-06
2,5,benign keratosis-like lesions,melanocytic nevi,0.0020193344,0.039979555,0.16054979,0.0057328567,0.07816466,0.70628786,0.007265851
5,2,melanocytic nevi,benign keratosis-like lesions,0.0007161726,0.00014831043,0.7790022,0.0010100774,0.024506912,0.19461316,3.1724576e-06
5,5,melanocytic nevi,melanocytic nevi,6.407441e-05,1.721322e-05,0.027441688,1.0440625e-05,0.008323553,0.9641256,1.741837e-05
4,4,melanoma,melanoma,5.653319e-06,1.6815372e-07,0.004689109,2.216691e-05,0.9628629,0.032420024,4.4768584e-08
5,5,melanocytic nevi,melanocytic nevi,0.000118701086,8.324263e-05,0.002046767,0.00022747407,0.0003367906,0.9970139,0.0001731096
5,5,melanocytic nevi,melanocytic nevi,2.0019743e-05,0.0003328999,0.003394635,0.004454462,0.00026821677,0.9913419,0.00018786166
0,0,actinic keratoses and intraepithelial carcinoma,actinic keratoses and intraepithelial carcinoma,0.70377403,0.08746812,0.105704226,0.03807078,0.04512375,0.018993737,0.00086528744
5,5,melanocytic nevi,melanocytic nevi,1.6801321e-05,3.9818246e-06,0.0013977342,0.0023501853,0.00012156475,0.9960651,4.4621487e-05
5,5,melanocytic nevi,melanocytic nevi,5.3990752e-05,0.0014342669,0.0013860229,0.0016484138,0.00015861716,0.9827475,0.012571174
5,5,melanocytic nevi,melanocytic nevi,4.6051304e-05,0.0013361165,0.012594789,0.004699595,0.014263942,0.9622094,0.004850161
1,1,basal cell carcinoma,basal cell carcinoma,0.007767356,0.5490561,0.030902391,0.08632641,0.3156204,0.008877636,0.0014497858
5,5,melanocytic nevi,melanocytic nevi,7.0954015e-06,1.2283125e-05,0.00076804654,9.9220946e-05,0.0006459445,0.998345,0.00012228699
5,4,melanocytic nevi,melanoma,3.969676e-05,2.3643575e-05,0.18995751,5.9899257e-06,0.59471536,0.21525764,1.6601797e-07
4,4,melanoma,melanoma,0.00019166776,0.00024745223,0.011428683,0.0010171476,0.82645303,0.16051069,0.00015137721
5,5,melanocytic nevi,melanocytic nevi,0.0014142758,5.588098e-05,0.012539676,5.764489e-05,0.16525245,0.8206692,1.0879945e-05
5,5,melanocytic nevi,melanocytic nevi,0.003579148,0.044473097,0.006711197,0.0073901047,0.14327988,0.7866002,0.007966435
5,5,melanocytic nevi,melanocytic nevi,5.5917724e-07,9.058248e-08,7.825193e-05,1.0604284e-05,2.6087122e-05,0.9998834,9.0206237e-07
5,5,melanocytic nevi,melanocytic nevi,3.5423227e-06,8.665409e-07,7.228534e-05,5.0788244e-06,0.00082601275,0.999062,3.010027e-05
5,5,melanocytic nevi,melanocytic nevi,5.863138e-05,0.00010498196,0.047775406,0.00039934556,0.27567923,0.67597157,1.077045e-05
5,5,melanocytic nevi,melanocytic nevi,6.44626e-05,8.267804e-05,0.00030733942,0.0009710003,0.00046066087,0.9977519,0.0003619006
5,5,melanocytic nevi,melanocytic nevi,0.00016956392,0.00017639982,0.0070513743,0.006776741,0.0017103299,0.98376805,0.00034744712
5,2,melanocytic nevi,benign keratosis-like lesions,0.00034721638,8.685954e-05,0.5279665,0.00016434981,0.3630019,0.108430155,3.0832725e-06
4,5,melanoma,melanocytic nevi,0.0007377941,0.0018900735,0.022308411,0.0019306946,0.23807095,0.7347668,0.00029526246
6,6,vascular lesions,vascular lesions,0.013725883,0.029773874,0.18862598,0.16012229,0.18484156,0.11727846,0.30563203
5,5,melanocytic nevi,melanocytic nevi,3.819263e-05,1.671199e-07,0.0007809169,0.0009584898,0.0004677094,0.99775356,9.2146337e-07
4,5,melanoma,melanocytic nevi,0.00027572576,0.00010730512,0.014792814,0.001985371,0.26091602,0.72181827,0.00010452382
5,5,melanocytic nevi,melanocytic nevi,0.0004193521,5.5441462e-05,0.010636647,0.00067689066,0.013860665,0.9742426,0.00010835508
4,4,melanoma,melanoma,0.0001430622,0.0009919398,0.09992279,8.368318e-05,0.5995908,0.29923925,2.8618417e-05
5,5,melanocytic nevi,melanocytic nevi,1.06418265e-05,0.00012286754,0.0016837879,4.004222e-06,0.019100139,0.9790467,3.1848922e-05
5,5,melanocytic nevi,melanocytic nevi,3.0717394e-05,3.5756464e-05,9.778244e-05,0.0003046746,0.000224563,0.9991922,0.00011431336
1,1,basal cell carcinoma,basal cell carcinoma,0.014403808,0.9068987,0.009819715,0.048227757,0.001565082,0.014865755,0.004219192
2,0,benign keratosis-like lesions,actinic keratoses and intraepithelial carcinoma,0.30660617,0.18887484,0.29395896,0.012047574,0.010597781,0.14873959,0.039175063
5,5,melanocytic nevi,melanocytic nevi,5.9578074e-06,5.5136347e-06,0.00021533672,0.00025659622,0.00019204573,0.99931014,1.4372871e-05
2,2,benign keratosis-like lesions,benign keratosis-like lesions,0.019095533,0.0062236185,0.5895479,0.014004461,0.06526412,0.3057994,6.502354e-05
0,1,actinic keratoses and intraepithelial carcinoma,basal cell carcinoma,0.1962053,0.49997592,0.092584334,0.0028883752,0.001705616,0.20590638,0.00073417265
5,5,melanocytic nevi,melanocytic nevi,0.00085240626,0.000719141,0.1023483,0.005286806,0.028328374,0.86245465,1.0339071e-05
5,4,melanocytic nevi,melanoma,0.0022937236,0.006698626,0.004688948,0.0007679075,0.6267631,0.3580698,0.0007179089
2,4,benign keratosis-like lesions,melanoma,0.0007670207,0.0011090067,0.08466007,0.00033955544,0.56390065,0.34920448,1.9166933e-05
5,5,melanocytic nevi,melanocytic nevi,6.2597414e-06,3.2784814e-07,0.00020927096,3.8778664e-05,0.00023248348,0.9995121,8.846144e-07
1,1,basal cell carcinoma,basal cell carcinoma,0.0015928306,0.9877193,0.00086891314,0.004152016,0.0004343926,0.002998617,0.0022339353
5,5,melanocytic nevi,melanocytic nevi,0.023693454,0.002099376,0.10282907,0.061179195,0.013108474,0.7963976,0.0006928146
2,2,benign keratosis-like lesions,benign keratosis-like lesions,0.050150175,0.0061015435,0.9201554,0.0007955747,0.021812925,0.0009594815,2.496255e-05
5,3,melanocytic nevi,dermatofibroma,0.2010673,0.072699554,0.10622546,0.41314238,0.06865322,0.12893996,0.009272117
5,5,melanocytic nevi,melanocytic nevi,2.8095874e-07,6.1015675e-07,8.300775e-05,0.0006195789,4.707537e-06,0.99927574,1.6027612e-05
5,5,melanocytic nevi,melanocytic nevi,1.4636477e-06,2.1917438e-06,0.00016831773,3.4979654e-05,6.274273e-05,0.999713,1.732727e-05
5,5,melanocytic nevi,melanocytic nevi,0.00034994318,2.7467078e-05,0.43175554,0.00062671246,0.13123515,0.4360036,1.4822501e-06
5,5,melanocytic nevi,melanocytic nevi,0.0018389934,0.0003527917,0.013315903,0.0015205019,0.17295782,0.8098856,0.0001283817
4,4,melanoma,melanoma,6.4842957e-06,6.4285496e-07,0.09606805,1.7240738e-05,0.80193675,0.10197081,3.5945238e-08
5,5,melanocytic nevi,melanocytic nevi,0.00024947626,6.61093e-05,0.007123648,0.00028413237,0.0784493,0.9138183,9.041935e-06
0,0,actinic keratoses and intraepithelial carcinoma,actinic keratoses and intraepithelial carcinoma,0.57058406,0.0070122355,0.104803935,0.042226676,0.22092646,0.0542697,0.00017697603
5,5,melanocytic nevi,melanocytic nevi,5.5923664e-07,5.0880455e-08,0.0008985421,3.3657346e-07,0.08735278,0.91174775,9.0444996e-10
5,5,melanocytic nevi,melanocytic nevi,2.2699302e-05,0.00047791403,0.0005588535,9.6821495e-05,9.983856e-05,0.9952277,0.0035161143
1,2,basal cell carcinoma,benign keratosis-like lesions,0.0074003967,0.17481072,0.7179147,0.004049539,0.016579418,0.07703072,0.0022144616
2,4,benign keratosis-like lesions,melanoma,0.023223288,0.00012563034,0.35980025,0.08768232,0.39996642,0.12919654,5.621294e-06
5,5,melanocytic nevi,melanocytic nevi,6.5233726e-05,0.00012903869,0.014314769,0.03221519,1.3620618e-05,0.9525494,0.0007127468
5,5,melanocytic nevi,melanocytic nevi,0.0010394423,0.0049672797,0.0267042,0.00019952618,0.029539587,0.93737495,0.00017500998
5,5,melanocytic nevi,melanocytic nevi,0.007760364,0.0005406985,0.17648691,0.0066103307,0.039481238,0.76899666,0.00012387722
5,5,melanocytic nevi,melanocytic nevi,1.320116e-07,4.2418414e-08,1.7349737e-05,3.351992e-07,9.411471e-05,0.99988735,5.515938e-07
4,2,melanoma,benign keratosis-like lesions,0.00014730052,4.079515e-05,0.81986505,6.190306e-05,0.035198722,0.14468531,9.059883e-07
5,5,melanocytic nevi,melanocytic nevi,5.28282e-06,9.974116e-06,0.0017250419,0.00016799524,1.648846e-05,0.997888,0.00018715912
2,2,benign keratosis-like lesions,benign keratosis-like lesions,0.044069704,0.012018713,0.7140564,0.0008292632,0.007957719,0.22105594,1.2242642e-05
5,5,melanocytic nevi,melanocytic nevi,0.013225474,0.20638111,0.08663031,0.26007086,0.03541584,0.26797593,0.1303004
4,5,melanoma,melanocytic nevi,0.0003705553,0.0063590487,0.3455698,0.00067671447,0.2723604,0.36453098,0.010132451
5,5,melanocytic nevi,melanocytic nevi,0.016292924,0.040984206,0.050837543,0.036760047,0.0007050525,0.8507903,0.0036298689
5,5,melanocytic nevi,melanocytic nevi,0.0012386023,0.00022927075,0.012526691,0.00020345123,0.007254751,0.97850275,4.4541295e-05
2,2,benign keratosis-like lesions,benign keratosis-like lesions,0.00030316084,0.00057677954,0.97718143,1.6037147e-05,0.0014392724,0.020476017,7.3074266e-06
2,2,benign keratosis-like lesions,benign keratosis-like lesions,0.0042007426,0.008809418,0.70508456,0.12688774,0.035262313,0.11894879,0.00080650713
5,5,melanocytic nevi,melanocytic nevi,0.00013104985,0.0032001645,0.0039088116,0.0021842474,0.001111687,0.98854196,0.0009220307
5,5,melanocytic nevi,melanocytic nevi,0.00028861995,0.0004562909,0.00034276117,9.594657e-05,0.000117973876,0.997463,0.0012353944
5,5,melanocytic nevi,melanocytic nevi,5.3553917e-06,5.82813e-07,0.00030413206,0.00026827762,5.4045417e-05,0.99936,7.518136e-06
1,1,basal cell carcinoma,basal cell carcinoma,0.03467752,0.6407577,0.0074613593,0.3099681,0.00025140034,0.0035701222,0.003313768
5,5,melanocytic nevi,melanocytic nevi,1.1746404e-05,3.1641244e-05,0.021122226,2.3688459e-05,0.14430934,0.83449656,4.864704e-06
1,1,basal cell carcinoma,basal cell carcinoma,0.025507934,0.8911986,0.0059733037,0.03374244,0.010028165,0.024307745,0.009241863
5,5,melanocytic nevi,melanocytic nevi,0.0010098427,0.00052995374,0.1779065,0.0044109146,0.2918913,0.5241737,7.782223e-05
5,5,melanocytic nevi,melanocytic nevi,0.0027920394,0.00011899882,0.010273206,0.019492898,0.0026926338,0.96450937,0.00012086954
5,5,melanocytic nevi,melanocytic nevi,3.9665183e-06,1.7261296e-07,0.0012175072,3.0220071e-05,0.00076051574,0.99798703,4.9017365e-07
5,5,melanocytic nevi,melanocytic nevi,0.01828589,0.03699461,0.18656011,0.047302082,0.04073384,0.6652395,0.0048839673
2,2,benign keratosis-like lesions,benign keratosis-like lesions,0.0026687258,0.0043692947,0.93988395,0.00090491894,0.008641895,0.04341209,0.000119116055
4,4,melanoma,melanoma,0.00047625092,2.6026868e-05,0.07781331,0.0010415907,0.69811386,0.2208636,0.0016653851
5,5,melanocytic nevi,melanocytic nevi,0.0002023818,0.0045336583,0.029366493,0.0007402931,0.00268298,0.9624001,7.412987e-05
5,5,melanocytic nevi,melanocytic nevi,0.00035354332,7.51641e-05,0.16550896,0.00019944969,0.20734455,0.6263754,0.00014299351
0,0,actinic keratoses and intraepithelial carcinoma,actinic keratoses and intraepithelial carcinoma,0.6157417,0.03136306,0.2747652,0.02137568,0.03331606,0.0175454,0.0058929287
2,2,benign keratosis-like lesions,benign keratosis-like lesions,0.005184424,4.1414358e-05,0.9198893,0.0015505317,0.017728288,0.055605445,6.093452e-07
6,6,vascular lesions,vascular lesions,0.00089425675,0.06832037,0.03146563,0.01687148,0.07416223,0.18658547,0.6217005
5,5,melanocytic nevi,melanocytic nevi,6.859624e-05,0.0020116162,0.004143431,0.0031406502,0.0076992395,0.95162916,0.03130737
5,5,melanocytic nevi,melanocytic nevi,5.355255e-07,2.2843574e-07,4.590191e-05,1.330336e-05,0.0003473442,0.99959034,2.425829e-06
4,4,melanoma,melanoma,0.00033921836,0.00022187887,0.0113368,6.674291e-05,0.9454697,0.042565253,4.0958807e-07
5,2,melanocytic nevi,benign keratosis-like lesions,0.0022134702,0.010938536,0.46559447,0.00049644604,0.19023672,0.3304953,2.5091244e-05
2,2,benign keratosis-like lesions,benign keratosis-like lesions,0.23225702,0.0047913627,0.6927525,0.0028087704,0.01908884,0.047974903,0.00032660877
2,2,benign keratosis-like lesions,benign keratosis-like lesions,0.04040822,0.00033821986,0.9541337,0.000481677,0.0023678932,0.0022664487,3.7734335e-06
5,5,melanocytic nevi,melanocytic nevi,2.5469365e-06,3.8361477e-06,0.0013623704,7.827211e-06,0.0120386705,0.98651123,7.348011e-05
5,5,melanocytic nevi,melanocytic nevi,0.00060299505,0.0018308649,0.010644744,0.0018315469,0.10306938,0.88194776,7.2786264e-05
5,5,melanocytic nevi,melanocytic nevi,7.5653275e-05,2.8641884e-05,0.004558445,0.0031527986,0.0006981155,0.9914248,6.1456136e-05
0,0,actinic keratoses and intraepithelial carcinoma,actinic keratoses and intraepithelial carcinoma,0.6676756,0.011095536,0.20334646,0.062735386,0.04753297,0.007143493,0.0004706305
5,5,melanocytic nevi,melanocytic nevi,1.1147925e-05,0.00015158813,0.0002881162,4.055001e-05,0.00092904654,0.9955426,0.0030369498
5,5,melanocytic nevi,melanocytic nevi,0.02520763,0.18647164,0.11273901,0.01728062,0.03454719,0.5711757,0.052578222
5,5,melanocytic nevi,melanocytic nevi,0.00115012,0.00039763973,0.047374997,0.00029233118,0.02561313,0.9251475,2.4364383e-05
4,4,melanoma,melanoma,4.8692624e-07,8.761489e-07,0.0014907344,3.985789e-06,0.9808147,0.01768841,6.5794165e-07
5,5,melanocytic nevi,melanocytic nevi,3.4710745e-06,2.4148272e-07,0.00034075984,4.9873408e-05,0.0003291303,0.999212,6.4398344e-05
1,1,basal cell carcinoma,basal cell carcinoma,0.0028136268,0.882186,0.053463724,0.017524945,0.0027498887,0.01976604,0.021495875
5,5,melanocytic nevi,melanocytic nevi,0.0020579512,0.00015146454,0.008390101,0.0029453344,0.00603573,0.9800555,0.00036381264
5,5,melanocytic nevi,melanocytic nevi,0.00074069283,0.0012347135,0.029678214,0.062077455,0.00038985375,0.90524906,0.00063003006
5,5,melanocytic nevi,melanocytic nevi,6.193142e-07,5.56348e-07,9.422662e-05,1.588525e-05,0.00022734713,0.99965,1.1274518e-05
5,5,melanocytic nevi,melanocytic nevi,0.00025986336,0.00020570609,0.0020773225,0.00084017665,0.0032419306,0.98789096,0.005483982
5,2,melanocytic nevi,benign keratosis-like lesions,0.023397245,0.0017111729,0.78003365,0.00785568,0.09805428,0.088884555,6.342426e-05
6,6,vascular lesions,vascular lesions,8.569195e-06,0.0010805131,9.772484e-05,0.00028211196,0.0014593232,0.0014787115,0.995593
4,2,melanoma,benign keratosis-like lesions,0.00021994147,9.95974e-06,0.65065444,0.0002874542,0.2285924,0.120232135,3.6453578e-06
1,4,basal cell carcinoma,melanoma,0.019872185,0.13726616,0.031696223,0.021954553,0.77282095,0.0069805305,0.009409473
4,4,melanoma,melanoma,2.3241107e-06,1.6306703e-06,0.00012543127,2.5498295e-05,0.90538913,0.09430188,0.00015412748
4,4,melanoma,melanoma,0.047708888,0.06768993,0.4296093,0.001585845,0.4356205,0.017445205,0.0003403288
5,5,melanocytic nevi,melanocytic nevi,0.0005256494,0.014906272,0.032454334,0.020333402,0.0021439611,0.9084821,0.021154294
5,5,melanocytic nevi,melanocytic nevi,4.440707e-05,1.0392915e-05,0.046703633,0.00039616312,0.14566706,0.80717385,4.5453626e-06
5,5,melanocytic nevi,melanocytic nevi,8.737097e-06,1.4530607e-07,0.00026437762,8.075783e-05,0.0008904109,0.9987519,3.642751e-06
1,1,basal cell carcinoma,basal cell carcinoma,0.015747944,0.9219506,0.016505845,7.603238e-05,0.0043326886,0.036838513,0.004548313
5,5,melanocytic nevi,melanocytic nevi,0.008037306,0.053556893,0.09143955,0.06325326,0.12996697,0.65154886,0.002197184
5,5,melanocytic nevi,melanocytic nevi,0.0018752238,0.00040343474,0.0012780728,0.004633968,0.053953856,0.9378409,1.4694465e-05
5,5,melanocytic nevi,melanocytic nevi,1.5234037e-05,2.7672927e-06,0.0044265497,1.6143962e-05,2.6757205e-05,0.99549425,1.8420007e-05
5,5,melanocytic nevi,melanocytic nevi,5.4600223e-05,1.9195875e-05,0.05198012,0.0012257625,0.00022885771,0.94641894,7.252931e-05
6,5,vascular lesions,melanocytic nevi,0.00016524276,0.00060951174,0.049342413,2.1168204e-05,5.760132e-05,0.88047403,0.06932998
5,5,melanocytic nevi,melanocytic nevi,0.00041107828,1.8947823e-05,0.0018050093,0.00025983347,0.0055622202,0.99190265,4.0332146e-05
5,5,melanocytic nevi,melanocytic nevi,0.00014786025,4.5718207e-05,0.007090645,0.00030765188,0.008801715,0.9835987,7.727569e-06
5,5,melanocytic nevi,melanocytic nevi,1.02046116e-07,7.721987e-07,8.7625085e-05,6.9861136e-07,0.00018553664,0.9995578,0.00016745906
5,5,melanocytic nevi,melanocytic nevi,4.4306844e-08,4.2557224e-09,1.4248173e-05,2.1988203e-06,6.8870526e-05,0.9999144,2.528177e-07
5,5,melanocytic nevi,melanocytic nevi,0.002092044,0.010559316,0.08805579,0.0033625653,0.08450921,0.8100673,0.0013537873
5,5,melanocytic nevi,melanocytic nevi,0.002715225,0.0005331935,0.03869323,0.0040502097,0.12950088,0.82412505,0.00038224718
2,2,benign keratosis-like lesions,benign keratosis-like lesions,0.0011983482,0.0027491946,0.74841154,0.005669416,0.005651486,0.2277625,0.0085575385
1,1,basal cell carcinoma,basal cell carcinoma,0.013395795,0.55987024,0.3689902,0.02913803,0.019367017,0.002265382,0.0069732848
4,5,melanoma,melanocytic nevi,0.0012813471,0.0011706224,0.015792202,0.00026114113,0.34297496,0.6384218,9.804104e-05
5,5,melanocytic nevi,melanocytic nevi,1.1848894e-05,3.497983e-06,0.0015791733,0.0013844824,0.000552755,0.996431,3.7272985e-05
5,5,melanocytic nevi,melanocytic nevi,0.00040812526,9.0625115e-05,0.0009914495,0.0065532494,0.0010624655,0.99076897,0.0001250951
5,5,melanocytic nevi,melanocytic nevi,3.5624045e-05,3.6337027e-05,0.010188003,0.00097431225,0.00064386905,0.98725885,0.0008629978
5,5,melanocytic nevi,melanocytic nevi,2.0719253e-05,7.0892143e-06,0.0007128791,5.284307e-05,0.0014349469,0.99776566,5.770833e-06
5,5,melanocytic nevi,melanocytic nevi,0.008243158,0.0019145175,0.015204132,0.018237814,0.0014898053,0.9479688,0.0069418196
5,5,melanocytic nevi,melanocytic nevi,0.00016710031,8.271197e-05,0.0011200758,0.46371385,0.0018836652,0.53294,9.2632225e-05
5,5,melanocytic nevi,melanocytic nevi,0.0015325472,0.0033145093,0.092284955,0.01179147,0.018279925,0.70235926,0.17043729
5,5,melanocytic nevi,melanocytic nevi,3.9976883e-05,1.0081748e-05,0.0014086843,0.00035158245,0.0005681967,0.99761826,3.2677622e-06
1,1,basal cell carcinoma,basal cell carcinoma,0.0048843557,0.77885747,0.006594711,0.11089181,0.030339867,0.0641389,0.0042929812
5,1,melanocytic nevi,basal cell carcinoma,0.002700224,0.6783846,0.049170934,0.038509525,0.07656713,0.038544144,0.11612351
5,5,melanocytic nevi,melanocytic nevi,1.1201772e-06,2.3427228e-07,2.611122e-05,2.9351166e-05,0.00020504286,0.9997377,4.5578525e-07
4,5,melanoma,melanocytic nevi,0.000990009,0.00016901994,0.35140187,0.0028228527,0.035205487,0.60937953,3.124343e-05
5,5,melanocytic nevi,melanocytic nevi,0.00015671356,0.00022249541,0.015701458,0.00026729205,0.00021649232,0.9818209,0.0016145807
5,5,melanocytic nevi,melanocytic nevi,0.0018649575,0.0010763685,0.42506826,7.62078e-05,0.101500854,0.47039413,1.926844e-05
1,2,basal cell carcinoma,benign keratosis-like lesions,0.048940353,0.107647486,0.8129147,0.004420742,0.012316425,0.013464121,0.00029616358
5,5,melanocytic nevi,melanocytic nevi,3.7793012e-05,6.3254265e-05,0.00049674493,1.3410719e-05,8.945741e-06,0.9993082,7.162058e-05
2,2,benign keratosis-like lesions,benign keratosis-like lesions,0.03581322,0.0053408463,0.76631624,0.10604962,0.03064869,0.05528531,0.00054605334
0,1,actinic keratoses and intraepithelial carcinoma,basal cell carcinoma,0.12328348,0.6915304,0.119002335,0.013743735,0.038729813,0.010783441,0.0029267808
5,5,melanocytic nevi,melanocytic nevi,2.4300214e-06,4.0780535e-05,0.0009847573,4.2887565e-05,0.018153032,0.9796112,0.0011649135
5,5,melanocytic nevi,melanocytic nevi,2.8634267e-06,6.597731e-05,0.0008871016,0.0007278743,0.0015575296,0.9936308,0.003127943
1,5,basal cell carcinoma,melanocytic nevi,0.0071283453,0.06646158,0.04905175,0.03985424,0.0025239938,0.44841358,0.38656658
5,5,melanocytic nevi,melanocytic nevi,0.001408006,0.0011694541,0.0032833577,0.0016429302,0.042642493,0.9492673,0.0005864219
5,5,melanocytic nevi,melanocytic nevi,0.00011993621,0.00012284718,0.013348627,0.0005078521,0.017790316,0.96806616,4.4209086e-05
5,5,melanocytic nevi,melanocytic nevi,0.017000683,0.0010705995,0.075611606,0.0060879895,0.067796186,0.83213913,0.00029381548
5,5,melanocytic nevi,melanocytic nevi,2.9773468e-05,0.00011670598,0.008969685,1.5705187e-05,0.046797622,0.94404924,2.1216823e-05
2,6,benign keratosis-like lesions,vascular lesions,0.010756041,0.074688576,0.29729596,0.06964962,0.012049142,0.021708276,0.51385236
5,5,melanocytic nevi,melanocytic nevi,0.00034644044,0.0003924449,0.02645619,5.088354e-05,0.0036645671,0.96868616,0.00040335287
1,1,basal cell carcinoma,basal cell carcinoma,0.17270598,0.29440653,0.07303604,0.1981466,0.06694769,0.14774965,0.04700749
5,5,melanocytic nevi,melanocytic nevi,0.00019384855,8.47217e-05,0.009709567,0.007702873,0.0017575097,0.9803197,0.00023184044
5,5,melanocytic nevi,melanocytic nevi,1.8583978e-05,0.0001321888,0.0074386415,0.00028496058,0.000110651235,0.9907341,0.0012808201
5,5,melanocytic nevi,melanocytic nevi,0.0005204108,0.000101152655,0.0017528982,0.0001581255,0.0027793488,0.9946314,5.654751e-05
4,4,melanoma,melanoma,0.098652974,0.055827122,0.17749237,0.008139552,0.62442905,0.035034798,0.00042416243
2,1,benign keratosis-like lesions,basal cell carcinoma,0.060482237,0.69854677,0.10691042,0.005673883,0.0120154945,0.07769709,0.0386741
5,5,melanocytic nevi,melanocytic nevi,0.0005142772,0.014624696,0.046582654,0.0067968257,0.0010334952,0.92722535,0.0032227195
5,5,melanocytic nevi,melanocytic nevi,0.00052050245,0.00013806648,0.0029625746,0.00044145389,0.030011449,0.96589124,3.466305e-05
5,5,melanocytic nevi,melanocytic nevi,2.3764812e-07,4.2744716e-08,6.692637e-05,2.4388872e-05,0.0005194702,0.99938893,4.7267356e-08
5,4,melanocytic nevi,melanoma,2.9389941e-05,0.00085156166,0.014932736,0.0004607394,0.8352527,0.14393826,0.004534668
2,0,benign keratosis-like lesions,actinic keratoses and intraepithelial carcinoma,0.3803946,0.057308197,0.25031117,0.05222293,0.016209757,0.23291919,0.010634112
5,5,melanocytic nevi,melanocytic nevi,7.4861595e-07,2.087163e-07,6.1017163e-05,1.74465e-05,0.00016614697,0.99974436,1.0132557e-05
4,5,melanoma,melanocytic nevi,0.112750426,0.09494195,0.18044898,0.21243674,0.17690748,0.22023658,0.002277849
5,5,melanocytic nevi,melanocytic nevi,1.02472605e-07,4.358199e-07,0.00018690218,2.3405544e-06,0.0043212497,0.9954722,1.6867121e-05
5,2,melanocytic nevi,benign keratosis-like lesions,0.00023947751,0.008674985,0.781086,0.012492252,0.01580623,0.18163641,6.4638676e-05
5,5,melanocytic nevi,melanocytic nevi,6.18544e-06,2.5004856e-06,6.6157656e-05,0.0010637079,3.869644e-05,0.99880135,2.1410431e-05
5,5,melanocytic nevi,melanocytic nevi,0.119623445,0.064244494,0.10914927,0.012191596,0.14835608,0.54305434,0.0033807878
3,5,dermatofibroma,melanocytic nevi,0.098218694,0.033872966,0.25552896,0.053609736,0.08971135,0.46880955,0.00024867
1,1,basal cell carcinoma,basal cell carcinoma,0.0318826,0.4301241,0.2073285,0.078969285,0.03807424,0.21241227,0.0012090142
5,5,melanocytic nevi,melanocytic nevi,0.0038665992,0.012087187,0.005901302,0.026110725,0.0013300591,0.94339204,0.007312113
5,5,melanocytic nevi,melanocytic nevi,4.151384e-08,2.8893517e-08,0.00019794337,2.0262682e-06,1.6123397e-05,0.9997837,2.0061032e-07
1,2,basal cell carcinoma,benign keratosis-like lesions,0.029568816,0.034744784,0.82731813,0.0020434933,0.005864852,0.09771314,0.002746757
5,5,melanocytic nevi,melanocytic nevi,1.1297526e-05,8.9386e-07,0.00094576844,0.0035029547,0.000110212466,0.995421,7.830294e-06
5,5,melanocytic nevi,melanocytic nevi,3.1791882e-05,1.7394129e-06,0.07694687,0.001559066,0.00281399,0.9186278,1.8708799e-05
5,2,melanocytic nevi,benign keratosis-like lesions,0.058416367,0.04443447,0.65373784,0.033809163,0.12694362,0.08165849,0.0010000347
2,3,benign keratosis-like lesions,dermatofibroma,0.053674046,0.0205075,0.38641718,0.44345263,0.035650387,0.059053406,0.0012448671
5,5,melanocytic nevi,melanocytic nevi,0.00420887,0.0033737964,0.041767094,0.0012118628,0.05640325,0.89301026,2.4919473e-05
5,5,melanocytic nevi,melanocytic nevi,4.7975507e-05,6.4927917e-06,0.002060309,8.8978784e-05,0.09179855,0.9059756,2.2156959e-05
5,5,melanocytic nevi,melanocytic nevi,0.114021525,0.02873687,0.052093197,0.010866235,0.048173174,0.74539906,0.00070984673
5,5,melanocytic nevi,melanocytic nevi,0.00018705644,0.0004297162,0.00785453,0.0027645756,0.00056179316,0.98739105,0.00081124925
5,4,melanocytic nevi,melanoma,0.003121155,0.00027296212,0.09057897,0.026408551,0.6879714,0.19160002,4.6932397e-05
6,6,vascular lesions,vascular lesions,8.8405324e-07,4.229458e-05,9.822932e-05,0.00014729453,6.9224075e-06,0.005350485,0.9943539
5,5,melanocytic nevi,melanocytic nevi,1.5592194e-06,1.4102934e-06,0.008112808,4.2418674e-06,0.16028133,0.8315894,9.284435e-06
3,3,dermatofibroma,dermatofibroma,0.005716253,0.0018443837,0.005512952,0.7458373,0.02339654,0.21609907,0.0015935195
1,3,basal cell carcinoma,dermatofibroma,0.011094026,0.02447422,0.1268967,0.42988768,0.23815364,0.16858037,0.0009133435
1,0,basal cell carcinoma,actinic keratoses and intraepithelial carcinoma,0.54066056,0.09179349,0.103629135,0.008520113,0.0024264173,0.2516243,0.0013459953
5,5,melanocytic nevi,melanocytic nevi,0.00014797009,0.0001046463,0.0034138148,4.120247e-05,0.15506566,0.8411888,3.794667e-05
5,5,melanocytic nevi,melanocytic nevi,5.700182e-07,9.190778e-08,4.442432e-05,1.2529821e-05,0.00036942516,0.99957114,1.7669619e-06
5,5,melanocytic nevi,melanocytic nevi,4.396136e-05,0.00081734755,0.048319772,0.00014722551,0.07566247,0.8748684,0.00014083313
2,5,benign keratosis-like lesions,melanocytic nevi,0.035676382,0.0501396,0.379926,0.010952933,0.04626271,0.47694963,9.279848e-05
5,5,melanocytic nevi,melanocytic nevi,0.00084275595,0.0027125154,0.12647143,0.01796814,0.008828869,0.8427809,0.000395356
5,6,melanocytic nevi,vascular lesions,0.002689789,0.0055891625,0.009398621,0.026501657,0.003865947,0.3911503,0.5608045
5,5,melanocytic nevi,melanocytic nevi,0.010225143,0.00069166033,0.022457287,0.008724718,0.15562122,0.80224866,3.1279284e-05
4,4,melanoma,melanoma,4.428681e-05,5.4994227e-05,0.008388858,6.076288e-06,0.989782,0.0012286409,0.000495268
5,5,melanocytic nevi,melanocytic nevi,0.00016713163,3.1292187e-05,0.0015081399,0.00075713283,0.0043002707,0.99321944,1.6565973e-05
5,5,melanocytic nevi,melanocytic nevi,5.766492e-07,1.25991355e-05,0.00046444894,2.8380544e-05,2.623565e-05,0.9994222,4.5678396e-05
2,2,benign keratosis-like lesions,benign keratosis-like lesions,0.22310524,0.0056487587,0.7215577,0.004021889,0.029253965,0.01635768,5.4773664e-05
5,5,melanocytic nevi,melanocytic nevi,0.0008077108,0.04861475,0.0065817367,0.011132704,0.000360598,0.89480805,0.03769445
5,5,melanocytic nevi,melanocytic nevi,0.0057684905,0.042062715,0.0015722392,0.067648456,0.0012688579,0.8619566,0.019722601
5,4,melanocytic nevi,melanoma,0.0007367662,3.073428e-06,0.36969233,0.0002297341,0.3891558,0.2401817,5.882205e-07
5,5,melanocytic nevi,melanocytic nevi,9.928203e-06,1.1396502e-05,0.0023529984,3.0802385e-05,0.0015191041,0.9960653,1.0403903e-05
5,5,melanocytic nevi,melanocytic nevi,0.0001509,0.00027750363,0.0009520249,0.0010402377,4.0992727e-05,0.9972018,0.0003364853
6,6,vascular lesions,vascular lesions,4.102732e-06,9.2409646e-05,1.9682035e-05,0.000112486385,1.9355008e-05,0.0043089585,0.995443
5,5,melanocytic nevi,melanocytic nevi,3.824636e-05,0.00023033722,0.050397314,0.00024442642,0.101626694,0.8474523,1.0708606e-05
5,5,melanocytic nevi,melanocytic nevi,0.00081786624,0.0003322883,0.25953516,0.0009860989,0.22011189,0.51808965,0.00012706003
4,4,melanoma,melanoma,0.052430313,0.06385317,0.11284925,0.012948865,0.6621446,0.095270425,0.00050336326
5,2,melanocytic nevi,benign keratosis-like lesions,0.0002660693,5.7620517e-05,0.5581999,0.0007288179,0.058435082,0.38228616,2.63925e-05
5,5,melanocytic nevi,melanocytic nevi,1.7572883e-06,1.0450838e-05,0.0002198738,0.00013463656,0.0006078563,0.99898857,3.6890946e-05
2,2,benign keratosis-like lesions,benign keratosis-like lesions,0.02108084,0.035246655,0.80941284,0.029426565,0.045716017,0.052728444,0.0063885935
5,5,melanocytic nevi,melanocytic nevi,0.005027103,0.0014117635,0.014367175,0.0006426357,0.00014874444,0.977028,0.0013745957
5,5,melanocytic nevi,melanocytic nevi,6.326773e-05,3.2748667e-05,0.018691823,0.0025903203,0.0006624204,0.9779409,1.8588174e-05
5,5,melanocytic nevi,melanocytic nevi,0.0005062863,0.0006786065,0.18788658,0.0058949306,0.06638948,0.7384492,0.00019490754
2,2,benign keratosis-like lesions,benign keratosis-like lesions,9.933939e-05,3.7904174e-05,0.80309606,4.427738e-05,0.04798811,0.14873354,8.014944e-07
5,5,melanocytic nevi,melanocytic nevi,1.8234137e-05,3.4497995e-07,0.0011660126,0.002311977,0.0013370032,0.9951578,8.679319e-06
5,4,melanocytic nevi,melanoma,0.020411793,0.017251505,0.20797573,0.03671926,0.6119964,0.10473954,0.00090577843
5,5,melanocytic nevi,melanocytic nevi,9.283366e-06,1.7186992e-05,0.014067102,0.00017574655,0.00082716177,0.98489237,1.1208059e-05
5,5,melanocytic nevi,melanocytic nevi,7.634507e-06,3.6433034e-05,0.01148074,2.4536217e-05,0.054664515,0.93377066,1.5462922e-05
5,5,melanocytic nevi,melanocytic nevi,0.0097909635,0.0034818202,0.2704385,0.0894894,0.03569777,0.5908103,0.00029131482
5,5,melanocytic nevi,melanocytic nevi,0.0046114307,0.017377933,0.0726644,0.0027238973,0.057513792,0.8247597,0.020348778
2,4,benign keratosis-like lesions,melanoma,0.0040752855,9.024583e-05,0.22863612,0.014095157,0.5599987,0.1930677,3.6782738e-05
5,5,melanocytic nevi,melanocytic nevi,0.00018476417,9.2644696e-05,0.0034104127,0.0026032827,0.010356897,0.9831777,0.00017431237
1,2,basal cell carcinoma,benign keratosis-like lesions,0.1610358,0.065685235,0.5381032,0.0123561425,0.20324324,0.01866492,0.0009114375
5,5,melanocytic nevi,melanocytic nevi,0.0027710423,0.00090226514,0.12750714,0.0017288963,0.17224468,0.69475967,8.6316504e-05
5,5,melanocytic nevi,melanocytic nevi,6.769162e-05,6.788504e-05,0.026126968,1.3075846e-05,0.16889,0.80483055,3.7930238e-06
5,5,melanocytic nevi,melanocytic nevi,3.732341e-06,0.00018214055,0.0011572652,0.00043810683,0.0003367355,0.99784434,3.773394e-05
4,2,melanoma,benign keratosis-like lesions,0.0499517,0.011830777,0.42088088,0.010010943,0.14515139,0.36197865,0.0001956672
5,5,melanocytic nevi,melanocytic nevi,0.0025103926,0.0029868635,0.22733456,0.02327576,0.09272722,0.6506991,0.00046617992
4,4,melanoma,melanoma,5.4087108e-05,0.00013037087,0.036759984,0.00014166288,0.8714208,0.09148826,4.7819112e-06
5,5,melanocytic nevi,melanocytic nevi,2.5006216e-07,2.685928e-08,2.7618607e-05,6.074054e-06,8.45505e-05,0.9998807,8.3351426e-07
5,5,melanocytic nevi,melanocytic nevi,9.563907e-05,0.0018202235,0.019750338,0.00068068603,0.00041285396,0.9766659,0.0005743614
5,2,melanocytic nevi,benign keratosis-like lesions,0.023965618,0.019469509,0.6315885,0.09767043,0.06977203,0.15660894,0.0009249924
5,5,melanocytic nevi,melanocytic nevi,0.0007695947,0.0010433823,0.063321196,0.089687765,0.0023028888,0.83242285,0.010452394
5,5,melanocytic nevi,melanocytic nevi,1.061208e-06,8.4276627e-07,0.004244501,0.0003330317,7.6522565e-06,0.99533397,7.8985046e-05
5,5,melanocytic nevi,melanocytic nevi,0.004947672,0.0056871865,0.12134428,0.04569857,0.022560807,0.7879459,0.011815617
5,5,melanocytic nevi,melanocytic nevi,0.00014310573,4.974643e-06,0.008569639,0.00015881003,0.009826321,0.98129624,9.93713e-07
5,5,melanocytic nevi,melanocytic nevi,6.6667686e-05,3.587131e-05,0.025497332,0.0018683984,0.03123375,0.9412929,5.0494577e-06
5,5,melanocytic nevi,melanocytic nevi,1.9071023e-05,1.6188801e-06,0.0010806331,6.7625706e-06,0.46478945,0.5341022,2.241991e-07
5,5,melanocytic nevi,melanocytic nevi,4.4706547e-07,7.749376e-07,0.00013225603,0.00014283083,5.8361744e-05,0.9996099,5.5402845e-05
5,5,melanocytic nevi,melanocytic nevi,4.5390912e-05,0.0005977187,0.0907985,1.4065474e-05,0.02860811,0.8798479,8.827912e-05
5,5,melanocytic nevi,melanocytic nevi,3.8554316e-07,1.3494312e-07,0.0005559725,1.5993356e-06,0.21355677,0.78588516,2.3256616e-08
5,5,melanocytic nevi,melanocytic nevi,0.00061530847,0.0008144585,0.0121404845,0.0076671736,0.00049638626,0.9779092,0.00035699646
1,1,basal cell carcinoma,basal cell carcinoma,0.05430418,0.9184146,0.016170735,0.008717793,0.00089449494,0.000696733,0.0008014149
5,5,melanocytic nevi,melanocytic nevi,0.10113081,0.056844454,0.049195208,0.28703383,0.025761947,0.47752646,0.0025072861
5,5,melanocytic nevi,melanocytic nevi,1.44239e-05,2.3501902e-06,0.00028622075,3.1259224e-05,0.0011759563,0.99847966,1.0115097e-05
4,4,melanoma,melanoma,4.773334e-05,0.00019683123,0.0066719395,4.756652e-05,0.941996,0.051012043,2.7793372e-05
5,5,melanocytic nevi,melanocytic nevi,0.0014533941,0.004309485,0.08525997,0.019078031,0.0065507973,0.879808,0.0035402454
5,2,melanocytic nevi,benign keratosis-like lesions,0.06738197,0.100775406,0.5729162,0.13816874,0.011775477,0.10856903,0.00041323176
5,5,melanocytic nevi,melanocytic nevi,0.00062022015,0.000598632,0.1038045,0.00016317141,0.05858847,0.8362084,1.6588796e-05
5,5,melanocytic nevi,melanocytic nevi,0.0004442235,0.00034260607,0.0022962054,0.011740224,0.0005849823,0.9841606,0.00043112523
5,5,melanocytic nevi,melanocytic nevi,1.1060306e-05,2.1154518e-05,0.0002892113,2.3791472e-05,0.0040844125,0.9955388,3.158345e-05
5,5,melanocytic nevi,melanocytic nevi,8.589397e-05,9.154476e-06,0.056310263,0.00040707056,0.019195298,0.9239727,1.9601088e-05
5,5,melanocytic nevi,melanocytic nevi,0.0006579709,0.0007400242,0.044083238,0.011035702,0.063636154,0.87975526,9.163173e-05
5,6,melanocytic nevi,vascular lesions,0.013921873,0.012256303,0.039123684,0.05705154,0.04443282,0.30874896,0.52446485
5,5,melanocytic nevi,melanocytic nevi,0.0742889,0.016447471,0.2520479,0.16778423,0.005322563,0.4837303,0.00037866394
0,1,actinic keratoses and intraepithelial carcinoma,basal cell carcinoma,0.338712,0.60816544,0.016990097,0.007873121,0.021256424,0.0051189293,0.0018840515
5,5,melanocytic nevi,melanocytic nevi,1.964226e-07,3.4492527e-06,0.00039931416,8.98875e-08,0.0034022008,0.9961941,5.56524e-07
5,5,melanocytic nevi,melanocytic nevi,1.3504872e-06,1.6452967e-08,0.0030154071,5.150123e-08,0.002910782,0.9940724,1.7940613e-08
5,5,melanocytic nevi,melanocytic nevi,0.0028383082,0.0025478536,0.027674196,0.008882496,0.38839462,0.56934917,0.00031327258
2,5,benign keratosis-like lesions,melanocytic nevi,4.353349e-05,4.64074e-07,0.10966291,0.002066777,0.028732102,0.85947275,2.1510907e-05
3,5,dermatofibroma,melanocytic nevi,0.0019395241,0.00021026797,0.09750339,0.14418891,0.00025198274,0.75579405,0.00011179619
5,5,melanocytic nevi,melanocytic nevi,0.00037397337,0.0002861185,0.01724097,0.009028006,0.010580104,0.9620942,0.00039654435
5,5,melanocytic nevi,melanocytic nevi,2.1569758e-05,7.517103e-06,0.0378027,3.403487e-06,0.0022959972,0.95986867,2.4523223e-07
5,5,melanocytic nevi,melanocytic nevi,0.0060222447,0.0071957335,0.036738276,0.0192739,0.045379438,0.8669395,0.01845088
2,2,benign keratosis-like lesions,benign keratosis-like lesions,0.014192282,0.016649311,0.63145316,0.03652642,0.007504358,0.289898,0.0037764448
2,1,benign keratosis-like lesions,basal cell carcinoma,0.07621961,0.56840473,0.15663695,0.018792946,0.15112318,0.004098169,0.0247244
5,5,melanocytic nevi,melanocytic nevi,0.000637748,0.00036299648,0.024581613,0.008904184,0.030291844,0.9287452,0.0064763697
5,5,melanocytic nevi,melanocytic nevi,6.98226e-05,1.0229062e-05,0.00035317973,0.00030045494,0.00081289385,0.99842346,3.0019617e-05
2,2,benign keratosis-like lesions,benign keratosis-like lesions,0.010857035,0.0018394103,0.8639613,0.0018596475,0.118367404,0.0030984862,1.6732878e-05
2,5,benign keratosis-like lesions,melanocytic nevi,0.0074658156,0.0010171253,0.2152557,0.0014388617,0.027933965,0.7468451,4.3322252e-05
2,2,benign keratosis-like lesions,benign keratosis-like lesions,0.005345778,0.0039526364,0.88150305,0.0013107304,0.008560928,0.09926868,5.8218968e-05
5,5,melanocytic nevi,melanocytic nevi,0.0011230764,0.00025892231,0.010475179,0.00026609458,7.718887e-05,0.987017,0.0007825648
0,0,actinic keratoses and intraepithelial carcinoma,actinic keratoses and intraepithelial carcinoma,0.89614373,0.025188351,0.008029507,0.0668839,0.00026197036,0.0033028065,0.0001897205
5,5,melanocytic nevi,melanocytic nevi,0.009504692,0.010892409,0.23274384,0.0011915314,0.007800148,0.7378577,9.693753e-06
1,1,basal cell carcinoma,basal cell carcinoma,0.004320113,0.8768714,0.014441896,0.019897973,0.05270861,0.007499795,0.024260193
2,2,benign keratosis-like lesions,benign keratosis-like lesions,0.008481644,0.0006536181,0.9255484,0.00853793,0.042624485,0.014077253,7.665707e-05
2,2,benign keratosis-like lesions,benign keratosis-like lesions,0.013585928,0.052476577,0.7519284,0.056995682,0.05382188,0.07097478,0.00021672073
1,2,basal cell carcinoma,benign keratosis-like lesions,0.14761008,0.37693313,0.40208068,0.005549827,0.027584644,0.03891139,0.0013302834
5,5,melanocytic nevi,melanocytic nevi,9.954508e-06,9.7941975e-06,0.0003931004,7.197322e-05,0.00027766454,0.9991159,0.00012154838
5,5,melanocytic nevi,melanocytic nevi,0.0017123207,0.006231233,0.0015253279,0.00038883789,0.00031157146,0.98197526,0.007855439
5,2,melanocytic nevi,benign keratosis-like lesions,0.00020135721,2.0920509e-06,0.733875,0.0035741809,0.00069315796,0.261647,7.2017992e-06
5,5,melanocytic nevi,melanocytic nevi,0.00046168396,0.00031038575,0.007603614,0.0018280061,0.0005026859,0.9890976,0.00019609138
5,5,melanocytic nevi,melanocytic nevi,0.000863077,1.7372062e-05,0.095198505,0.007241243,0.10061459,0.796061,4.1885237e-06
4,3,melanoma,dermatofibroma,0.0014764174,0.0065247077,0.23209141,0.66160494,0.08653981,0.011705103,5.7618323e-05
5,5,melanocytic nevi,melanocytic nevi,1.8397142e-05,3.7782305e-05,0.00031908523,0.0028350933,0.00033172275,0.9963582,9.962033e-05
5,5,melanocytic nevi,melanocytic nevi,0.0011382147,0.00024216746,0.21139418,0.0057273717,0.36898726,0.41249758,1.32417745e-05
2,5,benign keratosis-like lesions,melanocytic nevi,9.751468e-05,0.00026598148,0.121402174,0.00014273913,0.085403815,0.7926588,2.9009972e-05
5,5,melanocytic nevi,melanocytic nevi,0.0002364206,7.009151e-05,0.0030774747,0.0008675505,0.0033987327,0.99224746,0.000102347134
5,5,melanocytic nevi,melanocytic nevi,5.1582397e-06,1.9428703e-06,0.0016639224,5.150021e-06,1.3110479e-05,0.99829453,1.613932e-05
1,1,basal cell carcinoma,basal cell carcinoma,0.024186913,0.53484434,0.010224825,0.28741837,0.018866057,0.12032965,0.004129891
5,5,melanocytic nevi,melanocytic nevi,0.00012131517,1.6755654e-05,0.0046542063,0.00096244167,0.00041919586,0.993568,0.00025803383
5,5,melanocytic nevi,melanocytic nevi,2.1012258e-06,6.663133e-08,0.000836833,1.5659768e-06,0.015078976,0.9840805,3.294963e-08
5,5,melanocytic nevi,melanocytic nevi,0.00027824205,0.0013622385,0.021609109,0.0051166024,0.012795851,0.9581498,0.00068812387
5,5,melanocytic nevi,melanocytic nevi,0.0016599805,0.0009346816,0.043225262,0.004188713,0.08265103,0.8666974,0.0006429011
5,5,melanocytic nevi,melanocytic nevi,8.7085646e-05,4.399259e-05,0.08607547,8.107396e-05,0.06000181,0.8537041,6.4779692e-06
2,2,benign keratosis-like lesions,benign keratosis-like lesions,0.0027276874,4.222559e-05,0.96682733,0.0065628267,0.020878721,0.0029598612,1.2387308e-06
2,2,benign keratosis-like lesions,benign keratosis-like lesions,0.07177391,0.011443561,0.75928354,0.019919718,0.124510616,0.012264689,0.00080396765
5,5,melanocytic nevi,melanocytic nevi,0.00014356668,4.9120787e-05,0.0025578365,1.5112621e-05,0.0008989171,0.99400616,0.00232928
5,5,melanocytic nevi,melanocytic nevi,5.8807647e-05,0.00021990314,0.004810945,0.00016558116,0.15725021,0.8370465,0.00044811494
1,1,basal cell carcinoma,basal cell carcinoma,0.051333036,0.9347229,0.009262373,0.0035199786,0.0005208247,0.00054144755,9.946685e-05
1,1,basal cell carcinoma,basal cell carcinoma,0.05767116,0.80411834,0.09632791,0.017208673,0.0026297278,0.018426903,0.0036173556
5,5,melanocytic nevi,melanocytic nevi,2.537833e-05,0.00013025757,0.14207438,5.1299572e-05,0.0025578719,0.8551239,3.7037826e-05
2,2,benign keratosis-like lesions,benign keratosis-like lesions,0.06675434,0.0010138461,0.59272945,0.007944094,0.1820748,0.14944442,3.9077837e-05
5,5,melanocytic nevi,melanocytic nevi,2.9577197e-06,2.5991274e-06,0.00014923456,7.1242655e-05,0.0001759015,0.9990711,0.0005268552
5,5,melanocytic nevi,melanocytic nevi,4.4802633e-05,6.3804387e-06,0.007426058,0.00047814837,0.00029481266,0.99173826,1.1488022e-05
5,5,melanocytic nevi,melanocytic nevi,0.061573844,0.04603148,0.12662181,0.010899996,0.004254564,0.7476228,0.002995573
2,2,benign keratosis-like lesions,benign keratosis-like lesions,0.0035755024,0.00788931,0.87179166,0.031946152,0.047823485,0.03682333,0.00015064384
5,5,melanocytic nevi,melanocytic nevi,0.036738146,0.20327114,0.08085229,0.17080788,0.070374124,0.37253362,0.06542277
5,5,melanocytic nevi,melanocytic nevi,9.119679e-06,6.842259e-07,0.0022647472,0.00069366663,0.00019592233,0.99682164,1.4149912e-05
5,5,melanocytic nevi,melanocytic nevi,0.00060074445,0.001734909,0.03057597,0.005892419,0.11166288,0.8452624,0.0042706532
5,5,melanocytic nevi,melanocytic nevi,0.027080668,0.0011023119,0.0520768,0.009788793,0.06482514,0.844663,0.00046328557
1,1,basal cell carcinoma,basal cell carcinoma,0.12601417,0.6858548,0.1355859,0.017443331,0.016814765,0.015573938,0.0027131268
5,5,melanocytic nevi,melanocytic nevi,4.530691e-05,6.5698674e-05,0.0037788036,0.0014286675,0.00022129236,0.9944378,2.2414797e-05
5,5,melanocytic nevi,melanocytic nevi,0.00022858931,0.0017542765,0.02577023,0.00017717766,0.010839293,0.9610245,0.0002060128
5,5,melanocytic nevi,melanocytic nevi,3.1908146e-06,2.8067963e-05,3.736787e-05,4.8132217e-05,0.00022529994,0.9991906,0.0004674563
5,5,melanocytic nevi,melanocytic nevi,0.00025221697,0.00018055829,0.09946463,0.017248547,0.030910075,0.8518289,0.00011513741
2,2,benign keratosis-like lesions,benign keratosis-like lesions,0.0073524322,0.01633756,0.92083025,0.0012576255,0.045779902,0.008285429,0.00015672513
5,5,melanocytic nevi,melanocytic nevi,1.3686337e-06,2.0346074e-06,1.5692965e-05,0.00011046958,0.00010926705,0.9997557,5.436404e-06
5,5,melanocytic nevi,melanocytic nevi,0.0016148747,0.0012298764,0.013385585,0.010158488,0.0004959362,0.96764404,0.0054713143
0,2,actinic keratoses and intraepithelial carcinoma,benign keratosis-like lesions,0.006043917,0.0072133197,0.46862245,0.0034945263,0.35697687,0.15231471,0.005334201
5,5,melanocytic nevi,melanocytic nevi,4.3761735e-05,3.176396e-06,0.080056205,0.000112895235,0.021869373,0.8979146,1.9314161e-08
5,5,melanocytic nevi,melanocytic nevi,0.00027158702,9.269498e-05,0.012037164,0.103272334,0.00014017697,0.88388956,0.00029653314
5,3,melanocytic nevi,dermatofibroma,0.016015686,0.076146804,0.073241785,0.421168,0.02803604,0.38102174,0.0043699583
4,4,melanoma,melanoma,4.4807708e-05,3.3854776e-05,0.0384381,1.881196e-05,0.9388666,0.022596925,8.190102e-07
5,5,melanocytic nevi,melanocytic nevi,0.00049588096,0.005915147,0.05439831,0.008119125,0.08245882,0.84418505,0.0044276025
5,5,melanocytic nevi,melanocytic nevi,2.7036418e-05,0.00013454429,0.0034069256,0.0018068785,0.00034167457,0.9834435,0.010839493
5,2,melanocytic nevi,benign keratosis-like lesions,0.013397427,0.0045331316,0.51146775,0.011589957,0.11039131,0.34843937,0.00018108894
5,5,melanocytic nevi,melanocytic nevi,0.0015687078,0.0018403381,0.07666777,0.0003530724,0.32219666,0.59726214,0.00011127548
4,4,melanoma,melanoma,0.0004063838,0.019028809,0.09113889,0.0011609889,0.6849277,0.20294282,0.0003944758
5,5,melanocytic nevi,melanocytic nevi,1.9160345e-05,0.00011036875,0.0005960157,0.00018478792,0.00016100652,0.99785584,0.001072666
5,5,melanocytic nevi,melanocytic nevi,8.6033324e-05,1.8411389e-05,0.077132866,1.952728e-06,0.10873314,0.8140269,7.953609e-07
4,5,melanoma,melanocytic nevi,3.621631e-05,2.2624627e-05,0.012443333,7.1618415e-05,0.087524526,0.89989626,5.398723e-06
4,5,melanoma,melanocytic nevi,9.353147e-06,6.6395484e-07,0.010837061,3.2197982e-05,0.25058973,0.7385305,5.1916777e-07
3,3,dermatofibroma,dermatofibroma,2.9394198e-06,1.0181131e-05,0.0009745842,0.9974433,1.3272158e-06,0.0015085373,5.9222253e-05
2,1,benign keratosis-like lesions,basal cell carcinoma,0.02593356,0.5260371,0.11065078,0.25702414,0.006174585,0.02921668,0.04496317
4,4,melanoma,melanoma,3.0045647e-05,1.108624e-05,0.027466936,7.784245e-05,0.63490283,0.3375055,5.736254e-06
5,5,melanocytic nevi,melanocytic nevi,0.0030517054,0.036330417,0.00641301,0.0042741476,0.050204877,0.8994286,0.00029717098
4,2,melanoma,benign keratosis-like lesions,0.009509439,5.446152e-05,0.8556389,0.014286641,0.10024873,0.020260887,8.86692e-07
2,2,benign keratosis-like lesions,benign keratosis-like lesions,0.01820586,0.00394363,0.6715139,0.11044211,0.12307414,0.07275623,6.414502e-05
5,2,melanocytic nevi,benign keratosis-like lesions,0.08814175,0.09081037,0.46591932,0.028164284,0.101424605,0.22134934,0.004190262
2,2,benign keratosis-like lesions,benign keratosis-like lesions,0.0010224334,5.843973e-05,0.70014155,0.00072279974,0.0210037,0.27704632,4.7616063e-06
5,5,melanocytic nevi,melanocytic nevi,0.00018069008,0.004802298,0.0668424,0.004424751,0.22861625,0.6940978,0.0010357597
4,4,melanoma,melanoma,1.6443546e-06,3.2345317e-05,0.0051331576,4.279469e-06,0.7300442,0.264735,4.9323728e-05
2,3,benign keratosis-like lesions,dermatofibroma,0.060647763,0.2785953,0.12712261,0.35243267,0.08158254,0.09035931,0.009259779
4,5,melanoma,melanocytic nevi,0.00111403,0.013894695,0.059382588,0.03162723,0.2459825,0.645027,0.0029719225
5,5,melanocytic nevi,melanocytic nevi,5.2201223e-05,0.0002363514,0.009768701,0.005192051,0.00046830755,0.9833735,0.0009088548
1,1,basal cell carcinoma,basal cell carcinoma,0.009207164,0.8698596,0.048094437,0.031053873,0.02188198,0.015936717,0.0039662956
5,5,melanocytic nevi,melanocytic nevi,0.00342591,0.007080142,0.042790297,9.851603e-06,0.09543825,0.85121113,4.4433866e-05
5,5,melanocytic nevi,melanocytic nevi,2.8665206e-06,2.8302784e-06,0.00050446705,0.00011643044,0.00022191014,0.9991092,4.2297837e-05
2,2,benign keratosis-like lesions,benign keratosis-like lesions,0.0027649677,0.00031990884,0.6760452,0.00018311662,0.03947131,0.28121188,3.6354313e-06
5,5,melanocytic nevi,melanocytic nevi,7.4285804e-06,9.251937e-07,0.00024147175,8.552964e-05,0.0007278154,0.99886876,6.813713e-05
5,1,melanocytic nevi,basal cell carcinoma,0.052942205,0.5008162,0.23000415,0.08165988,0.04724529,0.07736017,0.00997207
4,4,melanoma,melanoma,0.00040709865,0.0025198434,0.03816894,0.005124599,0.71260196,0.2411498,2.777926e-05
5,5,melanocytic nevi,melanocytic nevi,3.376152e-05,7.2141025e-05,0.0017018019,0.0009544837,5.879781e-05,0.99707603,0.00010287539
5,5,melanocytic nevi,melanocytic nevi,2.3642916e-07,9.470872e-08,5.581597e-05,4.2573183e-06,5.1308394e-05,0.99987483,1.3499326e-05
5,5,melanocytic nevi,melanocytic nevi,0.010501226,0.016192716,0.26204076,0.02558883,0.07769435,0.606987,0.0009950504
5,5,melanocytic nevi,melanocytic nevi,6.824213e-05,1.1866256e-06,0.005976515,5.9134898e-05,0.044912037,0.94898283,1.5728864e-07
5,5,melanocytic nevi,melanocytic nevi,0.00018847408,0.0010090438,0.013819601,0.00042775623,0.079818256,0.9045398,0.00019708487
5,5,melanocytic nevi,melanocytic nevi,5.035166e-05,1.4934682e-07,0.042379837,1.8777451e-05,0.05795145,0.89959943,5.932824e-09
2,2,benign keratosis-like lesions,benign keratosis-like lesions,0.0017449345,0.0019197931,0.66486484,0.0023059938,0.05218595,0.27692232,5.609208e-05
5,5,melanocytic nevi,melanocytic nevi,4.561776e-06,1.3487639e-05,0.0027457613,6.706128e-05,0.0006233229,0.99649435,5.14928e-05
5,5,melanocytic nevi,melanocytic nevi,1.8718243e-06,1.766902e-06,0.00079235784,7.0920396e-05,6.291989e-05,0.9990646,5.5386754e-06
5,5,melanocytic nevi,melanocytic nevi,0.0001098682,1.3388247e-05,0.0047513195,0.00136177,0.007715927,0.98604393,3.7650982e-06
5,5,melanocytic nevi,melanocytic nevi,2.0051319e-05,1.5951191e-06,0.00262182,3.1684078e-05,0.0006062115,0.9966536,6.505449e-05
6,6,vascular lesions,vascular lesions,0.0004282661,0.036025967,0.0025070838,0.0059847645,0.0030456337,0.048131052,0.90387726
5,5,melanocytic nevi,melanocytic nevi,0.00017864213,0.00013967715,0.007985684,9.498178e-05,0.0028387397,0.98846465,0.00029765128
5,5,melanocytic nevi,melanocytic nevi,3.566293e-06,0.00010744053,0.0014126503,0.009605559,8.413535e-05,0.98469603,0.004090523
5,4,melanocytic nevi,melanoma,0.14714664,0.0023922292,0.34415832,0.012692069,0.3656104,0.12781228,0.000188083
5,5,melanocytic nevi,melanocytic nevi,0.002269001,0.00039173372,0.019517045,0.0016877447,0.008012234,0.9681141,8.149006e-06
5,5,melanocytic nevi,melanocytic nevi,3.5562414e-05,2.0573135e-07,0.005615481,4.1701583e-06,0.029383799,0.9649607,6.3182948e-09
5,3,melanocytic nevi,dermatofibroma,0.00063216116,0.00042589084,0.061263982,0.6148678,0.0009570598,0.32130545,0.0005476404
5,5,melanocytic nevi,melanocytic nevi,4.0417322e-05,2.8958048e-05,0.1429233,0.0017085827,0.015230118,0.84004134,2.7385127e-05
1,5,basal cell carcinoma,melanocytic nevi,0.003618593,0.024065243,0.0716111,0.0012551306,0.37977397,0.51918054,0.000495462
0,0,actinic keratoses and intraepithelial carcinoma,actinic keratoses and intraepithelial carcinoma,0.885404,0.064054824,0.015996924,0.0134066995,0.019855067,0.0010547051,0.00022777263
2,2,benign keratosis-like lesions,benign keratosis-like lesions,3.399721e-06,1.0957652e-06,0.8400884,3.2175635e-06,0.026886033,0.13301773,7.860176e-08
5,5,melanocytic nevi,melanocytic nevi,0.023160117,0.01386563,0.10860109,0.03247584,0.11488636,0.70500314,0.0020078365
5,5,melanocytic nevi,melanocytic nevi,0.0037494774,0.020669745,0.061143316,0.013884993,0.0018519504,0.8968811,0.0018194354
5,5,melanocytic nevi,melanocytic nevi,0.0003024782,1.1673179e-06,0.001141561,7.424825e-06,0.0010721973,0.9974712,3.989157e-06
1,2,basal cell carcinoma,benign keratosis-like lesions,0.082206,0.22822107,0.3640799,0.035817973,0.17105661,0.11323158,0.0053868485
5,5,melanocytic nevi,melanocytic nevi,0.0151582025,0.0006455246,0.0096954545,0.088591315,0.012249789,0.8735135,0.00014619126
5,5,melanocytic nevi,melanocytic nevi,5.4571874e-06,4.545657e-06,0.0011974241,0.0008738172,0.00037792436,0.9975073,3.3662734e-05
5,4,melanocytic nevi,melanoma,0.00031357826,0.00833601,0.040910605,0.00063193525,0.5548113,0.36865935,0.026337184
5,5,melanocytic nevi,melanocytic nevi,1.6965491e-07,6.4969946e-08,4.534784e-05,6.535072e-07,3.0923296e-05,0.99992,2.8959948e-06
5,5,melanocytic nevi,melanocytic nevi,6.254849e-08,2.0065082e-08,1.2336507e-05,3.4858975e-05,3.4359608e-05,0.99991643,1.9456725e-06
1,1,basal cell carcinoma,basal cell carcinoma,0.062140703,0.89573675,0.006774581,0.031232605,0.0011706498,0.0026145452,0.0003300885
2,2,benign keratosis-like lesions,benign keratosis-like lesions,0.00050359766,2.2324506e-05,0.9877324,0.007935517,0.0018670995,0.0019375691,1.3999401e-06
3,3,dermatofibroma,dermatofibroma,0.021342183,0.02413075,0.031979017,0.8360173,0.019676039,0.06630821,0.0005464405
1,1,basal cell carcinoma,basal cell carcinoma,0.07207981,0.66656506,0.16005668,0.053239897,0.01414261,0.030757077,0.0031589104
5,5,melanocytic nevi,melanocytic nevi,0.011805158,0.003039128,0.16494347,0.3818141,0.007736037,0.42971984,0.0009422858
5,5,melanocytic nevi,melanocytic nevi,1.0110948e-06,3.3349775e-07,2.4088666e-05,0.00020270176,0.00036857885,0.9993839,1.9342075e-05
5,2,melanocytic nevi,benign keratosis-like lesions,0.055004254,0.017342458,0.5527374,0.015043444,0.14899819,0.21064058,0.0002337087
5,5,melanocytic nevi,melanocytic nevi,0.0006726216,7.665523e-05,0.007819016,0.0059243054,0.008963991,0.9765181,2.531411e-05
5,5,melanocytic nevi,melanocytic nevi,0.0012185259,0.027690936,0.055100653,0.008004343,0.0025366684,0.90011305,0.0053358953
5,5,melanocytic nevi,melanocytic nevi,0.0015910554,0.0002892286,0.2776629,3.588514e-05,0.105573446,0.6148245,2.3048748e-05
1,1,basal cell carcinoma,basal cell carcinoma,0.023864225,0.7262645,0.13144907,0.009003038,0.017285727,0.08246718,0.0096662715
5,5,melanocytic nevi,melanocytic nevi,2.2417713e-05,2.8287799e-05,0.0005943525,0.00013338651,0.0005733718,0.9985721,7.61203e-05
5,5,melanocytic nevi,melanocytic nevi,0.00012306361,1.558529e-05,0.0014420229,0.0006154126,0.0057949615,0.9916489,0.00036005676
4,5,melanoma,melanocytic nevi,0.00020374928,5.0263e-05,0.024999205,0.00028367224,0.20630887,0.76813304,2.111568e-05
5,5,melanocytic nevi,melanocytic nevi,0.00093856174,0.0033219717,0.044730294,0.001486772,0.026319427,0.92184603,0.0013570082
5,5,melanocytic nevi,melanocytic nevi,1.5589407e-06,2.702883e-07,0.000102326885,0.0001867727,0.00022206473,0.99946874,1.8233904e-05
5,5,melanocytic nevi,melanocytic nevi,0.000110407505,0.0004996343,0.08230196,0.00011680567,0.10278762,0.8141514,3.2225482e-05
5,2,melanocytic nevi,benign keratosis-like lesions,0.0031901821,0.007745551,0.65995187,0.015107586,0.013409154,0.29920363,0.0013920409
5,5,melanocytic nevi,melanocytic nevi,2.2927888e-05,1.0429518e-05,0.00038353234,0.00060137216,0.00044241428,0.99851185,2.7382714e-05
5,5,melanocytic nevi,melanocytic nevi,0.0031419625,0.0019669656,0.057367932,0.065801084,0.02239924,0.8490463,0.00027650077
5,5,melanocytic nevi,melanocytic nevi,7.9533527e-07,4.2406882e-07,0.0003323091,2.7307502e-05,0.00019893901,0.99943584,4.3364967e-06
5,5,melanocytic nevi,melanocytic nevi,1.068394e-05,2.7674935e-06,0.00069836504,0.00053649035,0.00024529066,0.9984932,1.3183496e-05
5,5,melanocytic nevi,melanocytic nevi,9.600723e-07,4.4436175e-07,0.000552454,2.5271447e-07,0.0036225808,0.99582326,4.6011625e-08
4,4,melanoma,melanoma,3.666491e-05,0.0078225,0.054404132,0.0011969148,0.84168726,0.0042710723,0.09058145
0,2,actinic keratoses and intraepithelial carcinoma,benign keratosis-like lesions,0.101156056,0.024785096,0.43239883,0.01493436,0.3074655,0.11874856,0.0005115956
5,5,melanocytic nevi,melanocytic nevi,5.794259e-08,7.37369e-08,1.0338578e-05,5.1916327e-06,0.00087869377,0.9991015,4.2078577e-06
5,5,melanocytic nevi,melanocytic nevi,5.7766315e-06,4.6255423e-06,0.0001504974,2.859759e-05,0.0006660788,0.99913967,4.797333e-06
4,2,melanoma,benign keratosis-like lesions,0.00051237753,0.0061769574,0.38070038,0.0055596703,0.339152,0.26750192,0.00039668957
5,5,melanocytic nevi,melanocytic nevi,3.7975013e-05,9.332555e-06,0.00032802744,0.0010697629,0.0037610882,0.9947903,3.4684356e-06
5,5,melanocytic nevi,melanocytic nevi,0.00025420534,0.00017579213,0.0869928,0.00030472263,0.024050875,0.88819563,2.5891879e-05
2,2,benign keratosis-like lesions,benign keratosis-like lesions,0.018450882,0.013642836,0.4088675,0.16557497,0.01911041,0.37356156,0.0007918683
5,5,melanocytic nevi,melanocytic nevi,0.0019085784,0.00538529,0.013601675,5.1813116e-05,0.11133746,0.8676594,5.5806042e-05
5,5,melanocytic nevi,melanocytic nevi,3.9603793e-07,3.8118992e-06,0.00013825284,6.073262e-07,0.010809233,0.98903286,1.4913404e-05
0,2,actinic keratoses and intraepithelial carcinoma,benign keratosis-like lesions,0.400889,0.0654514,0.44539148,0.011655365,0.008525525,0.06775264,0.00033470365
5,5,melanocytic nevi,melanocytic nevi,9.677086e-06,6.909308e-06,8.206162e-05,5.2045307e-05,0.00022370291,0.99961275,1.2846491e-05
1,1,basal cell carcinoma,basal cell carcinoma,0.05039399,0.915791,0.011554484,0.01693108,0.0018328258,0.0018372464,0.0016592726
5,5,melanocytic nevi,melanocytic nevi,0.066361755,0.00023560607,0.056963302,0.093088396,0.3776824,0.40562284,4.5759487e-05
1,1,basal cell carcinoma,basal cell carcinoma,0.053465072,0.47503054,0.18983082,0.09351004,0.10323685,0.07388116,0.01104549
5,5,melanocytic nevi,melanocytic nevi,0.0001325011,4.615611e-05,0.0070190975,0.00023796261,0.0028255878,0.98970896,2.9749028e-05
2,2,benign keratosis-like lesions,benign keratosis-like lesions,0.02679098,0.0031632192,0.60913193,0.14048749,0.17398801,0.046367906,7.043675e-05
5,5,melanocytic nevi,melanocytic nevi,0.045870002,0.0023512486,0.021366332,0.13419774,0.12839459,0.6674587,0.00036135298
4,5,melanoma,melanocytic nevi,0.00046404573,0.00018151074,0.0124865975,0.0002432009,0.11490673,0.87171423,3.6263448e-06
5,5,melanocytic nevi,melanocytic nevi,1.27815e-05,5.4660846e-05,0.0029612412,0.0013632021,0.00012263987,0.9944324,0.0010530353
0,0,actinic keratoses and intraepithelial carcinoma,actinic keratoses and intraepithelial carcinoma,0.69516987,0.20908397,0.014915288,0.07023505,0.006836958,0.0035463416,0.00021252951
5,5,melanocytic nevi,melanocytic nevi,2.2896444e-07,1.1323553e-07,1.909488e-05,1.1531466e-06,0.00044083555,0.99953806,5.3409383e-07
5,5,melanocytic nevi,melanocytic nevi,4.1735366e-06,9.0972135e-06,0.0007801329,0.003307734,0.0003788067,0.99547714,4.2943786e-05
5,5,melanocytic nevi,melanocytic nevi,4.2309155e-05,0.00017793023,0.014834237,5.3775922e-05,0.048996095,0.93582195,7.367091e-05
5,5,melanocytic nevi,melanocytic nevi,4.5238192e-08,1.6418264e-07,1.40534e-05,5.7594264e-07,6.225733e-05,0.99990594,1.7074932e-05
5,5,melanocytic nevi,melanocytic nevi,9.530655e-05,0.006436835,0.0006191035,0.0007666361,0.19759841,0.7923996,0.0020842133
5,5,melanocytic nevi,melanocytic nevi,5.2316836e-06,2.4281376e-06,0.0015218239,0.003102532,0.00064175256,0.9946354,9.0779526e-05
5,5,melanocytic nevi,melanocytic nevi,2.0619334e-06,4.895525e-06,0.0010211113,1.4359988e-05,0.0006550834,0.9981164,0.0001861143
0,1,actinic keratoses and intraepithelial carcinoma,basal cell carcinoma,0.041196167,0.9073914,0.029607622,0.010220208,0.0016803776,0.006813498,0.0030907125
0,0,actinic keratoses and intraepithelial carcinoma,actinic keratoses and intraepithelial carcinoma,0.5388538,0.11994625,0.22045086,0.0041135703,0.001235176,0.114921585,0.00047874637
5,5,melanocytic nevi,melanocytic nevi,0.0047496567,0.0034219369,0.30107346,0.068679705,0.08031602,0.5414567,0.00030254104
5,1,melanocytic nevi,basal cell carcinoma,0.017507378,0.34611273,0.19502293,0.021850565,0.11863217,0.28981018,0.01106411
5,5,melanocytic nevi,melanocytic nevi,1.4967883e-07,1.5926169e-08,1.6758693e-05,1.6969917e-06,0.00017653614,0.99980456,3.2989897e-07
6,6,vascular lesions,vascular lesions,0.0002595168,0.0036196804,0.004854077,0.029103063,7.9042096e-05,0.06628881,0.8957959
5,5,melanocytic nevi,melanocytic nevi,2.0051202e-05,9.858211e-07,0.0020821723,0.00037197032,0.0003149232,0.9972088,1.2196203e-06
5,5,melanocytic nevi,melanocytic nevi,3.5334306e-05,1.3227388e-05,0.00013798288,9.907172e-05,0.0058856076,0.9937928,3.6034173e-05
3,2,dermatofibroma,benign keratosis-like lesions,0.15514752,0.16434339,0.4396823,0.03632303,0.110085376,0.093846686,0.0005717083
0,0,actinic keratoses and intraepithelial carcinoma,actinic keratoses and intraepithelial carcinoma,0.83008194,0.06251602,0.08100813,0.012900332,0.00816966,0.005058703,0.0002652548
5,5,melanocytic nevi,melanocytic nevi,1.1781097e-05,7.5167554e-06,0.033885166,9.187001e-06,0.033626202,0.9324502,9.858752e-06
5,5,melanocytic nevi,melanocytic nevi,2.9326293e-05,8.071532e-06,0.00023298414,0.00034367555,0.0009614804,0.9981686,0.00025583297
5,5,melanocytic nevi,melanocytic nevi,9.863287e-05,4.4531997e-05,0.0040219836,0.00016580251,0.0010725238,0.99448276,0.00011385229
5,5,melanocytic nevi,melanocytic nevi,0.00048334972,0.00028041954,0.26763257,0.0034783527,0.07664501,0.6513555,0.00012475606
5,5,melanocytic nevi,melanocytic nevi,6.0926745e-06,0.00032832727,0.05499383,3.8140493e-05,6.703173e-05,0.9444898,7.681225e-05
5,5,melanocytic nevi,melanocytic nevi,4.3505602e-07,4.636021e-07,0.000139103,3.010463e-05,0.00017894697,0.9996451,5.863183e-06
5,5,melanocytic nevi,melanocytic nevi,6.8952286e-06,2.3178313e-06,0.00015671273,5.3417305e-05,0.00071745826,0.99906,3.2072185e-06
5,5,melanocytic nevi,melanocytic nevi,0.008544804,0.012771852,0.009179563,0.012889183,0.0037889902,0.94799995,0.00482563
5,5,melanocytic nevi,melanocytic nevi,1.2936252e-07,8.603802e-08,8.600181e-05,1.0790784e-05,2.7557913e-05,0.9998646,1.0827782e-05
5,5,melanocytic nevi,melanocytic nevi,0.007705944,0.0006991294,0.002957519,0.056909695,0.0054035042,0.92601186,0.0003122704
5,5,melanocytic nevi,melanocytic nevi,2.2754351e-08,4.246616e-08,0.00013926248,6.647384e-06,2.6848193e-05,0.9998259,1.3155314e-06
5,5,melanocytic nevi,melanocytic nevi,0.0019848186,0.0022762925,0.010113982,0.0026260966,0.028083108,0.954815,0.000100765676
4,5,melanoma,melanocytic nevi,0.010955122,7.071962e-05,0.32507426,0.008748261,0.30324742,0.35187635,2.7865106e-05
5,2,melanocytic nevi,benign keratosis-like lesions,0.02105057,0.0131796505,0.4715257,0.20716614,0.036241267,0.24936923,0.0014674267
5,5,melanocytic nevi,melanocytic nevi,0.0063028904,0.028556377,0.2591407,0.029417897,0.027843002,0.61575395,0.032985196
5,5,melanocytic nevi,melanocytic nevi,3.609109e-05,2.8885663e-06,0.023185732,0.0002122243,0.087915145,0.8886409,7.0510614e-06
5,5,melanocytic nevi,melanocytic nevi,1.3976173e-05,5.367764e-06,0.0014953348,3.7446258e-05,0.0007197056,0.99770737,2.0783367e-05
5,5,melanocytic nevi,melanocytic nevi,0.0009616859,0.03979753,0.010617994,0.0020513735,0.14000066,0.8052397,0.00133101
5,5,melanocytic nevi,melanocytic nevi,0.00011222717,1.2376315e-05,0.0032398917,0.00015439023,0.40287703,0.59360224,1.857254e-06
5,5,melanocytic nevi,melanocytic nevi,2.077082e-05,0.00015690492,0.0043174974,0.0027330683,0.0005770492,0.99189055,0.00030411096
5,5,melanocytic nevi,melanocytic nevi,0.001206986,0.010313379,0.0220412,0.02142424,0.0056075435,0.93820244,0.0012041973
4,5,melanoma,melanocytic nevi,9.938767e-05,3.5023681e-06,0.16299918,0.00012890085,0.36111584,0.47565278,4.172297e-07
5,5,melanocytic nevi,melanocytic nevi,3.639246e-05,0.0003117939,0.008343619,1.2428251e-05,0.0026703195,0.9886131,1.2432258e-05
2,2,benign keratosis-like lesions,benign keratosis-like lesions,0.005832721,0.008640105,0.9645483,0.0015859433,0.0030292994,0.014739184,0.0016244884
1,1,basal cell carcinoma,basal cell carcinoma,0.061211128,0.8895034,0.014908871,0.023760539,0.0049087917,0.004675032,0.001032183
5,5,melanocytic nevi,melanocytic nevi,6.221268e-07,7.1784336e-07,0.0024733192,8.727514e-05,5.11855e-05,0.9973724,1.4385059e-05
5,5,melanocytic nevi,melanocytic nevi,9.175303e-05,6.8196634e-05,0.0034207983,0.08838586,0.00021780652,0.9052543,0.0025613804
0,5,actinic keratoses and intraepithelial carcinoma,melanocytic nevi,0.3058292,0.022795314,0.27074885,0.045393102,0.036234,0.3180149,0.0009846409
5,5,melanocytic nevi,melanocytic nevi,0.0011721678,0.0004862832,0.059839427,0.0013849084,0.026531164,0.9105547,3.1344855e-05
5,5,melanocytic nevi,melanocytic nevi,6.337436e-05,0.0004048159,0.0055853245,0.00041304828,0.15445442,0.8390673,1.1703819e-05
4,5,melanoma,melanocytic nevi,0.006708675,0.0007115681,0.11805082,0.0034959847,0.31880066,0.5520896,0.00014265603
5,5,melanocytic nevi,melanocytic nevi,6.886665e-06,2.8239215e-06,0.00012775781,1.1302635e-05,0.00026057617,0.99958307,7.509795e-06
5,5,melanocytic nevi,melanocytic nevi,0.00029672735,7.669598e-05,0.011179765,0.0010301451,0.0019306532,0.985465,2.1066931e-05
2,2,benign keratosis-like lesions,benign keratosis-like lesions,0.001646264,2.8283578e-06,0.6940073,0.000291135,0.25040126,0.053650923,3.3187231e-07
4,5,melanoma,melanocytic nevi,0.0038793257,0.0026364373,0.37992063,0.00022012203,0.054944575,0.5583681,3.0872674e-05
1,1,basal cell carcinoma,basal cell carcinoma,0.0025152173,0.97011524,0.017539658,0.0006520593,0.004068812,0.0046648937,0.00044418688
5,5,melanocytic nevi,melanocytic nevi,5.0847648e-05,1.014985e-05,0.0032530564,0.00063520746,0.0027662676,0.9932736,1.08363765e-05
5,5,melanocytic nevi,melanocytic nevi,1.2931143e-07,4.889139e-09,1.5014787e-05,1.4425706e-07,0.00020971762,0.9997749,1.06527054e-07
5,5,melanocytic nevi,melanocytic nevi,2.7799719e-05,2.3471275e-05,0.0018344816,0.00019477113,0.00021801375,0.99713886,0.00056262687
4,5,melanoma,melanocytic nevi,0.032789607,0.05282904,0.12522465,0.058482338,0.15105939,0.57129383,0.008321191
5,5,melanocytic nevi,melanocytic nevi,6.793208e-07,1.566549e-06,6.863132e-05,1.4835501e-05,0.00039250532,0.9995184,3.4327343e-06
5,4,melanocytic nevi,melanoma,0.00019382671,0.0028648423,0.22609292,0.0014594597,0.49143082,0.27712694,0.0008311478
5,5,melanocytic nevi,melanocytic nevi,0.0015325022,0.00018427138,0.0026531285,0.0020545984,0.0012291592,0.99207425,0.00027209404
1,1,basal cell carcinoma,basal cell carcinoma,0.03539187,0.80300254,0.0065340414,0.08242845,0.010375083,0.028974814,0.033293217
2,4,benign keratosis-like lesions,melanoma,0.14363939,0.08745816,0.13737525,0.23925425,0.3109467,0.07953816,0.0017881369
6,6,vascular lesions,vascular lesions,2.4438359e-07,0.00010107938,1.935986e-05,1.5648817e-05,3.997115e-06,0.018619804,0.9812398
3,3,dermatofibroma,dermatofibroma,0.00017398415,7.926942e-05,0.0311612,0.9192837,0.00026169678,0.048536092,0.00050408486
5,5,melanocytic nevi,melanocytic nevi,3.9614406e-05,7.14534e-06,0.0055940333,4.1433545e-05,0.41425553,0.580061,1.272006e-06
2,2,benign keratosis-like lesions,benign keratosis-like lesions,0.23205322,0.110264696,0.5774613,0.051935215,0.012621674,0.0107708275,0.004893056
4,4,melanoma,melanoma,0.034718458,0.012881797,0.15479146,0.1075134,0.51000094,0.18000309,9.085318e-05
2,2,benign keratosis-like lesions,benign keratosis-like lesions,0.024752045,0.0053640893,0.9320808,0.0010397313,0.018300645,0.01837003,9.276875e-05
5,5,melanocytic nevi,melanocytic nevi,0.08387165,0.25418466,0.028858274,0.030296171,0.13173606,0.45967332,0.0113798445
5,5,melanocytic nevi,melanocytic nevi,5.0061662e-05,1.8630574e-06,0.0018835764,3.6512512e-05,0.06833224,0.92969394,1.8743721e-06
1,1,basal cell carcinoma,basal cell carcinoma,0.0660001,0.58749884,0.18876433,0.0039617424,0.14789525,0.004788657,0.0010911142
5,5,melanocytic nevi,melanocytic nevi,0.001132108,0.029848285,0.065467335,0.01746702,0.0010875687,0.83563524,0.04936237
5,5,melanocytic nevi,melanocytic nevi,0.00038982442,2.4432586e-06,0.008249527,4.1315405e-05,0.030407177,0.9609098,2.1017279e-08
5,5,melanocytic nevi,melanocytic nevi,0.00018492929,5.656969e-06,0.08985344,1.5114123e-05,0.06806404,0.84187657,3.2439155e-07
5,5,melanocytic nevi,melanocytic nevi,2.7461898e-05,4.92214e-06,0.0051986454,9.3391696e-05,0.2627554,0.7319194,8.067853e-07
5,5,melanocytic nevi,melanocytic nevi,0.00017261866,3.902547e-06,0.0011214433,0.0010580097,0.0029623276,0.99467295,8.776605e-06
4,0,melanoma,actinic keratoses and intraepithelial carcinoma,0.5979257,0.20699963,0.089285105,0.011073717,0.09005084,0.0043957666,0.00026920167
5,5,melanocytic nevi,melanocytic nevi,8.512303e-06,6.1510334e-05,0.00049598585,2.5393903e-05,0.00045161598,0.99872845,0.00022857435
5,5,melanocytic nevi,melanocytic nevi,3.978959e-06,1.2216066e-05,0.0001079438,5.2993677e-05,0.0004761898,0.99903333,0.00031350006
4,5,melanoma,melanocytic nevi,0.0011256785,0.0002263034,0.17671004,0.0015579993,0.25738257,0.5629926,4.805068e-06
5,5,melanocytic nevi,melanocytic nevi,6.393442e-05,0.000100473284,0.008326717,0.0007872946,0.0008063568,0.9898128,0.00010246979
5,5,melanocytic nevi,melanocytic nevi,8.8209075e-05,1.5763502e-05,0.000116416435,7.100504e-05,0.0019315755,0.997758,1.9026276e-05
2,2,benign keratosis-like lesions,benign keratosis-like lesions,0.010118774,0.041613128,0.91693777,0.0014477682,0.0068156654,0.02279989,0.0002670349
5,5,melanocytic nevi,melanocytic nevi,7.678492e-07,9.644838e-07,0.0004690227,1.0233021e-05,0.00012777225,0.9993911,2.7503074e-07
5,5,melanocytic nevi,melanocytic nevi,1.2664857e-06,4.124671e-06,0.00021327774,3.847987e-06,0.0021271794,0.99762625,2.4015155e-05
5,5,melanocytic nevi,melanocytic nevi,9.158466e-06,2.8029104e-05,0.00095278776,0.00013686695,0.00027521633,0.99657565,0.0020222703
5,5,melanocytic nevi,melanocytic nevi,1.0922736e-05,3.0260526e-06,0.00015736144,0.0004881725,0.00021298618,0.9991091,1.851357e-05
5,5,melanocytic nevi,melanocytic nevi,1.6171832e-08,1.431291e-09,0.00015801132,2.4760933e-09,0.0019685023,0.99787354,5.2477316e-09
0,2,actinic keratoses and intraepithelial carcinoma,benign keratosis-like lesions,0.06368994,0.031571276,0.85349333,0.0070962994,0.038651235,0.0036867636,0.0018112533
5,5,melanocytic nevi,melanocytic nevi,0.000757688,0.00021246033,0.008886168,0.0005540444,0.10978247,0.8797537,5.349641e-05
5,5,melanocytic nevi,melanocytic nevi,0.0001237012,9.9787585e-06,0.005699355,0.0011277419,0.0013780699,0.99163616,2.4933423e-05
5,5,melanocytic nevi,melanocytic nevi,0.00010465292,6.456918e-05,0.028971286,0.00039563666,0.1327014,0.8377514,1.1096522e-05
5,5,melanocytic nevi,melanocytic nevi,0.0001925514,0.00012443672,0.28433818,0.00093967665,0.33764756,0.37673035,2.7198108e-05
5,5,melanocytic nevi,melanocytic nevi,0.0027828093,0.00030362594,0.11097889,0.003837242,0.38824466,0.49378935,6.339848e-05
2,2,benign keratosis-like lesions,benign keratosis-like lesions,0.0005009215,0.00026009456,0.95604736,0.012878397,0.0033190723,0.026986523,7.716363e-06
5,5,melanocytic nevi,melanocytic nevi,6.876151e-05,0.00013634881,0.20511088,5.322602e-05,0.04191545,0.75260496,0.000110314635
5,5,melanocytic nevi,melanocytic nevi,0.018459855,0.037936524,0.1130357,0.0012514982,0.1558615,0.6672789,0.006175981
1,1,basal cell carcinoma,basal cell carcinoma,0.0036776112,0.9775277,0.0025508017,0.012274339,0.00022493569,0.0013379958,0.002406637
5,3,melanocytic nevi,dermatofibroma,0.10105921,0.1808336,0.01810848,0.50820476,0.044644654,0.13956463,0.007584606
5,5,melanocytic nevi,melanocytic nevi,6.935323e-05,4.80034e-05,0.008308233,0.0003384671,0.0003647905,0.9904745,0.00039662299
5,2,melanocytic nevi,benign keratosis-like lesions,0.020398648,0.19930097,0.6254111,0.05608928,0.017109204,0.08028649,0.0014043233
5,5,melanocytic nevi,melanocytic nevi,6.645376e-05,7.1274495e-05,0.0027080367,0.002036029,6.0079154e-05,0.99473155,0.00032655176
6,5,vascular lesions,melanocytic nevi,0.00010154352,0.0018746074,0.002748399,0.00065512396,0.00083302765,0.8747307,0.11905657
0,2,actinic keratoses and intraepithelial carcinoma,benign keratosis-like lesions,0.14299977,0.10776314,0.6374662,0.021016864,0.021802245,0.068760894,0.00019095783
5,5,melanocytic nevi,melanocytic nevi,0.00013755211,3.4004756e-06,0.0012026565,0.000126873,0.0004736794,0.9980539,2.0303462e-06
2,2,benign keratosis-like lesions,benign keratosis-like lesions,0.035530068,0.013521696,0.51202583,0.025009912,0.3584308,0.054831337,0.0006503298
4,5,melanoma,melanocytic nevi,0.0003111385,0.00024475605,0.016086169,0.00819439,0.080811664,0.89410526,0.00024662068
4,4,melanoma,melanoma,0.001953198,0.0015072499,0.028594421,0.0006204925,0.66308624,0.30409727,0.00014116082
5,5,melanocytic nevi,melanocytic nevi,8.026832e-05,0.0019599798,0.011130845,0.00721578,0.0002715613,0.9789139,0.0004276393
5,5,melanocytic nevi,melanocytic nevi,1.5743753e-05,2.5859688e-07,0.00025572153,0.00062588655,0.00036799887,0.9987276,6.7462433e-06
4,2,melanoma,benign keratosis-like lesions,0.033478983,0.27577215,0.32264638,0.02867336,0.15216891,0.15093008,0.03633008
6,5,vascular lesions,melanocytic nevi,0.0001712691,0.0028538837,0.01436675,0.0011517011,0.015167953,0.8394625,0.12682594
2,2,benign keratosis-like lesions,benign keratosis-like lesions,0.012276937,0.0002218199,0.53491926,0.021502849,0.023184972,0.40782422,6.987669e-05
5,5,melanocytic nevi,melanocytic nevi,1.7830558e-05,5.773539e-06,0.001855052,2.2485961e-05,0.0031293451,0.994947,2.256708e-05
5,5,melanocytic nevi,melanocytic nevi,0.00027256066,2.338388e-05,0.02138754,0.00095151435,0.004315478,0.9729848,6.4752414e-05
5,5,melanocytic nevi,melanocytic nevi,0.0008658504,0.0015272176,0.3018086,0.0047690836,0.027914602,0.6625143,0.0006003379
5,5,melanocytic nevi,melanocytic nevi,3.4959585e-06,1.9630552e-06,0.030040804,5.295124e-05,0.02408716,0.94581336,2.0853403e-07
5,5,melanocytic nevi,melanocytic nevi,3.0908989e-06,6.2152294e-06,0.00069562305,0.00022438781,0.012330656,0.98672813,1.1917061e-05
5,2,melanocytic nevi,benign keratosis-like lesions,0.0014868078,0.0025373097,0.59215033,0.01615761,0.037217915,0.34735608,0.0030939335
4,4,melanoma,melanoma,5.90366e-06,5.5149053e-06,0.0072780615,2.3523655e-05,0.98987585,0.0028049233,6.2229137e-06
5,5,melanocytic nevi,melanocytic nevi,1.824431e-05,1.8367798e-06,0.00079719303,0.0008874307,0.0008533625,0.9974208,2.1111518e-05
5,5,melanocytic nevi,melanocytic nevi,1.7737328e-05,2.4592327e-07,0.002339448,4.84643e-06,0.026498277,0.97113943,4.6924e-08
2,2,benign keratosis-like lesions,benign keratosis-like lesions,0.031607695,0.006967136,0.8549255,0.003525097,0.07181661,0.031094521,6.329741e-05
5,5,melanocytic nevi,melanocytic nevi,0.0005478245,0.00074071286,0.0067947265,0.0011169103,0.2493493,0.7386041,0.0028463344
4,5,melanoma,melanocytic nevi,0.0068266527,0.0029817664,0.09515342,0.050195772,0.18536346,0.6594429,3.6120393e-05
3,5,dermatofibroma,melanocytic nevi,0.009566255,0.014853287,0.011605257,0.30086577,0.22318058,0.43528786,0.0046410183
5,5,melanocytic nevi,melanocytic nevi,0.027841235,0.037468325,0.05454177,0.058919676,0.0059355837,0.78455514,0.030738309
5,5,melanocytic nevi,melanocytic nevi,0.00021118872,4.4414483e-06,0.07574689,6.9658585e-05,0.25744545,0.6665221,2.8513625e-07
5,2,melanocytic nevi,benign keratosis-like lesions,0.0077924086,0.04795363,0.45715553,0.08546971,0.02195033,0.35218313,0.027495291
5,5,melanocytic nevi,melanocytic nevi,0.00031185837,0.00014707775,0.044096634,9.2318536e-05,0.069815,0.8851295,0.0004076005
5,5,melanocytic nevi,melanocytic nevi,1.953212e-05,8.845905e-06,0.005020265,0.00017442077,0.00017021334,0.9945952,1.1557895e-05
4,4,melanoma,melanoma,2.854694e-06,2.4845924e-06,0.00033768505,5.6367566e-07,0.9938263,0.005830003,6.329291e-08
5,5,melanocytic nevi,melanocytic nevi,0.0005827399,0.01955297,0.0034336091,0.027499175,0.00012380205,0.81039673,0.13841093
3,3,dermatofibroma,dermatofibroma,0.0066340105,0.00040276963,0.0056143776,0.96996844,0.0041933972,0.012924373,0.00026265357
5,5,melanocytic nevi,melanocytic nevi,0.014374459,0.019168278,0.081679106,0.0040189107,0.022210058,0.8582511,0.0002980317
5,2,melanocytic nevi,benign keratosis-like lesions,0.33064947,0.03452447,0.34914732,0.030948509,0.076644845,0.17395349,0.0041319057
5,5,melanocytic nevi,melanocytic nevi,0.00026262572,9.3967625e-05,0.0034445566,0.0009798399,0.0041586566,0.9908873,0.00017306811
1,2,basal cell carcinoma,benign keratosis-like lesions,0.063218646,0.21260558,0.33270445,0.07780971,0.15068734,0.15671952,0.006254683
2,2,benign keratosis-like lesions,benign keratosis-like lesions,0.0015518842,0.00186136,0.8785373,0.0031545435,0.0016988963,0.113178074,1.7903834e-05
5,5,melanocytic nevi,melanocytic nevi,6.496831e-05,0.00035536304,0.0070949188,0.0034175941,0.00022217732,0.9883216,0.00052331964
5,5,melanocytic nevi,melanocytic nevi,4.3659536e-05,1.1378218e-05,0.0011142294,0.00053686113,0.0024372535,0.99573886,0.00011778792
5,5,melanocytic nevi,melanocytic nevi,3.5986267e-07,1.6616475e-06,0.0003690385,2.2563688e-06,0.00024442066,0.99936515,1.7042601e-05
5,5,melanocytic nevi,melanocytic nevi,8.751809e-05,0.00073665654,0.006507916,0.0014339258,0.0014300424,0.98971456,8.9318135e-05
5,5,melanocytic nevi,melanocytic nevi,1.0779326e-05,3.6520266e-06,0.0007962235,8.001281e-05,0.003275128,0.9958326,1.5535047e-06
5,5,melanocytic nevi,melanocytic nevi,0.0002750656,9.05219e-07,0.0018656484,0.0015912998,0.027408158,0.96885407,4.905511e-06
2,5,benign keratosis-like lesions,melanocytic nevi,0.0028449357,0.35598,0.22327735,0.017631276,0.005026689,0.3945492,0.0006904981
5,5,melanocytic nevi,melanocytic nevi,2.3041493e-05,9.611593e-06,0.0002574263,0.003030511,6.92545e-05,0.9965604,4.9817394e-05
5,5,melanocytic nevi,melanocytic nevi,0.00030349856,0.0007105112,0.010177734,0.0012684334,0.09457032,0.8925497,0.00041971586
5,5,melanocytic nevi,melanocytic nevi,8.339393e-05,0.00050283474,0.04218531,1.3028555e-05,0.07661354,0.8805887,1.3096397e-05
2,2,benign keratosis-like lesions,benign keratosis-like lesions,0.07643897,0.008116722,0.540006,0.074350625,0.26486465,0.035436194,0.00078692666
4,5,melanoma,melanocytic nevi,0.0006331773,0.00030914473,0.14570673,0.00079201785,0.12987056,0.7226631,2.5262885e-05
4,4,melanoma,melanoma,0.002879637,0.0005339653,0.013081391,0.07830553,0.9034036,0.0017512992,4.4558492e-05
5,5,melanocytic nevi,melanocytic nevi,5.854814e-07,1.6154989e-05,3.7464666e-05,3.3923967e-05,6.1802726e-05,0.99984324,6.766287e-06
5,5,melanocytic nevi,melanocytic nevi,0.00016649124,3.87486e-06,0.010963893,0.00032386385,0.07900698,0.90953434,5.6697945e-07
4,2,melanoma,benign keratosis-like lesions,0.006008701,0.0013360915,0.49096152,0.0017288503,0.26780057,0.23213397,3.0205749e-05
5,2,melanocytic nevi,benign keratosis-like lesions,4.3194395e-05,1.0349654e-05,0.953479,0.00145175,0.001586089,0.043429546,1.0344788e-07
5,5,melanocytic nevi,melanocytic nevi,2.719313e-05,3.1274888e-06,0.00021390928,6.897741e-05,0.0028780524,0.99678683,2.1921885e-05
5,5,melanocytic nevi,melanocytic nevi,0.00071798643,0.0002433404,0.17076337,0.0013134964,0.03822549,0.7886919,4.4475113e-05
2,2,benign keratosis-like lesions,benign keratosis-like lesions,0.020756356,0.015939215,0.9551731,0.00042031283,0.006902951,0.00074426277,6.3928346e-05
5,5,melanocytic nevi,melanocytic nevi,0.0023294676,0.00075514027,0.030678596,0.00047072966,0.0011461591,0.96048224,0.0041377842
5,5,melanocytic nevi,melanocytic nevi,6.1969404e-05,9.15937e-08,0.007973849,1.2175172e-05,0.010299151,0.9816527,8.1774616e-08
5,5,melanocytic nevi,melanocytic nevi,2.2119494e-07,3.9543675e-06,0.00031985962,3.7618523e-05,5.7228244e-05,0.99912983,0.00045137518
5,5,melanocytic nevi,melanocytic nevi,1.1882849e-07,6.5374996e-07,2.9202482e-05,4.494416e-06,3.8910603e-05,0.9999205,6.1514215e-06
5,5,melanocytic nevi,melanocytic nevi,2.287817e-05,6.021295e-06,0.00049355807,0.0007318104,0.0012592786,0.9974819,4.645988e-06
5,5,melanocytic nevi,melanocytic nevi,1.0298302e-05,8.501266e-08,0.0007610783,7.2001253e-06,0.031535562,0.9676857,7.3399086e-08
5,5,melanocytic nevi,melanocytic nevi,0.00012454533,0.0009887706,0.0013303072,0.02998179,0.00017816678,0.9668469,0.00054955564
2,2,benign keratosis-like lesions,benign keratosis-like lesions,0.027495205,0.21663715,0.5756796,0.013760614,0.006762855,0.13160147,0.028063085
5,5,melanocytic nevi,melanocytic nevi,0.0026841324,0.001904457,0.14256176,0.0004106887,0.04372607,0.8072208,0.001491984
5,5,melanocytic nevi,melanocytic nevi,0.024761759,0.008135737,0.1870667,0.09400724,0.014378407,0.6692402,0.002409946
5,5,melanocytic nevi,melanocytic nevi,0.0002129964,1.8551494e-06,0.4504864,3.755016e-05,0.017739266,0.5315195,2.4408794e-06
5,5,melanocytic nevi,melanocytic nevi,1.9288622e-05,2.206307e-05,0.0006815856,5.6698136e-05,0.0005008403,0.998458,0.00026147813
5,5,melanocytic nevi,melanocytic nevi,0.00044809742,0.00023465285,0.0019352891,0.0015982132,8.150027e-05,0.9955063,0.00019596334
5,5,melanocytic nevi,melanocytic nevi,1.9305957e-05,2.8261961e-06,0.0030423068,2.7058371e-05,0.0029747977,0.9939208,1.2942162e-05
5,5,melanocytic nevi,melanocytic nevi,1.07747155e-05,4.239268e-06,0.00089058705,1.4505727e-05,0.00040685947,0.99867,2.9437394e-06
2,2,benign keratosis-like lesions,benign keratosis-like lesions,0.052914336,0.0009622691,0.5516172,0.044890814,0.14586742,0.20357081,0.00017707895
1,1,basal cell carcinoma,basal cell carcinoma,0.016027182,0.7813376,0.116335645,0.0005589437,0.012891469,0.06549438,0.0073547787
5,5,melanocytic nevi,melanocytic nevi,4.1556075e-05,1.8919718e-06,0.0010859248,0.007711306,0.0007126336,0.99043757,9.11261e-06
4,2,melanoma,benign keratosis-like lesions,0.2120209,0.0015223536,0.7173425,0.019564934,0.03828623,0.01121993,4.3228185e-05
5,5,melanocytic nevi,melanocytic nevi,0.0010441791,0.035656158,0.0037280205,0.029652223,0.062266488,0.8491744,0.018478626
5,5,melanocytic nevi,melanocytic nevi,0.0002353244,0.00014977543,0.002106145,0.00035777222,0.14722855,0.8498975,2.4969595e-05
3,3,dermatofibroma,dermatofibroma,0.0033698156,0.0028558264,0.1688445,0.6971522,0.0010104305,0.111946724,0.01482046
5,5,melanocytic nevi,melanocytic nevi,7.351675e-06,0.00026339077,0.0020634925,0.004205789,7.636325e-05,0.99259466,0.00078896416
0,1,actinic keratoses and intraepithelial carcinoma,basal cell carcinoma,0.41719025,0.4807793,0.026535546,0.040248204,0.030529879,0.0011866859,0.0035302818
4,4,melanoma,melanoma,0.0004056939,5.5175675e-05,0.014161142,0.00015415394,0.7234945,0.2617268,2.541331e-06
5,5,melanocytic nevi,melanocytic nevi,0.00018413686,8.283417e-05,0.013878651,0.091201015,0.00037325983,0.89377046,0.0005095706
0,2,actinic keratoses and intraepithelial carcinoma,benign keratosis-like lesions,0.22104791,0.11123943,0.48847163,0.09088116,0.028243018,0.056251924,0.0038649465
2,2,benign keratosis-like lesions,benign keratosis-like lesions,0.02839247,0.13047999,0.5721879,0.01511142,0.023009514,0.22923625,0.0015824029
5,5,melanocytic nevi,melanocytic nevi,1.9955387e-05,3.489552e-06,0.0071722507,2.8686361e-05,0.06024043,0.93253505,8.132197e-08
5,5,melanocytic nevi,melanocytic nevi,9.14015e-05,1.2363551e-05,0.006326725,0.000100729376,0.028756784,0.96471137,6.9285636e-07
1,1,basal cell carcinoma,basal cell carcinoma,0.09647364,0.47277993,0.13509755,0.014896833,0.004688976,0.27492285,0.0011402424
5,5,melanocytic nevi,melanocytic nevi,0.0003946134,0.0038933277,0.19708046,0.002691807,0.07286941,0.7207391,0.002331184
5,5,melanocytic nevi,melanocytic nevi,8.31885e-05,6.811776e-07,0.028413346,0.0004743368,0.011159903,0.9598682,3.197774e-07
4,4,melanoma,melanoma,0.03816174,0.0060469205,0.22064635,0.020787368,0.3593211,0.3547636,0.00027293884
5,5,melanocytic nevi,melanocytic nevi,1.6671379e-06,3.131536e-07,7.54356e-05,5.1008332e-08,0.0003860903,0.99953485,1.6126556e-06
5,5,melanocytic nevi,melanocytic nevi,0.00016337767,2.8905897e-06,0.026781574,2.3929311e-05,0.18654242,0.7864857,2.123042e-07
5,5,melanocytic nevi,melanocytic nevi,3.0595984e-06,8.208347e-06,0.005335488,0.0014210223,0.00077480666,0.9924475,9.894228e-06
5,5,melanocytic nevi,melanocytic nevi,0.0010313939,4.7903854e-05,0.08057873,0.0002425119,0.07813445,0.83996314,1.7930595e-06
5,5,melanocytic nevi,melanocytic nevi,0.005938428,0.00017718678,0.014360004,0.008693571,0.0041063796,0.96666014,6.434568e-05
5,5,melanocytic nevi,melanocytic nevi,9.796621e-06,3.9713436e-06,0.0006656511,0.00022386559,0.00026768327,0.9987943,3.4813154e-05
5,5,melanocytic nevi,melanocytic nevi,9.812622e-06,2.0375395e-05,0.00046390176,4.6455472e-05,0.0029867277,0.9963666,0.00010606368
3,3,dermatofibroma,dermatofibroma,0.00074268744,6.3657804e-05,0.0040056896,0.50656354,0.00021499227,0.4883375,7.196122e-05
5,4,melanocytic nevi,melanoma,0.0025683867,0.0014916607,0.16010202,0.0008232228,0.48961687,0.34531167,8.619414e-05
5,5,melanocytic nevi,melanocytic nevi,0.0006239068,4.1732907e-05,0.008135699,8.2150844e-05,0.11592266,0.872695,0.0024987683
5,5,melanocytic nevi,melanocytic nevi,0.004575319,0.015121423,0.038043104,0.058361784,0.002113148,0.87972474,0.002060468
5,5,melanocytic nevi,melanocytic nevi,0.001360244,0.0010629126,0.041808277,0.0016509511,0.14290912,0.8110987,0.00010987692
5,2,melanocytic nevi,benign keratosis-like lesions,0.003154612,0.015699951,0.60720456,0.014490676,0.008286649,0.34627336,0.0048901676
2,2,benign keratosis-like lesions,benign keratosis-like lesions,0.0008493884,7.4950217e-06,0.971065,0.0003304129,0.0057325894,0.022014871,3.0282087e-07
2,2,benign keratosis-like lesions,benign keratosis-like lesions,0.016161853,0.020988379,0.72376233,0.017061913,0.07721419,0.1437786,0.0010327715
5,5,melanocytic nevi,melanocytic nevi,0.013400762,0.0008755979,0.027754882,0.0022719142,0.06153987,0.8929463,0.0012107057
0,0,actinic keratoses and intraepithelial carcinoma,actinic keratoses and intraepithelial carcinoma,0.70079714,0.17885754,0.07347289,0.026243033,0.0129961595,0.004186726,0.0034465156
1,1,basal cell carcinoma,basal cell carcinoma,0.2841661,0.30945554,0.13575579,0.023726592,0.023793658,0.22232315,0.00077919813
4,5,melanoma,melanocytic nevi,0.003548054,0.00038679954,0.026759697,0.0041937693,0.18338512,0.7817118,1.4681261e-05
4,5,melanoma,melanocytic nevi,0.006381662,0.0012807677,0.022145221,0.010724115,0.060104243,0.8988226,0.00054138305
2,2,benign keratosis-like lesions,benign keratosis-like lesions,0.05960774,0.04770962,0.37543753,0.21469715,0.0022372361,0.29888752,0.0014231489
5,5,melanocytic nevi,melanocytic nevi,3.9003866e-05,0.0007016198,0.016377162,0.00016247551,0.12431761,0.858246,0.00015608987
5,2,melanocytic nevi,benign keratosis-like lesions,0.003874966,7.4458716e-05,0.7833465,0.0002221369,0.050282642,0.16219439,4.9772557e-06
2,2,benign keratosis-like lesions,benign keratosis-like lesions,0.4330599,0.0005593458,0.51556075,0.011239479,0.028040284,0.011530722,9.576806e-06
5,4,melanocytic nevi,melanoma,0.00092619803,0.01381,0.12711293,0.008463938,0.4395637,0.40958706,0.0005362274
5,5,melanocytic nevi,melanocytic nevi,0.0011111567,0.010000343,0.12531297,0.037858564,0.025086224,0.8000046,0.0006261879
0,0,actinic keratoses and intraepithelial carcinoma,actinic keratoses and intraepithelial carcinoma,0.7262523,0.18687926,0.033316284,0.025617724,0.021798132,0.0057115266,0.00042467655
5,5,melanocytic nevi,melanocytic nevi,1.3935373e-06,2.0741952e-06,0.00027048765,1.3718533e-05,0.00017924681,0.999371,0.00016203115
5,5,melanocytic nevi,melanocytic nevi,0.0003778175,0.0013147101,0.005537971,0.0015196829,0.00790178,0.9820372,0.0013108709
2,2,benign keratosis-like lesions,benign keratosis-like lesions,0.004306641,0.0021173754,0.9500982,0.0007298987,0.029842144,0.012901375,4.431167e-06
5,5,melanocytic nevi,melanocytic nevi,7.3154424e-06,1.6818756e-05,0.00075493555,2.8999805e-06,0.00044053607,0.9986708,0.00010678817
5,5,melanocytic nevi,melanocytic nevi,0.00010624935,9.197105e-05,0.010813029,3.064659e-05,0.14962398,0.8393313,2.8160268e-06
5,5,melanocytic nevi,melanocytic nevi,3.6177184e-08,1.1524578e-06,7.751531e-06,7.5617456e-05,7.831042e-06,0.9994708,0.00043679614
4,4,melanoma,melanoma,0.10887933,0.006092051,0.20034002,0.033879157,0.45019636,0.19626975,0.004343263
5,4,melanocytic nevi,melanoma,0.0035572634,0.0025139952,0.20317243,0.008753968,0.5140939,0.26787385,3.4570563e-05
5,5,melanocytic nevi,melanocytic nevi,0.00025584508,0.0003142971,0.0039020278,0.0005485986,0.00020939477,0.99432313,0.00044661597
5,5,melanocytic nevi,melanocytic nevi,0.01399355,0.015661886,0.08490241,0.0065345084,0.017318973,0.8615419,4.6745405e-05
2,2,benign keratosis-like lesions,benign keratosis-like lesions,0.0028068007,0.0001373669,0.59392387,0.0023990422,0.21729223,0.18343522,5.4946704e-06
5,5,melanocytic nevi,melanocytic nevi,0.00046712212,0.0024854871,0.024443505,0.0012583362,0.043187223,0.9210176,0.007140806
5,5,melanocytic nevi,melanocytic nevi,3.7991068e-08,3.4219039e-09,1.3317114e-05,3.184666e-05,3.508783e-05,0.9999198,3.5058743e-08
5,5,melanocytic nevi,melanocytic nevi,0.00024809368,0.0005215802,0.045912996,0.07195087,0.00013080376,0.88079697,0.00043871242
2,2,benign keratosis-like lesions,benign keratosis-like lesions,0.00076811353,0.0022063025,0.88416797,0.0002648996,0.018432673,0.09414825,1.1818927e-05
4,5,melanoma,melanocytic nevi,1.4028202e-05,6.4651235e-06,0.011453538,0.00014150092,0.32780048,0.66058385,1.799284e-07
5,5,melanocytic nevi,melanocytic nevi,3.3996566e-05,0.00024273056,0.0005724725,0.0008131277,0.00022154069,0.99802715,8.901144e-05
5,5,melanocytic nevi,melanocytic nevi,6.846046e-05,0.00092645374,0.017236302,0.013132118,0.00020678532,0.9678294,0.00060055155
4,4,melanoma,melanoma,0.2260811,0.11472162,0.06471813,0.023985095,0.4578787,0.111814566,0.000800773
5,5,melanocytic nevi,melanocytic nevi,2.3687657e-05,2.9222387e-05,0.007893251,0.00015598143,4.778285e-05,0.99183017,1.9867499e-05
5,5,melanocytic nevi,melanocytic nevi,2.5933343e-07,2.4636088e-07,0.00012855648,4.001229e-06,4.8396254e-05,0.9998135,5.1391457e-06
4,4,melanoma,melanoma,0.00069024455,0.00011510708,0.35967094,0.00024628648,0.4092279,0.23004551,3.9926326e-06
5,5,melanocytic nevi,melanocytic nevi,0.0007530297,0.0036523729,0.0037638545,0.001549223,0.016373469,0.9727947,0.0011134148
5,5,melanocytic nevi,melanocytic nevi,2.5942005e-05,2.4656586e-07,0.0010968463,2.578593e-06,0.005758593,0.99311584,1.1253474e-08
5,5,melanocytic nevi,melanocytic nevi,1.4112403e-06,4.4762783e-07,7.163784e-05,5.506111e-05,0.00016990823,0.99968445,1.705338e-05
5,5,melanocytic nevi,melanocytic nevi,0.00029124363,0.00045108027,0.014310081,0.0012813803,0.001421442,0.98209697,0.0001478739
5,5,melanocytic nevi,melanocytic nevi,5.0637536e-06,1.437141e-05,0.0008005809,0.0001512299,0.0005753667,0.9974842,0.0009691266
5,5,melanocytic nevi,melanocytic nevi,6.4862325e-05,0.00022305071,0.011642219,4.278887e-05,0.004373842,0.9835581,9.505119e-05
2,2,benign keratosis-like lesions,benign keratosis-like lesions,0.023102637,0.05461117,0.86310905,0.005176963,0.020577695,0.032919493,0.00050301006
4,4,melanoma,melanoma,0.012509769,0.010954082,0.21235655,0.07376391,0.59654766,0.09309117,0.0007768844
5,5,melanocytic nevi,melanocytic nevi,0.0021182739,0.0005229814,0.024436742,0.0005743406,0.087045245,0.88453585,0.0007666003
5,5,melanocytic nevi,melanocytic nevi,1.2496121e-06,2.8338613e-07,0.00080323836,0.001338977,4.5289213e-05,0.99779534,1.5594438e-05
5,5,melanocytic nevi,melanocytic nevi,2.5315341e-05,6.856956e-05,0.09047851,5.41469e-05,0.067998074,0.84136826,7.1350205e-06
2,2,benign keratosis-like lesions,benign keratosis-like lesions,0.0030736225,0.015496864,0.818083,0.0076562893,0.004095499,0.15128781,0.0003070221
1,1,basal cell carcinoma,basal cell carcinoma,0.12565851,0.5558331,0.2247565,0.05242529,0.03310057,0.005149384,0.0030766563
5,5,melanocytic nevi,melanocytic nevi,3.8645954e-05,2.7501244e-05,0.0009203184,2.1315169e-05,0.007171768,0.9918173,3.235897e-06
5,5,melanocytic nevi,melanocytic nevi,0.00016674082,2.0812702e-05,0.0028056982,0.00011040389,0.050970368,0.9459255,4.222068e-07
5,5,melanocytic nevi,melanocytic nevi,0.05802337,0.07638645,0.023679297,0.1728666,0.054269962,0.6139126,0.00086179277
4,5,melanoma,melanocytic nevi,0.003513476,0.00015443911,0.018275607,0.00031769613,0.012255715,0.96547526,7.783819e-06
2,2,benign keratosis-like lesions,benign keratosis-like lesions,1.3248386e-05,3.406373e-06,0.903674,2.2895122e-06,0.0014149366,0.094892085,2.6902871e-08
5,5,melanocytic nevi,melanocytic nevi,8.941395e-07,3.715736e-07,0.0019123453,0.00045277385,6.987514e-05,0.9974981,6.568508e-05
5,5,melanocytic nevi,melanocytic nevi,0.00020104554,0.00027633563,0.10699816,0.0010108835,0.0017808167,0.8890775,0.000655338
4,5,melanoma,melanocytic nevi,3.0159624e-06,1.3088373e-06,0.0040225303,5.5272034e-07,0.31714737,0.678825,1.290306e-07
2,5,benign keratosis-like lesions,melanocytic nevi,6.5738604e-05,1.3229665e-05,0.09075001,1.1381692e-05,0.44814748,0.46101183,3.5142034e-07
4,5,melanoma,melanocytic nevi,0.00011792868,0.0001223288,0.13336933,0.00014401422,0.16496785,0.70127714,1.404722e-06
5,5,melanocytic nevi,melanocytic nevi,0.015526554,0.0045493706,0.20271522,0.025907185,0.0039564515,0.74721855,0.00012663113
5,5,melanocytic nevi,melanocytic nevi,0.002708295,0.0021136177,0.19612548,0.20989156,0.00046837216,0.5859549,0.002737828
5,5,melanocytic nevi,melanocytic nevi,0.0012345916,0.0003536864,0.0058804103,0.0057498855,0.0023242494,0.9840465,0.00041070537
5,5,melanocytic nevi,melanocytic nevi,0.0013562583,0.0126403775,0.092281915,0.004297448,0.030035133,0.79740393,0.061984915
5,5,melanocytic nevi,melanocytic nevi,0.00012922002,3.7387894e-05,0.0025508858,0.0011402202,0.0008212953,0.9953063,1.4736595e-05
5,5,melanocytic nevi,melanocytic nevi,0.013960293,0.006348695,0.38908523,0.00075699575,0.0036509768,0.58617145,2.6328857e-05
5,5,melanocytic nevi,melanocytic nevi,1.4362022e-06,7.005657e-08,1.147786e-05,4.5151633e-06,0.00010964369,0.9998722,5.547078e-07
4,4,melanoma,melanoma,0.00010030922,0.00012974875,0.1241232,0.00010039267,0.5620054,0.31351537,2.5584886e-05
4,4,melanoma,melanoma,4.9297043e-05,0.0022204032,0.0018924441,0.00013193679,0.8104721,0.17860305,0.0066308496
4,5,melanoma,melanocytic nevi,0.00096932665,0.0007193483,0.08218522,0.002780407,0.1956327,0.71761346,9.960387e-05
5,5,melanocytic nevi,melanocytic nevi,2.0174073e-05,1.6011608e-06,6.407218e-05,0.0004911356,0.00051775924,0.9988926,1.2764684e-05
1,1,basal cell carcinoma,basal cell carcinoma,0.35320365,0.43873733,0.016453668,0.14972144,0.009257172,0.020272141,0.012354513
2,1,benign keratosis-like lesions,basal cell carcinoma,0.053109307,0.51421076,0.2254809,0.03426217,0.048560563,0.113637336,0.010738898
2,2,benign keratosis-like lesions,benign keratosis-like lesions,0.00027894817,0.0012985113,0.80265325,0.054128435,0.0010193473,0.13031648,0.010305009
1,6,basal cell carcinoma,vascular lesions,0.0035498722,0.114918016,0.016624358,0.082241766,0.0033317604,0.0055209612,0.7738133
5,5,melanocytic nevi,melanocytic nevi,4.3098046e-07,2.5640181e-06,6.773663e-05,0.0005299963,7.1310154e-05,0.999257,7.0861446e-05
5,5,melanocytic nevi,melanocytic nevi,3.50029e-05,0.000100390294,0.015642945,5.1726394e-05,0.00041685332,0.9835896,0.0001634998
5,5,melanocytic nevi,melanocytic nevi,3.2861824e-06,1.2394179e-07,0.0009993606,5.2722276e-05,0.00041923588,0.9985209,4.449713e-06
2,2,benign keratosis-like lesions,benign keratosis-like lesions,0.039929524,0.0045668925,0.87349695,0.0063681235,0.048143152,0.026905375,0.00059001625
5,5,melanocytic nevi,melanocytic nevi,2.0689592e-07,2.729732e-07,0.00041438543,0.00017041151,7.2980816e-05,0.99933773,3.9344577e-06
5,5,melanocytic nevi,melanocytic nevi,7.7370105e-06,1.1847903e-06,0.00014224226,0.0012964429,3.273869e-05,0.99850947,1.00868665e-05
5,5,melanocytic nevi,melanocytic nevi,0.0013417583,0.0006265462,0.018277869,0.00051023194,0.090233095,0.88897234,3.8118917e-05
5,5,melanocytic nevi,melanocytic nevi,0.0002638953,0.00095953967,0.00635543,0.00047412858,0.00020837985,0.9915148,0.00022373341
5,5,melanocytic nevi,melanocytic nevi,1.5234772e-06,4.2336772e-08,0.0005848889,8.5765416e-05,0.0034210146,0.99590164,5.1184475e-06
1,1,basal cell carcinoma,basal cell carcinoma,0.012224868,0.7854784,0.08520683,0.0022032345,0.016052872,0.09789278,0.00094098836
5,5,melanocytic nevi,melanocytic nevi,1.30205835e-05,1.0082832e-05,0.0012135431,0.00034874762,0.00010848888,0.9982949,1.1139549e-05
4,5,melanoma,melanocytic nevi,0.053862303,0.0043385094,0.20762143,0.21426867,0.11693282,0.39974815,0.0032281457
5,5,melanocytic nevi,melanocytic nevi,0.00028300443,0.00035167075,0.0014121999,0.0028633822,0.0002889737,0.98946416,0.00533657
5,4,melanocytic nevi,melanoma,0.101476304,0.10058567,0.20797284,0.015491864,0.40321013,0.16837437,0.0028887996
5,5,melanocytic nevi,melanocytic nevi,3.353417e-08,1.0004504e-07,2.723966e-05,9.338173e-06,7.990121e-06,0.9999542,1.0226846e-06
5,2,melanocytic nevi,benign keratosis-like lesions,0.000120185956,1.8558583e-05,0.5156844,0.017180987,0.2325292,0.23446395,2.673314e-06
5,5,melanocytic nevi,melanocytic nevi,0.00045303692,9.463519e-05,0.0059734327,0.00018167263,0.06549046,0.927771,3.581244e-05
5,5,melanocytic nevi,melanocytic nevi,0.00021466821,4.455008e-06,0.0044563743,0.0018505991,0.0019547397,0.9915085,1.0671528e-05
5,5,melanocytic nevi,melanocytic nevi,1.799798e-05,1.8523277e-05,0.0009256539,0.00040768742,9.750024e-05,0.9984296,0.00010309751
5,5,melanocytic nevi,melanocytic nevi,2.879159e-06,7.70181e-06,0.00049959,4.0646988e-05,0.00014914306,0.9992835,1.6569016e-05
5,5,melanocytic nevi,melanocytic nevi,2.9231596e-05,2.1160024e-05,0.00052799593,0.00017749832,0.0012604467,0.99792933,5.437131e-05
5,5,melanocytic nevi,melanocytic nevi,1.5435875e-05,6.949017e-05,0.23197645,8.4486535e-05,0.029242203,0.73861164,3.7998316e-07
5,5,melanocytic nevi,melanocytic nevi,5.9848895e-07,1.1250407e-06,0.00045193965,3.4904162e-05,0.0007780959,0.9987282,5.171595e-06
5,5,melanocytic nevi,melanocytic nevi,6.147741e-07,1.862178e-07,3.9521237e-05,2.123221e-05,5.59889e-05,0.9998708,1.1662563e-05
5,5,melanocytic nevi,melanocytic nevi,6.610941e-05,0.0001047302,0.15909177,3.4288953e-06,0.05185139,0.78887767,4.9300147e-06
5,5,melanocytic nevi,melanocytic nevi,0.0027766232,0.0021112873,0.10836658,0.010561834,0.14097896,0.73477,0.00043474307
5,5,melanocytic nevi,melanocytic nevi,0.00034390655,0.00014057389,0.0041589364,7.744468e-05,0.015613187,0.9796379,2.800434e-05
2,2,benign keratosis-like lesions,benign keratosis-like lesions,0.028601015,0.061700217,0.6372973,0.031254392,0.08088778,0.15992312,0.0003361318
4,4,melanoma,melanoma,1.0676445e-05,6.696208e-08,0.010522031,7.3052124e-06,0.9162463,0.073213525,1.778103e-08
5,4,melanocytic nevi,melanoma,0.0057631964,0.00019648645,0.060003463,0.0007548433,0.58853877,0.34472415,1.9069135e-05
5,5,melanocytic nevi,melanocytic nevi,0.00826739,0.0062796357,0.059296887,0.01728145,0.30423948,0.60411346,0.0005216825
5,5,melanocytic nevi,melanocytic nevi,0.017034888,0.015184827,0.042037956,0.010951233,0.07820285,0.83128226,0.0053060716
5,5,melanocytic nevi,melanocytic nevi,5.586992e-06,4.020927e-05,0.00021436815,3.6512681e-06,0.00043759472,0.9992872,1.1415367e-05
0,1,actinic keratoses and intraepithelial carcinoma,basal cell carcinoma,0.07640316,0.49360025,0.17435054,0.022149943,0.0058724973,0.22719371,0.00042981052
5,5,melanocytic nevi,melanocytic nevi,0.000623405,4.424321e-05,0.00789828,0.0005259882,0.003777356,0.9871219,8.787914e-06
5,5,melanocytic nevi,melanocytic nevi,0.0040049152,0.0021043303,0.0154032465,0.006540979,0.0041481815,0.9617579,0.0060404576
5,5,melanocytic nevi,melanocytic nevi,0.0101553425,0.0024053752,0.070955314,0.0015584528,0.3875699,0.5273139,4.172279e-05
5,5,melanocytic nevi,melanocytic nevi,0.0023505432,0.0012564757,0.019943604,0.037047133,0.00076031114,0.9378335,0.0008083762
5,5,melanocytic nevi,melanocytic nevi,4.967481e-07,1.2736636e-07,2.4948164e-05,0.00015680242,0.00012626864,0.9996774,1.390521e-05
5,5,melanocytic nevi,melanocytic nevi,0.0029178674,0.005515223,0.054841764,0.03189035,0.012488731,0.8870659,0.0052801147
5,5,melanocytic nevi,melanocytic nevi,2.3261884e-05,1.0910011e-05,0.0044035683,0.0001601564,0.019331848,0.97605383,1.6357993e-05
5,5,melanocytic nevi,melanocytic nevi,0.00066925323,0.0007938742,0.0023300953,0.0025987618,0.00022146216,0.9932248,0.00016169407
5,5,melanocytic nevi,melanocytic nevi,0.00022751087,0.0006881813,0.034900833,0.00026462696,0.10874633,0.8551461,2.640407e-05
5,5,melanocytic nevi,melanocytic nevi,1.0681345e-06,0.00011792126,0.00012089569,4.173418e-06,0.0005601009,0.99916375,3.215927e-05
5,5,melanocytic nevi,melanocytic nevi,2.0110316e-05,0.00010915229,0.0011739606,3.8268547e-05,0.00046162662,0.99789363,0.00030319966
5,4,melanocytic nevi,melanoma,0.0055097197,0.011168286,0.12016655,0.026554879,0.6111554,0.22503337,0.00041183253
6,6,vascular lesions,vascular lesions,0.00020230528,0.0017647872,0.0041305223,0.16298929,0.0005072181,0.11758088,0.71282506
4,4,melanoma,melanoma,0.00022096933,7.7366945e-05,0.040222947,0.00027179433,0.82818395,0.13101481,8.184302e-06
5,5,melanocytic nevi,melanocytic nevi,2.1287595e-05,0.00089100737,0.0001045292,4.5882953e-05,0.00056452747,0.99801373,0.00035903076
5,5,melanocytic nevi,melanocytic nevi,0.00011071875,8.705179e-05,0.004547231,0.0023168141,0.00020746782,0.9925305,0.00020014438
5,2,melanocytic nevi,benign keratosis-like lesions,0.025626807,0.3589097,0.56153923,0.024889342,0.0005366908,0.022677265,0.0058208997
5,5,melanocytic nevi,melanocytic nevi,0.0004360875,0.0001188827,0.11172461,0.0027018902,0.23215431,0.6528409,2.3281018e-05
5,5,melanocytic nevi,melanocytic nevi,8.252731e-05,2.170556e-05,0.0020970579,0.00041108488,5.034686e-05,0.99725205,8.507663e-05
4,4,melanoma,melanoma,0.00629398,0.0004018905,0.059752148,0.001594696,0.62100667,0.3109274,2.3243772e-05
5,5,melanocytic nevi,melanocytic nevi,2.476041e-06,3.1719978e-06,4.593067e-05,6.4229926e-06,0.00028196195,0.99962723,3.2727738e-05
3,5,dermatofibroma,melanocytic nevi,0.031024536,0.08602634,0.10474168,0.095183805,0.18858317,0.49168348,0.0027569358
5,5,melanocytic nevi,melanocytic nevi,0.0024375073,0.00042869657,0.0008051813,0.014461118,0.005260787,0.9762814,0.00032532128
5,5,melanocytic nevi,melanocytic nevi,2.055522e-06,5.191217e-06,0.0053957445,3.202373e-06,0.0038714942,0.9907178,4.432612e-06
3,5,dermatofibroma,melanocytic nevi,0.0068749194,0.01868532,0.24789809,0.17524953,0.024048833,0.52704525,0.00019801295
1,1,basal cell carcinoma,basal cell carcinoma,0.14456671,0.8260649,0.0056207315,0.01969426,0.0015553186,0.00082046486,0.0016776699
5,5,melanocytic nevi,melanocytic nevi,0.006504009,0.0025051562,0.10985422,0.0004610832,0.08874067,0.790944,0.0009908524
5,5,melanocytic nevi,melanocytic nevi,0.00042688238,0.00017406406,0.035686594,0.033644143,0.03722081,0.89281327,3.425688e-05
5,5,melanocytic nevi,melanocytic nevi,1.8263287e-06,1.3659603e-06,5.7061836e-05,4.9346536e-06,0.00018923453,0.9997298,1.5700283e-05
5,5,melanocytic nevi,melanocytic nevi,1.0492236e-06,1.6779701e-07,0.00032406754,0.0003120343,0.00015353951,0.9992085,6.666244e-07
5,5,melanocytic nevi,melanocytic nevi,0.019337503,6.46117e-06,0.4584729,0.016863674,0.024200398,0.4811181,9.659326e-07
5,5,melanocytic nevi,melanocytic nevi,0.0001024679,4.0667996e-06,0.0042004846,0.0014431017,0.00042463175,0.9938106,1.472537e-05
5,2,melanocytic nevi,benign keratosis-like lesions,0.009220184,0.0041692248,0.42375168,0.016493406,0.14555235,0.40052435,0.0002888078
5,5,melanocytic nevi,melanocytic nevi,0.035451252,0.22167952,0.05544236,0.11660361,0.0602084,0.32946652,0.18114835
5,5,melanocytic nevi,melanocytic nevi,9.089591e-05,4.575056e-05,0.004401131,0.00048275542,0.000563624,0.9943182,9.767922e-05
4,4,melanoma,melanoma,0.016664643,0.011127298,0.06224945,0.008614391,0.83985126,0.060839172,0.0006539087
5,5,melanocytic nevi,melanocytic nevi,2.903471e-06,1.0406435e-06,0.00042286713,0.00079210394,8.282811e-05,0.9986902,8.103663e-06
5,5,melanocytic nevi,melanocytic nevi,0.0005025715,0.002780089,0.0036060102,0.0042118905,0.008857102,0.98000115,4.1145926e-05
5,5,melanocytic nevi,melanocytic nevi,0.00059890666,0.03482592,0.038723823,0.004907356,0.11804008,0.8020591,0.0008448724
2,1,benign keratosis-like lesions,basal cell carcinoma,0.11026773,0.5518767,0.28585765,0.0074098078,0.028663222,0.012166109,0.0037588123
5,5,melanocytic nevi,melanocytic nevi,0.0007036629,0.00011721699,0.00092087145,0.002252748,0.0050848876,0.99003017,0.0008903607
2,2,benign keratosis-like lesions,benign keratosis-like lesions,0.2791281,0.06333034,0.2843773,0.05488594,0.037610497,0.26406202,0.016605783
2,2,benign keratosis-like lesions,benign keratosis-like lesions,0.1738258,0.014052366,0.38989982,0.15614982,0.20045903,0.06491656,0.0006966154
2,2,benign keratosis-like lesions,benign keratosis-like lesions,0.07791253,0.09110229,0.7168291,0.024105709,0.06795321,0.01997315,0.0021240492
5,5,melanocytic nevi,melanocytic nevi,0.00023740676,0.00020852618,0.42685276,0.0009526744,0.026619053,0.54509044,3.908968e-05
2,2,benign keratosis-like lesions,benign keratosis-like lesions,0.003763424,0.00046084827,0.5699823,0.0027753823,0.24041456,0.18251516,8.838149e-05
5,5,melanocytic nevi,melanocytic nevi,0.0003821547,0.0008059743,0.019290365,0.0012906132,0.0025636428,0.9754853,0.00018186943
2,2,benign keratosis-like lesions,benign keratosis-like lesions,0.00027526935,1.7860099e-05,0.78497785,0.002737957,0.0002882334,0.21166971,3.30283e-05
4,4,melanoma,melanoma,0.0024928926,0.0030674802,0.20663944,0.0008995577,0.449329,0.33750385,6.783034e-05
4,4,melanoma,melanoma,2.5187097e-05,8.482457e-07,0.14048772,3.29073e-05,0.7337421,0.12571111,1.2901376e-07
4,4,melanoma,melanoma,0.0125577245,5.8267855e-05,0.15229967,0.0017322554,0.57064295,0.26270598,3.2074197e-06
5,5,melanocytic nevi,melanocytic nevi,1.2140318e-05,5.839135e-07,0.002493593,9.999567e-05,0.1387861,0.8586069,7.03805e-07
2,3,benign keratosis-like lesions,dermatofibroma,0.07497879,0.08992739,0.23885924,0.53883415,0.028170265,0.027603555,0.0016266108
5,5,melanocytic nevi,melanocytic nevi,3.0689885e-06,2.6369682e-06,0.00034162385,0.00048610184,0.00013031364,0.9990037,3.2659475e-05
5,5,melanocytic nevi,melanocytic nevi,1.6891743e-05,8.905055e-07,0.007816133,0.00077380857,0.00012126418,0.9912513,1.9781623e-05
5,5,melanocytic nevi,melanocytic nevi,0.00020830594,3.2517848e-05,0.013156373,0.00011249604,0.009412174,0.9770751,3.0332972e-06
5,5,melanocytic nevi,melanocytic nevi,5.632449e-07,3.027454e-06,4.9451206e-05,0.000102173515,0.00020832347,0.99962807,8.292223e-06
5,5,melanocytic nevi,melanocytic nevi,1.2121338e-05,5.85334e-06,0.0022915523,5.9579164e-05,0.00048720796,0.99708986,5.3760803e-05
2,2,benign keratosis-like lesions,benign keratosis-like lesions,0.0010671386,0.00013609981,0.94333136,0.036929928,0.00012132381,0.018373897,4.0164974e-05
5,5,melanocytic nevi,melanocytic nevi,0.008996117,0.002558313,0.0033945208,0.013436876,0.027793618,0.9360015,0.007819089
6,6,vascular lesions,vascular lesions,0.00028293187,0.009071261,0.0141550815,0.0018986678,0.0055108694,0.018860446,0.95022076
5,5,melanocytic nevi,melanocytic nevi,0.00014781246,2.5882522e-05,0.14216058,3.644939e-05,0.061724946,0.79590243,1.8915779e-06
5,5,melanocytic nevi,melanocytic nevi,1.2961028e-05,3.6394867e-06,0.006742433,0.00043557354,0.0018044373,0.99091995,8.101454e-05
4,2,melanoma,benign keratosis-like lesions,0.00051319035,7.599394e-05,0.78760815,0.00064277917,0.08299221,0.12816583,1.830779e-06
5,5,melanocytic nevi,melanocytic nevi,0.0010207411,0.00094575406,0.003451723,0.00046046218,0.0013535375,0.9921921,0.0005756148
4,4,melanoma,melanoma,0.060626432,0.027161418,0.26446438,0.06268124,0.41694036,0.16757096,0.0005552345
5,5,melanocytic nevi,melanocytic nevi,0.0013694502,0.00048075596,0.0052576154,0.0313091,0.0014879432,0.95981157,0.00028361272
5,5,melanocytic nevi,melanocytic nevi,0.0014820739,0.0019130431,0.010267608,0.016387232,0.00038767417,0.9685674,0.0009948973
5,2,melanocytic nevi,benign keratosis-like lesions,0.0077207866,0.001252153,0.45792815,0.12531802,0.0067475387,0.39994633,0.001087057
2,2,benign keratosis-like lesions,benign keratosis-like lesions,0.13504274,0.07098063,0.66958296,0.024892239,0.017433297,0.07701723,0.005050945
5,2,melanocytic nevi,benign keratosis-like lesions,0.004443173,0.0053779776,0.45022836,0.018316338,0.37091205,0.1505999,0.0001221895
2,2,benign keratosis-like lesions,benign keratosis-like lesions,0.0042674895,0.0031003638,0.84807473,0.028177373,0.07263157,0.04279662,0.00095192186
5,5,melanocytic nevi,melanocytic nevi,0.0007900176,0.0018199192,0.0067880847,0.0004459468,0.15293443,0.83502954,0.0021921026
5,5,melanocytic nevi,melanocytic nevi,9.000035e-05,3.7542263e-06,0.0021226527,0.00023085462,0.0009884121,0.99629587,0.00026848857
4,4,melanoma,melanoma,0.00259117,0.00089394086,0.014670629,0.0011356602,0.9719873,0.008648773,7.2566894e-05
0,0,actinic keratoses and intraepithelial carcinoma,actinic keratoses and intraepithelial carcinoma,0.6323306,0.21267615,0.082323305,0.03086944,0.010682503,0.03036188,0.00075606303
2,2,benign keratosis-like lesions,benign keratosis-like lesions,0.049875494,0.014704056,0.6399995,0.003421733,0.11656002,0.1750529,0.00038631135
5,5,melanocytic nevi,melanocytic nevi,0.012722622,0.007881381,0.17050049,0.006980662,0.009494972,0.7921073,0.0003126395
5,5,melanocytic nevi,melanocytic nevi,8.132381e-05,2.1537202e-05,0.00020880235,2.6058324e-05,0.0076988353,0.99195075,1.2668324e-05
5,2,melanocytic nevi,benign keratosis-like lesions,0.00054767233,0.0035833206,0.4400837,0.0015099181,0.21712872,0.3368556,0.00029104485
6,5,vascular lesions,melanocytic nevi,5.5321638e-05,0.00028843543,0.012800863,0.0023403533,0.0010092186,0.9634437,0.020062122
0,0,actinic keratoses and intraepithelial carcinoma,actinic keratoses and intraepithelial carcinoma,0.56437314,0.20067777,0.13514678,0.05542844,0.0031641002,0.014513555,0.026696255
5,5,melanocytic nevi,melanocytic nevi,1.8828976e-05,8.981509e-07,0.00074529136,1.5722106e-05,0.0018220344,0.9973923,5.051364e-06
5,5,melanocytic nevi,melanocytic nevi,3.055081e-05,3.2014243e-06,0.0029496069,7.384404e-06,0.0009975865,0.995992,1.9760295e-05
5,5,melanocytic nevi,melanocytic nevi,1.1555429e-05,4.5233355e-07,7.634255e-05,1.6382639e-05,0.006310306,0.99357927,5.649569e-06
5,5,melanocytic nevi,melanocytic nevi,4.1468946e-05,2.8626264e-06,0.00010441491,0.0015407584,0.0002560588,0.99803835,1.622712e-05
5,5,melanocytic nevi,melanocytic nevi,0.0005769928,2.011559e-05,0.007531181,0.002567524,0.0013570213,0.98794067,6.5894146e-06
2,5,benign keratosis-like lesions,melanocytic nevi,0.0047055166,0.00046814955,0.35168937,0.0047156424,0.0052527515,0.63315666,1.1949898e-05
0,2,actinic keratoses and intraepithelial carcinoma,benign keratosis-like lesions,0.27701697,0.08871126,0.5251207,0.007542288,0.0009500933,0.10047221,0.0001865232
4,4,melanoma,melanoma,0.01861968,0.00016771015,0.21625397,0.022137225,0.4889272,0.2535346,0.00035964296
5,5,melanocytic nevi,melanocytic nevi,0.0010949536,3.598922e-05,0.07301289,0.00021701792,0.083729655,0.84190786,1.7004909e-06
3,0,dermatofibroma,actinic keratoses and intraepithelial carcinoma,0.24415639,0.23656054,0.23716165,0.21461518,0.020948531,0.029150944,0.017406786
5,5,melanocytic nevi,melanocytic nevi,0.006611292,0.0015341456,0.04089273,0.039425723,0.008581936,0.9004121,0.002542106
5,5,melanocytic nevi,melanocytic nevi,0.00033747024,0.00011881145,0.028967362,0.0011995177,0.036730316,0.9326321,1.432796e-05
1,0,basal cell carcinoma,actinic keratoses and intraepithelial carcinoma,0.4056211,0.04446428,0.32034513,0.0789128,0.11068245,0.036119908,0.003854352
5,5,melanocytic nevi,melanocytic nevi,1.0512858e-06,7.2610082e-06,0.004705338,7.912655e-05,0.0008907265,0.99429685,1.9727757e-05
2,2,benign keratosis-like lesions,benign keratosis-like lesions,0.015459538,4.9563616e-05,0.8060506,0.0037129102,0.111790396,0.06293478,2.2869426e-06
5,5,melanocytic nevi,melanocytic nevi,0.0007738591,0.006544841,0.0017183973,0.0011780988,0.048107866,0.9404492,0.0012278748
5,2,melanocytic nevi,benign keratosis-like lesions,0.0044822516,0.0066257985,0.70107096,0.25315338,0.015825316,0.018650642,0.00019167921
5,5,melanocytic nevi,melanocytic nevi,0.0012133225,0.0003315902,0.012085714,0.019451233,0.00058682536,0.966094,0.00023732672
5,1,melanocytic nevi,basal cell carcinoma,0.02465571,0.64902276,0.11703316,0.077994704,0.009224191,0.09735888,0.024710538
5,5,melanocytic nevi,melanocytic nevi,0.0006744214,0.0001048174,0.0043531563,0.0019707384,0.048598204,0.9442438,5.482188e-05
5,5,melanocytic nevi,melanocytic nevi,7.029364e-06,3.7596708e-06,0.0016980794,0.0010245305,0.00013030713,0.9971348,1.590925e-06
5,5,melanocytic nevi,melanocytic nevi,0.0006633611,0.0004054397,0.2873214,0.0008499872,0.18279125,0.5279579,1.0704276e-05
4,2,melanoma,benign keratosis-like lesions,0.016155502,0.009221479,0.93560463,0.0020255088,0.017975887,0.018943734,7.32515e-05
2,2,benign keratosis-like lesions,benign keratosis-like lesions,0.009258983,0.048286308,0.6462074,0.008397837,0.07204964,0.21449952,0.0013003779
4,4,melanoma,melanoma,0.02802336,0.013014049,0.1574998,0.0064246426,0.52792335,0.2666596,0.00045520707
2,2,benign keratosis-like lesions,benign keratosis-like lesions,0.009082236,0.0054288995,0.9133842,0.040947102,0.021142676,0.00967717,0.00033771002
2,2,benign keratosis-like lesions,benign keratosis-like lesions,0.026457671,0.029094378,0.823954,0.0056582666,0.0019269154,0.11282465,8.4118146e-05
5,5,melanocytic nevi,melanocytic nevi,0.0007672332,0.00010222676,0.0068664965,0.024431583,0.0007716668,0.9669954,6.534375e-05
5,5,melanocytic nevi,melanocytic nevi,2.3121936e-05,2.2175973e-06,0.00018109396,5.328907e-05,0.0062271836,0.99350435,8.787755e-06
0,1,actinic keratoses and intraepithelial carcinoma,basal cell carcinoma,0.11471268,0.41992107,0.2503697,0.066378206,0.121531636,0.018957656,0.008129051
5,5,melanocytic nevi,melanocytic nevi,4.5164743e-06,6.9703324e-06,0.00010173407,7.7548284e-05,0.00073239696,0.99892324,0.00015359336
4,1,melanoma,basal cell carcinoma,0.025284005,0.74579746,0.17140278,0.020625317,0.019576805,0.015657382,0.0016563013
4,5,melanoma,melanocytic nevi,1.1266408e-06,1.0552511e-05,0.0079443455,1.2008113e-06,0.12514104,0.8669014,3.754891e-07
3,3,dermatofibroma,dermatofibroma,0.004860996,0.016363574,0.009779548,0.889314,0.0011131929,0.07450032,0.004068422
5,5,melanocytic nevi,melanocytic nevi,3.296035e-05,1.7043816e-06,0.0006596745,1.8785415e-05,0.0009194771,0.9983652,2.0845828e-06
5,5,melanocytic nevi,melanocytic nevi,0.002370556,0.00040049036,0.3210986,0.00064995675,0.0012741924,0.67402047,0.00018578151
0,1,actinic keratoses and intraepithelial carcinoma,basal cell carcinoma,0.020163622,0.96122515,0.008106823,0.006986462,0.00082864554,0.00093788665,0.0017513951
2,2,benign keratosis-like lesions,benign keratosis-like lesions,0.0005091556,6.813644e-05,0.98441523,0.0030348506,0.008913956,0.0030449075,1.3834178e-05
5,5,melanocytic nevi,melanocytic nevi,9.2301925e-05,1.2384571e-05,0.007041811,0.0021725467,0.001116871,0.9895425,2.1536733e-05
5,4,melanocytic nevi,melanoma,5.987654e-07,1.1072667e-07,0.00041349442,1.7540767e-06,0.8234094,0.17617445,2.3199976e-07
5,5,melanocytic nevi,melanocytic nevi,0.0085131945,0.013694096,0.3198846,0.010056862,0.049436163,0.598228,0.00018713577
1,1,basal cell carcinoma,basal cell carcinoma,0.007506259,0.7446009,0.06995294,0.048502553,0.051423144,0.03263268,0.045381524
5,5,melanocytic nevi,melanocytic nevi,0.0031151637,0.008128587,0.021395352,0.0057140673,0.046905246,0.91457516,0.00016644034
2,2,benign keratosis-like lesions,benign keratosis-like lesions,0.002216591,0.00036475578,0.87901324,0.00013121699,0.07243085,0.045838855,4.560114e-06
5,5,melanocytic nevi,melanocytic nevi,0.025941906,0.03839852,0.19667017,0.20255111,0.24830069,0.28514594,0.0029916996
2,2,benign keratosis-like lesions,benign keratosis-like lesions,0.0064966055,0.014525996,0.7872447,0.00026034692,0.0062717255,0.18494833,0.00025228132
4,4,melanoma,melanoma,0.010593419,0.0025711316,0.019358624,0.018650493,0.6333262,0.3148344,0.00066576584
4,4,melanoma,melanoma,0.0007325974,0.005982471,0.019360336,0.005681234,0.76029843,0.20349188,0.004453083
5,2,melanocytic nevi,benign keratosis-like lesions,0.053022627,0.017789053,0.7861368,0.0050400994,0.0006756424,0.13237037,0.0049655056
5,5,melanocytic nevi,melanocytic nevi,0.009463882,0.047498494,0.017111368,0.004984886,0.0059274067,0.9085181,0.0064959326
5,5,melanocytic nevi,melanocytic nevi,4.284343e-08,8.6569216e-08,0.00014093277,4.2555836e-05,1.599205e-05,0.9997882,1.2196766e-05
3,5,dermatofibroma,melanocytic nevi,3.5856774e-05,0.00026727552,0.0006275075,0.20603284,0.00018598443,0.78549314,0.0073574553
5,2,melanocytic nevi,benign keratosis-like lesions,0.10136469,0.019582188,0.5374466,0.023838656,0.23107252,0.08603941,0.00065595744
5,5,melanocytic nevi,melanocytic nevi,1.695743e-05,1.1306727e-06,0.004097518,9.370612e-05,0.0002817167,0.9953271,0.0001819481
5,5,melanocytic nevi,melanocytic nevi,0.0029018633,0.0032403697,0.0541797,0.022743467,0.0012818612,0.9120592,0.0035935142
2,2,benign keratosis-like lesions,benign keratosis-like lesions,0.0004444788,0.0013824706,0.95687866,0.000117178526,0.00487654,0.03628689,1.376717e-05
5,5,melanocytic nevi,melanocytic nevi,0.0022815005,0.0006599364,0.27599308,0.016549587,0.25484285,0.44957408,9.892313e-05
2,5,benign keratosis-like lesions,melanocytic nevi,0.0002604493,8.474126e-05,0.05472278,0.00095304975,0.0185958,0.92536575,1.7382663e-05
5,5,melanocytic nevi,melanocytic nevi,1.222838e-06,1.6609532e-06,9.430159e-05,0.0023709394,0.00042244198,0.9970022,0.00010733005
1,1,basal cell carcinoma,basal cell carcinoma,0.01820913,0.37375486,0.07847348,0.04762487,0.34926733,0.12489905,0.0077712755
5,5,melanocytic nevi,melanocytic nevi,0.0032974465,0.000109745095,0.054599807,0.0050601484,0.050427653,0.88648033,2.4908073e-05
5,5,melanocytic nevi,melanocytic nevi,6.760452e-06,9.1856117e-07,0.0022155426,0.000804374,7.841518e-05,0.9968778,1.6137486e-05
5,2,melanocytic nevi,benign keratosis-like lesions,0.0001416008,1.0004843e-05,0.924091,0.00091304665,0.02861543,0.046228506,4.1924505e-07
5,4,melanocytic nevi,melanoma,0.0030896831,0.007988335,0.2838265,0.0007284754,0.38049972,0.32374182,0.00012542315
5,5,melanocytic nevi,melanocytic nevi,0.00025755583,0.0005286573,0.010663228,0.0029311662,0.00045862,0.98456836,0.0005925027
5,5,melanocytic nevi,melanocytic nevi,0.0056080166,0.017162384,0.17396389,0.017340131,0.013044191,0.7372644,0.035617
5,5,melanocytic nevi,melanocytic nevi,0.00016135503,0.0019810493,0.026494231,0.0002494746,0.004361398,0.9639582,0.0027943521
1,1,basal cell carcinoma,basal cell carcinoma,0.001163145,0.8837815,0.010389307,0.0069560786,0.027868392,0.011116651,0.05872492
5,5,melanocytic nevi,melanocytic nevi,0.00024349688,3.457282e-06,0.0083203735,0.00020928797,0.04206471,0.9491582,4.49359e-07
4,5,melanoma,melanocytic nevi,0.00052101165,7.086721e-05,0.19380338,0.000113087364,0.2671266,0.5383602,4.9186287e-06
5,5,melanocytic nevi,melanocytic nevi,1.8284813e-05,6.7004903e-06,0.0031320867,6.622121e-05,0.03735064,0.95874494,0.00068114954
6,6,vascular lesions,vascular lesions,0.0038769639,0.27741072,0.0314653,0.08027951,0.0037389507,0.08607423,0.5171544
5,5,melanocytic nevi,melanocytic nevi,0.0016425662,0.00904138,0.0037980943,0.00600405,0.0019356734,0.97429895,0.0032792164
2,2,benign keratosis-like lesions,benign keratosis-like lesions,0.00010759614,5.060422e-07,0.9894957,6.955162e-05,0.006441344,0.0038853555,1.073161e-09
5,5,melanocytic nevi,melanocytic nevi,0.0001436555,0.00047828595,0.029721053,0.0004313917,0.21001409,0.7591325,7.896906e-05
5,5,melanocytic nevi,melanocytic nevi,0.0002951373,0.001141531,0.0007754815,0.00042168956,0.0033488104,0.9479763,0.046041023
2,2,benign keratosis-like lesions,benign keratosis-like lesions,0.027793245,0.10447502,0.7848909,0.0028779455,0.054111846,0.02439616,0.0014549008
1,2,basal cell carcinoma,benign keratosis-like lesions,0.20655908,0.11764372,0.45188487,0.041627202,0.030167818,0.14958905,0.0025282123
5,5,melanocytic nevi,melanocytic nevi,2.5826672e-05,4.944464e-06,0.0007807024,0.00013712405,0.010221565,0.98869777,0.00013209735
5,5,melanocytic nevi,melanocytic nevi,0.000101868514,0.00023547933,0.0026211785,0.004735596,0.0028077848,0.9877863,0.001711825
2,2,benign keratosis-like lesions,benign keratosis-like lesions,0.009721528,0.06457492,0.5071872,0.06434667,0.07628363,0.27433732,0.003548779
5,5,melanocytic nevi,melanocytic nevi,0.0008303846,0.003311097,0.0936106,0.01978225,0.00061735493,0.8679328,0.013915506
5,5,melanocytic nevi,melanocytic nevi,3.1487103e-05,1.08400345e-05,0.004676355,0.00027267195,0.0020044697,0.9929998,4.366066e-06
2,2,benign keratosis-like lesions,benign keratosis-like lesions,0.08808871,0.0005264448,0.88305086,0.0016579458,0.01044834,0.016211845,1.5837075e-05
5,6,melanocytic nevi,vascular lesions,0.004001392,0.26473972,0.015371953,0.0044017807,0.13097295,0.22670278,0.35380945
5,5,melanocytic nevi,melanocytic nevi,2.575214e-06,4.5415515e-08,0.011783001,7.345928e-07,0.023598885,0.96461475,1.0460526e-09
5,5,melanocytic nevi,melanocytic nevi,7.048412e-05,0.0002479631,0.00045378692,0.00010605154,0.0006247284,0.9981414,0.0003556743
5,5,melanocytic nevi,melanocytic nevi,0.0003493749,0.0003278299,0.0045842524,0.0003067097,0.00089977746,0.9932928,0.00023913037
5,5,melanocytic nevi,melanocytic nevi,3.631679e-05,4.7083733e-05,0.0015808579,0.00051761913,0.00047431118,0.99642915,0.0009145866
5,5,melanocytic nevi,melanocytic nevi,0.0014351953,8.858537e-05,0.3774199,0.080364585,0.012170726,0.5279354,0.0005856781
4,5,melanoma,melanocytic nevi,0.00084334164,1.8268292e-05,0.029548557,0.0007181107,0.254275,0.7145884,8.371383e-06
5,5,melanocytic nevi,melanocytic nevi,1.2206741e-05,9.136051e-07,0.0006480597,6.252898e-06,0.011537719,0.98779476,1.7561688e-07
5,5,melanocytic nevi,melanocytic nevi,0.035327826,0.097953774,0.05624482,0.04928916,0.008406483,0.74005944,0.012718499
0,1,actinic keratoses and intraepithelial carcinoma,basal cell carcinoma,0.05496269,0.5687101,0.20142968,0.056502033,0.035306554,0.021025032,0.06206395
5,5,melanocytic nevi,melanocytic nevi,0.0022285648,0.0014594443,0.10712547,0.0076704044,0.13201208,0.74893486,0.0005692091
0,4,actinic keratoses and intraepithelial carcinoma,melanoma,0.073154636,0.012517647,0.14755787,0.0067413864,0.5117686,0.24467677,0.0035830424
5,5,melanocytic nevi,melanocytic nevi,0.00017780738,1.0660581e-05,0.05955245,0.00022251862,0.24986815,0.6901647,3.7139896e-06
5,5,melanocytic nevi,melanocytic nevi,0.019896721,0.0024596567,0.18911645,0.002082698,0.036115732,0.75017905,0.00014969827
5,5,melanocytic nevi,melanocytic nevi,5.824971e-06,2.2858017e-06,0.00010279764,0.0008936748,0.00015379331,0.9988016,3.994701e-05
4,2,melanoma,benign keratosis-like lesions,0.036033455,0.0012076859,0.4648584,0.008665268,0.3373095,0.15184383,8.182003e-05
1,1,basal cell carcinoma,basal cell carcinoma,0.024057452,0.8837999,0.03845848,0.036181387,0.0016421148,0.014520603,0.0013400743
5,5,melanocytic nevi,melanocytic nevi,4.5761495e-05,0.0013069612,0.008447751,0.00033128975,0.10179937,0.87607175,0.011997033
5,5,melanocytic nevi,melanocytic nevi,0.00015690728,0.0006213431,0.0010950724,0.00141519,0.0019187655,0.9947018,9.083538e-05
2,2,benign keratosis-like lesions,benign keratosis-like lesions,7.0829265e-06,6.4862966e-06,0.94021165,1.0704655e-05,0.013481802,0.046282236,2.1295843e-08
4,5,melanoma,melanocytic nevi,5.9790324e-05,0.0009283935,0.0050974945,0.0019866414,0.18686529,0.80469346,0.00036894446
2,2,benign keratosis-like lesions,benign keratosis-like lesions,0.12852745,0.049523313,0.3220696,0.16871637,0.17588031,0.15300731,0.0022756415
5,5,melanocytic nevi,melanocytic nevi,8.415876e-05,0.00012671144,0.0055350824,0.00026382454,0.0002501824,0.9928647,0.000875283
5,5,melanocytic nevi,melanocytic nevi,0.014497908,0.003476426,0.04785692,0.0025025813,0.010963892,0.91950023,0.001202004
5,5,melanocytic nevi,melanocytic nevi,0.00029810573,0.00012846335,0.05943366,0.012982998,0.00024103907,0.92657787,0.00033793916
5,5,melanocytic nevi,melanocytic nevi,0.00030190076,3.6462905e-05,0.095335834,0.0011030715,0.04661693,0.8565847,2.10119e-05
5,5,melanocytic nevi,melanocytic nevi,5.910846e-06,8.5742295e-06,0.0051996238,0.0023528403,0.00039670832,0.9914636,0.00057279045
5,5,melanocytic nevi,melanocytic nevi,1.843682e-06,1.01854354e-07,0.0002064948,1.6358787e-05,0.0003104496,0.999445,1.9690751e-05
4,5,melanoma,melanocytic nevi,0.0009079674,0.06435313,0.016878316,0.26679343,0.036103897,0.44805992,0.16690338
5,5,melanocytic nevi,melanocytic nevi,0.02002351,0.15551981,0.14322168,0.11810127,0.02246599,0.27389312,0.26677456
5,5,melanocytic nevi,melanocytic nevi,8.114593e-06,1.43958305e-05,0.026469883,0.010007079,6.7059074e-05,0.96334016,9.332899e-05
5,5,melanocytic nevi,melanocytic nevi,5.5860706e-05,8.975531e-05,0.009752419,0.0002397043,0.21768226,0.77214557,3.439818e-05
5,5,melanocytic nevi,melanocytic nevi,0.0007370978,0.0010403647,0.0024893607,0.003012881,0.04441445,0.9480193,0.00028646574
1,1,basal cell carcinoma,basal cell carcinoma,0.123719305,0.80980265,0.05358747,0.002004014,0.0019245306,0.0028251305,0.006136878
2,2,benign keratosis-like lesions,benign keratosis-like lesions,0.008270495,0.00017626841,0.5494182,0.00040837796,0.18722352,0.25447854,2.4593255e-05
5,5,melanocytic nevi,melanocytic nevi,4.7474264e-06,4.03913e-06,0.00023420205,1.3326148e-05,0.0004474941,0.9992841,1.2087433e-05
5,2,melanocytic nevi,benign keratosis-like lesions,0.00061896315,9.0171096e-05,0.4602008,0.007933853,0.07597337,0.45518076,2.1264068e-06
5,5,melanocytic nevi,melanocytic nevi,6.407645e-05,9.221475e-05,0.0065803747,0.006963338,0.0005631252,0.98568106,5.5890603e-05
4,4,melanoma,melanoma,0.0022093903,7.606218e-05,0.11088092,0.00028928302,0.71236825,0.17417002,6.0497555e-06
1,1,basal cell carcinoma,basal cell carcinoma,0.08048458,0.8830356,0.03035874,0.003405386,0.0010509533,0.0009930512,0.0006717495
5,5,melanocytic nevi,melanocytic nevi,3.761726e-05,2.6888996e-05,0.0008666578,0.0002293613,0.00032503516,0.9985008,1.3628266e-05
4,5,melanoma,melanocytic nevi,0.0019328885,0.013443245,0.09897658,0.030226447,0.11754048,0.7376136,0.00026667616
4,5,melanoma,melanocytic nevi,0.0008054006,8.407382e-05,0.13714898,0.015255926,0.2182044,0.62716687,0.0013343904
5,5,melanocytic nevi,melanocytic nevi,2.8542489e-05,2.6596406e-05,0.0117257405,1.7087195e-05,0.017019428,0.9711793,3.200855e-06
4,1,melanoma,basal cell carcinoma,0.059956394,0.84570295,0.0756204,0.0011383155,0.016806664,0.0006603876,0.000114894654
5,5,melanocytic nevi,melanocytic nevi,2.9078337e-05,1.2349398e-05,0.00021318533,0.00015241466,0.0005891343,0.9989567,4.721055e-05
5,2,melanocytic nevi,benign keratosis-like lesions,0.0129351,0.024601437,0.33442965,0.022984441,0.3072912,0.29724398,0.00051416375
0,2,actinic keratoses and intraepithelial carcinoma,benign keratosis-like lesions,0.17609292,0.20225659,0.4566494,0.06706704,0.05710358,0.026565736,0.01426477
2,2,benign keratosis-like lesions,benign keratosis-like lesions,0.091364086,0.29894516,0.5296097,0.025254428,0.03571274,0.016602905,0.0025109646
4,4,melanoma,melanoma,4.9333717e-06,9.968303e-07,0.060087647,3.148369e-05,0.68750185,0.25237292,1.9353945e-07
5,5,melanocytic nevi,melanocytic nevi,0.0017500354,0.0008076019,0.009288995,0.0004405769,0.28536743,0.7023172,2.8154976e-05
5,5,melanocytic nevi,melanocytic nevi,7.0404545e-05,0.005875114,0.05735904,0.0018461576,0.20154509,0.7332689,3.5343775e-05
5,5,melanocytic nevi,melanocytic nevi,2.2967333e-06,7.4251494e-07,0.00041633507,0.00013082387,0.0022612347,0.99718803,5.511408e-07
5,5,melanocytic nevi,melanocytic nevi,0.0046163495,0.009951692,0.013159174,0.006088002,0.00085183256,0.95804125,0.0072916774
3,2,dermatofibroma,benign keratosis-like lesions,0.30393767,0.021070663,0.31733274,0.16312537,0.11359052,0.080536805,0.0004062496
5,4,melanocytic nevi,melanoma,0.004857415,0.0022759496,0.1399087,0.0103468625,0.581821,0.26076585,2.419315e-05
5,5,melanocytic nevi,melanocytic nevi,1.0908276e-06,6.156223e-08,2.6232621e-05,7.118559e-06,0.00012065176,0.99984443,5.309267e-07
0,0,actinic keratoses and intraepithelial carcinoma,actinic keratoses and intraepithelial carcinoma,0.7680001,0.055860713,0.033156656,0.10226202,0.018790973,0.021239497,0.000689949
2,2,benign keratosis-like lesions,benign keratosis-like lesions,0.00956441,0.004386195,0.7027074,0.13153242,0.08443347,0.066615246,0.0007608396
2,2,benign keratosis-like lesions,benign keratosis-like lesions,0.00816046,2.6283954e-06,0.97886354,7.586328e-05,0.010685911,0.0022115312,2.5347298e-08
5,5,melanocytic nevi,melanocytic nevi,6.451231e-08,1.5674017e-07,1.313785e-05,3.4259142e-07,0.0004809278,0.99948895,1.6469869e-05
5,5,melanocytic nevi,melanocytic nevi,0.00044872437,5.248411e-05,0.03201394,0.0060486807,0.0018934568,0.9593889,0.00015368304
1,4,basal cell carcinoma,melanoma,0.0057642413,0.15432742,0.15785152,0.002175681,0.6665226,0.0030480884,0.010310381
5,5,melanocytic nevi,melanocytic nevi,2.4418916e-05,2.4325875e-05,0.004147949,0.0006610056,0.00010735843,0.99402314,0.0010118793
5,5,melanocytic nevi,melanocytic nevi,0.00012238718,0.00028578556,0.004638176,0.0039046223,0.002219834,0.9863722,0.0024569773
5,5,melanocytic nevi,melanocytic nevi,0.0023661137,0.0018490393,0.070534125,0.014065913,0.032525122,0.8763209,0.0023387885
2,1,benign keratosis-like lesions,basal cell carcinoma,0.04922577,0.8542195,0.052825745,0.02046027,0.004058365,0.016038213,0.003172217
5,5,melanocytic nevi,melanocytic nevi,0.00033625972,2.7125288e-05,0.0042488407,0.052911133,0.0014529959,0.9409832,4.0538856e-05
5,2,melanocytic nevi,benign keratosis-like lesions,0.001091677,0.00153065,0.8344037,0.00044687052,0.05241044,0.11009154,2.5159456e-05
4,0,melanoma,actinic keratoses and intraepithelial carcinoma,0.33929333,0.24124235,0.3258168,0.041970957,0.01822218,0.032962915,0.00049153017
5,5,melanocytic nevi,melanocytic nevi,0.015017079,0.0064382255,0.012492734,0.035805963,0.015686443,0.9138136,0.00074594136
0,1,actinic keratoses and intraepithelial carcinoma,basal cell carcinoma,0.13524614,0.37148684,0.20856191,0.12518953,0.019847004,0.13728923,0.0023793448
1,1,basal cell carcinoma,basal cell carcinoma,0.012577373,0.8502274,0.01737638,0.09810675,0.008490864,0.009306967,0.003914305
5,5,melanocytic nevi,melanocytic nevi,4.078245e-06,1.80623e-07,0.00034112652,0.000118505464,0.00086449046,0.99866927,2.3169891e-06
5,5,melanocytic nevi,melanocytic nevi,9.568733e-06,1.0854745e-05,0.00020806039,0.00012209296,0.0004934806,0.99906963,8.630696e-05
5,5,melanocytic nevi,melanocytic nevi,1.2863756e-05,5.449517e-06,0.00042945155,0.0010142672,7.0305265e-05,0.99845827,9.372095e-06
5,5,melanocytic nevi,melanocytic nevi,0.0003961653,0.00014346452,0.19531292,0.00023410529,0.1460779,0.6578096,2.5763704e-05
4,5,melanoma,melanocytic nevi,0.0003521348,4.0953277e-05,0.009722671,0.00322054,0.1696133,0.81699324,5.70611e-05
1,2,basal cell carcinoma,benign keratosis-like lesions,0.038608097,0.33932728,0.4046827,0.0574617,0.023448627,0.11250681,0.02396474
5,5,melanocytic nevi,melanocytic nevi,0.00023042067,2.1651213e-05,0.00052680634,0.00031047178,0.0103135165,0.98849934,9.785382e-05
5,5,melanocytic nevi,melanocytic nevi,0.009120231,0.0016072957,0.0048220507,0.0084095765,0.001109399,0.9728881,0.0020433178
5,4,melanocytic nevi,melanoma,3.2091214e-07,1.13496505e-07,0.00027339332,5.348982e-07,0.57300293,0.42672256,1.1737072e-07
5,5,melanocytic nevi,melanocytic nevi,7.006118e-05,4.820419e-06,0.0008445102,0.0013931063,0.00051129423,0.9971367,3.9548e-05
5,5,melanocytic nevi,melanocytic nevi,1.944229e-05,9.665941e-06,0.0013801146,8.1949926e-05,0.00049442844,0.99796283,5.167477e-05
5,5,melanocytic nevi,melanocytic nevi,0.008360349,6.305263e-05,0.09449049,0.0011227619,0.07343517,0.8225214,6.8069176e-06
2,2,benign keratosis-like lesions,benign keratosis-like lesions,0.007157675,0.0012775842,0.8599463,0.05656468,0.023376083,0.051238425,0.00043932124
2,2,benign keratosis-like lesions,benign keratosis-like lesions,0.06168222,0.37104204,0.5504271,0.0027348946,0.012520164,0.0013281052,0.00026544795
5,5,melanocytic nevi,melanocytic nevi,2.3240562e-05,9.7215234e-05,0.0038230647,0.0013700331,0.00023924561,0.993417,0.001030123
5,5,melanocytic nevi,melanocytic nevi,9.443623e-05,5.315773e-07,0.009333691,4.3619793e-06,0.036355745,0.9542112,1.6499115e-08
5,5,melanocytic nevi,melanocytic nevi,0.00105143,0.004001004,0.065723784,0.005598644,0.1383427,0.78206134,0.003221112
2,2,benign keratosis-like lesions,benign keratosis-like lesions,0.005436438,0.06492284,0.7159956,0.006555611,0.037246216,0.16919719,0.00064605277
5,5,melanocytic nevi,melanocytic nevi,6.818773e-06,1.2072609e-05,0.002879506,0.00012130134,0.0002693396,0.9966536,5.7415153e-05
5,5,melanocytic nevi,melanocytic nevi,3.4217854e-05,0.00010934019,0.0002860971,0.0005718205,0.00018350508,0.9986614,0.00015370223
5,5,melanocytic nevi,melanocytic nevi,1.8301625e-05,7.8420264e-05,0.0063728937,0.0072202673,0.00062187976,0.983984,0.0017042535
5,2,melanocytic nevi,benign keratosis-like lesions,0.013709615,0.0016040761,0.74580604,0.011924477,0.034205027,0.19244191,0.0003088333
5,5,melanocytic nevi,melanocytic nevi,4.4743574e-05,0.00013345803,0.003492032,0.0020095485,0.0007274286,0.9925841,0.0010087102
0,0,actinic keratoses and intraepithelial carcinoma,actinic keratoses and intraepithelial carcinoma,0.40325043,0.20614962,0.23753862,0.097674735,0.012290282,0.033724457,0.009371875
5,5,melanocytic nevi,melanocytic nevi,0.00040658333,0.0025798467,0.046548843,0.038543336,0.0016074005,0.90934354,0.00097038824
4,4,melanoma,melanoma,0.16791548,0.14494531,0.30818754,0.0113416705,0.33055925,0.025554756,0.011495959
5,5,melanocytic nevi,melanocytic nevi,7.64475e-05,1.7059921e-05,0.0009082491,0.00028920238,0.0004919723,0.9982003,1.6773822e-05
2,4,benign keratosis-like lesions,melanoma,0.00014318517,3.0175166e-05,0.09703591,2.4106175e-05,0.70853287,0.19423318,6.1854746e-07
2,2,benign keratosis-like lesions,benign keratosis-like lesions,0.12134165,0.09346213,0.74982697,0.0032891303,0.007181785,0.020888919,0.0040094675
1,2,basal cell carcinoma,benign keratosis-like lesions,0.1452804,0.05531906,0.5338225,0.11389025,0.081912994,0.068773024,0.0010017972
5,5,melanocytic nevi,melanocytic nevi,8.475947e-08,2.3680682e-08,1.6282527e-06,5.6304216e-06,2.2153963e-05,0.9999703,6.135311e-08
4,5,melanoma,melanocytic nevi,0.0019698748,0.00042182533,0.010998569,0.0057581025,0.02043427,0.96037734,4.0120016e-05
5,5,melanocytic nevi,melanocytic nevi,0.009954522,0.27487636,0.11798168,0.085144,0.04264721,0.4615426,0.007853597
5,5,melanocytic nevi,melanocytic nevi,0.026388781,0.20950952,0.080535494,0.21907407,0.015099349,0.43649155,0.012901241
5,5,melanocytic nevi,melanocytic nevi,6.635523e-05,0.00029301125,0.014561035,0.0003704184,0.057959415,0.92672336,2.6454465e-05
0,3,actinic keratoses and intraepithelial carcinoma,dermatofibroma,0.17087659,0.0023567306,0.13325432,0.55017287,0.022346618,0.119045965,0.001946985
5,5,melanocytic nevi,melanocytic nevi,0.003162424,0.00048597902,0.10104204,0.0070527694,0.33940786,0.54878676,6.222097e-05
5,5,melanocytic nevi,melanocytic nevi,0.00016565173,8.427214e-06,0.13955475,9.462551e-05,0.24482146,0.6153514,3.6481506e-06
2,2,benign keratosis-like lesions,benign keratosis-like lesions,0.013106644,0.057785664,0.75004673,0.13696767,0.0013483282,0.040110867,0.00063409127
5,5,melanocytic nevi,melanocytic nevi,0.00013504397,9.3387855e-05,0.011785674,0.002371379,0.010620295,0.97477853,0.00021553885
5,5,melanocytic nevi,melanocytic nevi,0.00036558005,0.00094333215,0.023575503,0.078274325,0.0005253004,0.8955526,0.0007634501
0,2,actinic keratoses and intraepithelial carcinoma,benign keratosis-like lesions,0.020224633,0.023031147,0.6270901,0.011142915,0.038587548,0.27889648,0.0010271552
5,5,melanocytic nevi,melanocytic nevi,0.0046538534,0.0023513446,0.03003125,0.0043493477,0.09611491,0.86089206,0.0016071982
5,5,melanocytic nevi,melanocytic nevi,5.110041e-05,1.7503327e-05,0.0033504097,0.0017088115,0.00064567744,0.9941764,5.008624e-05
5,5,melanocytic nevi,melanocytic nevi,1.5605694e-05,6.3620695e-07,0.065824114,5.0254234e-06,0.27085075,0.6633038,5.7656223e-08
5,5,melanocytic nevi,melanocytic nevi,8.761066e-05,0.00035404947,0.014258394,0.0005332247,0.00026390332,0.98435336,0.00014947883
5,5,melanocytic nevi,melanocytic nevi,7.590934e-05,4.5494594e-06,0.00029572155,0.0050839726,0.00024070943,0.9942427,5.6402372e-05
5,5,melanocytic nevi,melanocytic nevi,0.0065275026,0.00050122873,0.26292664,0.022410052,0.14902066,0.5579517,0.00066220143
5,5,melanocytic nevi,melanocytic nevi,4.3537508e-08,1.8714744e-07,0.00022609766,3.4916543e-06,0.0002494262,0.9995034,1.7427134e-05
5,5,melanocytic nevi,melanocytic nevi,0.015031072,0.047971256,0.32552132,0.06508255,0.12311206,0.4106004,0.012681357
5,5,melanocytic nevi,melanocytic nevi,3.067325e-05,1.4249701e-05,0.0009156036,1.766684e-05,0.003731137,0.9952266,6.411702e-05
5,5,melanocytic nevi,melanocytic nevi,9.1463946e-05,0.00021173482,0.0013788625,0.0011957692,0.0001512981,0.99609995,0.0008709205
5,5,melanocytic nevi,melanocytic nevi,0.00022439891,0.00047762482,0.009574085,0.00017758255,0.014066068,0.9747775,0.0007026857
5,5,melanocytic nevi,melanocytic nevi,3.3230535e-05,8.048711e-06,0.005203344,1.9479198e-06,0.09249392,0.90225893,6.055371e-07
5,5,melanocytic nevi,melanocytic nevi,0.00010756156,1.29518685e-05,0.003787315,0.0016505454,0.0019076382,0.99249625,3.773969e-05
5,5,melanocytic nevi,melanocytic nevi,0.000101212485,3.751353e-05,0.08803379,0.0022465084,0.001928341,0.90761954,3.3153567e-05
4,2,melanoma,benign keratosis-like lesions,0.0005424217,2.51549e-05,0.6463663,0.00011913078,0.14857544,0.20437135,2.433495e-07
5,5,melanocytic nevi,melanocytic nevi,0.0049574524,0.09930497,0.15066762,0.12174225,0.1754236,0.44623178,0.0016722501
5,5,melanocytic nevi,melanocytic nevi,8.81659e-07,5.862326e-07,6.5802e-05,0.00012826535,0.0001574312,0.9996455,1.5383183e-06
5,5,melanocytic nevi,melanocytic nevi,0.00011917317,4.3848013e-05,0.00036406648,0.0020239328,0.0018091861,0.99556124,7.8562436e-05
5,5,melanocytic nevi,melanocytic nevi,3.1332565e-05,1.576166e-05,0.00438864,4.1913132e-05,0.05690746,0.93860966,5.2776377e-06
5,5,melanocytic nevi,melanocytic nevi,0.0016294287,0.00045842899,0.08535875,0.006364219,0.0036324079,0.9022407,0.000316153
5,5,melanocytic nevi,melanocytic nevi,6.3182524e-06,3.5213743e-05,0.00066751457,0.0018254318,0.0015875046,0.9957898,8.817405e-05
5,5,melanocytic nevi,melanocytic nevi,5.7507427e-06,3.944437e-06,0.0014195811,0.0012249085,4.2535292e-05,0.99723023,7.295752e-05
5,5,melanocytic nevi,melanocytic nevi,5.0267165e-05,8.193287e-05,0.020238638,0.00014343017,0.010597686,0.9688816,6.4612827e-06
4,4,melanoma,melanoma,0.0017084645,0.020312045,0.2838776,0.008657858,0.61571836,0.049808457,0.019917186
5,5,melanocytic nevi,melanocytic nevi,2.2951699e-05,2.582075e-05,0.0003806226,0.00048638167,0.0003287458,0.9986798,7.567083e-05
5,5,melanocytic nevi,melanocytic nevi,4.0035484e-05,2.2762615e-05,0.061025295,0.00016297809,0.015337031,0.9234109,1.0309647e-06
2,0,benign keratosis-like lesions,actinic keratoses and intraepithelial carcinoma,0.2758593,0.25181568,0.1373453,0.17816584,0.07890627,0.07098866,0.006919013
5,5,melanocytic nevi,melanocytic nevi,2.9436807e-05,8.278416e-05,0.0018013899,0.0010401893,0.00035279238,0.9965983,9.504121e-05
5,5,melanocytic nevi,melanocytic nevi,0.0003325119,0.0033432213,0.16307838,0.001830728,0.13620846,0.6850852,0.010121523
4,4,melanoma,melanoma,0.00066015124,0.09279568,0.042331636,0.009466003,0.66547525,0.18652146,0.0027498577
5,5,melanocytic nevi,melanocytic nevi,2.0483435e-07,3.5346037e-08,2.334724e-05,2.622013e-07,0.00010057188,0.99987376,1.8401947e-06
5,5,melanocytic nevi,melanocytic nevi,0.0008000862,0.001564076,0.12633716,0.0014569227,0.24479246,0.6247045,0.00034479148
5,5,melanocytic nevi,melanocytic nevi,6.8660756e-06,1.349182e-06,0.02556232,3.7987202e-06,0.0271334,0.9472922,5.605846e-08
5,5,melanocytic nevi,melanocytic nevi,3.056075e-07,2.3477502e-07,0.00011573425,6.702514e-06,0.00020869271,0.99966323,5.069818e-06
6,6,vascular lesions,vascular lesions,0.00015726162,0.0004262699,0.00048593746,0.0019068033,4.5787874e-05,0.010567974,0.98640996
5,5,melanocytic nevi,melanocytic nevi,3.757456e-05,0.0004990873,0.0032701164,4.5331435e-05,7.357155e-05,0.9943368,0.0017375245
2,5,benign keratosis-like lesions,melanocytic nevi,0.0029594102,0.00018456395,0.10729136,0.16428205,0.0012890879,0.7226175,0.0013759511
6,6,vascular lesions,vascular lesions,1.0804154e-07,0.00095954083,2.6450975e-06,9.000067e-05,1.3563936e-05,8.512336e-05,0.99884903
5,5,melanocytic nevi,melanocytic nevi,0.0024219821,0.0007988255,0.0058446135,0.17299543,0.004776321,0.81256294,0.00059992477
1,1,basal cell carcinoma,basal cell carcinoma,0.013419078,0.87121266,0.09049535,0.007196932,0.0046372106,0.012515485,0.00052318536
5,5,melanocytic nevi,melanocytic nevi,0.0057815393,0.0007249846,0.048479978,0.0050630886,0.036573313,0.9033484,2.8713212e-05
5,5,melanocytic nevi,melanocytic nevi,0.0054578767,0.1287196,0.14732473,0.09443879,0.03688983,0.544562,0.042607173
2,5,benign keratosis-like lesions,melanocytic nevi,0.00064098864,9.830484e-06,0.287846,0.0046739485,0.03676473,0.67005837,6.065281e-06
1,5,basal cell carcinoma,melanocytic nevi,0.0029367313,0.06731184,0.22802912,0.033575553,0.2354171,0.27011824,0.1626114
4,4,melanoma,melanoma,0.000845789,0.0011003057,0.01568489,0.094021015,0.6481841,0.23876008,0.0014038231
2,2,benign keratosis-like lesions,benign keratosis-like lesions,0.00050377595,0.019591585,0.51052415,0.0012758648,0.154892,0.3130504,0.00016226186
4,4,melanoma,melanoma,0.05936268,0.15483892,0.25415027,0.020224897,0.4366933,0.014097332,0.060632586
5,5,melanocytic nevi,melanocytic nevi,1.2828376e-05,7.0956185e-06,0.0032126168,1.2799877e-05,0.00028725024,0.99645317,1.4274668e-05
5,5,melanocytic nevi,melanocytic nevi,0.00022575955,5.8309147e-06,0.0008183479,0.0007764661,0.0009958742,0.9969823,0.00019553147
5,5,melanocytic nevi,melanocytic nevi,0.017186034,0.029016213,0.36300844,0.09690864,0.05485471,0.43476075,0.004265217
2,2,benign keratosis-like lesions,benign keratosis-like lesions,0.0010800287,0.00054620043,0.6346719,0.25901833,0.0045513795,0.10011162,2.0524449e-05
4,5,melanoma,melanocytic nevi,0.0031619146,0.00026661684,0.018528575,0.0017174126,0.24218294,0.7341124,3.0096262e-05
2,5,benign keratosis-like lesions,melanocytic nevi,0.010464831,2.3981664e-05,0.22113013,0.017461816,0.023223035,0.72769016,6.0233087e-06
5,2,melanocytic nevi,benign keratosis-like lesions,0.028008148,0.25571033,0.402884,0.0022745768,0.2550573,0.05504181,0.0010238242
5,5,melanocytic nevi,melanocytic nevi,0.022889933,0.040338486,0.008132542,0.014260082,0.0021864404,0.8991655,0.013027004
2,5,benign keratosis-like lesions,melanocytic nevi,0.0051645716,0.009953277,0.3023808,0.085510336,0.005987652,0.5546452,0.03635814
5,2,melanocytic nevi,benign keratosis-like lesions,0.005694335,0.0041081286,0.4183882,0.071757875,0.090209946,0.39809582,0.011745759
5,5,melanocytic nevi,melanocytic nevi,0.00024999693,7.9790356e-05,0.0008411552,0.0005117677,0.0023387535,0.99562436,0.00035419574
5,2,melanocytic nevi,benign keratosis-like lesions,0.010862932,0.07262328,0.61931264,0.004426209,0.14554025,0.14692117,0.00031359278
5,5,melanocytic nevi,melanocytic nevi,0.054467607,0.104652695,0.05566787,0.0020709243,0.032158963,0.7481303,0.0028516029
4,5,melanoma,melanocytic nevi,1.4203002e-05,1.8766557e-06,0.0012476164,6.007547e-05,0.035539098,0.96313494,2.0809623e-06
2,5,benign keratosis-like lesions,melanocytic nevi,0.00010470982,1.3744072e-05,0.31216803,7.879332e-07,0.11985805,0.5678546,7.302826e-08
5,5,melanocytic nevi,melanocytic nevi,2.1747985e-05,4.5808232e-05,0.00088278734,0.0005733569,0.00011868262,0.9983316,2.602605e-05
5,5,melanocytic nevi,melanocytic nevi,1.3538697e-06,5.4234715e-07,0.0002600919,4.1878075e-06,0.0004744173,0.99924976,9.556077e-06
5,5,melanocytic nevi,melanocytic nevi,0.009838907,0.006143028,0.029698763,0.006705902,0.10152929,0.84549695,0.0005871649
5,5,melanocytic nevi,melanocytic nevi,0.001746825,3.53268e-05,0.1341678,0.00052722415,0.35695997,0.50655746,5.4344823e-06
5,5,melanocytic nevi,melanocytic nevi,0.0001402757,0.0005979816,0.0068661203,0.0006855109,0.018985903,0.9712891,0.0014352195
5,5,melanocytic nevi,melanocytic nevi,4.2070318e-05,1.6353863e-05,0.006375465,0.0001353729,0.0020729306,0.99134785,9.925893e-06
5,5,melanocytic nevi,melanocytic nevi,2.0970369e-07,1.6119746e-07,0.00022146707,0.00045401504,4.6637633e-05,0.9992762,1.2456547e-06
2,2,benign keratosis-like lesions,benign keratosis-like lesions,0.0016273081,0.0010502503,0.98265487,0.009841835,0.002077883,0.002736894,1.1014939e-05
4,5,melanoma,melanocytic nevi,0.014117985,0.0014066208,0.1760169,0.000686094,0.054447353,0.75316805,0.00015700977
5,6,melanocytic nevi,vascular lesions,0.0033955225,0.02266077,0.0561034,0.041236248,0.0108438805,0.13579468,0.7299655
5,5,melanocytic nevi,melanocytic nevi,6.5639443e-07,1.09983e-07,1.3793448e-05,0.00024287583,0.00025329235,0.99948287,6.269572e-06
5,2,melanocytic nevi,benign keratosis-like lesions,0.0049723275,0.00046825226,0.55019784,0.0005322358,0.14794427,0.29586104,2.4045716e-05
5,5,melanocytic nevi,melanocytic nevi,9.75999e-05,0.001214355,0.100450255,0.0007307086,0.03529242,0.8621692,4.5437104e-05
1,1,basal cell carcinoma,basal cell carcinoma,0.22250377,0.3400393,0.09300294,0.053360246,0.0054201433,0.28508615,0.00058740325
5,5,melanocytic nevi,melanocytic nevi,4.983223e-06,5.049213e-05,0.0012175516,2.1019647e-05,0.0014905687,0.9972133,2.0305931e-06
5,5,melanocytic nevi,melanocytic nevi,4.4806016e-05,8.121005e-06,0.0003502399,0.00012128779,0.00036678385,0.99910504,3.6704766e-06
5,5,melanocytic nevi,melanocytic nevi,0.0007444939,2.8030989e-05,0.06586253,0.0003946556,0.024939887,0.9080274,2.9694436e-06
5,5,melanocytic nevi,melanocytic nevi,1.6650351e-06,1.2778162e-07,0.0002681132,3.9594397e-05,0.00014009522,0.99954873,1.6940451e-06
5,5,melanocytic nevi,melanocytic nevi,0.00012304478,0.0007893943,0.016319266,0.094263725,0.00020147566,0.88657635,0.0017267306
5,5,melanocytic nevi,melanocytic nevi,0.00023460152,0.00027332208,0.091922395,0.0012635284,0.023071148,0.88308454,0.00015044252
5,5,melanocytic nevi,melanocytic nevi,1.4539615e-05,6.1341907e-06,0.0004074123,0.00018322107,0.0010451102,0.99832314,2.0356088e-05
5,5,melanocytic nevi,melanocytic nevi,9.907209e-06,1.7222584e-06,0.004620518,0.0136900265,0.0004209632,0.98110664,0.00015033572
5,5,melanocytic nevi,melanocytic nevi,5.364871e-05,3.58974e-05,0.0010577617,0.005085467,3.491707e-05,0.9931404,0.0005919488
0,0,actinic keratoses and intraepithelial carcinoma,actinic keratoses and intraepithelial carcinoma,0.55305856,0.013522439,0.10815071,0.30186412,0.014344882,0.008863548,0.00019576983
6,6,vascular lesions,vascular lesions,0.00025975678,0.01954171,0.004068175,0.051444728,0.001348993,0.027409758,0.89592683
5,5,melanocytic nevi,melanocytic nevi,0.00056069286,0.000116689254,0.019926647,0.014789663,0.00046118192,0.96410376,4.14097e-05
5,5,melanocytic nevi,melanocytic nevi,3.7307684e-06,1.8213482e-06,0.00036889323,0.0001860221,0.0001384511,0.99927956,2.1511598e-05
5,5,melanocytic nevi,melanocytic nevi,0.0005139233,5.350058e-05,0.02597016,0.0008855299,0.22279584,0.74972737,5.3636475e-05
5,5,melanocytic nevi,melanocytic nevi,1.7853498e-06,6.922615e-05,0.00016660821,0.00021387696,8.4170126e-05,0.99933535,0.00012887937
5,5,melanocytic nevi,melanocytic nevi,0.00020953419,0.00010846341,0.037930798,0.013716176,0.00096628704,0.94688153,0.00018709886
4,5,melanoma,melanocytic nevi,2.0647401e-05,2.0435169e-05,0.008111927,3.307337e-05,0.04800109,0.94378966,2.3185845e-05
5,5,melanocytic nevi,melanocytic nevi,0.017361904,0.007967529,0.048094552,0.03225714,0.053850964,0.83816046,0.0023075088
5,1,melanocytic nevi,basal cell carcinoma,0.061525974,0.29548028,0.29433295,0.0418099,0.16919896,0.13574982,0.0019021712
5,5,melanocytic nevi,melanocytic nevi,2.1344327e-05,2.5757963e-05,0.0007788853,0.0011372953,0.00023481887,0.9976738,0.00012805194
4,5,melanoma,melanocytic nevi,0.0037472916,0.0056657842,0.106560946,0.0035452736,0.058085877,0.82211757,0.0002772139
5,5,melanocytic nevi,melanocytic nevi,1.9828332e-05,5.505932e-05,0.0030686748,0.00014657623,0.13244814,0.8642591,2.545383e-06
5,5,melanocytic nevi,melanocytic nevi,3.0672643e-07,1.1789768e-06,4.967261e-05,1.8567112e-06,3.360754e-05,0.9999114,1.8926509e-06
5,5,melanocytic nevi,melanocytic nevi,0.0001527983,4.967986e-05,0.0028529498,0.0046009244,0.0005554772,0.99166954,0.00011853876
5,5,melanocytic nevi,melanocytic nevi,9.2443656e-08,7.132845e-08,1.6471631e-05,1.2729028e-07,0.00018509691,0.999798,6.672858e-08
5,5,melanocytic nevi,melanocytic nevi,0.0012804504,0.00041104527,0.11574202,0.00017089954,0.10678361,0.7755811,3.091448e-05
5,5,melanocytic nevi,melanocytic nevi,0.00010401566,1.0850345e-05,0.0034436993,0.0003768834,0.0018272734,0.99418795,4.9350478e-05
5,1,melanocytic nevi,basal cell carcinoma,0.01689953,0.49331364,0.29229474,0.090507135,0.034968607,0.039329078,0.032687254
5,5,melanocytic nevi,melanocytic nevi,4.6304616e-05,0.00011221636,0.040631883,0.00013818535,0.20077254,0.7582599,3.8999722e-05
5,5,melanocytic nevi,melanocytic nevi,0.00087077986,0.00020945312,0.024703035,0.00090484315,0.0006534312,0.97231954,0.00033889318
5,5,melanocytic nevi,melanocytic nevi,7.834132e-06,2.6044938e-06,4.8596325e-05,4.1175945e-06,0.0007361444,0.9991691,3.1741063e-05
5,5,melanocytic nevi,melanocytic nevi,5.7975667e-06,2.3188088e-06,0.0062630535,0.0017912823,0.0035662088,0.9883711,2.222504e-07
5,2,melanocytic nevi,benign keratosis-like lesions,3.30458e-05,2.6598786e-07,0.92921907,8.184417e-06,0.0005102618,0.07022908,1.3603735e-08
5,5,melanocytic nevi,melanocytic nevi,1.952262e-06,3.2176863e-06,0.0014723587,0.0002853666,1.8932722e-05,0.99783915,0.00037911534
5,5,melanocytic nevi,melanocytic nevi,4.6537668e-08,1.20169e-07,1.298003e-05,6.6288612e-06,3.5087687e-05,0.9999423,2.8303944e-06
5,5,melanocytic nevi,melanocytic nevi,2.9169569e-05,1.6947583e-06,0.009142989,8.1403465e-05,0.0006264489,0.9900979,2.044995e-05
5,5,melanocytic nevi,melanocytic nevi,0.00012616724,0.00040498495,0.0003824039,0.0017538987,0.003763703,0.986379,0.0071899244
5,4,melanocytic nevi,melanoma,0.16407558,0.013759222,0.12862772,0.26791233,0.26890585,0.15551609,0.0012032188
4,4,melanoma,melanoma,0.017023802,0.0035315864,0.022115147,0.017665941,0.70722455,0.23227836,0.00016062702
2,2,benign keratosis-like lesions,benign keratosis-like lesions,0.025044197,0.27296755,0.67196167,0.0005201049,0.00381969,0.022897914,0.0027888992
4,5,melanoma,melanocytic nevi,0.00031338944,0.00039193654,0.18809207,0.00012115683,0.21318443,0.5978853,1.1704076e-05
5,5,melanocytic nevi,melanocytic nevi,0.0026503515,0.00027814554,0.025684807,0.011097626,0.00093904755,0.9592235,0.00012660674
2,2,benign keratosis-like lesions,benign keratosis-like lesions,0.00024246369,7.985457e-06,0.58576256,0.00029195985,0.40524083,0.008451793,2.4954863e-06
4,6,melanoma,vascular lesions,0.00031553197,0.014832409,0.024357937,0.0005506918,0.0389251,0.042742856,0.8782755
5,5,melanocytic nevi,melanocytic nevi,0.00054071663,1.8823423e-05,0.008227444,0.0010421075,0.00023976897,0.98953307,0.00039797803
5,5,melanocytic nevi,melanocytic nevi,0.0059441086,2.0311812e-05,0.110741116,0.005637381,0.026806738,0.8508333,1.7032737e-05
5,5,melanocytic nevi,melanocytic nevi,2.8047001e-05,0.0012578133,0.011343442,0.0064932904,0.0032752561,0.9770824,0.00051978556
5,5,melanocytic nevi,melanocytic nevi,0.016300127,0.0020583617,0.25715002,0.006249973,0.15135397,0.56682956,5.799031e-05
5,5,melanocytic nevi,melanocytic nevi,2.8797688e-06,5.3702947e-06,0.026064342,2.5751715e-05,0.016797418,0.95710355,6.4995413e-07
4,5,melanoma,melanocytic nevi,0.003547965,0.028723128,0.02813417,0.004971294,0.034595452,0.8947857,0.0052422476
5,5,melanocytic nevi,melanocytic nevi,0.015953626,0.00038207276,0.14014612,0.002603693,0.18514524,0.65573615,3.305503e-05
0,1,actinic keratoses and intraepithelial carcinoma,basal cell carcinoma,0.113455184,0.5065394,0.2790621,0.061023783,0.016615292,0.018821271,0.0044829505
5,5,melanocytic nevi,melanocytic nevi,0.012182327,0.00094848464,0.09946472,0.015299771,0.1336661,0.7383264,0.0001122464
1,2,basal cell carcinoma,benign keratosis-like lesions,0.10776977,0.22674921,0.33799323,0.09432694,0.01450683,0.21698073,0.0016732995
5,5,melanocytic nevi,melanocytic nevi,7.38419e-05,1.9624535e-05,0.0005387954,0.00071511074,0.00030916967,0.99828464,5.874346e-05
5,5,melanocytic nevi,melanocytic nevi,6.38085e-05,7.990879e-05,0.0046695676,0.00056500745,0.0002790884,0.99389124,0.0004513372
5,5,melanocytic nevi,melanocytic nevi,9.306949e-05,6.61781e-05,0.004620005,0.0001629111,0.002355453,0.9926092,9.309515e-05
5,5,melanocytic nevi,melanocytic nevi,0.048403647,0.019242516,0.03683983,0.27412617,0.0087005915,0.60583663,0.0068506496
0,1,actinic keratoses and intraepithelial carcinoma,basal cell carcinoma,0.25936088,0.5682419,0.1247593,0.00596455,0.03709289,0.0036362829,0.0009442163
5,5,melanocytic nevi,melanocytic nevi,0.00056909426,6.913853e-05,0.0039955797,0.00023957899,0.036616847,0.95850855,1.1031754e-06
4,2,melanoma,benign keratosis-like lesions,0.021635974,0.018419228,0.58785284,0.018434819,0.04503446,0.3084812,0.00014147059
5,2,melanocytic nevi,benign keratosis-like lesions,0.0011167758,0.00046735595,0.66366327,0.0013203302,0.13872492,0.19469264,1.4770247e-05
5,5,melanocytic nevi,melanocytic nevi,0.0044686086,0.0437638,0.014517919,0.029363671,0.015470191,0.89064634,0.0017694923
5,5,melanocytic nevi,melanocytic nevi,0.05164408,0.00079963007,0.03077589,0.3238459,0.080347195,0.51245946,0.00012781557
5,5,melanocytic nevi,melanocytic nevi,4.8818797e-06,2.8142122e-06,0.0017528395,0.0014366211,0.0017794963,0.995006,1.7470216e-05
5,5,melanocytic nevi,melanocytic nevi,0.00013454877,0.00021430614,0.015325268,2.5940504e-05,0.08708734,0.89720225,1.0258538e-05
5,5,melanocytic nevi,melanocytic nevi,0.00021049331,0.00036413834,0.00046898457,0.00014006041,0.0071962657,0.9911012,0.0005187326
4,4,melanoma,melanoma,0.02194472,0.0023779117,0.2886087,0.012469842,0.38703915,0.2875441,1.5493062e-05
2,2,benign keratosis-like lesions,benign keratosis-like lesions,3.9129904e-05,1.2363992e-05,0.99430275,1.1430974e-05,1.7346609e-05,0.0056167254,4.293503e-07
2,2,benign keratosis-like lesions,benign keratosis-like lesions,0.039052036,0.009907386,0.7486819,0.042490616,0.05582284,0.10260972,0.0014355539
2,2,benign keratosis-like lesions,benign keratosis-like lesions,0.0011999905,0.00050412636,0.98517007,0.00011202706,0.010261909,0.0027479269,3.981842e-06
5,2,melanocytic nevi,benign keratosis-like lesions,0.0021600141,0.00032830832,0.7226556,0.026525917,0.014186957,0.23394477,0.00019836133
5,5,melanocytic nevi,melanocytic nevi,0.00040509418,4.4149314e-05,0.032209817,5.6783527e-05,0.00014341969,0.96713626,4.50019e-06
5,5,melanocytic nevi,melanocytic nevi,7.550024e-06,8.0116215e-06,0.0030666934,0.00042358745,0.00078005827,0.9951023,0.00061180163
5,5,melanocytic nevi,melanocytic nevi,7.683388e-06,2.7037479e-05,0.00053953927,1.6115328e-05,0.00036912758,0.9946026,0.0044379644
5,4,melanocytic nevi,melanoma,0.009901089,0.0022272794,0.15139091,0.022073746,0.4175663,0.39664483,0.0001959132
5,4,melanocytic nevi,melanoma,8.819166e-05,0.00063289294,0.08599574,0.00056564197,0.78146005,0.13122642,3.109948e-05
5,5,melanocytic nevi,melanocytic nevi,1.4733023e-05,2.5472553e-07,3.9264873e-05,0.00020749081,0.001293534,0.9984434,1.3617446e-06
4,4,melanoma,melanoma,0.014495349,0.0106566725,0.32501,0.018824637,0.5300607,0.10090283,4.9776638e-05
5,5,melanocytic nevi,melanocytic nevi,1.0885853e-05,2.2177044e-05,0.003700352,8.032242e-05,0.003419806,0.99276567,8.688644e-07
5,5,melanocytic nevi,melanocytic nevi,0.0009973417,2.50238e-05,0.27227703,0.0006161156,0.01985244,0.70623183,2.7842418e-07
5,5,melanocytic nevi,melanocytic nevi,1.7559483e-05,2.3788676e-05,0.0008221304,0.002328994,2.483497e-05,0.9965958,0.0001869241
5,5,melanocytic nevi,melanocytic nevi,0.00020592177,1.6165166e-05,0.0039650183,0.0029428725,0.0033779447,0.9894889,3.2196763e-06
5,5,melanocytic nevi,melanocytic nevi,0.00015944551,6.6289525e-05,0.030093867,3.107568e-05,0.107114874,0.8625296,4.90557e-06
4,4,melanoma,melanoma,5.785962e-05,7.8843705e-06,0.24410252,0.00030667355,0.4571036,0.29842094,6.1715303e-07
4,5,melanoma,melanocytic nevi,0.0009119421,0.0001615955,0.113765515,0.00013366684,0.30870014,0.57632613,9.37361e-07
5,5,melanocytic nevi,melanocytic nevi,1.2562259e-06,1.0012827e-05,0.0004333465,1.3404714e-05,0.00039010134,0.99899524,0.00015654918
5,5,melanocytic nevi,melanocytic nevi,1.4785065e-05,1.0917534e-05,0.0003252758,0.001329027,1.4671294e-05,0.9982772,2.8152892e-05
0,0,actinic keratoses and intraepithelial carcinoma,actinic keratoses and intraepithelial carcinoma,0.9621144,0.0001426324,0.017201465,0.007091971,0.007008548,0.006349903,9.0963105e-05
5,5,melanocytic nevi,melanocytic nevi,5.1703173e-05,7.525409e-05,0.0014145252,0.00042858958,0.003571153,0.9939965,0.0004622991
5,5,melanocytic nevi,melanocytic nevi,5.58304e-05,0.0006285231,0.006567234,0.0003136807,0.0010753159,0.9913334,2.5962334e-05
5,5,melanocytic nevi,melanocytic nevi,6.7195695e-05,3.0234516e-05,0.0168716,0.0004127873,0.0018471417,0.9806724,9.8723904e-05
0,0,actinic keratoses and intraepithelial carcinoma,actinic keratoses and intraepithelial carcinoma,0.33143297,0.10414668,0.21270697,0.14848892,0.16338694,0.039474357,0.00036319677
2,2,benign keratosis-like lesions,benign keratosis-like lesions,0.00092089036,5.3940617e-05,0.7710605,0.19229418,0.032400474,0.0032698798,2.3806196e-07
2,0,benign keratosis-like lesions,actinic keratoses and intraepithelial carcinoma,0.42764825,0.17026699,0.28849512,0.04302509,0.03344296,0.036736093,0.00038555497
2,2,benign keratosis-like lesions,benign keratosis-like lesions,0.006944056,0.005002942,0.8396405,0.08269613,0.035617407,0.02951468,0.0005842832
3,3,dermatofibroma,dermatofibroma,0.00014122234,0.00014602071,0.005356287,0.9903048,1.3211129e-05,0.0031897752,0.0008486677
5,5,melanocytic nevi,melanocytic nevi,3.577886e-05,5.7049226e-07,0.00061388157,0.0003261997,0.00034333294,0.99867815,2.0365862e-06
5,2,melanocytic nevi,benign keratosis-like lesions,0.0012028702,0.000524565,0.45181602,0.03413028,0.14088,0.37139606,5.015093e-05
4,5,melanoma,melanocytic nevi,4.042944e-05,1.0893418e-05,0.0030600221,0.00015053514,0.11983619,0.8768905,1.1506072e-05
4,4,melanoma,melanoma,0.0026162113,0.018817782,0.34339917,0.008110266,0.5304793,0.096470155,0.00010715178
5,5,melanocytic nevi,melanocytic nevi,3.6936007e-07,6.122528e-08,0.00077764847,7.0535234e-06,0.00036029547,0.9988543,2.6824222e-07
5,5,melanocytic nevi,melanocytic nevi,1.1713752e-06,8.596252e-06,0.00037507465,0.00018854237,5.7681278e-05,0.9991509,0.00021808292
5,5,melanocytic nevi,melanocytic nevi,0.000104309736,1.1638627e-05,0.011890311,0.00035073693,0.0024416002,0.98519266,8.816284e-06
5,5,melanocytic nevi,melanocytic nevi,0.026351249,0.013320133,0.08962834,0.056618314,0.039488237,0.7734165,0.0011771647
0,2,actinic keratoses and intraepithelial carcinoma,benign keratosis-like lesions,0.12702848,0.066478975,0.6516182,0.015942661,0.0059713153,0.13275026,0.00021020092
5,5,melanocytic nevi,melanocytic nevi,3.4443656e-05,2.1406847e-06,0.00062710117,0.0011153925,5.6279685e-05,0.9981566,7.947262e-06
5,1,melanocytic nevi,basal cell carcinoma,0.15319535,0.6882364,0.086162075,0.034129944,0.010615742,0.01976088,0.007899572
5,5,melanocytic nevi,melanocytic nevi,0.005921777,0.00043294736,0.099993095,0.009530337,0.009359373,0.87471676,4.5741377e-05
5,5,melanocytic nevi,melanocytic nevi,0.0002481127,0.0001641602,0.04467358,0.034167677,0.0018506539,0.9186722,0.00022357747
4,5,melanoma,melanocytic nevi,1.6073192e-05,3.7803034e-06,0.015605909,0.0007363825,0.1269945,0.8566417,1.7357343e-06
2,2,benign keratosis-like lesions,benign keratosis-like lesions,0.005544937,0.04928595,0.6967674,0.0278555,0.15196438,0.06715165,0.001430181
1,6,basal cell carcinoma,vascular lesions,0.010024688,0.13657174,0.04788004,0.18072616,0.009513432,0.026299395,0.58898455
5,2,melanocytic nevi,benign keratosis-like lesions,0.0016399072,0.00029280462,0.6531212,0.023593606,0.049653452,0.2714025,0.00029655205
5,5,melanocytic nevi,melanocytic nevi,0.018021408,0.019717991,0.011181933,0.0025005385,0.18638848,0.76202905,0.00016064756
5,5,melanocytic nevi,melanocytic nevi,5.309076e-05,1.1281318e-05,0.003674156,0.0039371615,0.0029911685,0.98928905,4.4247452e-05
5,5,melanocytic nevi,melanocytic nevi,0.0028510564,0.00064019294,0.0088262465,0.0031750374,0.006183679,0.97807693,0.00024680188
5,5,melanocytic nevi,melanocytic nevi,9.661211e-06,1.8056861e-06,0.009347865,4.631096e-05,0.00023051485,0.9903549,8.8608485e-06
5,5,melanocytic nevi,melanocytic nevi,1.6749584e-05,1.5021132e-05,0.001601159,1.4296774e-05,0.0011284722,0.9971962,2.8099164e-05
5,5,melanocytic nevi,melanocytic nevi,7.5994485e-06,1.7523602e-07,8.263497e-05,1.9388926e-05,0.00018819787,0.9997012,7.8019195e-07
5,5,melanocytic nevi,melanocytic nevi,5.593666e-06,0.00028701776,0.0040100976,1.24527e-05,0.00021937433,0.99527836,0.00018713203
1,1,basal cell carcinoma,basal cell carcinoma,0.028992224,0.8971473,0.0115425605,0.021814682,0.01807234,0.01291233,0.009518585
5,5,melanocytic nevi,melanocytic nevi,6.7624296e-06,4.6816076e-06,0.00895906,0.00028095665,0.007740196,0.9829942,1.4202731e-05
2,4,benign keratosis-like lesions,melanoma,0.0012230237,0.0046933647,0.34002754,0.0017452278,0.47047338,0.18174362,9.390359e-05
5,5,melanocytic nevi,melanocytic nevi,2.4506914e-08,1.9287509e-07,1.615377e-05,0.0001661848,1.1863951e-05,0.9996706,0.00013490411
5,5,melanocytic nevi,melanocytic nevi,1.7370671e-06,1.6805944e-06,0.0011727117,8.5578e-05,2.6506405e-05,0.99861324,9.848418e-05
2,2,benign keratosis-like lesions,benign keratosis-like lesions,0.0013560735,0.00014545229,0.68601525,0.00018368471,0.24642426,0.06587147,3.847571e-06
5,5,melanocytic nevi,melanocytic nevi,8.394275e-07,2.6691303e-08,3.573703e-05,1.5111029e-05,0.00095390313,0.99899393,4.2182828e-07
5,5,melanocytic nevi,melanocytic nevi,6.6048165e-06,0.0001495311,0.015255526,0.0011547587,0.0003822137,0.98293924,0.0001120823
1,1,basal cell carcinoma,basal cell carcinoma,0.06399469,0.8253273,0.10092755,0.0020185548,0.0056915483,0.0013117437,0.0007286005
5,5,melanocytic nevi,melanocytic nevi,5.7858006e-06,2.0014108e-05,0.0052737016,0.0008616462,0.00021846558,0.99290377,0.0007165985
4,5,melanoma,melanocytic nevi,0.0032749542,0.0014969687,0.23451863,0.008041119,0.24261181,0.50943357,0.00062288455
0,2,actinic keratoses and intraepithelial carcinoma,benign keratosis-like lesions,0.076794334,0.15645589,0.72503513,0.0049369927,0.029620996,0.0064742733,0.0006823866
5,5,melanocytic nevi,melanocytic nevi,2.3871908e-07,2.951581e-06,0.0001169601,8.944658e-05,1.0783057e-05,0.999752,2.7684404e-05
5,5,melanocytic nevi,melanocytic nevi,0.0016306808,0.01631279,0.00743137,0.0008410308,0.19164434,0.7389811,0.043158684
5,5,melanocytic nevi,melanocytic nevi,9.396975e-06,1.4143142e-05,0.005207129,0.00032873242,0.046793178,0.9474386,0.00020880683
5,5,melanocytic nevi,melanocytic nevi,0.0003495688,3.557718e-05,0.012062496,0.0003675162,0.06543998,0.92174304,1.8593934e-06
5,5,melanocytic nevi,melanocytic nevi,0.00037671134,0.00045233892,0.007022947,0.0050035105,0.0010594714,0.9859622,0.0001228231
5,5,melanocytic nevi,melanocytic nevi,2.6983675e-05,4.547218e-07,0.00083225063,8.16083e-05,0.001639428,0.99741733,1.8696508e-06
5,5,melanocytic nevi,melanocytic nevi,1.0880406e-06,1.1872494e-07,2.6602398e-05,7.5712483e-06,0.001000617,0.99896145,2.515384e-06
5,5,melanocytic nevi,melanocytic nevi,0.08108175,0.0037154828,0.14105828,0.020549146,0.23504618,0.518167,0.00038213487
1,4,basal cell carcinoma,melanoma,0.0889079,0.099039085,0.2073176,0.028247194,0.31360573,0.26035023,0.002532292
5,5,melanocytic nevi,melanocytic nevi,0.0012782996,1.36105145e-05,0.026099956,0.08597342,0.007994616,0.87863576,4.2906086e-06
5,5,melanocytic nevi,melanocytic nevi,2.4495469e-06,0.00029582903,0.0007978453,0.00048055465,0.00015428913,0.9974718,0.00079716765
5,5,melanocytic nevi,melanocytic nevi,0.0005927444,9.038492e-05,0.06615054,0.0007669363,0.22640571,0.7059812,1.2439542e-05
5,5,melanocytic nevi,melanocytic nevi,1.835131e-06,6.7871074e-06,0.0004461625,0.0003746385,0.0004446938,0.99564004,0.0030857525
5,5,melanocytic nevi,melanocytic nevi,3.724606e-05,5.59607e-05,0.0003087773,0.0005784006,0.00012987487,0.99820316,0.00068657496
5,5,melanocytic nevi,melanocytic nevi,0.009845142,0.021330034,0.095125236,0.016146455,0.021126002,0.81093675,0.025490351
5,5,melanocytic nevi,melanocytic nevi,0.003843681,0.0011471688,0.015753172,0.023204507,0.018252341,0.93744004,0.00035902002
5,5,melanocytic nevi,melanocytic nevi,4.48378e-05,5.27012e-05,0.23462196,0.010972834,0.0007695969,0.7510953,0.0024428112
4,5,melanoma,melanocytic nevi,0.0029007555,0.019843841,0.017051151,0.039571736,0.012227743,0.5857095,0.3226952
5,5,melanocytic nevi,melanocytic nevi,1.5644762e-06,2.819837e-07,0.0017620126,5.1526467e-06,0.00017682755,0.9980531,1.2325213e-06
5,5,melanocytic nevi,melanocytic nevi,0.0008135657,0.0026449526,0.0024579566,0.0799371,0.0017856273,0.90355253,0.008808226
5,2,melanocytic nevi,benign keratosis-like lesions,0.024753062,0.20045054,0.59805125,0.0015045741,0.018011423,0.15592363,0.0013055608
2,5,benign keratosis-like lesions,melanocytic nevi,0.00058325176,0.000282306,0.12974793,0.00033937252,0.11855723,0.75040686,8.305232e-05
5,5,melanocytic nevi,melanocytic nevi,4.4171716e-07,9.13645e-07,3.448897e-05,0.00047526904,0.000119851524,0.99919635,0.00017269964
5,5,melanocytic nevi,melanocytic nevi,2.770638e-05,8.139762e-05,0.0005369114,0.00018081031,0.0005067607,0.99859804,6.8348694e-05
4,5,melanoma,melanocytic nevi,9.2783785e-06,1.3857868e-06,0.03814585,0.000118663265,0.026448777,0.9352761,5.1094315e-08
5,5,melanocytic nevi,melanocytic nevi,3.776321e-05,5.711307e-06,0.0021623706,0.001417362,0.01784633,0.9784949,3.5563186e-05
5,5,melanocytic nevi,melanocytic nevi,1.1078176e-05,5.9596823e-06,0.0048202793,0.04766395,0.00026636652,0.94372624,0.0035060586
5,5,melanocytic nevi,melanocytic nevi,3.4488386e-07,4.028444e-08,4.882115e-05,5.195195e-07,5.3495023e-05,0.9998925,4.2864003e-06
2,2,benign keratosis-like lesions,benign keratosis-like lesions,0.009205137,0.031083548,0.78913313,0.00013995128,0.14519016,0.024186172,0.0010619427
5,5,melanocytic nevi,melanocytic nevi,8.847167e-06,4.1411004e-05,0.00083725684,4.8395257e-05,7.7925746e-05,0.9989561,3.0185529e-05
5,1,melanocytic nevi,basal cell carcinoma,0.024272187,0.8295026,0.023368701,0.023524644,0.016865954,0.0143331755,0.06813275
5,5,melanocytic nevi,melanocytic nevi,5.8366066e-07,7.2772427e-06,0.00011519982,3.522347e-05,0.0009405018,0.9976858,0.0012153499
4,4,melanoma,melanoma,0.003043625,0.0047299643,0.10857225,0.08457594,0.5454362,0.25232953,0.0013125181
6,5,vascular lesions,melanocytic nevi,0.0002756494,0.00037010777,0.039087657,0.0010593683,3.105957e-05,0.9493604,0.00981575
5,5,melanocytic nevi,melanocytic nevi,0.0001338141,0.0011710256,0.0021066724,0.0039006274,0.00023077603,0.9620343,0.03042286
5,5,melanocytic nevi,melanocytic nevi,8.580979e-06,3.133576e-05,0.0076677976,8.597621e-05,0.00055678433,0.9912322,0.00041724072
2,2,benign keratosis-like lesions,benign keratosis-like lesions,0.00017712009,0.0002518239,0.7671382,0.0010758076,0.0015152745,0.22972251,0.000119305834
5,5,melanocytic nevi,melanocytic nevi,3.1025655e-05,2.456803e-06,0.0015795659,0.0002460813,0.0005843655,0.9975551,1.4021637e-06
4,5,melanoma,melanocytic nevi,0.00057397864,4.820265e-05,0.0036559831,0.0003031061,0.27908912,0.7163282,1.4405442e-06
5,5,melanocytic nevi,melanocytic nevi,9.7147014e-05,4.439432e-06,0.00038908218,0.00044764936,0.016987672,0.9820718,2.182371e-06
6,6,vascular lesions,vascular lesions,0.0002463015,0.15820043,0.039579604,0.02172319,0.015394534,0.0674846,0.6973713
5,5,melanocytic nevi,melanocytic nevi,2.414067e-05,3.473438e-06,0.00038942217,0.00013610093,0.0023453366,0.9970919,9.658105e-06
5,5,melanocytic nevi,melanocytic nevi,0.0002105228,0.0002708503,0.017281078,0.0015619734,0.0003314681,0.9799534,0.00039075298
5,5,melanocytic nevi,melanocytic nevi,0.00021781104,4.024977e-06,0.055764873,4.2774614e-06,0.032414097,0.9115941,8.479739e-07
5,5,melanocytic nevi,melanocytic nevi,0.003780767,0.008206297,0.06800421,0.022333026,0.25741827,0.6378728,0.0023845262
4,4,melanoma,melanoma,0.00023279166,0.00012656294,0.002435692,0.0488355,0.5794574,0.3675452,0.0013668655
5,5,melanocytic nevi,melanocytic nevi,0.0012473107,0.000876823,0.44821385,5.776649e-05,0.0021530562,0.5474482,2.909332e-06
5,5,melanocytic nevi,melanocytic nevi,0.036391653,0.0038222305,0.35073817,0.03483787,0.03910043,0.53384763,0.0012620172
4,2,melanoma,benign keratosis-like lesions,0.0067496677,0.045401294,0.44693086,0.015532426,0.12924477,0.3559432,0.00019781293
5,5,melanocytic nevi,melanocytic nevi,9.333627e-05,0.00033004585,0.017493542,0.0018773964,0.006507299,0.97156054,0.0021378715
5,5,melanocytic nevi,melanocytic nevi,3.7616485e-07,6.285503e-07,0.0069379094,3.7282665e-05,0.007986527,0.9850367,4.3018656e-07
5,5,melanocytic nevi,melanocytic nevi,9.5492374e-05,0.00010058648,0.0013476077,0.00094539573,0.00026119896,0.99702495,0.00022481033
5,5,melanocytic nevi,melanocytic nevi,0.014424538,0.03794742,0.08403024,0.009965276,0.18003982,0.6727419,0.0008508869
1,1,basal cell carcinoma,basal cell carcinoma,0.08609737,0.6271257,0.14454414,0.0026124679,0.039177023,0.0976537,0.0027896317
5,5,melanocytic nevi,melanocytic nevi,0.00079025695,0.0010499404,0.0058046784,0.060030945,0.000615421,0.9260277,0.005681085
5,3,melanocytic nevi,dermatofibroma,0.002748741,0.013037744,0.13152674,0.49756613,0.0043858555,0.35044596,0.00028880266
5,5,melanocytic nevi,melanocytic nevi,3.243468e-06,7.0962997e-06,7.4605596e-05,2.3335226e-05,0.0012383533,0.9986247,2.866064e-05
5,5,melanocytic nevi,melanocytic nevi,0.007464374,0.00017278742,0.15035398,0.007057486,0.13521329,0.6985746,0.0011635643
5,5,melanocytic nevi,melanocytic nevi,7.2077995e-07,7.2151926e-07,6.319461e-05,3.865947e-05,3.0201429e-05,0.9998627,3.841259e-06
2,2,benign keratosis-like lesions,benign keratosis-like lesions,0.0060058283,0.024774594,0.8087177,0.00070379296,0.00078854116,0.1589108,9.874881e-05
5,5,melanocytic nevi,melanocytic nevi,0.00054935884,3.087149e-05,0.058076657,0.0009993386,0.019930786,0.92041147,1.4967201e-06
0,2,actinic keratoses and intraepithelial carcinoma,benign keratosis-like lesions,0.16710569,0.027824512,0.2629589,0.036354773,0.2462986,0.25694713,0.0025103525
1,1,basal cell carcinoma,basal cell carcinoma,0.19964516,0.63841426,0.12262139,0.00094891345,0.03546043,0.0010869029,0.0018229105
5,5,melanocytic nevi,melanocytic nevi,4.1306612e-07,1.0465133e-07,0.00054775947,7.74248e-05,0.0021980007,0.9971756,7.5342206e-07
4,4,melanoma,melanoma,0.006088989,0.0039807484,0.004317941,0.07519572,0.8986173,0.0006223771,0.011176873
5,5,melanocytic nevi,melanocytic nevi,0.00013875912,1.4552964e-05,0.0028306427,0.0009184675,0.000632259,0.99544275,2.2529584e-05
5,5,melanocytic nevi,melanocytic nevi,2.1939763e-05,9.092946e-05,0.0042806957,2.4622694e-05,0.084431395,0.911142,8.519573e-06
5,5,melanocytic nevi,melanocytic nevi,0.0013391222,0.0015321525,0.06944324,0.000902417,0.004362865,0.9219672,0.0004530123
5,5,melanocytic nevi,melanocytic nevi,0.00054847746,9.072982e-05,0.0043035615,0.001058464,0.0016282374,0.99228454,8.604048e-05
5,5,melanocytic nevi,melanocytic nevi,0.0003491444,0.0006689754,0.0019379936,0.0016542078,0.0007627556,0.9944695,0.00015741252
5,5,melanocytic nevi,melanocytic nevi,4.354637e-06,4.7579038e-06,0.0003161571,1.7473087e-05,0.0014790907,0.99815494,2.3353474e-05
5,5,melanocytic nevi,melanocytic nevi,1.543644e-05,2.8806908e-05,0.0004973544,0.0003610874,0.0009089293,0.9980894,9.902824e-05
5,5,melanocytic nevi,melanocytic nevi,3.9069567e-07,3.0850387e-07,3.4199762e-05,0.00068344164,9.512562e-05,0.9991591,2.7417767e-05
5,5,melanocytic nevi,melanocytic nevi,0.00035927712,2.4014876e-06,0.0059048156,8.0419435e-05,0.0055739726,0.9880777,1.3801464e-06
5,5,melanocytic nevi,melanocytic nevi,0.0022538668,0.0008854398,0.042668346,0.0015183169,0.23187645,0.7206382,0.00015934171
4,4,melanoma,melanoma,0.0001423772,1.2170186e-05,0.18065293,9.228472e-05,0.71351296,0.105571076,1.6156338e-05
5,5,melanocytic nevi,melanocytic nevi,1.0482646e-05,1.7672318e-06,0.043995254,7.231377e-07,0.017125756,0.93886167,4.355554e-06
5,5,melanocytic nevi,melanocytic nevi,0.00025797507,0.00014436824,0.003983695,2.5666992e-05,0.008746394,0.9867844,5.7395984e-05
5,5,melanocytic nevi,melanocytic nevi,0.00033761255,0.00021195124,0.003154831,0.0040311846,0.00017282531,0.99194616,0.00014536385
2,2,benign keratosis-like lesions,benign keratosis-like lesions,0.000672125,0.00016710295,0.9040779,0.025427816,0.0022794667,0.06729905,7.652771e-05
4,4,melanoma,melanoma,0.0012007008,0.00013590958,0.10603698,0.00024923662,0.8712053,0.021168213,3.7470118e-06
5,5,melanocytic nevi,melanocytic nevi,5.1010384e-06,3.894576e-08,3.834092e-05,0.0001500365,0.00027843958,0.99952734,7.0024424e-07
2,2,benign keratosis-like lesions,benign keratosis-like lesions,0.010635963,0.004248155,0.90204453,0.008439233,0.0668161,0.0076837414,0.00013221602
5,5,melanocytic nevi,melanocytic nevi,2.4346658e-05,1.3045579e-05,0.0057882923,0.0057177264,0.00077550043,0.9876726,8.416098e-06
5,5,melanocytic nevi,melanocytic nevi,0.00011541948,5.4828983e-05,0.15337135,0.001352758,0.1100742,0.73501664,1.47835035e-05
4,2,melanoma,benign keratosis-like lesions,0.0006893461,0.0006459822,0.4283837,0.017827269,0.27550846,0.27691108,3.422389e-05
4,5,melanoma,melanocytic nevi,0.0007647824,0.00072593545,0.014647248,0.00072864885,0.011669955,0.9696246,0.0018388741
5,5,melanocytic nevi,melanocytic nevi,5.412526e-06,5.629406e-05,0.00038084915,0.08440063,9.667048e-05,0.90927666,0.0057834988
4,5,melanoma,melanocytic nevi,1.8456803e-05,5.7026427e-06,0.11792827,9.647464e-06,0.40448388,0.4775539,7.661205e-08
2,2,benign keratosis-like lesions,benign keratosis-like lesions,7.767472e-05,8.218804e-06,0.9907198,0.00080834783,0.00015912545,0.008210212,1.6635358e-05
4,4,melanoma,melanoma,6.4151944e-05,6.39921e-05,0.0010922395,0.000121734,0.95095867,0.04766241,3.684175e-05
5,5,melanocytic nevi,melanocytic nevi,0.018891476,0.003910183,0.01942264,0.01878214,0.02248316,0.9151348,0.0013756239
5,5,melanocytic nevi,melanocytic nevi,3.3838114e-05,3.0374047e-06,0.0072994065,0.00071153993,8.802103e-05,0.9918515,1.2688205e-05
5,5,melanocytic nevi,melanocytic nevi,2.1683461e-07,2.2542665e-06,2.219147e-05,1.6854266e-06,0.00020366901,0.99976116,8.761421e-06
4,4,melanoma,melanoma,0.0016124112,0.00024169058,0.087290496,0.0012686098,0.57049215,0.33772114,0.0013735341
5,5,melanocytic nevi,melanocytic nevi,8.5953025e-07,1.10631056e-07,0.00016297307,4.9078753e-06,6.547723e-05,0.99976546,2.6930496e-07
5,2,melanocytic nevi,benign keratosis-like lesions,0.08161801,0.026931055,0.62716657,0.021179652,0.011522379,0.22977704,0.0018053475
5,5,melanocytic nevi,melanocytic nevi,0.0079751145,0.033706464,0.1520849,0.071851015,0.12250729,0.5987518,0.013123405
4,5,melanoma,melanocytic nevi,0.0009364474,4.7813042e-05,0.08859636,0.0008777637,0.31266084,0.5968765,4.2549063e-06
1,5,basal cell carcinoma,melanocytic nevi,0.021886395,0.33222985,0.027480045,0.01878989,0.022074023,0.57600826,0.0015314255
2,5,benign keratosis-like lesions,melanocytic nevi,0.00010470837,3.3262606e-06,0.23896836,3.730862e-05,0.051047098,0.7098389,2.4751117e-07
5,2,melanocytic nevi,benign keratosis-like lesions,0.0023378567,0.0025951525,0.54325086,0.003244706,0.0002360305,0.44669512,0.0016403353
5,5,melanocytic nevi,melanocytic nevi,5.209905e-06,2.877261e-05,0.003172043,0.00048781972,9.6980126e-05,0.996079,0.0001301606
5,5,melanocytic nevi,melanocytic nevi,2.0666977e-05,3.438757e-07,0.0018820728,7.821635e-06,0.01655257,0.9815363,2.0522029e-07
5,5,melanocytic nevi,melanocytic nevi,0.0031579835,0.00059564726,0.036697377,0.0021316367,0.030209463,0.92715937,4.849947e-05
5,5,melanocytic nevi,melanocytic nevi,0.0022076608,0.012097771,0.22624138,0.018221239,0.109162845,0.6309289,0.0011402456
5,5,melanocytic nevi,melanocytic nevi,1.8247476e-05,4.6248824e-06,0.00023972761,0.0016820979,0.0020194284,0.9960329,3.0101803e-06
5,5,melanocytic nevi,melanocytic nevi,0.0012466996,9.6049094e-05,0.024940442,0.0002207359,0.11548563,0.8580081,2.3345483e-06
1,1,basal cell carcinoma,basal cell carcinoma,0.009218556,0.5143257,0.461094,0.0020959827,0.0029108939,0.00893845,0.0014163731
5,5,melanocytic nevi,melanocytic nevi,0.00063523045,0.0022829159,0.004223268,0.0009702892,0.0035776824,0.97022456,0.018086044
2,5,benign keratosis-like lesions,melanocytic nevi,0.0063045695,0.049463924,0.261473,0.0061824457,0.24339828,0.42001233,0.013165454
2,2,benign keratosis-like lesions,benign keratosis-like lesions,0.046067912,0.38032892,0.5103664,0.0050367867,0.048897784,0.008042287,0.0012599919
5,4,melanocytic nevi,melanoma,0.001317801,0.00073062803,0.17686565,0.0032642302,0.4398761,0.3778899,5.57167e-05
5,5,melanocytic nevi,melanocytic nevi,4.9130373e-05,2.0387826e-05,0.0031607728,4.90404e-05,0.120783165,0.8759222,1.5273474e-05
5,5,melanocytic nevi,melanocytic nevi,4.346254e-06,1.7305303e-05,0.00027114514,0.0003608498,0.000608571,0.9987295,8.177416e-06
5,5,melanocytic nevi,melanocytic nevi,0.009856409,0.003079906,0.05149206,0.06716588,0.0035255642,0.85915816,0.005721974
4,2,melanoma,benign keratosis-like lesions,0.008494244,0.033625796,0.9194051,0.0040856954,0.0248941,0.00720815,0.002286911
5,5,melanocytic nevi,melanocytic nevi,0.0015904155,0.0067454204,0.17578089,0.043481197,0.01761337,0.75145435,0.0033343306
5,5,melanocytic nevi,melanocytic nevi,0.00025597168,0.00025050776,0.047966283,0.0015568234,0.2681004,0.68069524,0.001174714
5,5,melanocytic nevi,melanocytic nevi,4.1088155e-05,0.00075414113,0.0026794209,0.0010379716,0.0006321776,0.98986346,0.00499174
5,5,melanocytic nevi,melanocytic nevi,0.00016035157,1.4725418e-05,0.016943319,0.0012434821,0.0035338562,0.9779425,0.00016170263
5,5,melanocytic nevi,melanocytic nevi,0.00040035992,4.7338485e-06,0.0037395426,0.0003155773,0.1072236,0.8883154,8.6540774e-07
5,5,melanocytic nevi,melanocytic nevi,0.0013207028,0.0021893762,0.0150328195,0.00031628532,0.0010479072,0.97756356,0.0025293925
5,5,melanocytic nevi,melanocytic nevi,6.6952266e-06,1.1862074e-06,0.009857048,0.0014814611,0.00016595208,0.9884375,5.01895e-05
5,5,melanocytic nevi,melanocytic nevi,0.001311809,0.0036099167,0.015409393,0.0035320956,0.045099203,0.9309561,8.160638e-05
1,1,basal cell carcinoma,basal cell carcinoma,0.2778102,0.6350852,0.01188836,0.0579138,0.0035267742,0.011734386,0.00204123
5,5,melanocytic nevi,melanocytic nevi,0.0023268876,5.6936424e-05,0.027358685,0.0011585945,0.41027555,0.55881846,4.8307743e-06
4,4,melanoma,melanoma,0.00095523486,0.0010728545,0.044006582,0.005008141,0.60174686,0.3471078,0.00010248257
5,5,melanocytic nevi,melanocytic nevi,2.2305693e-07,1.8290126e-07,1.6302862e-05,1.9090245e-07,6.583067e-05,0.99991703,2.1317354e-07
5,5,melanocytic nevi,melanocytic nevi,0.0005630273,0.0012047151,0.08729949,0.00047290427,0.056282483,0.85319376,0.0009835969
2,5,benign keratosis-like lesions,melanocytic nevi,0.00029508892,5.1739098e-05,0.29042816,0.0016922576,0.0004533242,0.7065034,0.0005760167
0,0,actinic keratoses and intraepithelial carcinoma,actinic keratoses and intraepithelial carcinoma,0.40257293,0.33977404,0.13818617,0.02103317,0.07239807,0.019601053,0.0064345137
5,5,melanocytic nevi,melanocytic nevi,0.0008250416,0.0010463751,0.008295589,0.0020356397,0.0004189056,0.98387975,0.0034987442
5,5,melanocytic nevi,melanocytic nevi,9.8191085e-06,2.1089315e-06,0.00048270338,0.0004941279,0.00030588915,0.9986992,6.139615e-06
5,5,melanocytic nevi,melanocytic nevi,0.0059575276,0.0035757956,0.012630431,0.0023493741,0.0013554067,0.9734288,0.00070269377
5,5,melanocytic nevi,melanocytic nevi,0.0013124072,0.00048516804,0.09325062,0.00050160714,0.06463891,0.83947456,0.00033670256
5,4,melanocytic nevi,melanoma,0.020971583,0.0074680843,0.1363749,0.019714842,0.5538294,0.2610195,0.0006217634
6,6,vascular lesions,vascular lesions,0.0016388169,0.014751094,0.07532126,0.24621062,0.0004000391,0.054236714,0.6074415
4,4,melanoma,melanoma,0.0007634719,1.1557918e-05,0.2934524,0.000799312,0.6362084,0.06876184,3.0444655e-06
1,1,basal cell carcinoma,basal cell carcinoma,0.017920699,0.9709593,0.005057304,0.0029870667,0.0006227585,0.001147534,0.0013053648
5,5,melanocytic nevi,melanocytic nevi,5.414325e-06,1.8635332e-06,3.0716103e-05,1.7699436e-05,0.00029993482,0.9996402,4.182426e-06
5,5,melanocytic nevi,melanocytic nevi,0.00097267714,0.0036995653,0.0021588306,0.0014628653,0.001709688,0.9859423,0.004054059
2,2,benign keratosis-like lesions,benign keratosis-like lesions,0.027995573,0.04125967,0.7444415,0.005196177,0.048312582,0.13248238,0.00031222746
5,5,melanocytic nevi,melanocytic nevi,0.0020837607,0.004042796,0.0054474524,0.0042666425,0.07460701,0.9092337,0.00031866736
5,5,melanocytic nevi,melanocytic nevi,9.702337e-07,9.057279e-07,0.00019776977,1.8252907e-05,0.0007818292,0.9989887,1.1592366e-05
5,5,melanocytic nevi,melanocytic nevi,1.4845546e-06,3.6801569e-06,0.0005579722,4.39403e-05,0.00026758394,0.99896,0.00016528535
0,3,actinic keratoses and intraepithelial carcinoma,dermatofibroma,0.04784338,0.21201244,0.22591181,0.28967834,0.13862191,0.08298978,0.0029423013
5,5,melanocytic nevi,melanocytic nevi,0.00039252965,8.648262e-05,0.017136663,0.00018414627,0.008792256,0.9733709,3.6875612e-05
5,5,melanocytic nevi,melanocytic nevi,0.0029229154,0.018783975,0.041190516,0.018771064,0.0041364334,0.9080545,0.0061406973
4,2,melanoma,benign keratosis-like lesions,0.039055314,0.013555788,0.5253916,0.012662685,0.21743111,0.19171017,0.00019341378
5,5,melanocytic nevi,melanocytic nevi,6.979263e-07,8.638534e-06,0.00017135608,6.931108e-05,0.00048981374,0.9990233,0.00023689619
5,2,melanocytic nevi,benign keratosis-like lesions,4.467953e-05,1.6557705e-06,0.7704897,2.8839679e-05,0.068522036,0.16091298,1.4303059e-07
4,4,melanoma,melanoma,0.00028873872,0.00013914559,0.16423558,0.0019275133,0.74300784,0.09038521,1.6075812e-05
5,5,melanocytic nevi,melanocytic nevi,0.0018166363,1.10781375e-05,0.04014221,0.00020585123,0.08573202,0.8720914,7.942299e-07
5,5,melanocytic nevi,melanocytic nevi,0.0027806582,0.057030186,0.14741933,0.006502833,0.030189045,0.75562924,0.000448802
5,5,melanocytic nevi,melanocytic nevi,0.00010009751,0.00016324109,0.0032899338,0.0035114605,0.00044193366,0.9924584,3.490704e-05
5,4,melanocytic nevi,melanoma,0.0121360505,0.00050413335,0.060201567,0.002843643,0.5832608,0.34096974,8.409606e-05
5,5,melanocytic nevi,melanocytic nevi,0.0006984553,0.0016924388,0.034257166,0.031212544,0.00077974005,0.9286354,0.0027241842
5,5,melanocytic nevi,melanocytic nevi,2.408628e-06,3.2019393e-06,0.00040137046,6.959172e-05,0.000105169594,0.99940467,1.359135e-05
5,5,melanocytic nevi,melanocytic nevi,2.8538545e-05,6.370349e-06,0.00042901427,0.00019671231,0.0011895541,0.9980996,5.016984e-05
5,5,melanocytic nevi,melanocytic nevi,0.0010854749,1.5035806e-05,0.004250945,0.0029713404,0.014003224,0.97766703,6.840264e-06
5,5,melanocytic nevi,melanocytic nevi,3.4147954e-05,6.532478e-06,0.0002607302,0.00065029063,0.0002100007,0.9987974,4.0788953e-05
5,5,melanocytic nevi,melanocytic nevi,0.035034765,0.02147906,0.10554011,0.013572399,0.27173942,0.55237865,0.00025563478
4,4,melanoma,melanoma,0.006641076,0.13805847,0.15177085,0.035696696,0.5371203,0.1274367,0.0032758845
4,4,melanoma,melanoma,0.009106806,0.011643936,0.11620827,0.057984076,0.61800814,0.1775674,0.009481436
5,5,melanocytic nevi,melanocytic nevi,0.0002796871,2.1084916e-05,0.0012999285,0.00033806867,0.0020628117,0.9959806,1.7838274e-05
5,5,melanocytic nevi,melanocytic nevi,3.4516006e-08,4.096804e-07,0.00027655606,1.16650156e-07,0.00951628,0.9902064,8.440417e-08
2,2,benign keratosis-like lesions,benign keratosis-like lesions,0.0071128453,7.899412e-05,0.983306,0.00056890305,0.0026250877,0.0063072355,9.347117e-07
5,5,melanocytic nevi,melanocytic nevi,0.011517373,0.018020164,0.028645214,0.03668979,0.023864571,0.8685751,0.012687766
5,5,melanocytic nevi,melanocytic nevi,0.0011176293,0.006881954,0.1708631,0.00055430364,0.40587416,0.41420674,0.0005021308
2,2,benign keratosis-like lesions,benign keratosis-like lesions,0.0012562117,0.00010892277,0.7866047,0.000113020615,0.0029811305,0.20864098,0.00029511953
5,5,melanocytic nevi,melanocytic nevi,3.4805048e-06,3.6350332e-06,0.0029661334,0.00010460283,0.00093759876,0.9959841,5.1332063e-07
4,4,melanoma,melanoma,0.00022209792,0.0001068813,0.018269029,0.0014697926,0.6954369,0.28446436,3.0972657e-05
5,5,melanocytic nevi,melanocytic nevi,0.0068594846,0.0038743431,0.026308024,0.007029044,0.07596205,0.879242,0.00072510145
5,5,melanocytic nevi,melanocytic nevi,0.0019997084,0.0024163472,0.0071204356,0.33643043,0.00029455376,0.6486607,0.0030777855
5,5,melanocytic nevi,melanocytic nevi,3.8513495e-05,4.5398642e-07,0.00043760476,0.00015829645,0.0028495996,0.9965017,1.39183e-05
4,4,melanoma,melanoma,6.514586e-05,1.8720955e-05,0.01188202,0.0006548476,0.52679014,0.46057114,1.7978098e-05
5,5,melanocytic nevi,melanocytic nevi,7.353824e-06,4.97642e-08,0.00029772296,7.402929e-05,0.00023352324,0.9993855,1.7323862e-06
5,5,melanocytic nevi,melanocytic nevi,0.0013243769,0.0018540947,0.42418414,0.0026457594,0.06154278,0.5082301,0.0002187453
5,5,melanocytic nevi,melanocytic nevi,8.562733e-06,3.109187e-05,0.00038559537,6.156126e-05,0.0014008713,0.9980636,4.8641545e-05
1,1,basal cell carcinoma,basal cell carcinoma,0.03286288,0.8837186,0.039871283,0.02743479,0.0036792138,0.007437329,0.004995858
5,5,melanocytic nevi,melanocytic nevi,8.235636e-06,4.1514093e-07,0.0004622246,6.1710045e-05,0.0008813844,0.99858475,1.2821688e-06
5,5,melanocytic nevi,melanocytic nevi,0.00023754532,0.0008222801,0.019945327,0.0019682825,0.0008694924,0.97586834,0.00028878634
5,5,melanocytic nevi,melanocytic nevi,0.00049553224,1.2380657e-05,0.0047991937,0.0008801081,0.00059185794,0.99292254,0.00029834994
4,2,melanoma,benign keratosis-like lesions,7.398015e-05,1.1459193e-05,0.49805436,0.00010993123,0.31080523,0.19094451,5.8632827e-07
5,5,melanocytic nevi,melanocytic nevi,0.024797488,0.072549105,0.018003581,0.05066203,0.009763275,0.82168627,0.0025383611
4,3,melanoma,dermatofibroma,0.023945088,0.009469749,0.13336508,0.5385342,0.1746347,0.11956088,0.0004903014
5,5,melanocytic nevi,melanocytic nevi,0.012234197,0.08211374,0.09088841,0.15911539,0.016993208,0.48788625,0.15076886
2,2,benign keratosis-like lesions,benign keratosis-like lesions,0.0030824482,0.0015154136,0.93513596,0.016734395,0.025841188,0.017635265,5.533621e-05
5,5,melanocytic nevi,melanocytic nevi,0.0071959267,0.0050563565,0.18549632,0.0021509035,0.06813682,0.73183703,0.00012668896
5,5,melanocytic nevi,melanocytic nevi,9.213223e-06,2.2710839e-07,0.00015150865,5.0242706e-06,0.0016535808,0.99817896,1.4839285e-06
5,5,melanocytic nevi,melanocytic nevi,4.857701e-05,2.832425e-06,0.010851994,0.0007232751,5.1938547e-05,0.9881777,0.00014375719
5,5,melanocytic nevi,melanocytic nevi,7.499708e-05,5.142101e-05,0.034949962,4.0642044e-05,0.08061212,0.88424736,2.3478378e-05
5,5,melanocytic nevi,melanocytic nevi,9.053356e-06,6.5239165e-06,0.00028699884,0.0023391203,7.223132e-05,0.99724495,4.108084e-05
5,5,melanocytic nevi,melanocytic nevi,7.6282064e-05,7.322537e-06,0.0005816107,0.00044920383,0.00048223455,0.9983027,0.00010065624
5,5,melanocytic nevi,melanocytic nevi,0.0011061269,5.2393218e-05,0.0029404063,0.0018998835,0.013336326,0.98056084,0.00010398372
5,2,melanocytic nevi,benign keratosis-like lesions,0.0057328157,0.09527359,0.47603193,0.010194895,0.05463112,0.3579815,0.00015414065
5,5,melanocytic nevi,melanocytic nevi,0.015439824,0.00029313713,0.2687766,0.005851465,0.09921994,0.6102503,0.00016871416
5,5,melanocytic nevi,melanocytic nevi,3.3576045e-05,5.6767178e-05,0.000706356,0.00076034555,0.00063438434,0.99730945,0.00049905333
1,1,basal cell carcinoma,basal cell carcinoma,0.0037635919,0.9922471,0.00172399,0.0017496104,2.9148288e-05,0.00038202596,0.00010454064
4,4,melanoma,melanoma,0.004631688,0.0008330314,0.24556443,0.001846474,0.4963177,0.25074542,6.123342e-05
5,5,melanocytic nevi,melanocytic nevi,0.0015144731,0.001887982,0.015731676,0.0135687515,0.0005841273,0.96279824,0.0039147045
5,5,melanocytic nevi,melanocytic nevi,0.0029194546,5.260696e-05,0.012453606,0.00046956676,0.02593773,0.9581652,1.8742452e-06
5,5,melanocytic nevi,melanocytic nevi,0.018392209,0.0007657567,0.018510895,0.019557126,0.152179,0.7904884,0.00010655764
5,5,melanocytic nevi,melanocytic nevi,0.0007710244,0.00025633094,0.0008465777,0.0009872321,0.0012213206,0.9958599,5.755218e-05
5,5,melanocytic nevi,melanocytic nevi,0.0028737504,0.0047920877,0.076152764,0.0070274808,0.06389144,0.8442513,0.0010112128
5,5,melanocytic nevi,melanocytic nevi,4.8679398e-05,0.0019714856,0.08468032,8.646752e-06,0.08571156,0.8274322,0.00014704265
5,5,melanocytic nevi,melanocytic nevi,0.0012823744,0.00028726287,0.016791778,0.19477363,0.000384018,0.7858845,0.0005964487
5,1,melanocytic nevi,basal cell carcinoma,0.15305927,0.59554595,0.06952905,0.011969488,0.04088557,0.12275917,0.0062515023
5,5,melanocytic nevi,melanocytic nevi,7.115157e-06,2.0449113e-06,3.945982e-05,0.00068349886,1.7485043e-05,0.99922085,2.9519393e-05
5,5,melanocytic nevi,melanocytic nevi,1.7880066e-05,1.9738827e-06,0.00020426426,0.0005928574,0.00032307667,0.9987797,8.020438e-05
0,0,actinic keratoses and intraepithelial carcinoma,actinic keratoses and intraepithelial carcinoma,0.45590955,0.041346528,0.096597664,0.0759868,0.038528986,0.2881492,0.0034813422
2,2,benign keratosis-like lesions,benign keratosis-like lesions,6.697004e-05,6.308448e-05,0.7462233,8.2824736e-05,0.00056782697,0.25296754,2.8454231e-05
5,5,melanocytic nevi,melanocytic nevi,5.4420325e-06,1.5498731e-06,0.0010350951,1.346153e-05,0.00016292548,0.9987752,6.399092e-06
0,2,actinic keratoses and intraepithelial carcinoma,benign keratosis-like lesions,0.0023792193,7.79834e-05,0.765931,0.22900006,0.0020851924,0.00052234565,4.202821e-06
5,1,melanocytic nevi,basal cell carcinoma,0.0063610882,0.60023165,0.11170463,0.0369591,0.0027375768,0.20268723,0.03931872
5,5,melanocytic nevi,melanocytic nevi,0.0005716075,0.0022478586,0.010539421,0.0002571579,0.015334497,0.9710282,2.1229349e-05
4,4,melanoma,melanoma,1.0304337e-05,8.774667e-06,0.011598906,0.00015274677,0.9513179,0.036911,3.215666e-07
4,5,melanoma,melanocytic nevi,0.00013453199,0.00052306283,0.1272102,0.0063103866,0.17867157,0.68713665,1.3577546e-05
6,6,vascular lesions,vascular lesions,0.0008047126,0.028373122,0.002458198,0.021673422,0.018479006,0.008783109,0.91942835
5,5,melanocytic nevi,melanocytic nevi,0.0022404455,0.0052956804,0.15185435,0.0012424659,0.043987248,0.79528177,9.801686e-05
5,5,melanocytic nevi,melanocytic nevi,0.0003141239,0.00033421785,0.07259231,0.0022454327,0.10130814,0.8226716,0.0005341153
5,5,melanocytic nevi,melanocytic nevi,0.010965407,0.004387361,0.0818468,0.025561823,0.065129206,0.81188685,0.00022259481
5,5,melanocytic nevi,melanocytic nevi,1.8243272e-06,1.772508e-05,0.000103999686,8.384085e-05,3.3339573e-05,0.9995832,0.00017607523
5,5,melanocytic nevi,melanocytic nevi,5.990315e-06,8.189797e-06,9.097735e-05,0.0018146456,0.00018095615,0.99761224,0.000286986
5,5,melanocytic nevi,melanocytic nevi,0.00014465908,0.000121116405,0.0804013,0.0012378049,0.2403158,0.6777766,2.744377e-06
1,4,basal cell carcinoma,melanoma,0.0012477912,0.2616441,0.0065941806,0.17233756,0.4231804,0.013067735,0.121928245
0,0,actinic keratoses and intraepithelial carcinoma,actinic keratoses and intraepithelial carcinoma,0.76729673,0.14841916,0.03462425,0.03516075,0.010677617,0.003366542,0.00045497535
4,2,melanoma,benign keratosis-like lesions,0.0065475814,0.019610558,0.47748238,0.010397535,0.1700325,0.31582052,0.00010892926
5,5,melanocytic nevi,melanocytic nevi,0.015113761,0.005642905,0.07484798,0.017747458,0.10399525,0.78188807,0.00076455134
5,5,melanocytic nevi,melanocytic nevi,6.23219e-05,3.8265043e-06,0.002505647,0.002758955,0.00021262656,0.9944284,2.8215638e-05
1,2,basal cell carcinoma,benign keratosis-like lesions,0.042037312,0.0075152856,0.8119222,0.037570998,0.03593907,0.059422005,0.005593062
5,5,melanocytic nevi,melanocytic nevi,1.803537e-05,4.872681e-07,0.0009577578,0.0023993207,0.00071462797,0.995905,4.8554693e-06
5,5,melanocytic nevi,melanocytic nevi,8.313598e-05,9.977781e-07,0.00036385204,0.00018328182,0.0028531647,0.9965127,2.8203933e-06
5,5,melanocytic nevi,melanocytic nevi,1.0434429e-05,2.0000914e-05,0.00036427742,0.00020609134,0.00076470495,0.99846303,0.00017138006
5,4,melanocytic nevi,melanoma,0.35037756,0.006049254,0.12662151,0.018805508,0.46465158,0.032939445,0.0005551904
5,5,melanocytic nevi,melanocytic nevi,4.763946e-06,4.242157e-05,0.0065445816,4.330323e-06,0.0005265873,0.99212646,0.0007509063
1,1,basal cell carcinoma,basal cell carcinoma,0.0015810307,0.65265214,0.0045588845,0.008941722,0.0013286648,0.028983658,0.30195388
5,5,melanocytic nevi,melanocytic nevi,1.9865003e-05,4.1209337e-06,0.0011687644,0.000186902,0.0020241572,0.99653697,5.915817e-05
5,5,melanocytic nevi,melanocytic nevi,7.3531504e-05,6.485618e-07,0.011796618,0.00017777772,0.007810868,0.98014015,3.0397828e-07
5,5,melanocytic nevi,melanocytic nevi,0.0028095515,0.0001958086,0.0049547213,0.0017655378,0.13197327,0.8582028,9.8334705e-05
4,4,melanoma,melanoma,0.17825592,0.008504637,0.14569147,0.023148537,0.4132287,0.23111579,5.495722e-05
5,5,melanocytic nevi,melanocytic nevi,1.0652219e-05,1.0199127e-06,0.0012846409,0.0003100082,0.0002738666,0.9981059,1.3878466e-05
5,5,melanocytic nevi,melanocytic nevi,1.9662562e-07,2.6418311e-08,6.797926e-05,7.899227e-05,0.00020242648,0.99964416,6.1475876e-06
6,6,vascular lesions,vascular lesions,0.00016995135,0.0014462164,0.00470035,0.00023794692,0.09314289,0.004598901,0.8957038
5,5,melanocytic nevi,melanocytic nevi,5.3178996e-06,1.9279873e-06,7.662813e-05,0.00082533516,0.00045687088,0.9985819,5.196958e-05
2,2,benign keratosis-like lesions,benign keratosis-like lesions,0.005497758,0.0009213419,0.88358414,0.006483625,0.01071929,0.09277452,1.9282277e-05
6,5,vascular lesions,melanocytic nevi,0.0026242428,0.0017224672,0.10229826,0.0052707894,0.20469391,0.65489244,0.028497912
4,4,melanoma,melanoma,0.00054643827,0.00078980124,0.4308835,0.004737825,0.45196486,0.11101181,6.5724256e-05
5,5,melanocytic nevi,melanocytic nevi,6.693858e-07,4.8954753e-08,1.7931514e-05,4.8681635e-05,0.00029698169,0.9996352,4.7396634e-07
5,5,melanocytic nevi,melanocytic nevi,0.0003995055,0.014969468,0.023359088,0.009415616,0.04203801,0.893627,0.01619128
5,5,melanocytic nevi,melanocytic nevi,0.00024385193,0.00010392081,0.003643904,0.00012474136,0.00047103286,0.99535334,5.917582e-05
5,5,melanocytic nevi,melanocytic nevi,5.3846625e-06,5.004778e-07,0.000114407005,1.9845229e-05,0.0031160994,0.99674207,1.8261538e-06
5,5,melanocytic nevi,melanocytic nevi,6.8683454e-05,2.4458436e-06,0.0024142687,0.00012957449,0.0024128102,0.99493563,3.6548718e-05
4,2,melanoma,benign keratosis-like lesions,0.03763178,0.24380843,0.5610411,0.033385884,0.1015148,0.013972152,0.008645809
5,3,melanocytic nevi,dermatofibroma,0.038119867,0.2091644,0.025347505,0.5496177,0.01874592,0.15208393,0.0069207116
0,1,actinic keratoses and intraepithelial carcinoma,basal cell carcinoma,0.08899066,0.8772144,0.01588586,0.011329155,0.004076855,0.0014720819,0.0010310499
5,5,melanocytic nevi,melanocytic nevi,0.00071567117,0.0004728005,0.38906178,0.001989087,0.2129933,0.3946604,0.000106940264
5,5,melanocytic nevi,melanocytic nevi,0.00012906852,0.0007899313,0.010097033,0.0033574272,0.0003275203,0.95921624,0.026082804
2,2,benign keratosis-like lesions,benign keratosis-like lesions,0.00034010012,4.791737e-05,0.954924,3.7525701e-06,0.0015819715,0.04310183,3.9891285e-07
5,5,melanocytic nevi,melanocytic nevi,0.00017988103,0.00012501211,0.0062209046,0.0004557081,0.0014961943,0.9911377,0.0003845492
0,0,actinic keratoses and intraepithelial carcinoma,actinic keratoses and intraepithelial carcinoma,0.4663578,0.025369056,0.19406787,0.23602307,0.067773014,0.010337431,7.179939e-05
2,2,benign keratosis-like lesions,benign keratosis-like lesions,0.046115045,0.0011283477,0.8286282,0.009412135,0.08794618,0.026743189,2.6890946e-05
5,5,melanocytic nevi,melanocytic nevi,0.009285386,0.00423138,0.04257056,0.014935551,0.21097936,0.7178331,0.00016464318
5,5,melanocytic nevi,melanocytic nevi,6.780099e-05,1.2707203e-05,0.0063943528,5.4677686e-05,0.06397904,0.929487,4.458925e-06
5,5,melanocytic nevi,melanocytic nevi,0.0001203969,0.0002774491,0.024289014,7.3866067e-06,0.00016727686,0.97497046,0.00016807078
5,5,melanocytic nevi,melanocytic nevi,1.9666737e-05,1.067166e-06,0.010849996,6.199321e-05,0.037956387,0.9511108,6.877578e-08
5,5,melanocytic nevi,melanocytic nevi,8.837742e-07,6.372858e-07,0.0002281836,0.00021661259,0.0003073845,0.999241,5.3084336e-06
5,5,melanocytic nevi,melanocytic nevi,5.386498e-06,1.2100062e-06,0.0051465696,1.4219683e-05,0.013278489,0.98155415,1.9899804e-08
5,5,melanocytic nevi,melanocytic nevi,4.7663907e-06,5.5470823e-06,0.0027118775,0.00019679125,0.00011738757,0.99688846,7.505735e-05
5,5,melanocytic nevi,melanocytic nevi,9.180336e-05,3.6132626e-06,0.11098123,5.62621e-05,0.20200904,0.6868579,2.4958084e-07
5,5,melanocytic nevi,melanocytic nevi,0.0035527702,0.00020564483,0.171416,5.0930234e-05,0.0034340918,0.82133895,1.563646e-06
4,4,melanoma,melanoma,0.06419516,0.008347441,0.014457678,0.026590124,0.65164125,0.23465538,0.00011289714
4,4,melanoma,melanoma,4.9972918e-05,1.4521555e-06,0.008878585,8.019262e-06,0.9269092,0.06415267,6.164134e-08
2,5,benign keratosis-like lesions,melanocytic nevi,0.0011013311,0.0001519523,0.24805842,3.0622084e-06,0.110116415,0.64056766,1.1548043e-06
5,5,melanocytic nevi,melanocytic nevi,0.00028237054,0.036247462,0.008100754,0.006570696,0.047598433,0.8988309,0.0023693757
5,5,melanocytic nevi,melanocytic nevi,1.2631374e-06,2.155224e-06,0.00020758079,0.00023586993,0.00013750144,0.9993594,5.6251178e-05
5,5,melanocytic nevi,melanocytic nevi,3.0125133e-05,2.204582e-05,0.0024975236,0.008874859,0.0005539109,0.9879188,0.00010285355
5,5,melanocytic nevi,melanocytic nevi,1.5595504e-07,1.6998113e-07,0.00020690906,2.134119e-06,0.0005226776,0.9992673,6.339637e-07
5,5,melanocytic nevi,melanocytic nevi,1.3376767e-05,2.1923204e-05,0.0041380753,0.0010771326,0.00054598344,0.99419135,1.2079291e-05
2,2,benign keratosis-like lesions,benign keratosis-like lesions,0.00014481657,0.0005783792,0.87645257,5.8905905e-05,0.037216906,0.085544474,3.9573943e-06
2,2,benign keratosis-like lesions,benign keratosis-like lesions,0.0017896491,0.00039047524,0.45095047,0.00022404296,0.11498607,0.43164992,9.331163e-06
5,5,melanocytic nevi,melanocytic nevi,3.1874295e-06,4.7704293e-07,0.00052862725,0.00012962379,0.00016975241,0.9991678,5.8013694e-07
2,5,benign keratosis-like lesions,melanocytic nevi,0.00067345443,0.000100592864,0.036858384,0.0010979094,0.05559292,0.90567046,6.2117274e-06
5,5,melanocytic nevi,melanocytic nevi,5.214358e-06,7.874952e-07,0.0024366798,2.777495e-06,0.015396347,0.98215806,1.414529e-07
6,6,vascular lesions,vascular lesions,3.2877526e-07,7.9859674e-05,9.514621e-06,5.0736777e-05,8.945872e-07,9.972326e-05,0.999759
5,5,melanocytic nevi,melanocytic nevi,2.293917e-06,1.8778591e-06,0.00013162411,2.573441e-05,0.0014038888,0.9983942,4.0378716e-05
5,5,melanocytic nevi,melanocytic nevi,0.0005617272,0.0012765606,0.057357702,0.00014983941,0.13874583,0.80190647,1.8064223e-06
5,5,melanocytic nevi,melanocytic nevi,0.00057755684,8.3728366e-05,0.008990276,0.02725728,0.00028525759,0.96254116,0.00026472745
5,5,melanocytic nevi,melanocytic nevi,0.0011427962,0.00064072973,0.14969127,0.015193588,0.15019116,0.68312573,1.46739885e-05
4,4,melanoma,melanoma,0.0011370877,5.8424157e-05,0.31678948,8.035138e-05,0.5721791,0.10975435,1.2959332e-06
2,5,benign keratosis-like lesions,melanocytic nevi,0.01191068,0.0009275825,0.09280325,0.0006422291,0.16052453,0.73311406,7.761037e-05
0,0,actinic keratoses and intraepithelial carcinoma,actinic keratoses and intraepithelial carcinoma,0.69543207,0.14674053,0.01968933,0.08474673,0.04615101,0.0071073957,0.00013294461
5,5,melanocytic nevi,melanocytic nevi,6.870626e-05,0.00010001918,0.010587338,0.037918903,0.000546386,0.9506762,0.000102394966
5,5,melanocytic nevi,melanocytic nevi,1.3638633e-05,1.0942753e-05,0.00028967246,0.00043687393,0.00016960099,0.9989812,9.8103155e-05
5,5,melanocytic nevi,melanocytic nevi,0.00036715917,3.2981923e-05,0.00623815,0.007431936,0.0045263194,0.98127156,0.00013199792
5,5,melanocytic nevi,melanocytic nevi,0.00018284906,3.4051787e-05,0.0003180416,0.00048943167,0.0022622093,0.9965823,0.00013109461
5,5,melanocytic nevi,melanocytic nevi,2.577076e-06,3.4134413e-05,0.0026582868,1.3449136e-06,0.0054529216,0.9918332,1.7486022e-05
2,2,benign keratosis-like lesions,benign keratosis-like lesions,0.0006776307,2.8653487e-05,0.9039575,0.00052428525,0.011845932,0.082965724,3.8430133e-07
5,5,melanocytic nevi,melanocytic nevi,4.2758853e-05,1.9321731e-05,0.03903568,9.6427786e-05,0.0011198884,0.9596799,6.0493207e-06
5,5,melanocytic nevi,melanocytic nevi,0.0021727926,0.0018007362,0.017449582,0.0011171193,0.26714632,0.7102757,3.7796057e-05
4,4,melanoma,melanoma,1.3141776e-05,3.5749308e-06,0.04054076,1.2076985e-05,0.84419614,0.11523408,1.571713e-07
4,5,melanoma,melanocytic nevi,0.0027849602,0.004260928,0.18999633,0.0465817,0.176096,0.5788091,0.0014710082
5,5,melanocytic nevi,melanocytic nevi,9.851501e-05,0.00032445887,7.9269106e-05,0.006211244,0.00024400333,0.99293464,0.00010788919
5,5,melanocytic nevi,melanocytic nevi,0.0013633239,0.00041671563,0.009322764,0.00078900805,0.0046746642,0.9831972,0.00023629145
5,5,melanocytic nevi,melanocytic nevi,0.01793543,0.0026039043,0.1787094,0.029846609,0.15677771,0.61399657,0.00013037388
5,2,melanocytic nevi,benign keratosis-like lesions,0.005271275,0.0006688409,0.58729357,0.105764225,0.084950835,0.21599853,5.2754367e-05
5,5,melanocytic nevi,melanocytic nevi,0.0031201907,0.0021234106,0.1050522,0.0029923704,0.0691857,0.81748724,3.8918075e-05
5,5,melanocytic nevi,melanocytic nevi,2.3860995e-05,0.00029276076,0.007827937,0.047373477,3.26575e-05,0.9132021,0.03124709
2,2,benign keratosis-like lesions,benign keratosis-like lesions,0.00012618094,3.2826105e-05,0.96282303,0.0071012666,0.00014060734,0.029748445,2.771875e-05
5,5,melanocytic nevi,melanocytic nevi,0.00019947089,0.00061614433,0.12489198,1.6181414e-06,0.002275455,0.8720042,1.11676345e-05
5,5,melanocytic nevi,melanocytic nevi,0.00029443105,0.00022298747,0.014524581,0.0028511668,0.0005318041,0.981357,0.00021810966
5,5,melanocytic nevi,melanocytic nevi,1.1519043e-05,7.94826e-07,0.0021053136,0.0007769821,0.0005339022,0.9965675,4.012962e-06
5,5,melanocytic nevi,melanocytic nevi,8.504139e-06,2.971577e-06,0.00031575823,0.00017747618,0.00018549284,0.99926573,4.412081e-05
4,5,melanoma,melanocytic nevi,0.00011781343,7.0532275e-05,0.14078616,0.00199212,0.27582738,0.58118063,2.5310386e-05
5,5,melanocytic nevi,melanocytic nevi,2.4712207e-07,3.0888977e-08,5.840759e-05,2.1575727e-06,8.0930746e-05,0.99985814,1.157275e-07
4,4,melanoma,melanoma,3.6335205e-05,1.441465e-06,0.0006105786,2.7495447e-05,0.9889498,0.010373127,1.3498749e-06
5,5,melanocytic nevi,melanocytic nevi,0.0013131733,0.0027142575,0.18972737,0.29545864,0.0016547084,0.50900656,0.00012528063
5,5,melanocytic nevi,melanocytic nevi,0.00030281875,0.0003367579,0.013932208,0.01316228,0.0007071425,0.9713281,0.00023070698
5,5,melanocytic nevi,melanocytic nevi,0.00014179683,6.294176e-05,0.0073018675,0.00069679454,0.033201642,0.958476,0.00011889821
2,2,benign keratosis-like lesions,benign keratosis-like lesions,0.0153554,0.0065482324,0.79852545,0.0067615416,0.08124489,0.08968654,0.0018780036
5,5,melanocytic nevi,melanocytic nevi,4.3203236e-06,1.711763e-05,0.00020776462,9.4779025e-05,0.0004064001,0.99924433,2.5226618e-05
2,5,benign keratosis-like lesions,melanocytic nevi,0.057198577,0.0016988472,0.0399788,0.0042076516,0.43847424,0.45810476,0.00033713467
4,4,melanoma,melanoma,6.110825e-05,4.475728e-05,0.006616615,0.00016511868,0.7147625,0.27822796,0.0001219518
2,2,benign keratosis-like lesions,benign keratosis-like lesions,0.078876816,0.012731833,0.8374662,0.012920532,0.016301816,0.041636754,6.6141576e-05
5,5,melanocytic nevi,melanocytic nevi,3.21064e-06,5.1702835e-07,0.00032025945,1.3033312e-05,0.00062081637,0.99903727,4.879677e-06
0,0,actinic keratoses and intraepithelial carcinoma,actinic keratoses and intraepithelial carcinoma,0.3594905,0.31478363,0.06134031,0.014590091,0.23709662,0.012412081,0.00028673504
5,5,melanocytic nevi,melanocytic nevi,3.91557e-05,3.2423748e-05,0.006012615,5.4191853e-05,0.022899732,0.97095853,3.1894085e-06
5,5,melanocytic nevi,melanocytic nevi,8.154253e-06,6.2930717e-06,0.0047361134,8.312739e-05,0.0040440527,0.9911205,1.7541082e-06
4,5,melanoma,melanocytic nevi,0.00031525287,2.7803024e-05,0.050828796,0.00011249748,0.16033614,0.7883751,4.3874297e-06
2,2,benign keratosis-like lesions,benign keratosis-like lesions,0.0251344,0.29227138,0.59604007,0.011369381,0.018270038,0.045276575,0.0116381
5,5,melanocytic nevi,melanocytic nevi,0.000885288,0.0003435295,0.0067602834,0.0020851395,0.00020111106,0.9895698,0.00015482893
5,5,melanocytic nevi,melanocytic nevi,0.007429786,0.0706104,0.4120554,0.000342349,0.0014842101,0.50798607,9.17236e-05
5,5,melanocytic nevi,melanocytic nevi,3.2956934e-05,1.9913007e-06,0.00071970315,4.9930295e-05,0.00036515953,0.9983113,0.00051895407
5,3,melanocytic nevi,dermatofibroma,0.019821648,0.061056502,0.023153901,0.71710974,0.014378537,0.083383515,0.08109604
5,5,melanocytic nevi,melanocytic nevi,7.934392e-05,5.0585902e-05,0.0061473157,0.0032908649,0.0016088252,0.9878713,0.0009516868
5,5,melanocytic nevi,melanocytic nevi,2.725361e-06,1.1442035e-06,2.0186513e-05,1.6071543e-05,0.00036539824,0.9995914,3.1362554e-06
5,5,melanocytic nevi,melanocytic nevi,2.3583449e-05,4.1819126e-06,0.0029639006,0.001065229,6.724747e-05,0.99532926,0.0005466151
5,5,melanocytic nevi,melanocytic nevi,6.1777237e-06,1.3086831e-06,0.00021493256,0.00010242986,0.001824524,0.99784076,9.861905e-06
5,5,melanocytic nevi,melanocytic nevi,0.00021187657,0.00015063092,0.060562275,0.0012295644,0.10745546,0.83027786,0.00011223325
5,5,melanocytic nevi,melanocytic nevi,6.611573e-06,5.9055736e-07,0.0001580608,0.00016743274,0.00062732573,0.99903935,5.492906e-07
5,5,melanocytic nevi,melanocytic nevi,0.00030504062,0.00017431237,0.06684466,0.0084332,0.001411346,0.92267066,0.0001608517
4,4,melanoma,melanoma,0.0012844765,0.0019997132,0.21139966,0.00046216813,0.5549777,0.2298401,3.6151057e-05
2,2,benign keratosis-like lesions,benign keratosis-like lesions,0.04908901,0.0039379704,0.5589128,0.0049121412,0.35933226,0.023625977,0.00018990421
5,5,melanocytic nevi,melanocytic nevi,6.561536e-07,2.4729277e-06,0.00023816254,8.819893e-05,8.1046725e-05,0.9994173,0.00017217027
2,2,benign keratosis-like lesions,benign keratosis-like lesions,4.1347597e-05,7.611437e-07,0.99120986,2.4457306e-05,0.0020587302,0.0066648615,5.961647e-08
5,5,melanocytic nevi,melanocytic nevi,0.00011408392,6.942751e-06,0.005075002,2.9003959e-05,0.4030449,0.5917299,2.4593822e-07
5,5,melanocytic nevi,melanocytic nevi,2.8327545e-06,1.5880184e-07,0.00040353337,0.00020753159,7.5346186e-05,0.99931026,3.6851966e-07
5,5,melanocytic nevi,melanocytic nevi,4.424141e-05,3.1801163e-05,0.004169705,0.004856258,0.00025641947,0.9906342,7.4663853e-06
5,5,melanocytic nevi,melanocytic nevi,0.0221922,0.0013234662,0.16694614,0.008626442,0.3227426,0.47814137,2.768122e-05
2,5,benign keratosis-like lesions,melanocytic nevi,0.0012483912,0.0002076413,0.24156597,0.06813271,0.07139659,0.61734587,0.0001027947
4,4,melanoma,melanoma,0.00021393286,7.517216e-05,0.007930368,3.4389388e-05,0.98723036,0.003130234,0.001385539
0,0,actinic keratoses and intraepithelial carcinoma,actinic keratoses and intraepithelial carcinoma,0.83816314,0.052340224,0.065965526,0.020854408,0.006980271,0.015146909,0.0005495738
5,5,melanocytic nevi,melanocytic nevi,0.0012834443,7.8360485e-05,0.015413632,0.0013351777,0.035292905,0.9465846,1.1882996e-05
5,5,melanocytic nevi,melanocytic nevi,5.4034612e-05,8.11846e-05,0.013903115,2.4299534e-05,0.06117164,0.9247536,1.2093464e-05
2,2,benign keratosis-like lesions,benign keratosis-like lesions,0.017826367,0.0012737795,0.87046623,0.0033550693,0.04972264,0.057315487,4.048364e-05
3,2,dermatofibroma,benign keratosis-like lesions,0.09902174,0.0069022016,0.6924975,0.072421975,0.08210583,0.04689976,0.00015093487
4,4,melanoma,melanoma,7.803153e-06,4.802679e-07,0.048599962,5.025069e-05,0.9078933,0.043448072,5.7092727e-08
5,5,melanocytic nevi,melanocytic nevi,3.177443e-08,8.356448e-09,2.307157e-06,4.2008682e-07,0.00017365783,0.9998233,3.2092723e-07
5,5,melanocytic nevi,melanocytic nevi,3.7441754e-05,3.728442e-06,0.00076752965,0.0012499584,0.00024148256,0.9976826,1.7400213e-05
2,2,benign keratosis-like lesions,benign keratosis-like lesions,0.0013480526,9.400877e-05,0.94440293,0.00015025855,0.018638821,0.03536186,4.009918e-06
5,5,melanocytic nevi,melanocytic nevi,0.00017489858,1.6348025e-05,0.0022222651,3.185723e-05,0.018272648,0.97928154,4.6840046e-07
5,5,melanocytic nevi,melanocytic nevi,7.671554e-07,1.5954993e-05,0.00017389179,5.9936074e-06,7.263192e-05,0.9996333,9.73556e-05
2,2,benign keratosis-like lesions,benign keratosis-like lesions,0.01630619,0.010343092,0.93758,0.0012536428,0.030756718,0.003652251,0.00010817072
1,1,basal cell carcinoma,basal cell carcinoma,0.097470514,0.76263964,0.051341873,0.00013442291,0.0024155274,0.0832906,0.0027074986
4,2,melanoma,benign keratosis-like lesions,0.18777892,0.12856705,0.48303667,0.12881531,0.039109714,0.03206889,0.0006234661
5,5,melanocytic nevi,melanocytic nevi,0.0068368474,0.0017999626,0.06328124,0.05568146,0.0018018234,0.8703171,0.0002815388
5,5,melanocytic nevi,melanocytic nevi,2.9619194e-05,9.467712e-06,0.00022459174,0.00016171893,0.00025219374,0.99929047,3.1906846e-05
2,2,benign keratosis-like lesions,benign keratosis-like lesions,0.024029132,0.0019505927,0.94484085,0.00072811,0.02567336,0.0026957262,8.216485e-05
1,5,basal cell carcinoma,melanocytic nevi,0.031978235,0.11541027,0.10712911,0.006544328,0.20178926,0.5330207,0.004128133
5,5,melanocytic nevi,melanocytic nevi,7.411894e-06,1.7271077e-07,4.452467e-05,3.702538e-05,0.0005803955,0.999329,1.5993629e-06
4,4,melanoma,melanoma,0.00018518067,1.9453955e-05,0.033101305,4.799867e-05,0.91086435,0.055780977,7.571441e-07
2,2,benign keratosis-like lesions,benign keratosis-like lesions,0.0035045864,0.013631541,0.73810124,0.0017608275,0.0514365,0.19136816,0.00019718826
1,1,basal cell carcinoma,basal cell carcinoma,0.005868087,0.5631441,0.07909798,0.042997032,0.19816303,0.063825496,0.046904333
5,5,melanocytic nevi,melanocytic nevi,1.550678e-06,1.0997463e-06,0.0095101325,0.00070644385,0.00010810611,0.9894996,0.00017308685
5,5,melanocytic nevi,melanocytic nevi,0.018163266,0.00011119989,0.029188557,0.011420762,0.108876295,0.83220494,3.5026824e-05
2,2,benign keratosis-like lesions,benign keratosis-like lesions,0.0076553975,0.0009771249,0.67009634,0.045329105,0.006083822,0.26964745,0.00021078691
5,5,melanocytic nevi,melanocytic nevi,3.819696e-05,0.0002800327,0.005821126,6.7589e-05,6.988109e-05,0.99329597,0.0004271941
5,5,melanocytic nevi,melanocytic nevi,0.0035859598,0.00061243377,0.40134153,0.02905359,0.0237369,0.5406996,0.00096996553
4,2,melanoma,benign keratosis-like lesions,0.008576595,0.00025215468,0.8213173,0.00036194007,0.15837999,0.011106176,5.847817e-06
5,5,melanocytic nevi,melanocytic nevi,0.00096999976,3.0833264e-05,0.017169578,0.00017790913,0.00039298707,0.9812463,1.2309573e-05
5,5,melanocytic nevi,melanocytic nevi,0.002180784,0.00022203969,0.06505415,0.0032684333,0.09063422,0.8352767,0.0033636957
2,2,benign keratosis-like lesions,benign keratosis-like lesions,0.00039905348,1.0802038e-05,0.88064134,0.0013857518,0.020148257,0.09741449,3.5209845e-07
1,1,basal cell carcinoma,basal cell carcinoma,0.020156916,0.54491985,0.092660576,0.01677198,0.054972187,0.2686081,0.0019103793
5,5,melanocytic nevi,melanocytic nevi,0.0035139078,0.002288878,0.09269596,0.0046780333,0.08495473,0.8109633,0.0009052407
1,1,basal cell carcinoma,basal cell carcinoma,0.024053283,0.8279763,0.0030797187,0.12885727,0.0038195357,0.008310524,0.0039033305
4,4,melanoma,melanoma,0.24846403,0.082670584,0.3018933,0.022110343,0.33876202,0.005981566,0.00011817811
5,5,melanocytic nevi,melanocytic nevi,7.266975e-05,2.960509e-05,0.0061211744,0.0009900692,0.000404244,0.99220884,0.00017329861
0,0,actinic keratoses and intraepithelial carcinoma,actinic keratoses and intraepithelial carcinoma,0.8985672,0.0037063176,0.07754803,0.0061817775,0.01257177,0.0012697346,0.00015517809
5,5,melanocytic nevi,melanocytic nevi,0.00012527173,0.0005651975,0.020911155,2.0121253e-05,0.115222365,0.8631299,2.5950878e-05
5,2,melanocytic nevi,benign keratosis-like lesions,0.002996406,0.0045801485,0.5644577,0.0024413753,0.14348991,0.28167087,0.00036355315
2,2,benign keratosis-like lesions,benign keratosis-like lesions,0.009693537,0.0285088,0.7018959,0.0058203475,0.02359151,0.22947453,0.0010153282
5,5,melanocytic nevi,melanocytic nevi,0.0023557397,0.004469085,0.06280638,0.0058340407,0.0034441366,0.91611874,0.0049718623
5,5,melanocytic nevi,melanocytic nevi,1.1765682e-06,1.064168e-06,0.00011611808,0.00027125498,0.000107796564,0.9994772,2.5329853e-05
5,5,melanocytic nevi,melanocytic nevi,0.0038518058,1.8131313e-05,0.0052842186,0.009681633,0.11241671,0.8687226,2.4923496e-05
5,5,melanocytic nevi,melanocytic nevi,6.169263e-05,0.00060831103,0.00058703293,0.00031630232,0.000405392,0.9971535,0.00086770917
5,5,melanocytic nevi,melanocytic nevi,0.00014917953,7.657683e-05,0.029396147,0.0003693632,0.13956942,0.83042,1.9337203e-05
5,5,melanocytic nevi,melanocytic nevi,1.1382976e-05,7.278035e-06,0.080213346,6.669798e-05,0.06363181,0.8560689,5.9517515e-07
5,5,melanocytic nevi,melanocytic nevi,0.0027839874,0.0003197237,0.0031680178,0.0042813844,0.0041207005,0.9852426,8.3467385e-05
4,4,melanoma,melanoma,0.0013558036,0.00027260013,0.025452921,0.0014883744,0.48711652,0.48429468,1.9050376e-05
5,5,melanocytic nevi,melanocytic nevi,9.4772884e-05,5.3613335e-06,0.038935024,7.316452e-05,0.39232162,0.5685688,1.2813199e-06
2,5,benign keratosis-like lesions,melanocytic nevi,0.00013718745,2.4252638e-05,0.3327599,0.00635207,0.31836838,0.34212404,0.00023416795
4,5,melanoma,melanocytic nevi,0.0011753369,0.009297981,0.16192985,0.0077927588,0.24416168,0.57549924,0.0001431996
5,2,melanocytic nevi,benign keratosis-like lesions,1.9892545e-05,4.9574697e-05,0.818461,0.005143923,0.05104155,0.123667926,0.0016161939
5,5,melanocytic nevi,melanocytic nevi,0.00012956756,5.297292e-05,0.005078485,0.0007025493,0.000119757744,0.99335515,0.00056149537
5,1,melanocytic nevi,basal cell carcinoma,0.03398663,0.6043635,0.21244554,0.035534814,0.05678806,0.046908185,0.009973178
0,2,actinic keratoses and intraepithelial carcinoma,benign keratosis-like lesions,0.07810223,0.27476093,0.35782275,0.046501283,0.057600096,0.18421608,0.0009966168
4,4,melanoma,melanoma,4.8521655e-05,1.0704071e-05,0.025270842,1.6223761e-05,0.7134923,0.26114696,1.4493246e-05
5,5,melanocytic nevi,melanocytic nevi,1.664475e-05,2.9784858e-05,0.0027987894,6.226659e-05,0.00010612511,0.9964684,0.0005180403
2,2,benign keratosis-like lesions,benign keratosis-like lesions,0.035608817,0.029254764,0.81979173,0.0047929673,0.056865476,0.0536518,3.4419732e-05
5,5,melanocytic nevi,melanocytic nevi,1.177819e-05,8.846648e-06,0.00017883805,6.443513e-05,0.00071365444,0.999008,1.4439103e-05
5,5,melanocytic nevi,melanocytic nevi,0.0054100878,0.019543843,0.05548284,0.008838555,0.08068493,0.8292363,0.00080340187
2,2,benign keratosis-like lesions,benign keratosis-like lesions,0.0030670187,0.006167879,0.48722887,0.0010808557,0.3498838,0.1524534,0.000118120806
5,5,melanocytic nevi,melanocytic nevi,0.0024657578,0.0007612378,0.0055778287,0.0120855635,0.00899056,0.9698741,0.00024492468
5,5,melanocytic nevi,melanocytic nevi,0.00050863024,0.0010161746,0.097595245,0.0008209193,0.00048823777,0.89780426,0.0017665027
2,2,benign keratosis-like lesions,benign keratosis-like lesions,0.034438435,0.0014546503,0.87195337,0.0127094425,0.060128555,0.019291028,2.4517522e-05
5,5,melanocytic nevi,melanocytic nevi,6.1155756e-06,9.73117e-07,0.0006938248,0.00042803472,6.249212e-05,0.99878234,2.6176482e-05
0,0,actinic keratoses and intraepithelial carcinoma,actinic keratoses and intraepithelial carcinoma,0.898527,0.023959965,0.056887545,0.0070733246,0.011823627,0.0010538283,0.0006746158
2,5,benign keratosis-like lesions,melanocytic nevi,0.014574602,0.009712616,0.058798462,0.0093306145,0.086137354,0.8204151,0.0010312916
5,5,melanocytic nevi,melanocytic nevi,0.0047776815,0.008255331,0.14005592,0.030974448,0.08980279,0.7251903,0.00094355555
5,5,melanocytic nevi,melanocytic nevi,3.0778951e-06,1.1847103e-05,0.005036813,4.2018073e-06,0.0011432008,0.9937261,7.4843665e-05
5,5,melanocytic nevi,melanocytic nevi,1.1194399e-08,4.1971875e-09,2.4355215e-06,1.8747673e-07,0.0002681584,0.99972874,4.5781564e-07
5,5,melanocytic nevi,melanocytic nevi,0.00014931624,5.4792406e-05,0.0069079422,0.0024108451,0.00017381103,0.98969495,0.00060828566
5,5,melanocytic nevi,melanocytic nevi,1.6501064e-05,1.1753673e-05,0.02625323,2.5499214e-05,0.18161228,0.79207766,3.0017275e-06
1,1,basal cell carcinoma,basal cell carcinoma,0.07851838,0.7119214,0.055231024,0.09593628,0.026752457,0.027183145,0.0044573736
5,5,melanocytic nevi,melanocytic nevi,0.000120116616,1.672077e-05,0.0026327264,0.018147545,0.0013898556,0.9776007,9.235246e-05
5,5,melanocytic nevi,melanocytic nevi,0.00019120469,0.0006859964,0.08556335,0.007720691,0.0010827475,0.9046828,7.317036e-05
5,5,melanocytic nevi,melanocytic nevi,0.047573384,0.27420858,0.23765656,0.036360484,0.12621343,0.27773282,0.00025465994
5,5,melanocytic nevi,melanocytic nevi,0.00024169683,0.00013500381,0.101482846,0.2744628,0.0027350371,0.6207958,0.00014680065
5,5,melanocytic nevi,melanocytic nevi,3.382686e-05,0.00014791716,0.0029817733,0.0048264316,9.023224e-05,0.99125975,0.0006599967
2,1,benign keratosis-like lesions,basal cell carcinoma,0.1419065,0.45512128,0.24038737,0.09200326,0.037064817,0.030069133,0.0034477434
5,5,melanocytic nevi,melanocytic nevi,0.014433378,0.019968089,0.16079825,0.10172199,0.23629662,0.46522233,0.0015592688
5,1,melanocytic nevi,basal cell carcinoma,0.056698818,0.4977535,0.09478741,0.08675381,0.1726568,0.08814214,0.003207547
2,2,benign keratosis-like lesions,benign keratosis-like lesions,0.009285648,0.0022387486,0.86265785,0.0045235483,0.06885846,0.052360725,7.5001124e-05
5,5,melanocytic nevi,melanocytic nevi,1.5487636e-06,1.9316385e-05,0.0023803215,1.5343212e-06,0.10999739,0.8875984,1.5189889e-06
1,4,basal cell carcinoma,melanoma,0.008399984,0.01962071,0.01760514,0.20272176,0.7170468,0.0068215714,0.027784057
4,2,melanoma,benign keratosis-like lesions,3.6779053e-05,2.2456495e-06,0.91689116,0.0001499403,0.07409408,0.008825791,2.6735583e-08
5,5,melanocytic nevi,melanocytic nevi,9.847807e-05,1.3512685e-05,0.0027221518,0.0023979542,0.003953332,0.9906426,0.0001719176
5,5,melanocytic nevi,melanocytic nevi,4.872868e-06,5.364218e-07,0.0014796731,0.0001366792,0.0020240932,0.996354,2.3383721e-07
5,5,melanocytic nevi,melanocytic nevi,0.008883861,0.008935884,0.14345482,0.029914975,0.05732837,0.7395832,0.011898874
5,5,melanocytic nevi,melanocytic nevi,3.0085166e-05,2.792964e-05,0.03900736,1.7767932e-05,0.058939554,0.9019739,3.4794602e-06
1,0,basal cell carcinoma,actinic keratoses and intraepithelial carcinoma,0.6135891,0.35966823,0.020432634,0.00425132,0.0010505504,0.00084433495,0.00016382734
5,5,melanocytic nevi,melanocytic nevi,0.020109165,0.036879007,0.28381994,0.03028045,0.31113598,0.31575698,0.0020184885
5,5,melanocytic nevi,melanocytic nevi,0.0021270188,0.0009762788,0.0034233602,0.004440474,0.012050464,0.97642696,0.00055544183
2,2,benign keratosis-like lesions,benign keratosis-like lesions,0.0001729486,7.910782e-05,0.77540463,0.0002768991,0.120743,0.10332031,3.0528274e-06
4,4,melanoma,melanoma,0.00038630012,0.0010626867,0.10376205,0.000480058,0.61080074,0.2834073,0.00010086173
5,5,melanocytic nevi,melanocytic nevi,2.4220366e-08,2.7052828e-08,4.3349146e-06,2.3080145e-05,5.6257354e-06,0.9999654,1.5549152e-06
5,5,melanocytic nevi,melanocytic nevi,1.8274004e-05,9.994018e-06,0.0039389892,0.00074671576,0.0049210214,0.99033034,3.463546e-05
5,5,melanocytic nevi,melanocytic nevi,0.0052181003,0.042101488,0.38323992,0.0069903485,0.06482525,0.49625853,0.0013663074
5,5,melanocytic nevi,melanocytic nevi,0.0007034274,0.0014924393,0.033254553,0.00064266624,0.01969957,0.9441575,4.9832855e-05
5,5,melanocytic nevi,melanocytic nevi,8.761973e-06,5.5186656e-06,0.011426101,0.00036333807,0.009181512,0.9790003,1.4517301e-05
4,1,melanoma,basal cell carcinoma,0.16879483,0.38150185,0.18951851,0.13502471,0.040061604,0.05508768,0.030010814
5,5,melanocytic nevi,melanocytic nevi,4.943658e-07,1.4251944e-07,0.00033235713,0.00018576477,3.780027e-05,0.9994411,2.4407327e-06
5,5,melanocytic nevi,melanocytic nevi,0.0010838805,0.0013079843,0.27292407,0.006180756,0.047928497,0.67049927,7.562185e-05
5,5,melanocytic nevi,melanocytic nevi,9.741252e-06,6.5214044e-07,0.012877765,3.9340262e-05,0.13296607,0.8541062,3.1474758e-07
5,5,melanocytic nevi,melanocytic nevi,1.8704267e-06,3.310286e-07,0.0011136394,2.7548782e-05,0.0147076845,0.98414856,3.2701786e-07
5,5,melanocytic nevi,melanocytic nevi,0.00013996856,3.7445796e-05,0.056249753,7.8944344e-05,0.13494219,0.8085478,3.8693943e-06
4,5,melanoma,melanocytic nevi,8.371316e-05,0.00061703764,0.032041684,0.0012048042,0.29341772,0.672567,6.797801e-05
5,4,melanocytic nevi,melanoma,0.013975939,0.065085515,0.21464019,0.021044929,0.5682582,0.115322754,0.0016724423
5,5,melanocytic nevi,melanocytic nevi,7.1574877e-06,5.871852e-05,0.0055182786,1.6983475e-06,6.833765e-05,0.99424076,0.00010505932
4,4,melanoma,melanoma,6.884522e-05,0.0022485508,0.014332279,0.07920105,0.7698948,0.12828836,0.005966137
5,5,melanocytic nevi,melanocytic nevi,3.5520145e-06,1.6394331e-05,0.0005125341,9.008649e-05,0.000984662,0.9983695,2.329709e-05
5,5,melanocytic nevi,melanocytic nevi,6.11904e-05,0.0003434175,0.012939971,0.00025078113,0.03275569,0.9536433,5.6534013e-06
6,6,vascular lesions,vascular lesions,2.9125813e-05,8.4561085e-05,0.0011717125,0.0012279225,0.02530373,0.009305664,0.9628773
1,2,basal cell carcinoma,benign keratosis-like lesions,0.1616689,0.08983096,0.65617704,0.021497613,0.0452036,0.02157541,0.0040465198
5,2,melanocytic nevi,benign keratosis-like lesions,0.032075837,0.001050964,0.7217521,0.0029792683,0.048301328,0.19378784,5.266012e-05
5,5,melanocytic nevi,melanocytic nevi,0.00012182757,0.00045399475,0.0013363686,0.0021390708,0.031281788,0.964657,9.880883e-06
4,4,melanoma,melanoma,0.00018838649,0.00013517977,0.136101,0.00017037877,0.66904676,0.19435085,7.4521004e-06
5,5,melanocytic nevi,melanocytic nevi,0.00014654112,0.00029934666,0.033673808,0.018822722,0.00248006,0.9442135,0.00036400394
1,3,basal cell carcinoma,dermatofibroma,0.0089526605,0.025430787,0.09215473,0.8518948,0.013439302,0.0074681668,0.0006595243
5,5,melanocytic nevi,melanocytic nevi,5.635617e-06,1.7390247e-06,0.00011326199,6.527304e-05,0.00058673654,0.9992182,9.01725e-06
0,0,actinic keratoses and intraepithelial carcinoma,actinic keratoses and intraepithelial carcinoma,0.8154801,0.04904348,0.10154438,0.0020771925,0.028750705,0.002722254,0.00038193032
5,2,melanocytic nevi,benign keratosis-like lesions,0.00015735545,3.820916e-05,0.58984333,0.0021142296,0.107456505,0.30038464,5.777816e-06
5,5,melanocytic nevi,melanocytic nevi,2.770142e-05,5.7434438e-05,0.014188994,0.0013687721,0.0015399186,0.97950613,0.0033110217
5,5,melanocytic nevi,melanocytic nevi,0.008497055,0.07009526,0.021057568,0.007950947,0.0071102646,0.8734315,0.011857423
5,5,melanocytic nevi,melanocytic nevi,0.001930658,0.0029871617,0.020030562,0.010087904,0.00087438885,0.962792,0.0012974489
5,5,melanocytic nevi,melanocytic nevi,0.0026764455,0.0061217546,0.2396735,0.016808534,0.051277973,0.68319106,0.00025076055
5,5,melanocytic nevi,melanocytic nevi,5.3801505e-05,9.118058e-06,0.0044418387,0.00031992016,0.005543476,0.9896046,2.7262779e-05
5,5,melanocytic nevi,melanocytic nevi,0.0010543521,0.00050669437,0.019717466,0.0018414374,0.19366495,0.78294426,0.00027086755
4,4,melanoma,melanoma,0.08674102,0.032321792,0.30362743,0.097401515,0.35723367,0.120051086,0.002623446
5,5,melanocytic nevi,melanocytic nevi,0.0007049615,0.0045970115,0.017986687,0.010137717,0.011120135,0.93351626,0.02193712
5,4,melanocytic nevi,melanoma,0.07012236,0.012826922,0.0817762,0.005329221,0.54966116,0.27992994,0.00035420712
5,5,melanocytic nevi,melanocytic nevi,0.00019826101,4.7895828e-05,0.028331755,0.0004975605,0.17188197,0.7990358,6.7855235e-06
4,4,melanoma,melanoma,0.009443077,0.005733716,0.42214257,0.008371725,0.4422396,0.10758694,0.0044823457
4,4,melanoma,melanoma,0.0011993684,4.145501e-05,0.16510515,7.9766e-05,0.5364217,0.29715076,1.7916772e-06
6,6,vascular lesions,vascular lesions,5.862299e-06,0.00046531679,1.1891727e-05,0.00079128216,9.056185e-06,0.0033409533,0.99537563
5,5,melanocytic nevi,melanocytic nevi,0.0011885195,0.00013604228,0.0028740638,0.0008260006,0.0025142417,0.9923145,0.00014665205
5,5,melanocytic nevi,melanocytic nevi,5.2907893e-07,1.9136623e-07,2.1138318e-05,3.793815e-06,0.0003501105,0.99962354,6.908154e-07
4,4,melanoma,melanoma,8.785576e-05,0.0012096141,0.0013656867,7.180973e-05,0.9764606,0.019915044,0.00088934024
4,5,melanoma,melanocytic nevi,9.619029e-06,9.2896096e-07,0.000646538,1.9620948e-05,0.09083543,0.90848774,5.5831816e-08
4,4,melanoma,melanoma,0.001100712,0.00047177382,0.060319792,0.00093110424,0.7130713,0.22409032,1.49425505e-05
2,5,benign keratosis-like lesions,melanocytic nevi,0.0007148657,0.00011583066,0.15994583,0.00026787736,0.010185715,0.82876194,7.986525e-06
5,5,melanocytic nevi,melanocytic nevi,0.00024560172,0.00037046065,0.029236356,7.483996e-05,0.013270047,0.9567824,2.0314226e-05
1,4,basal cell carcinoma,melanoma,0.006150716,0.11590521,0.06594301,0.2581248,0.42006847,0.12763764,0.0061700623
5,5,melanocytic nevi,melanocytic nevi,4.4442793e-05,2.7594326e-06,0.00028297488,0.00073922385,0.0003617171,0.9984164,0.00015248965
5,5,melanocytic nevi,melanocytic nevi,0.0011172668,5.585175e-06,0.028695034,0.00042744548,0.32430848,0.6454456,6.0579373e-07
4,5,melanoma,melanocytic nevi,0.012481742,0.038746048,0.24471119,0.010721611,0.32579035,0.367114,0.00043502977
5,5,melanocytic nevi,melanocytic nevi,0.0010259617,0.0021166264,0.004797165,0.0025264253,0.00015192722,0.98871315,0.00066881016
5,5,melanocytic nevi,melanocytic nevi,0.008763176,0.0011334253,0.0019167663,0.00307097,0.029109823,0.9555477,0.0004581745
5,5,melanocytic nevi,melanocytic nevi,0.0031954302,0.00012410858,0.026636412,0.0035154563,0.05906233,0.9074301,3.6080823e-05
5,5,melanocytic nevi,melanocytic nevi,5.1264687e-05,2.917893e-06,0.0008446599,0.0032513526,0.00047722895,0.9953713,1.3381376e-06
2,2,benign keratosis-like lesions,benign keratosis-like lesions,0.0036247496,3.4815497e-05,0.9082448,0.00028125336,0.04007522,0.04773747,1.6687485e-06
5,5,melanocytic nevi,melanocytic nevi,0.00026474844,0.0005893401,0.45873067,0.0036672489,0.0038467313,0.53185505,0.0010461786
5,5,melanocytic nevi,melanocytic nevi,2.3104274e-08,3.2078148e-08,1.0155165e-05,8.013902e-09,0.0003169361,0.99967194,7.954982e-07
5,5,melanocytic nevi,melanocytic nevi,1.4230382e-05,1.0140728e-05,0.00066492084,0.00068108574,0.00050711015,0.99811554,7.047775e-06
5,2,melanocytic nevi,benign keratosis-like lesions,0.0056276927,0.07096503,0.45777592,0.01668396,0.24935888,0.19909838,0.000490117
