y_true,y_pred,true_class,pred_class,prob_0_actinic_keratoses_and_intraepithelial_carcinoma,prob_1_basal_cell_carcinoma,prob_2_benign_keratosis-like_lesions,prob_3_dermatofibroma,prob_4_melanoma,prob_5_melanocytic_nevi,prob_6_vascular_lesions
5,5,melanocytic nevi,melanocytic nevi,1.9650522e-06,9.490312e-06,5.761946e-05,5.7941234e-06,0.0002707707,0.99965286,1.5025653e-06
3,3,dermatofibroma,dermatofibroma,0.096696176,0.37549445,0.052897085,0.43470794,0.0004131271,0.030669395,0.009121842
4,4,melanoma,melanoma,0.016621495,0.011208197,0.15966053,0.0021156678,0.76177955,0.04720622,0.001408398
0,2,actinic keratoses and intraepithelial carcinoma,benign keratosis-like lesions,0.005745505,0.028411882,0.92015666,0.00016221302,0.037580777,0.007858486,8.446956e-05
5,5,melanocytic nevi,melanocytic nevi,3.3077402e-05,6.272267e-05,4.5704925e-05,7.967322e-06,0.06696093,0.9328884,1.2642071e-06
5,5,melanocytic nevi,melanocytic nevi,4.065096e-11,7.342747e-12,3.3551505e-08,4.000367e-09,8.18669e-09,1.0,2.3285784e-09
5,5,melanocytic nevi,melanocytic nevi,2.8570376e-08,2.260732e-08,9.732092e-07,1.2942554e-09,0.00019733547,0.9998016,1.6782657e-08
4,5,melanoma,melanocytic nevi,5.0702223e-08,1.0058696e-07,5.120997e-07,1.36526435e-08,0.0030669176,0.9969324,6.8163657e-09
5,5,melanocytic nevi,melanocytic nevi,8.627255e-15,8.504646e-13,1.874934e-13,5.2156505e-13,3.0045515e-11,1.0,1.5411523e-13
2,2,benign keratosis-like lesions,benign keratosis-like lesions,0.00017603206,1.46635675e-05,0.8115415,0.0020964637,1.8758172e-07,0.18617027,9.568232e-07
1,1,basal cell carcinoma,basal cell carcinoma,0.0057759825,0.987668,0.003238222,0.0011105359,0.00042534113,0.0015554173,0.00022650197
5,5,melanocytic nevi,melanocytic nevi,1.882272e-17,8.515623e-16,1.3094604e-15,8.4048665e-15,4.312955e-13,1.0,2.3505818e-17
4,4,melanoma,melanoma,0.00013018803,3.1555028e-05,0.0046782754,6.79778e-05,0.9809692,0.014110404,1.24414955e-05
5,5,melanocytic nevi,melanocytic nevi,9.27342e-18,3.477812e-14,2.0344919e-17,7.8140217e-11,2.3940015e-16,1.0,4.5706603e-14
5,5,melanocytic nevi,melanocytic nevi,1.21078e-07,7.7673256e-08,2.8431364e-06,2.2406623e-06,0.000399459,0.9995952,1.1129811e-07
4,4,melanoma,melanoma,1.0999507e-05,1.3519855e-06,0.0013037138,2.7624094e-06,0.98965186,0.009026475,2.7959527e-06
4,4,melanoma,melanoma,1.1523856e-06,1.130292e-07,2.4052862e-05,1.0743229e-06,0.5341116,0.4658609,1.0288419e-06
2,2,benign keratosis-like lesions,benign keratosis-like lesions,4.732293e-07,1.8422709e-07,0.9955853,3.2168344e-07,0.0001818898,0.004231706,2.57353e-08
5,5,melanocytic nevi,melanocytic nevi,2.1825584e-09,2.0970582e-08,0.045485683,1.2499884e-09,3.1481356e-08,0.9545143,1.8477295e-09
2,2,benign keratosis-like lesions,benign keratosis-like lesions,0.00014043422,0.00011655135,0.97465193,5.2073196e-06,0.002650982,0.022433471,1.3887131e-06
5,5,melanocytic nevi,melanocytic nevi,4.7510298e-11,4.5916235e-10,7.669171e-08,2.258468e-10,1.5368828e-06,0.99999833,1.0941651e-10
5,4,melanocytic nevi,melanoma,0.0006885395,2.2797434e-05,0.07691966,0.0041502803,0.67317957,0.24489741,0.00014172721
5,5,melanocytic nevi,melanocytic nevi,0.00010800658,0.0005154232,0.0013330776,0.0011465722,0.0030703326,0.9938036,2.302149e-05
5,5,melanocytic nevi,melanocytic nevi,2.9038005e-12,1.5942409e-12,1.1906758e-10,1.1402169e-10,9.478887e-08,0.9999999,2.7321433e-12
5,5,melanocytic nevi,melanocytic nevi,0.009445889,0.07455707,0.0016210718,0.009614366,0.30632952,0.5974779,0.00095414754
5,5,melanocytic nevi,melanocytic nevi,1.5718662e-07,4.7063816e-07,7.085946e-07,7.864842e-07,0.0015541248,0.9984376,6.2228214e-06
5,5,melanocytic nevi,melanocytic nevi,1.1313052e-09,7.086523e-07,2.5055414e-07,3.3601902e-06,1.2433522e-08,0.99977475,0.00022098856
5,5,melanocytic nevi,melanocytic nevi,0.000733713,0.0027473164,0.24483658,1.8346682e-05,0.06351497,0.6879787,0.00017030264
5,5,melanocytic nevi,melanocytic nevi,1.2127682e-11,1.6577588e-11,9.488769e-11,2.3556573e-10,1.8540204e-09,1.0,7.233967e-09
2,2,benign keratosis-like lesions,benign keratosis-like lesions,0.032946814,0.006177767,0.7403409,0.004272003,0.21380886,0.0019108169,0.0005428361
5,5,melanocytic nevi,melanocytic nevi,2.6518826e-14,1.6116166e-11,4.5130963e-10,3.4111745e-11,1.370193e-10,1.0,1.8717783e-10
5,5,melanocytic nevi,melanocytic nevi,1.9688053e-12,7.559664e-12,8.27302e-10,5.5608653e-11,2.4178139e-08,1.0,5.425625e-12
4,4,melanoma,melanoma,0.009179135,0.00017950658,0.34291565,0.00028882353,0.58865887,0.05854055,0.0002374151
5,5,melanocytic nevi,melanocytic nevi,3.5045702e-11,1.9465946e-12,1.7048976e-09,1.1078257e-11,5.6477865e-07,0.9999994,1.6077433e-12
2,1,benign keratosis-like lesions,basal cell carcinoma,0.09631646,0.5585677,0.2715307,0.017599244,0.01762933,0.033983916,0.004372644
2,2,benign keratosis-like lesions,benign keratosis-like lesions,0.11348006,0.00015575468,0.80149657,0.0048049334,0.07902351,0.00097048486,6.875586e-05
2,2,benign keratosis-like lesions,benign keratosis-like lesions,0.00058348424,7.0179317e-06,0.87279254,1.1741765e-05,0.021583803,0.1050204,1.0767695e-06
5,5,melanocytic nevi,melanocytic nevi,2.7866355e-20,8.383655e-18,4.3483402e-17,1.5595599e-17,1.5746454e-13,1.0,3.5231267e-17
2,2,benign keratosis-like lesions,benign keratosis-like lesions,2.6602595e-06,7.867707e-08,0.99997306,9.5381544e-08,3.4458078e-06,2.0648875e-05,1.6643151e-09
1,1,basal cell carcinoma,basal cell carcinoma,0.00015798984,0.9836231,6.0091897e-05,0.0003844585,0.00068179175,0.0032623,0.01183036
5,5,melanocytic nevi,melanocytic nevi,1.9630404e-05,0.0001135337,0.0014147654,2.8346135e-06,0.23645562,0.76195896,3.4721586e-05
5,5,melanocytic nevi,melanocytic nevi,9.587826e-07,4.344933e-07,3.377027e-06,1.9873128e-06,0.0010375661,0.998955,5.9714864e-07
5,5,melanocytic nevi,melanocytic nevi,6.220408e-14,1.2446287e-12,7.3606394e-08,2.5075e-12,1.2988973e-09,0.9999999,2.7834367e-13
5,5,melanocytic nevi,melanocytic nevi,3.6003023e-13,2.6485491e-11,1.3447151e-11,1.0926495e-11,4.2870474e-06,0.9999957,1.4648714e-10
5,5,melanocytic nevi,melanocytic nevi,2.460351e-13,1.6589085e-13,5.1080005e-11,9.547535e-11,1.7270629e-09,1.0,1.064291e-12
1,5,basal cell carcinoma,melanocytic nevi,0.050823223,0.11047631,0.08944787,0.0027394372,0.26099786,0.48513645,0.00037888132
5,5,melanocytic nevi,melanocytic nevi,4.518502e-11,7.346935e-08,5.645145e-09,3.148253e-09,9.303192e-08,0.99999976,4.7454893e-09
5,5,melanocytic nevi,melanocytic nevi,3.4962031e-06,7.4773257e-06,0.0018942251,1.9338488e-05,9.5854375e-05,0.99736685,0.00061284425
5,5,melanocytic nevi,melanocytic nevi,2.002459e-10,2.950529e-08,2.992772e-08,6.268254e-08,5.558645e-07,0.9999993,4.920544e-08
5,5,melanocytic nevi,melanocytic nevi,0.0029081667,0.00049175083,0.049623005,0.0007123637,0.34693044,0.59858006,0.0007541316
5,5,melanocytic nevi,melanocytic nevi,0.00048349006,2.4488463e-06,0.0016015503,3.4500983e-06,4.497934e-05,0.99785715,6.87094e-06
5,5,melanocytic nevi,melanocytic nevi,2.52441e-05,6.941754e-05,0.0002307358,2.4878716e-05,0.10768229,0.8919529,1.4602293e-05
5,5,melanocytic nevi,melanocytic nevi,3.4960828e-17,4.0211605e-16,1.091961e-14,1.5931148e-14,7.278956e-11,1.0,5.6535516e-16
5,5,melanocytic nevi,melanocytic nevi,1.61918e-05,2.3055409e-05,0.00020632558,0.00010531749,0.11274469,0.886897,7.3754327e-06
5,5,melanocytic nevi,melanocytic nevi,8.6848894e-07,5.2904323e-07,0.000217846,3.8768656e-05,0.04843509,0.95130676,1.0096756e-07
2,2,benign keratosis-like lesions,benign keratosis-like lesions,2.7632654e-05,5.077251e-06,0.9305162,3.3578137e-06,0.062319204,0.0071282443,2.7556385e-07
3,3,dermatofibroma,dermatofibroma,0.0004997626,5.0808576e-06,0.004159552,0.9933925,0.0012096873,0.0006966065,3.680484e-05
2,2,benign keratosis-like lesions,benign keratosis-like lesions,0.015956772,0.0012324733,0.53594947,0.005204676,0.010768296,0.43073532,0.00015302411
5,5,melanocytic nevi,melanocytic nevi,4.669317e-13,1.02307616e-11,1.4089498e-10,2.612159e-10,2.1979527e-09,1.0,2.4297698e-11
5,5,melanocytic nevi,melanocytic nevi,1.4913843e-05,6.387081e-07,0.0010012733,2.3546334e-05,0.0062328745,0.99272186,4.9827695e-06
5,5,melanocytic nevi,melanocytic nevi,1.03440057e-13,7.598123e-14,1.5947779e-10,3.846669e-12,2.3703772e-10,1.0,1.8893554e-12
5,5,melanocytic nevi,melanocytic nevi,3.2271244e-05,2.8570937e-06,0.00020040797,0.0007417009,0.0036932537,0.99532217,7.378312e-06
0,0,actinic keratoses and intraepithelial carcinoma,actinic keratoses and intraepithelial carcinoma,0.45812297,0.4542156,0.055923726,0.008910913,0.021362929,0.0005656262,0.00089825667
5,5,melanocytic nevi,melanocytic nevi,1.1041835e-05,6.0550934e-07,0.023988822,0.00020260942,0.00080743636,0.9749737,1.5834568e-05
5,5,melanocytic nevi,melanocytic nevi,7.284797e-14,2.1283448e-12,3.4820074e-11,6.736825e-13,8.7677e-06,0.9999912,6.253645e-12
5,5,melanocytic nevi,melanocytic nevi,0.0002487983,0.0041571865,0.111977495,0.03266311,0.047406275,0.80090773,0.002639416
4,5,melanoma,melanocytic nevi,9.813885e-06,3.75597e-07,0.004875964,2.0414374e-05,0.06299354,0.93209916,6.711743e-07
5,5,melanocytic nevi,melanocytic nevi,1.1229815e-12,7.341278e-11,1.1938782e-09,9.0782465e-11,2.1717478e-06,0.99999785,3.5800754e-13
4,4,melanoma,melanoma,0.0021569575,4.0088024e-05,0.017024435,5.0599588e-06,0.97925985,0.0015033169,1.0217422e-05
5,1,melanocytic nevi,basal cell carcinoma,0.05538669,0.33159763,0.2726753,0.005317422,0.12778054,0.17857961,0.028662734
5,5,melanocytic nevi,melanocytic nevi,2.1087747e-06,1.962875e-07,0.00026670177,1.3273658e-06,2.2990724e-05,0.99970645,2.694563e-07
5,5,melanocytic nevi,melanocytic nevi,1.3368792e-12,1.2100859e-10,2.038537e-11,9.45034e-09,1.1501426e-07,0.99999976,1.3294576e-07
1,1,basal cell carcinoma,basal cell carcinoma,0.0071595497,0.9922293,0.00021233405,0.00034885822,7.729607e-06,1.8090905e-05,2.4270399e-05
3,3,dermatofibroma,dermatofibroma,3.411193e-05,0.0019770905,9.3355215e-05,0.85251755,4.1683656e-08,0.14264296,0.002734852
4,5,melanoma,melanocytic nevi,0.019394096,0.011433474,0.03285852,0.0075372066,0.056602046,0.87083334,0.001341339
5,5,melanocytic nevi,melanocytic nevi,3.9172097e-09,3.8266845e-10,8.4014863e-07,8.657673e-08,4.246509e-08,0.99999905,2.3379398e-09
5,5,melanocytic nevi,melanocytic nevi,5.758721e-09,1.8415856e-08,3.4330228e-08,5.5478058e-08,1.4169995e-05,0.9999857,1.1595588e-08
4,4,melanoma,melanoma,5.1013863e-06,5.4765155e-07,0.0010372738,6.9716356e-07,0.9958324,0.0031232995,7.018538e-07
5,5,melanocytic nevi,melanocytic nevi,4.3298516e-13,7.856955e-12,1.8715095e-11,3.945911e-09,7.06555e-11,1.0,1.5200696e-12
5,5,melanocytic nevi,melanocytic nevi,9.086948e-13,3.9109787e-12,3.4978537e-10,2.9356395e-10,2.5391892e-06,0.9999975,1.5524979e-10
5,5,melanocytic nevi,melanocytic nevi,2.5769084e-15,3.4538372e-13,6.791225e-13,7.952458e-14,5.820904e-11,1.0,2.558832e-14
5,5,melanocytic nevi,melanocytic nevi,7.620224e-08,1.2652957e-08,2.978648e-05,7.7717306e-07,0.047540616,0.9524287,3.0776565e-08
5,5,melanocytic nevi,melanocytic nevi,3.7596673e-13,1.0817189e-13,3.2139222e-11,3.0262373e-09,8.354804e-12,1.0,1.9718427e-11
5,2,melanocytic nevi,benign keratosis-like lesions,0.027901027,0.004810069,0.755679,0.0025207729,0.15558659,0.052660365,0.00084228866
5,5,melanocytic nevi,melanocytic nevi,2.3131035e-12,1.6667225e-10,6.091561e-10,2.8968847e-09,1.7073668e-07,0.9999999,2.659819e-11
5,5,melanocytic nevi,melanocytic nevi,6.32419e-10,8.841259e-09,9.901098e-09,5.973356e-09,9.722704e-11,1.0,5.174241e-10
4,4,melanoma,melanoma,0.00021951013,0.000275858,0.000823141,4.5534136e-05,0.9980422,0.00058554625,8.114037e-06
5,5,melanocytic nevi,melanocytic nevi,3.529018e-08,3.715702e-08,4.345714e-07,5.584104e-08,0.035552252,0.964447,1.4921976e-07
5,5,melanocytic nevi,melanocytic nevi,6.0725217e-11,4.1145382e-10,8.2697543e-10,2.2828877e-08,9.708218e-10,1.0,7.3627424e-09
5,5,melanocytic nevi,melanocytic nevi,6.3376873e-09,3.2811138e-09,6.478729e-06,6.1807873e-07,0.00040764248,0.9995852,9.4737596e-09
5,5,melanocytic nevi,melanocytic nevi,1.0857841e-06,9.27426e-06,0.00015937499,7.84882e-06,0.000952179,0.99884343,2.682409e-05
5,5,melanocytic nevi,melanocytic nevi,6.90974e-11,6.9249956e-10,1.079786e-08,1.7919639e-09,7.8352365e-09,1.0,1.0526248e-11
1,2,basal cell carcinoma,benign keratosis-like lesions,0.00013636288,0.036160477,0.8143525,0.0007863864,0.005160104,0.14267033,0.0007337281
5,5,melanocytic nevi,melanocytic nevi,6.0732076e-05,0.000113248745,0.0013387046,3.758909e-05,0.10697434,0.8914694,5.9594145e-06
5,5,melanocytic nevi,melanocytic nevi,0.00017985966,8.264472e-05,0.052929763,3.447971e-05,0.15023346,0.79652953,1.0138881e-05
5,5,melanocytic nevi,melanocytic nevi,3.0325342e-09,4.347969e-08,2.4931819e-09,4.3048507e-09,3.988264e-07,0.99999964,4.5414307e-08
4,4,melanoma,melanoma,0.016831508,0.00017972542,0.007004401,0.028184323,0.66229,0.2847166,0.0007934465
5,5,melanocytic nevi,melanocytic nevi,1.0741197e-05,1.1031034e-06,0.00017271255,3.356112e-06,1.8571307e-05,0.99979347,2.7132861e-08
5,5,melanocytic nevi,melanocytic nevi,0.0013532849,0.0022331919,0.003684352,0.00047396365,0.037622254,0.95449966,0.00013325698
5,5,melanocytic nevi,melanocytic nevi,5.866762e-14,2.1204663e-12,5.8367634e-13,4.4062427e-12,5.201951e-09,1.0,3.0704126e-13
4,4,melanoma,melanoma,1.3391613e-06,2.302095e-07,0.0005744074,4.0747804e-07,0.9830169,0.0164057,8.834929e-07
5,1,melanocytic nevi,basal cell carcinoma,0.013167222,0.7848513,0.10487875,0.0013052529,0.051981956,0.042682808,0.0011326534
5,5,melanocytic nevi,melanocytic nevi,0.00904816,0.00038029632,0.013611905,0.015148503,0.010993136,0.95026684,0.00055120327
5,5,melanocytic nevi,melanocytic nevi,4.1671965e-06,3.6988176e-06,5.4325305e-06,2.3447961e-05,7.893114e-06,0.9999547,7.5890574e-07
5,5,melanocytic nevi,melanocytic nevi,0.00079406187,0.00019426798,0.20042785,0.0011584513,0.017814739,0.779582,2.8630138e-05
2,2,benign keratosis-like lesions,benign keratosis-like lesions,8.875822e-05,1.3205345e-05,0.99108887,1.3811329e-05,0.0024207411,0.006371475,3.075277e-06
5,5,melanocytic nevi,melanocytic nevi,1.0215306e-08,4.866133e-07,6.267108e-07,7.230475e-08,0.08007859,0.9199202,1.3616608e-08
5,5,melanocytic nevi,melanocytic nevi,2.6273827e-15,9.4270234e-14,3.0009117e-13,1.0912874e-12,7.896599e-09,1.0,2.381923e-12
5,5,melanocytic nevi,melanocytic nevi,0.0002094596,1.3732982e-05,0.0006952698,1.5319823e-05,0.04951171,0.9495407,1.3780986e-05
5,5,melanocytic nevi,melanocytic nevi,0.0003528251,0.00026768213,0.0064784577,0.00031392975,0.49017578,0.5023336,7.7735305e-05
5,5,melanocytic nevi,melanocytic nevi,1.8924307e-09,1.3853726e-08,9.378073e-08,4.3725617e-08,1.3509022e-07,0.99999976,3.7234546e-10
3,0,dermatofibroma,actinic keratoses and intraepithelial carcinoma,0.48347208,0.1649952,0.32158694,0.019535463,0.0015179805,0.008021124,0.0008712948
5,5,melanocytic nevi,melanocytic nevi,2.4718724e-11,3.8621755e-11,4.123984e-09,1.828597e-09,8.137421e-08,0.9999999,3.8997573e-11
5,4,melanocytic nevi,melanoma,6.4427226e-08,4.4986457e-08,1.1752478e-06,6.184984e-08,0.7050697,0.29492873,1.2671256e-07
1,1,basal cell carcinoma,basal cell carcinoma,0.052787628,0.9086212,0.005144141,0.025054779,0.0018015766,0.0023039836,0.0042867144
5,5,melanocytic nevi,melanocytic nevi,1.3883949e-06,9.31083e-07,6.7683973e-06,8.618204e-06,0.00023224535,0.99974984,1.0328105e-07
5,5,melanocytic nevi,melanocytic nevi,4.232603e-10,3.6080666e-10,6.323854e-07,8.833225e-09,4.0690364e-05,0.99995875,1.4233672e-09
5,5,melanocytic nevi,melanocytic nevi,5.576341e-09,1.7052039e-06,2.1671182e-08,4.32922e-06,0.00016805356,0.99982375,2.142923e-06
2,5,benign keratosis-like lesions,melanocytic nevi,0.021559972,0.0005290556,0.05398766,0.04403763,0.0014290021,0.87692827,0.0015284305
5,5,melanocytic nevi,melanocytic nevi,1.7563984e-14,7.799224e-14,3.4285654e-14,2.6383205e-11,3.985523e-13,1.0,3.9585132e-10
4,4,melanoma,melanoma,5.331998e-05,1.976945e-07,0.088053815,6.897151e-07,0.91130924,0.0005823289,4.6731518e-07
5,5,melanocytic nevi,melanocytic nevi,4.4310177e-13,3.666922e-11,9.2679144e-08,3.8607246e-11,7.853984e-09,0.9999999,5.4393384e-10
5,5,melanocytic nevi,melanocytic nevi,3.8828235e-10,1.2694691e-10,1.5696709e-06,2.2841908e-08,4.831478e-10,0.99999845,1.0107554e-09
5,5,melanocytic nevi,melanocytic nevi,8.8496063e-17,8.8424575e-16,6.0022686e-14,1.7132586e-14,1.08664786e-07,0.9999999,6.9141714e-14
5,5,melanocytic nevi,melanocytic nevi,1.4151484e-12,8.911421e-12,3.161308e-11,7.564172e-10,5.0077777e-08,1.0,1.5872846e-11
4,5,melanoma,melanocytic nevi,0.00023989286,0.0006364174,0.0042103534,9.221866e-05,0.18835504,0.80627245,0.00019362397
5,5,melanocytic nevi,melanocytic nevi,7.7563365e-11,1.298061e-09,7.70073e-12,5.202805e-06,5.0814812e-12,0.99999475,4.5172777e-09
2,2,benign keratosis-like lesions,benign keratosis-like lesions,0.00055992353,0.0010213052,0.9906324,7.777364e-05,0.005051702,0.002644817,1.1945016e-05
4,4,melanoma,melanoma,2.1292301e-10,2.2852642e-09,4.131551e-08,8.821202e-11,0.9999939,5.8180094e-06,2.152221e-07
5,5,melanocytic nevi,melanocytic nevi,1.0507658e-09,5.4677463e-09,2.7339058e-07,3.64182e-08,6.4028555e-08,0.9999995,3.0489646e-09
4,5,melanoma,melanocytic nevi,3.7581236e-07,1.16718e-06,2.7220408e-06,1.9049738e-06,0.02297409,0.97701967,2.5668815e-08
2,2,benign keratosis-like lesions,benign keratosis-like lesions,4.9559308e-06,4.6404017e-07,0.8465752,6.093042e-07,0.047444817,0.10597294,9.909157e-07
1,2,basal cell carcinoma,benign keratosis-like lesions,0.0008648068,0.084989734,0.86407447,0.035131186,0.00097348046,0.011637022,0.0023292762
5,5,melanocytic nevi,melanocytic nevi,3.084714e-07,1.6866474e-06,0.00013746704,5.4684442e-08,0.0069241365,0.9929361,2.0257e-07
5,2,melanocytic nevi,benign keratosis-like lesions,0.0019150111,0.002862163,0.87590575,0.00047837145,0.043400545,0.0752118,0.00022645286
5,5,melanocytic nevi,melanocytic nevi,1.6050448e-16,4.166921e-15,1.02692845e-13,5.508809e-15,3.232451e-11,1.0,1.1895641e-13
5,5,melanocytic nevi,melanocytic nevi,5.258275e-12,3.848225e-12,3.242778e-10,2.2949205e-11,2.4856865e-08,1.0,3.1349044e-12
4,4,melanoma,melanoma,0.00046270713,6.166117e-05,0.03143787,1.7571387e-05,0.96292865,0.0050825616,8.905186e-06
5,5,melanocytic nevi,melanocytic nevi,1.2496668e-06,9.2307624e-07,4.15482e-06,3.8937878e-07,0.033984732,0.9660086,2.0050491e-08
2,2,benign keratosis-like lesions,benign keratosis-like lesions,3.121075e-10,1.2197218e-11,0.99992657,3.7695102e-08,2.1915416e-09,7.341128e-05,3.066737e-11
4,4,melanoma,melanoma,0.00015246053,0.0043270234,0.00021068245,2.9183087e-05,0.9922775,0.0027063296,0.00029674516
5,5,melanocytic nevi,melanocytic nevi,9.992607e-15,4.685903e-13,1.1276755e-09,2.480822e-12,1.1612557e-11,1.0,4.3714796e-11
5,5,melanocytic nevi,melanocytic nevi,2.002515e-06,1.0032671e-06,0.0005139852,3.8199796e-05,4.869612e-05,0.9993912,4.85267e-06
2,2,benign keratosis-like lesions,benign keratosis-like lesions,8.540033e-09,6.1220423e-10,0.998976,7.22952e-10,1.9921161e-07,0.0010238872,7.677259e-12
5,5,melanocytic nevi,melanocytic nevi,7.064105e-07,3.699488e-06,0.010202927,2.5253785e-06,3.0925537e-06,0.9897857,1.4438797e-06
2,2,benign keratosis-like lesions,benign keratosis-like lesions,6.488184e-05,5.055972e-07,0.9972282,5.476366e-06,0.0024186284,0.00028167907,6.704318e-07
5,5,melanocytic nevi,melanocytic nevi,3.927916e-05,0.00016656675,0.0042728465,1.985772e-05,0.01940938,0.9760778,1.4289494e-05
5,5,melanocytic nevi,melanocytic nevi,8.283645e-09,2.1996351e-07,9.2345384e-05,9.578216e-09,3.3370327e-06,0.9999039,7.58129e-08
5,5,melanocytic nevi,melanocytic nevi,2.5835348e-13,1.1222143e-13,2.610743e-07,4.437462e-13,1.2880796e-08,0.99999976,1.9028166e-11
5,5,melanocytic nevi,melanocytic nevi,1.2782748e-12,4.540134e-11,3.0425212e-10,4.1518416e-10,1.8307834e-07,0.99999976,1.0494111e-11
5,5,melanocytic nevi,melanocytic nevi,4.183639e-08,5.040382e-06,2.6746056e-07,1.910454e-07,0.0072284606,0.9927658,1.2425278e-07
5,5,melanocytic nevi,melanocytic nevi,3.966566e-12,3.1590355e-11,1.1308265e-09,2.2358861e-08,1.216446e-09,1.0,1.4763994e-08
5,5,melanocytic nevi,melanocytic nevi,2.0783705e-12,8.846288e-12,3.3886691e-09,7.8001916e-10,2.3564573e-10,1.0,6.8870826e-11
5,5,melanocytic nevi,melanocytic nevi,5.2683736e-11,4.111184e-11,6.603533e-08,1.2005633e-10,5.240048e-07,0.9999994,1.4892486e-10
4,4,melanoma,melanoma,0.000101293466,8.917005e-05,0.00029450824,2.3401419e-05,0.6251649,0.37426016,6.65232e-05
5,5,melanocytic nevi,melanocytic nevi,0.00028124795,0.00027504296,0.00029747773,0.00023669608,0.0057349717,0.9931044,7.0202106e-05
5,5,melanocytic nevi,melanocytic nevi,5.806982e-13,4.0391964e-11,6.3930345e-12,4.3693434e-12,2.3036115e-08,1.0,8.979258e-12
5,5,melanocytic nevi,melanocytic nevi,1.5027267e-08,1.09208095e-07,1.2778069e-06,4.3991434e-07,0.022072926,0.9779252,9.266157e-09
4,5,melanoma,melanocytic nevi,0.001034451,0.00038513582,0.010282212,0.0007265071,0.0021984838,0.9852386,0.00013460951
2,2,benign keratosis-like lesions,benign keratosis-like lesions,0.0003541589,4.116245e-06,0.9992418,8.122643e-06,0.00015420045,0.00023737749,1.8481592e-07
5,5,melanocytic nevi,melanocytic nevi,3.4212002e-16,7.9622435e-15,2.5746695e-14,1.0662904e-12,3.0140075e-13,1.0,6.524601e-15
1,5,basal cell carcinoma,melanocytic nevi,0.0051006107,0.002062114,0.0147238,0.00078835175,0.10438244,0.87261593,0.00032670007
5,5,melanocytic nevi,melanocytic nevi,2.0977346e-05,1.5905607e-05,6.2196756e-05,1.2490962e-06,0.09287029,0.90702605,3.2791816e-06
2,5,benign keratosis-like lesions,melanocytic nevi,0.00046567392,6.332026e-05,0.18027148,0.0057328576,0.31757826,0.49571043,0.00017801675
5,5,melanocytic nevi,melanocytic nevi,5.51638e-07,6.114806e-05,0.0021349965,3.7287694e-07,1.6579294e-07,0.99777263,3.0153276e-05
2,2,benign keratosis-like lesions,benign keratosis-like lesions,0.0012310739,0.0019009943,0.7331273,0.00077375676,0.017290685,0.24547286,0.00020330357
5,5,melanocytic nevi,melanocytic nevi,0.0003979847,0.00022783024,0.014684184,0.0005697699,0.09552971,0.88857037,2.0104673e-05
5,5,melanocytic nevi,melanocytic nevi,1.04797004e-10,1.970864e-09,7.95636e-10,2.2103048e-09,0.00018658816,0.9998134,7.527444e-10
0,0,actinic keratoses and intraepithelial carcinoma,actinic keratoses and intraepithelial carcinoma,0.9822797,0.0007180955,0.002341949,0.014590124,3.8793765e-05,2.8758945e-05,2.6271275e-06
1,1,basal cell carcinoma,basal cell carcinoma,0.0074185804,0.93389183,0.008078446,0.0067447238,0.0020713555,0.041154847,0.00064011745
4,4,melanoma,melanoma,0.0005864325,0.0021590171,0.0034327267,0.00026131124,0.945446,0.047066595,0.0010479514
5,5,melanocytic nevi,melanocytic nevi,1.4689248e-08,1.606352e-09,2.2140617e-05,4.5442854e-07,1.7539459e-07,0.9999771,1.5846638e-07
5,5,melanocytic nevi,melanocytic nevi,3.223127e-13,2.4823056e-14,1.2899679e-12,5.4441446e-10,3.734774e-09,1.0,5.0901024e-12
5,5,melanocytic nevi,melanocytic nevi,2.4224402e-05,9.9555415e-05,0.0007221348,8.260461e-06,0.002220959,0.9965174,0.0004074285
5,5,melanocytic nevi,melanocytic nevi,1.2723145e-14,3.896051e-13,2.746812e-11,6.73631e-12,1.48665125e-08,1.0,1.0493488e-12
6,3,vascular lesions,dermatofibroma,0.01092371,0.015650483,0.028006231,0.28863028,0.24839813,0.18976817,0.21862301
5,5,melanocytic nevi,melanocytic nevi,2.7316184e-15,4.8115473e-14,5.5029098e-14,4.811256e-13,1.7993952e-10,1.0,3.1793759e-15
4,5,melanoma,melanocytic nevi,0.008787671,0.0009302304,0.22865905,0.0010493555,0.21187305,0.5482326,0.00046809533
2,2,benign keratosis-like lesions,benign keratosis-like lesions,0.00020586226,6.77061e-05,0.84875536,0.0002515736,0.008132229,0.14257497,1.2354728e-05
1,4,basal cell carcinoma,melanoma,0.0029354976,0.017452687,0.0017340922,0.0006762409,0.7706739,0.20584889,0.0006786216
5,5,melanocytic nevi,melanocytic nevi,3.0223404e-09,1.3334632e-08,9.381065e-09,1.9811818e-08,1.0654e-06,0.9999989,1.345565e-09
5,5,melanocytic nevi,melanocytic nevi,5.231672e-13,2.4518927e-11,4.079533e-12,7.280695e-10,4.6215427e-09,1.0,1.9801656e-10
2,0,benign keratosis-like lesions,actinic keratoses and intraepithelial carcinoma,0.8792704,0.0005935443,0.030475214,0.06997434,0.019086411,0.0005276085,7.243835e-05
5,5,melanocytic nevi,melanocytic nevi,1.3578446e-05,0.0001232036,0.0020672972,5.8507845e-05,0.0034008056,0.9942597,7.6840246e-05
5,5,melanocytic nevi,melanocytic nevi,7.1794105e-08,2.8178232e-07,0.00010904028,9.146466e-06,1.6822847e-07,0.99988115,7.347927e-08
5,2,melanocytic nevi,benign keratosis-like lesions,0.00018993179,5.3152267e-05,0.9703747,6.186723e-05,0.0010137683,0.02829962,6.915488e-06
5,5,melanocytic nevi,melanocytic nevi,2.8592518e-15,3.9896683e-13,3.2251748e-13,2.6773668e-13,4.422961e-10,1.0,8.4760276e-14
2,1,benign keratosis-like lesions,basal cell carcinoma,0.0873288,0.763392,0.139952,0.0016871116,0.0017481925,0.004776018,0.0011159765
2,2,benign keratosis-like lesions,benign keratosis-like lesions,0.0013589952,0.0025574975,0.99172896,0.00016400161,0.0026064033,0.001506047,7.80913e-05
0,0,actinic keratoses and intraepithelial carcinoma,actinic keratoses and intraepithelial carcinoma,0.9571703,0.000417464,0.0257685,0.0001242596,0.016285555,0.00023099866,2.9124815e-06
5,5,melanocytic nevi,melanocytic nevi,2.1426082e-10,4.2933668e-10,1.136944e-09,2.5624988e-06,1.6112446e-10,0.9999974,8.599161e-10
4,5,melanoma,melanocytic nevi,3.4084238e-05,3.9689808e-06,0.025479287,0.0001899764,0.4527254,0.52156425,3.021377e-06
2,5,benign keratosis-like lesions,melanocytic nevi,2.6513686e-07,1.222232e-06,0.016504368,1.4015224e-05,0.40943477,0.5740371,8.300309e-06
5,5,melanocytic nevi,melanocytic nevi,9.0837005e-07,2.0283811e-05,0.00018238081,7.4794734e-08,0.0003733492,0.9994179,5.066655e-06
4,4,melanoma,melanoma,0.00039442728,0.00072272465,0.0041307146,0.0006697491,0.8974461,0.0960783,0.0005579763
5,5,melanocytic nevi,melanocytic nevi,4.2386094e-07,9.811306e-07,1.3340297e-06,2.1892372e-06,0.046034057,0.95395935,1.7384896e-06
5,5,melanocytic nevi,melanocytic nevi,9.8554345e-11,1.4574258e-09,1.159044e-07,4.365812e-08,3.5604775e-09,0.9999999,2.5070412e-08
5,5,melanocytic nevi,melanocytic nevi,1.8787833e-06,6.257873e-07,7.369022e-05,1.5192421e-06,0.011495667,0.98842585,7.116736e-07
5,5,melanocytic nevi,melanocytic nevi,3.0624862e-13,4.053525e-12,6.466589e-12,3.9313895e-12,4.574948e-07,0.9999995,1.14295075e-11
0,1,actinic keratoses and intraepithelial carcinoma,basal cell carcinoma,0.053780578,0.9294494,0.0021895284,0.0014865552,0.0035106067,0.00035091303,0.009232336
5,5,melanocytic nevi,melanocytic nevi,0.0003994093,1.1620724e-05,0.033257376,0.0017778995,0.15459526,0.8099544,4.06561e-06
5,5,melanocytic nevi,melanocytic nevi,0.00041126378,0.00011344213,0.15294191,0.00050669524,0.07125569,0.7747534,1.7647148e-05
5,5,melanocytic nevi,melanocytic nevi,0.00034491456,0.0053178063,0.002796195,0.0023358818,8.135261e-05,0.9884184,0.0007055666
5,5,melanocytic nevi,melanocytic nevi,3.471529e-07,2.5300137e-06,1.1034659e-05,2.5774335e-07,0.0019805313,0.99800533,4.2096996e-08
2,5,benign keratosis-like lesions,melanocytic nevi,0.0056798058,0.0057909894,0.29697987,0.00019012766,0.10319636,0.586881,0.0012817907
5,5,melanocytic nevi,melanocytic nevi,5.9806358e-18,5.5328356e-16,1.7880597e-15,1.6156043e-16,5.5824376e-11,1.0,7.0192883e-15
5,5,melanocytic nevi,melanocytic nevi,1.7642153e-05,2.1055632e-05,0.00020807121,7.9314395e-06,0.00103183,0.99871194,1.5171032e-06
5,5,melanocytic nevi,melanocytic nevi,2.0437073e-19,1.2508402e-16,6.787767e-17,6.9719365e-18,5.7510513e-10,1.0,3.260349e-17
5,5,melanocytic nevi,melanocytic nevi,9.040399e-10,3.3496135e-09,4.394722e-08,2.4737645e-08,5.6414905e-05,0.9999434,8.355049e-08
4,4,melanoma,melanoma,0.00013230831,0.0014392047,3.7758687e-06,6.783723e-06,0.9973117,6.3190644e-05,0.0010430487
4,4,melanoma,melanoma,3.5242473e-09,1.7667514e-06,7.548983e-08,3.535911e-08,0.99528605,0.004708986,3.0667109e-06
5,5,melanocytic nevi,melanocytic nevi,0.036072053,0.0013040261,0.039197102,0.01194222,0.13483626,0.77472425,0.00192409
5,5,melanocytic nevi,melanocytic nevi,4.1539297e-05,5.2078507e-05,0.0004497938,1.8161545e-05,0.0007373814,0.9986871,1.3885343e-05
5,5,melanocytic nevi,melanocytic nevi,4.985891e-17,4.852206e-15,2.6460608e-15,3.9916377e-14,2.2640776e-11,1.0,1.896517e-14
1,1,basal cell carcinoma,basal cell carcinoma,0.00096875586,0.98213565,0.002503814,0.0005700374,0.007895724,0.00065339473,0.005272711
0,2,actinic keratoses and intraepithelial carcinoma,benign keratosis-like lesions,0.10992246,0.010462048,0.43231562,0.014717868,0.35662058,0.071545795,0.0044156006
5,5,melanocytic nevi,melanocytic nevi,1.4095234e-12,8.6396376e-11,4.773621e-10,4.2917787e-11,0.006293623,0.9937064,1.41223e-09
5,5,melanocytic nevi,melanocytic nevi,3.3847442e-08,1.18218516e-07,6.9744044e-07,3.0310645e-07,0.00045242725,0.99954635,4.4059753e-08
6,6,vascular lesions,vascular lesions,2.8807483e-07,5.961353e-07,4.873836e-07,0.0006486288,2.5089701e-05,0.01871556,0.98060936
5,5,melanocytic nevi,melanocytic nevi,1.0108981e-12,5.884958e-12,4.618372e-12,6.4360635e-12,2.5974755e-08,1.0,4.4979263e-11
5,5,melanocytic nevi,melanocytic nevi,3.155941e-07,2.4086498e-06,1.8404546e-05,1.6658887e-06,0.14754589,0.85242933,2.0726943e-06
2,0,benign keratosis-like lesions,actinic keratoses and intraepithelial carcinoma,0.7717994,0.07348533,0.13976046,0.009399092,0.0030006613,0.002427266,0.00012780179
2,2,benign keratosis-like lesions,benign keratosis-like lesions,2.1547505e-06,1.6728876e-07,0.99308586,8.228134e-07,0.00012869465,0.006782197,6.9277824e-08
5,5,melanocytic nevi,melanocytic nevi,2.3724758e-14,5.053666e-14,1.8751327e-11,2.2946697e-12,1.5716099e-08,1.0,6.151555e-13
5,5,melanocytic nevi,melanocytic nevi,2.1523393e-16,2.1976045e-13,1.7240519e-16,1.4900973e-12,8.428646e-14,1.0,1.4480818e-14
5,5,melanocytic nevi,melanocytic nevi,3.0377176e-12,9.351669e-13,9.482622e-10,1.5753755e-09,1.7373744e-09,1.0,1.3320873e-11
5,5,melanocytic nevi,melanocytic nevi,7.2515422e-12,4.494451e-12,7.2946227e-10,6.480486e-11,1.4148664e-10,1.0,8.5931864e-13
5,5,melanocytic nevi,melanocytic nevi,0.0026007034,0.00042790832,0.05192077,0.00085377006,0.10818253,0.8356147,0.00039960365
5,4,melanocytic nevi,melanoma,0.0018690857,0.001076449,0.0021577934,0.0007775953,0.57842606,0.41434437,0.001348586
5,5,melanocytic nevi,melanocytic nevi,2.245878e-10,4.293184e-10,2.2942642e-08,4.8596913e-08,0.008748026,0.9912519,4.200237e-08
5,5,melanocytic nevi,melanocytic nevi,2.1617058e-10,3.5551042e-09,1.649092e-08,2.4892416e-11,0.45520902,0.544791,2.4993394e-09
5,5,melanocytic nevi,melanocytic nevi,1.1415889e-12,9.1829815e-11,2.2920048e-09,4.724709e-09,1.2417284e-07,0.9999999,1.5892758e-10
5,5,melanocytic nevi,melanocytic nevi,2.0777065e-08,7.0308296e-08,2.1526434e-06,4.5364257e-07,2.0427285e-06,0.9999951,1.1418465e-07
5,5,melanocytic nevi,melanocytic nevi,8.576385e-09,3.8968327e-08,4.906746e-06,8.255414e-09,0.4093472,0.5906478,7.415928e-08
4,2,melanoma,benign keratosis-like lesions,0.0012888442,0.00027744833,0.9459297,0.00034618427,0.017584397,0.03456927,4.095149e-06
2,2,benign keratosis-like lesions,benign keratosis-like lesions,0.0004102129,1.7921277e-05,0.46666637,5.5532164e-05,0.16440988,0.36842367,1.6471293e-05
5,5,melanocytic nevi,melanocytic nevi,1.7396695e-16,1.8793728e-14,2.8893483e-12,1.1421296e-11,6.932036e-11,1.0,4.555879e-15
4,4,melanoma,melanoma,8.238974e-06,9.304117e-06,4.1906656e-05,2.417506e-05,0.99948597,0.00041099268,1.9420908e-05
5,5,melanocytic nevi,melanocytic nevi,7.610757e-06,0.00026548438,3.164403e-05,1.3056675e-05,0.0023715682,0.9972742,3.643477e-05
5,5,melanocytic nevi,melanocytic nevi,6.310637e-28,3.141889e-24,1.835586e-24,3.0559876e-24,3.7728197e-17,1.0,7.4592895e-23
5,5,melanocytic nevi,melanocytic nevi,8.311225e-15,1.1704561e-13,2.8082872e-13,1.2001552e-12,3.160618e-09,1.0,5.064937e-14
5,5,melanocytic nevi,melanocytic nevi,8.98704e-09,1.0355356e-07,4.5101006e-06,6.823915e-08,2.1469446e-05,0.9999739,2.1977245e-08
4,4,melanoma,melanoma,4.3450657e-07,6.2694323e-07,0.0033532633,3.029659e-07,0.50352055,0.4931237,1.0759876e-06
5,5,melanocytic nevi,melanocytic nevi,1.1883539e-09,1.4019245e-10,7.8806767e-07,2.214445e-07,4.2879196e-07,0.99999857,1.9141581e-10
0,0,actinic keratoses and intraepithelial carcinoma,actinic keratoses and intraepithelial carcinoma,0.69684756,0.018023744,0.01282131,0.09304637,0.14106375,0.026576674,0.011620473
5,5,melanocytic nevi,melanocytic nevi,1.1265816e-12,3.5112946e-12,3.3168093e-11,3.2145103e-11,8.974071e-08,0.9999999,1.222182e-11
5,5,melanocytic nevi,melanocytic nevi,0.00010856002,1.441909e-05,0.042933334,3.9311046e-05,0.007927211,0.94896567,1.1592331e-05
5,5,melanocytic nevi,melanocytic nevi,2.1324678e-12,7.0587845e-12,6.2833827e-10,1.3292765e-09,1.027197e-09,1.0,3.274974e-11
4,0,melanoma,actinic keratoses and intraepithelial carcinoma,0.4287864,5.1195526e-05,0.3536493,0.01926267,0.1970447,0.0010326357,0.0001730405
1,1,basal cell carcinoma,basal cell carcinoma,0.011366135,0.96709406,0.020792048,5.169944e-05,0.00029266777,0.00033668012,6.675065e-05
5,5,melanocytic nevi,melanocytic nevi,1.6224603e-06,9.637175e-07,8.0789533e-07,3.355709e-07,0.0012970751,0.99869907,9.4220816e-08
2,5,benign keratosis-like lesions,melanocytic nevi,0.36349708,0.0012986927,0.23027046,0.00378163,0.0169524,0.3832982,0.0009015164
5,5,melanocytic nevi,melanocytic nevi,3.0495165e-14,1.1182153e-12,4.039734e-12,1.1943389e-12,2.864603e-10,1.0,1.4383641e-11
5,5,melanocytic nevi,melanocytic nevi,6.9204794e-14,1.540835e-13,1.394774e-09,3.233111e-11,4.9304444e-10,1.0,1.9006326e-12
5,5,melanocytic nevi,melanocytic nevi,6.6757465e-08,6.434468e-08,3.3207932e-06,5.820994e-07,0.077791184,0.9222048,2.8256432e-08
4,4,melanoma,melanoma,0.004097158,0.0011360435,0.007380472,0.0023977957,0.5311591,0.45355734,0.00027206508
5,5,melanocytic nevi,melanocytic nevi,3.5059024e-15,4.8218648e-14,3.523552e-12,2.6479215e-13,5.1474003e-09,1.0,3.7005742e-13
5,5,melanocytic nevi,melanocytic nevi,4.898196e-13,1.7247652e-10,5.2635285e-11,5.890245e-10,5.1633506e-06,0.9999949,3.6305101e-09
5,5,melanocytic nevi,melanocytic nevi,1.7045334e-14,1.7529747e-14,2.5018418e-10,6.2717344e-13,2.7762447e-11,1.0,2.637333e-12
2,2,benign keratosis-like lesions,benign keratosis-like lesions,1.368476e-06,1.4300341e-06,0.9994861,6.094552e-07,4.7606678e-05,0.0004629298,2.0771997e-08
5,5,melanocytic nevi,melanocytic nevi,8.7354915e-12,2.2500615e-10,6.333615e-11,1.5209731e-10,2.2184059e-08,1.0,6.401334e-11
1,1,basal cell carcinoma,basal cell carcinoma,0.09971716,0.52474976,0.069168925,0.0064250566,0.2798306,0.011930607,0.008177924
4,4,melanoma,melanoma,0.000113335875,2.1674845e-05,0.0007140881,7.6881384e-05,0.514347,0.4846923,3.4740842e-05
2,5,benign keratosis-like lesions,melanocytic nevi,0.00089517917,0.0015893737,0.22381796,0.0002735241,0.15383965,0.61948913,9.517461e-05
5,2,melanocytic nevi,benign keratosis-like lesions,4.5176e-07,4.6142485e-08,0.7077558,2.015823e-07,0.0016054086,0.29063812,1.060578e-08
5,5,melanocytic nevi,melanocytic nevi,3.3945184e-06,1.6778031e-06,0.00019863315,1.4201702e-07,0.0021623326,0.9976337,1.2147127e-07
4,4,melanoma,melanoma,2.143992e-08,2.469325e-08,9.494587e-06,2.1822789e-08,0.99979514,0.00019537493,4.1281698e-08
5,5,melanocytic nevi,melanocytic nevi,1.0412909e-10,1.3683608e-08,4.8143134e-09,5.290255e-08,1.2284773e-09,0.9999999,9.519499e-10
5,5,melanocytic nevi,melanocytic nevi,5.8174524e-11,1.3052279e-09,8.497173e-09,4.472668e-09,1.5475807e-08,1.0,7.584151e-10
0,0,actinic keratoses and intraepithelial carcinoma,actinic keratoses and intraepithelial carcinoma,0.92549366,0.007989637,0.04626837,0.004688045,0.0121581005,0.0026354564,0.0007667671
5,5,melanocytic nevi,melanocytic nevi,3.640767e-15,2.6591443e-15,1.1432624e-12,2.2884469e-11,2.4153094e-13,1.0,7.046653e-15
5,5,melanocytic nevi,melanocytic nevi,1.3674266e-08,5.3046457e-05,1.436414e-08,0.00021900359,2.4390165e-09,0.99959356,0.00013441306
5,5,melanocytic nevi,melanocytic nevi,3.363241e-08,3.4054606e-06,2.5743818e-06,6.3212697e-06,0.025774565,0.9742036,9.564231e-06
1,1,basal cell carcinoma,basal cell carcinoma,0.0019266291,0.9624395,0.0003397914,0.0021729164,0.030438919,0.0005215919,0.0021606553
5,5,melanocytic nevi,melanocytic nevi,1.7979217e-12,1.2115359e-11,6.7389865e-11,5.181183e-10,3.317332e-09,1.0,4.535016e-09
5,4,melanocytic nevi,melanoma,1.1401787e-07,4.1915918e-08,2.9668932e-05,9.1029285e-08,0.67644036,0.32352963,5.872233e-08
4,4,melanoma,melanoma,2.1896953e-07,1.3317759e-06,5.7776983e-06,4.076272e-06,0.9996207,0.00036764643,2.0644592e-07
5,5,melanocytic nevi,melanocytic nevi,2.9180845e-07,1.8285699e-06,1.617247e-05,4.634135e-08,0.016992487,0.98298657,2.5287384e-06
5,5,melanocytic nevi,melanocytic nevi,0.00045510055,0.0043890253,0.00311273,0.000802463,0.46285695,0.52721673,0.0011669004
5,5,melanocytic nevi,melanocytic nevi,1.4909535e-19,1.3906092e-16,5.440347e-17,1.0659939e-15,7.0119285e-15,1.0,7.31422e-19
5,5,melanocytic nevi,melanocytic nevi,3.1263414e-12,1.485376e-11,1.0841495e-10,4.250582e-11,1.5367277e-07,0.9999999,3.5648436e-11
5,5,melanocytic nevi,melanocytic nevi,6.318401e-05,1.5425321e-05,0.036002196,0.00016700705,0.22925204,0.73448676,1.3416546e-05
5,5,melanocytic nevi,melanocytic nevi,1.0674289e-10,6.0527283e-10,8.235188e-10,1.4282213e-08,8.738905e-09,1.0,2.607813e-10
5,5,melanocytic nevi,melanocytic nevi,6.370779e-10,3.8748054e-09,3.563322e-07,1.3417771e-06,2.497492e-08,0.99999833,1.2507089e-09
5,4,melanocytic nevi,melanoma,0.00012203973,7.787099e-05,0.10895208,1.0086635e-05,0.47744074,0.41334128,5.5931014e-05
4,5,melanoma,melanocytic nevi,9.5432406e-05,0.00038414652,0.00079276477,7.008876e-05,0.049408842,0.9492321,1.6670832e-05
6,6,vascular lesions,vascular lesions,0.0002144584,0.00073342596,0.0005785249,0.00025651648,0.04703083,0.0011822105,0.95000404
5,5,melanocytic nevi,melanocytic nevi,1.5114222e-12,1.1291157e-12,5.3264054e-10,3.691985e-10,1.2446081e-07,0.9999999,3.2211798e-12
4,4,melanoma,melanoma,6.7129918e-06,6.056978e-06,0.00014435263,7.165699e-06,0.9360111,0.063820705,3.977502e-06
5,5,melanocytic nevi,melanocytic nevi,6.7930706e-09,9.512289e-09,4.491678e-08,5.040516e-08,0.000115482646,0.99988437,4.897468e-09
4,4,melanoma,melanoma,6.0863467e-06,3.4070745e-05,0.00030719725,4.1424055e-06,0.98578715,0.013852278,9.041567e-06
5,5,melanocytic nevi,melanocytic nevi,2.6744147e-09,1.48784975e-08,6.6693396e-08,8.956578e-10,6.949419e-05,0.9999304,1.4151148e-08
5,5,melanocytic nevi,melanocytic nevi,3.0280498e-13,5.449791e-12,1.974514e-12,7.5394866e-13,1.126289e-09,1.0,2.436377e-12
1,1,basal cell carcinoma,basal cell carcinoma,0.016255377,0.9781034,0.0014988704,0.0030346469,0.00015318993,0.0005044738,0.0004500099
2,2,benign keratosis-like lesions,benign keratosis-like lesions,0.17643006,0.09401037,0.58910173,0.008872706,0.0011651794,0.12751119,0.0029087253
5,5,melanocytic nevi,melanocytic nevi,1.876697e-14,1.7514973e-14,2.1715884e-12,2.061698e-11,7.289153e-11,1.0,6.50728e-14
2,2,benign keratosis-like lesions,benign keratosis-like lesions,0.0011230373,1.0991777e-05,0.94536495,4.1888484e-06,0.0069798036,0.04651687,1.0343195e-07
0,1,actinic keratoses and intraepithelial carcinoma,basal cell carcinoma,0.06402502,0.8673994,0.056370333,0.00040382906,6.0594437e-05,0.011387395,0.00035345636
5,5,melanocytic nevi,melanocytic nevi,4.1284075e-05,9.449767e-05,0.0032213044,2.5046389e-05,0.0036505659,0.9929638,3.5925825e-06
5,4,melanocytic nevi,melanoma,5.0477005e-09,1.0525329e-06,7.993182e-08,8.528752e-11,0.9213493,0.07864947,5.8627013e-08
2,5,benign keratosis-like lesions,melanocytic nevi,1.0353588e-05,1.3049922e-05,0.001766143,7.709566e-06,0.24184223,0.75635254,7.944748e-06
5,5,melanocytic nevi,melanocytic nevi,8.177661e-15,7.318509e-14,4.8707865e-12,7.1632327e-12,2.783781e-10,1.0,1.2728635e-13
1,1,basal cell carcinoma,basal cell carcinoma,6.9458176e-05,0.9998087,9.119236e-05,7.3251394e-06,1.1215033e-06,9.762145e-06,1.2369057e-05
5,5,melanocytic nevi,melanocytic nevi,3.916295e-08,9.656639e-09,1.10408195e-07,1.0784093e-07,3.981976e-06,0.9999958,3.5440464e-09
2,2,benign keratosis-like lesions,benign keratosis-like lesions,0.009486815,3.6714853e-05,0.9882703,8.214226e-05,0.002082299,4.0200663e-05,1.6045321e-06
5,5,melanocytic nevi,melanocytic nevi,0.0058305305,0.003476837,0.17639096,0.0006591585,0.15732694,0.6548069,0.001508662
5,5,melanocytic nevi,melanocytic nevi,8.8452247e-16,1.7816613e-13,1.5928482e-13,3.51791e-09,7.8571004e-13,1.0,1.0682784e-10
5,5,melanocytic nevi,melanocytic nevi,3.4975466e-19,1.6123466e-17,8.98554e-17,1.1619323e-17,6.229259e-16,1.0,7.264616e-18
5,5,melanocytic nevi,melanocytic nevi,1.5576303e-07,7.3127615e-07,0.19942282,2.4958403e-08,0.01475017,0.7858262,3.9683146e-09
5,5,melanocytic nevi,melanocytic nevi,0.0033312864,0.0008007766,0.005982735,0.00080392224,0.037948623,0.9509843,0.00014822657
4,4,melanoma,melanoma,1.7195665e-08,1.0256843e-08,4.885459e-05,3.4542929e-09,0.9988279,0.0011231243,8.742374e-09
5,5,melanocytic nevi,melanocytic nevi,1.8184554e-07,2.0185762e-06,5.176724e-06,1.9166626e-07,0.0263214,0.9736709,1.4191998e-07
0,0,actinic keratoses and intraepithelial carcinoma,actinic keratoses and intraepithelial carcinoma,0.97630465,0.0008433156,0.014058095,0.0014054852,0.00663296,0.00069276564,6.269216e-05
5,5,melanocytic nevi,melanocytic nevi,7.346619e-09,5.3713073e-08,1.8455869e-07,3.4447645e-08,0.098001204,0.90199846,9.063268e-09
5,5,melanocytic nevi,melanocytic nevi,4.073785e-13,2.214675e-10,5.573889e-13,7.254012e-10,2.5009102e-11,1.0,4.959816e-10
1,5,basal cell carcinoma,melanocytic nevi,5.4970664e-05,0.003574636,0.08272001,9.040145e-06,0.0008054161,0.91283274,3.2296712e-06
2,4,benign keratosis-like lesions,melanoma,0.009176804,6.524907e-05,0.20605439,0.0013929842,0.7621221,0.021073857,0.00011460779
5,5,melanocytic nevi,melanocytic nevi,2.1571156e-09,2.181677e-09,9.681855e-06,0.0040555773,4.210455e-12,0.9959347,4.908271e-08
5,5,melanocytic nevi,melanocytic nevi,1.01380696e-10,8.9182983e-10,1.4752802e-06,2.5379554e-10,2.4648964e-06,0.99999607,8.328718e-10
5,5,melanocytic nevi,melanocytic nevi,5.9580484e-06,6.276366e-07,0.0010809734,3.046288e-06,0.00027846787,0.99862945,1.5571993e-06
5,5,melanocytic nevi,melanocytic nevi,3.2792547e-19,3.686997e-17,4.5220116e-15,1.1019729e-17,1.11233635e-11,1.0,7.003157e-16
4,5,melanoma,melanocytic nevi,2.3072225e-05,1.1599297e-05,0.07543425,2.5974305e-06,0.015180545,0.90934473,3.172021e-06
5,5,melanocytic nevi,melanocytic nevi,1.4792128e-15,1.148906e-13,6.4996207e-12,1.2233447e-13,2.240598e-13,1.0,5.2106265e-14
2,5,benign keratosis-like lesions,melanocytic nevi,0.29647416,0.004628526,0.10383021,0.046209514,0.15762256,0.39122006,1.5033145e-05
5,5,melanocytic nevi,melanocytic nevi,0.00082270976,0.05659588,0.006907522,0.003014124,0.013907565,0.91039586,0.008356341
4,2,melanoma,benign keratosis-like lesions,2.4392033e-05,9.184901e-05,0.9833835,8.678663e-06,0.0063076057,0.010182732,1.2721581e-06
5,5,melanocytic nevi,melanocytic nevi,1.2964878e-06,0.00016967623,1.974046e-06,3.7697184e-05,9.178154e-07,0.99977714,1.1306113e-05
5,5,melanocytic nevi,melanocytic nevi,2.0420969e-10,2.858826e-09,4.6442903e-09,3.969683e-10,1.3065533e-06,0.9999987,3.9868087e-10
2,2,benign keratosis-like lesions,benign keratosis-like lesions,1.2719731e-06,1.6850842e-06,0.99937785,6.564253e-08,0.00011266995,0.0005063364,7.4104044e-08
2,2,benign keratosis-like lesions,benign keratosis-like lesions,4.1694864e-07,5.4742196e-07,0.9955402,8.2055135e-07,4.3960194e-06,0.0044532903,2.7087262e-07
5,5,melanocytic nevi,melanocytic nevi,1.4650718e-12,4.1926823e-10,7.4205954e-11,1.3100916e-09,1.73547e-09,1.0,1.683555e-09
5,5,melanocytic nevi,melanocytic nevi,3.0106117e-12,2.3052728e-07,9.968798e-09,1.2724339e-08,3.5239992e-07,0.9999994,3.4459934e-08
5,5,melanocytic nevi,melanocytic nevi,7.007115e-15,4.8769636e-14,9.637137e-13,1.05921515e-10,5.898454e-12,1.0,3.2535142e-14
1,1,basal cell carcinoma,basal cell carcinoma,0.04302831,0.9401521,0.0011114291,0.015029133,3.686016e-05,0.00019987454,0.00044226044
5,5,melanocytic nevi,melanocytic nevi,2.4539524e-05,4.0957484e-06,0.009267442,4.4677286e-05,0.4624808,0.5281762,2.2430802e-06
1,1,basal cell carcinoma,basal cell carcinoma,0.00058750977,0.9987552,0.00011754123,0.00022872222,4.8052272e-05,5.0001014e-05,0.00021298465
5,5,melanocytic nevi,melanocytic nevi,0.0004062606,6.8918955e-05,0.1627954,0.00057357346,0.021284942,0.8148535,1.7479068e-05
5,5,melanocytic nevi,melanocytic nevi,4.2705815e-11,2.1386604e-11,1.3992725e-08,1.1982775e-08,3.0449808e-08,1.0,2.2583156e-11
5,5,melanocytic nevi,melanocytic nevi,1.8555308e-13,2.1656858e-12,5.892834e-11,5.1438524e-11,4.09479e-08,1.0,6.2544163e-12
5,5,melanocytic nevi,melanocytic nevi,2.9172674e-07,8.933723e-08,0.0014986942,1.6027094e-06,8.034245e-06,0.9984913,3.1671696e-08
2,2,benign keratosis-like lesions,benign keratosis-like lesions,2.0532792e-05,0.00011188698,0.9918331,2.0375706e-05,0.0010661532,0.0069439095,4.024934e-06
4,4,melanoma,melanoma,5.2231113e-09,1.490095e-09,6.9142584e-06,5.172402e-09,0.74123764,0.25875473,6.65436e-07
5,5,melanocytic nevi,melanocytic nevi,2.1361455e-08,1.0318167e-06,9.076415e-08,7.675667e-09,2.01216e-06,0.9999968,3.610486e-08
5,5,melanocytic nevi,melanocytic nevi,2.397424e-07,3.5068254e-06,1.7503971e-05,1.4088415e-06,0.0013381889,0.9986364,2.6889302e-06
0,0,actinic keratoses and intraepithelial carcinoma,actinic keratoses and intraepithelial carcinoma,0.928144,2.533423e-06,0.033026632,4.082044e-05,0.0386666,0.00011647507,2.993797e-06
2,2,benign keratosis-like lesions,benign keratosis-like lesions,1.3791118e-05,1.9715455e-07,0.9944267,1.1295981e-06,0.00026097734,0.0052970727,2.2254657e-08
6,6,vascular lesions,vascular lesions,1.5146433e-06,2.6619391e-05,2.1969281e-05,6.6755725e-05,0.0009447744,0.00011743525,0.99882096
5,5,melanocytic nevi,melanocytic nevi,3.3750013e-08,1.1274268e-05,2.1832168e-06,7.6079026e-08,6.383259e-05,0.9997842,0.00013834175
5,5,melanocytic nevi,melanocytic nevi,6.8882335e-20,4.8655462e-17,2.729229e-18,2.6473808e-17,1.9543599e-12,1.0,1.2928379e-15
4,4,melanoma,melanoma,1.1544889e-06,1.991783e-07,1.9097062e-05,1.265749e-07,0.99949396,0.00048536458,5.165782e-08
5,5,melanocytic nevi,melanocytic nevi,0.0005890038,0.00037481854,0.076328725,0.0001493333,0.027309576,0.8952307,1.784163e-05
2,2,benign keratosis-like lesions,benign keratosis-like lesions,0.00086075766,1.599543e-05,0.99849117,6.919865e-06,0.00048400814,0.00014046405,6.8147756e-07
2,2,benign keratosis-like lesions,benign keratosis-like lesions,0.02295337,3.1760342e-06,0.97686166,2.1549292e-06,0.00015070698,2.8841598e-05,5.761117e-08
5,5,melanocytic nevi,melanocytic nevi,1.270526e-12,9.566597e-12,3.674743e-11,1.8997021e-11,1.4677654e-08,1.0,1.5836258e-11
5,5,melanocytic nevi,melanocytic nevi,0.0006713101,0.0015798802,0.0046381513,0.000423349,0.07961593,0.91292,0.00015142669
5,5,melanocytic nevi,melanocytic nevi,1.4669377e-11,1.6309716e-11,2.1413484e-09,1.0739134e-09,2.1541016e-08,1.0,4.886254e-11
0,0,actinic keratoses and intraepithelial carcinoma,actinic keratoses and intraepithelial carcinoma,0.9548828,0.0006172775,0.03605287,0.0028047005,0.005427827,0.00015149261,6.307268e-05
5,5,melanocytic nevi,melanocytic nevi,8.064347e-11,1.12740155e-08,1.3866573e-10,9.642759e-08,1.2796325e-08,0.9999969,2.9398602e-06
5,5,melanocytic nevi,melanocytic nevi,0.0075238263,0.29955277,0.041356612,0.0050627985,0.016532457,0.61919767,0.010773864
5,5,melanocytic nevi,melanocytic nevi,3.1124575e-05,9.160369e-06,0.0056888335,9.105619e-06,0.0014676144,0.99279344,7.1972147e-07
4,4,melanoma,melanoma,2.1683984e-11,4.9258545e-11,5.4044604e-09,3.3339536e-11,0.99996376,3.6276742e-05,6.107814e-10
5,5,melanocytic nevi,melanocytic nevi,1.4705472e-13,1.0007553e-12,2.5413793e-11,1.752582e-12,2.926195e-09,1.0,7.361057e-13
1,1,basal cell carcinoma,basal cell carcinoma,0.0020196147,0.8932851,0.09872234,0.0006068811,0.0014937825,0.0021472978,0.0017249526
5,5,melanocytic nevi,melanocytic nevi,5.9234524e-09,2.204698e-09,1.690341e-07,1.8020067e-07,2.5342533e-06,0.99999714,2.5221265e-09
5,5,melanocytic nevi,melanocytic nevi,3.202729e-08,1.4776877e-07,7.253049e-05,0.0008227471,1.8924136e-09,0.99910223,2.3565726e-06
5,5,melanocytic nevi,melanocytic nevi,5.6317685e-16,8.4426606e-14,1.1599004e-12,9.738804e-13,4.3855625e-10,1.0,3.6198662e-13
5,5,melanocytic nevi,melanocytic nevi,2.771014e-10,7.855702e-10,1.5590328e-10,3.696781e-08,9.679992e-08,0.9999999,1.933205e-08
5,2,melanocytic nevi,benign keratosis-like lesions,0.022239136,0.00067913375,0.89221007,0.0001753298,0.049509235,0.035107728,7.940665e-05
6,6,vascular lesions,vascular lesions,3.2693632e-09,5.6256795e-07,6.9392755e-08,2.3800575e-07,5.11145e-07,1.4940925e-05,0.99998367
4,4,melanoma,melanoma,3.9613675e-05,3.5994373e-05,0.10799035,2.6137213e-05,0.8551408,0.036744703,2.2287519e-05
1,4,basal cell carcinoma,melanoma,0.044613272,0.4182043,0.0076023717,0.0005741101,0.52098805,0.0014373825,0.006580441
4,4,melanoma,melanoma,5.406344e-11,7.022631e-10,4.8333986e-09,5.1873367e-10,0.99773717,0.0022627192,6.893708e-08
4,2,melanoma,benign keratosis-like lesions,0.029937891,0.00024967402,0.53279924,0.000450468,0.4339421,0.002538484,8.218258e-05
5,5,melanocytic nevi,melanocytic nevi,8.908893e-10,1.0773612e-06,9.091501e-07,3.6791462e-07,2.8845731e-08,0.9999976,5.829933e-08
5,5,melanocytic nevi,melanocytic nevi,4.878187e-07,1.8686276e-06,4.858845e-05,1.3636666e-06,0.004106526,0.9958405,5.600304e-07
5,5,melanocytic nevi,melanocytic nevi,1.7590209e-17,2.1757187e-15,4.1260644e-15,8.165032e-16,2.9949025e-09,1.0,3.9526034e-15
1,1,basal cell carcinoma,basal cell carcinoma,0.00013750182,0.86532634,0.00018626756,1.833926e-05,0.002602672,0.012088801,0.119640134
5,5,melanocytic nevi,melanocytic nevi,7.308157e-05,0.00035950265,0.0002474922,3.3787983e-05,0.06018892,0.9390557,4.1586653e-05
5,5,melanocytic nevi,melanocytic nevi,1.9589025e-07,1.50819e-06,1.3084781e-07,9.650832e-07,0.17162938,0.82836753,3.403259e-07
5,5,melanocytic nevi,melanocytic nevi,2.6072843e-15,3.325337e-14,4.243005e-09,2.2590316e-14,5.38537e-10,1.0,1.00368085e-14
5,5,melanocytic nevi,melanocytic nevi,7.459769e-11,5.3753896e-10,2.766998e-06,3.6426013e-09,7.5755786e-08,0.99999714,1.1989564e-10
6,6,vascular lesions,vascular lesions,4.124325e-07,0.008216286,2.5009813e-05,5.567412e-07,3.5541564e-07,0.0010753673,0.990682
5,5,melanocytic nevi,melanocytic nevi,3.6249372e-09,2.8853773e-08,4.127086e-08,4.5391193e-08,3.963325e-06,0.99999595,3.378905e-08
5,5,melanocytic nevi,melanocytic nevi,2.2734029e-10,5.059125e-09,1.6558384e-07,2.5468931e-09,2.70247e-05,0.9999728,7.13033e-10
5,5,melanocytic nevi,melanocytic nevi,6.6616647e-12,8.3673934e-10,1.515645e-09,1.8877812e-12,6.621989e-08,0.9999999,1.1275661e-08
5,5,melanocytic nevi,melanocytic nevi,3.766713e-22,1.223099e-18,4.1241028e-20,6.2984214e-20,6.437871e-15,1.0,6.3152893e-19
5,5,melanocytic nevi,melanocytic nevi,0.0017033303,0.0007132068,0.05469992,0.00030470142,0.16151288,0.7809553,0.00011064281
5,5,melanocytic nevi,melanocytic nevi,7.344113e-07,4.263905e-07,1.1597733e-05,2.0338443e-06,0.2329935,0.7669916,6.4283626e-08
2,2,benign keratosis-like lesions,benign keratosis-like lesions,1.4774058e-06,5.124918e-06,0.9973404,1.5155747e-06,8.066447e-05,0.0025705977,1.0221045e-07
1,2,basal cell carcinoma,benign keratosis-like lesions,0.0022557117,0.43174136,0.46878043,0.00036253105,0.09284115,0.0019469657,0.002071949
4,5,melanoma,melanocytic nevi,0.000692468,8.8982895e-05,0.00045914314,1.589953e-05,0.38803673,0.61066896,3.784594e-05
5,5,melanocytic nevi,melanocytic nevi,4.862931e-10,5.0135496e-09,1.5049173e-07,1.4409756e-08,3.2307014e-06,0.99999666,1.2224312e-09
5,5,melanocytic nevi,melanocytic nevi,8.164826e-13,5.604145e-12,4.379715e-12,2.46962e-11,6.9917006e-10,1.0,4.6047183e-13
5,5,melanocytic nevi,melanocytic nevi,1.6165038e-13,1.7534313e-12,4.3093598e-10,3.021891e-11,1.9513186e-10,1.0,1.7250966e-10
5,5,melanocytic nevi,melanocytic nevi,5.2562566e-13,2.7955774e-10,6.1664326e-11,4.364138e-12,3.5900207e-08,1.0,8.261973e-12
5,5,melanocytic nevi,melanocytic nevi,6.4045763e-13,4.5402623e-12,4.7318265e-12,2.360197e-12,7.817604e-10,1.0,8.065106e-12
5,5,melanocytic nevi,melanocytic nevi,2.232909e-14,9.9026784e-14,1.2108642e-14,2.7974922e-10,1.04063376e-10,1.0,8.68823e-13
5,5,melanocytic nevi,melanocytic nevi,3.3319036e-05,4.7193137e-07,0.00041192316,2.562269e-05,0.00047277223,0.99869883,0.00035702722
5,5,melanocytic nevi,melanocytic nevi,4.5283514e-13,9.601342e-13,2.5160882e-10,3.951541e-11,1.8240767e-08,1.0,1.3262127e-12
1,1,basal cell carcinoma,basal cell carcinoma,0.0010151136,0.9967244,9.1884736e-05,0.0014633319,0.00012044709,0.00040759007,0.00017724324
5,1,melanocytic nevi,basal cell carcinoma,0.0004153282,0.5671101,0.0024388356,0.002253217,0.17827909,0.008843244,0.2406602
5,5,melanocytic nevi,melanocytic nevi,4.4016352e-14,1.0748098e-11,9.095974e-12,4.8511795e-11,6.5616867e-09,1.0,3.93536e-12
4,5,melanoma,melanocytic nevi,1.6967097e-05,2.6266484e-06,0.0051144245,7.075329e-07,0.02910176,0.96576226,1.243035e-06
5,5,melanocytic nevi,melanocytic nevi,3.8097175e-10,2.2814446e-09,4.405117e-07,6.039821e-10,1.8949442e-09,0.9999995,1.9873283e-09
5,5,melanocytic nevi,melanocytic nevi,0.00014838067,2.2255586e-05,0.010734586,2.6746542e-05,0.043445133,0.9456104,1.2556047e-05
1,2,basal cell carcinoma,benign keratosis-like lesions,0.013568353,0.36084428,0.6210813,0.00077434804,0.0024466314,0.0009913421,0.00029374516
5,5,melanocytic nevi,melanocytic nevi,1.2062006e-07,0.00017563353,8.806102e-05,7.757931e-07,2.1703806e-07,0.9997348,3.5724264e-07
2,2,benign keratosis-like lesions,benign keratosis-like lesions,0.06253345,0.0025649264,0.76048285,0.10292107,0.027386704,0.042350914,0.0017601023
0,1,actinic keratoses and intraepithelial carcinoma,basal cell carcinoma,0.054732617,0.93142414,0.0083089005,0.002617957,0.0018610007,0.00035106397,0.00070427
5,5,melanocytic nevi,melanocytic nevi,5.6358772e-08,1.2568447e-06,1.0446439e-05,1.1049823e-07,0.009737217,0.990218,3.2844935e-05
5,5,melanocytic nevi,melanocytic nevi,1.7906631e-11,1.005626e-09,5.958754e-09,1.9076869e-10,1.8204517e-07,0.99999964,8.7532534e-08
1,6,basal cell carcinoma,vascular lesions,0.0001547816,0.22906727,0.00027543874,0.0016135362,2.5748956e-05,0.0053186193,0.7635446
5,5,melanocytic nevi,melanocytic nevi,9.243512e-06,1.3592253e-05,1.2189585e-05,2.6804328e-06,0.009921462,0.9900405,4.812672e-07
5,5,melanocytic nevi,melanocytic nevi,2.0708933e-10,2.5477198e-09,1.779692e-08,2.4042461e-09,4.0288247e-05,0.9999597,1.9586303e-10
5,5,melanocytic nevi,melanocytic nevi,0.0010453936,0.00069944334,0.00170263,0.00022056163,0.027028695,0.9692712,3.2065203e-05
5,5,melanocytic nevi,melanocytic nevi,3.8958944e-10,1.5930434e-09,2.8486034e-09,2.9898847e-10,3.0308307e-05,0.9999697,2.9048863e-09
2,1,benign keratosis-like lesions,basal cell carcinoma,0.021690756,0.5302666,0.24412163,0.008895355,0.012560401,0.11358797,0.068877384
5,5,melanocytic nevi,melanocytic nevi,6.280141e-10,4.951344e-09,4.9268384e-10,1.3752532e-09,1.1017845e-06,0.9999989,5.5418507e-08
1,1,basal cell carcinoma,basal cell carcinoma,0.009687692,0.9119481,0.016788272,0.005336265,0.006633402,0.047695074,0.0019112153
5,5,melanocytic nevi,melanocytic nevi,5.3582147e-07,1.3000337e-07,5.5036897e-05,1.7344291e-05,1.0954348e-05,0.99991584,9.4643795e-08
5,5,melanocytic nevi,melanocytic nevi,1.2067153e-12,3.287127e-11,4.8188586e-10,3.4123978e-11,1.5963858e-09,1.0,1.01453825e-10
5,5,melanocytic nevi,melanocytic nevi,3.475234e-07,3.0184003e-07,1.7076023e-06,2.5984266e-06,1.1132936e-05,0.99998367,2.3072865e-07
4,2,melanoma,benign keratosis-like lesions,0.018712904,0.0008722861,0.5753587,0.00042118333,0.17063686,0.23380189,0.00019612638
2,2,benign keratosis-like lesions,benign keratosis-like lesions,0.019106865,0.050034177,0.71612185,0.002326907,0.025143437,0.18478666,0.0024801078
5,5,melanocytic nevi,melanocytic nevi,4.5840776e-09,1.4993791e-06,1.0260664e-05,3.4747939e-07,7.3915953e-07,0.99997616,1.0955823e-05
5,5,melanocytic nevi,melanocytic nevi,2.6733117e-11,5.788753e-10,3.1582426e-09,7.724681e-10,2.246967e-06,0.99999774,3.0929695e-10
5,5,melanocytic nevi,melanocytic nevi,5.222362e-16,8.481715e-15,2.2578136e-13,1.1704589e-12,7.673058e-09,1.0,4.279218e-14
5,5,melanocytic nevi,melanocytic nevi,1.2629246e-07,1.4742531e-05,1.7699796e-05,4.0662206e-07,0.0025956521,0.9973628,8.67259e-06
2,2,benign keratosis-like lesions,benign keratosis-like lesions,0.096199214,0.008903821,0.6630083,0.012281151,0.018863773,0.19995336,0.0007903882
5,5,melanocytic nevi,melanocytic nevi,9.269777e-18,1.7479789e-15,7.4722457e-16,1.0472123e-14,2.2517639e-12,1.0,5.74473e-16
4,5,melanoma,melanocytic nevi,0.040071536,0.0071669067,0.05275105,0.0146713685,0.14761353,0.73413587,0.003589742
5,5,melanocytic nevi,melanocytic nevi,1.0970765e-12,5.7155916e-12,1.2246351e-10,3.1404519e-12,1.2586872e-07,0.9999999,4.9057047e-11
5,5,melanocytic nevi,melanocytic nevi,0.00058406877,0.0015584349,0.14749314,0.0003730935,0.011238113,0.83861107,0.00014205302
5,5,melanocytic nevi,melanocytic nevi,1.1731963e-13,7.2448476e-13,4.8868015e-12,8.397773e-10,1.5431666e-10,1.0,1.2694675e-12
5,4,melanocytic nevi,melanoma,0.25118035,0.008657092,0.1891928,7.194586e-05,0.3344068,0.2162617,0.00022923165
3,2,dermatofibroma,benign keratosis-like lesions,0.012033107,0.00064948323,0.5379065,0.007915473,0.23013903,0.21123207,0.00012430988
1,1,basal cell carcinoma,basal cell carcinoma,0.022634614,0.7454804,0.10102522,0.04542215,0.0065470524,0.07785408,0.0010363486
5,5,melanocytic nevi,melanocytic nevi,4.0608286e-09,1.8567538e-07,4.7636924e-08,7.487125e-08,9.8853e-09,0.99999964,1.062581e-08
5,5,melanocytic nevi,melanocytic nevi,2.7239258e-17,3.1269096e-15,2.620179e-13,5.2409647e-15,2.7097252e-11,1.0,1.9739158e-15
1,5,basal cell carcinoma,melanocytic nevi,0.010364039,0.040911056,0.2184873,0.002383573,0.003443151,0.71349263,0.010918227
5,5,melanocytic nevi,melanocytic nevi,2.9567416e-14,4.1518443e-13,1.1900758e-11,3.1506608e-10,3.7444062e-11,1.0,2.639309e-13
5,5,melanocytic nevi,melanocytic nevi,1.9628048e-10,8.988788e-12,7.412903e-05,2.2650276e-08,7.827949e-09,0.99992585,1.8081274e-10
5,4,melanocytic nevi,melanoma,0.0074668108,0.000102989616,0.45157453,0.000117660136,0.46301287,0.07764845,7.6690056e-05
2,2,benign keratosis-like lesions,benign keratosis-like lesions,0.0012790881,0.00019627913,0.98026717,0.0049234927,0.0024095406,0.010833911,9.0523805e-05
5,5,melanocytic nevi,melanocytic nevi,8.418936e-07,2.003375e-06,0.0010293523,4.25372e-07,0.00018956038,0.9987778,2.2298376e-08
5,5,melanocytic nevi,melanocytic nevi,8.104229e-07,1.8338822e-06,0.00013166448,2.0948105e-06,0.024330402,0.97553307,1.4235191e-07
5,5,melanocytic nevi,melanocytic nevi,0.0005152169,0.00014535902,0.00071630493,1.29945e-05,0.01160901,0.9869875,1.3702197e-05
5,5,melanocytic nevi,melanocytic nevi,1.5505331e-07,5.952469e-07,1.070667e-06,3.0802735e-07,9.237614e-06,0.99998856,9.679624e-08
5,4,melanocytic nevi,melanoma,0.01452591,0.000116021125,0.057416975,0.06837612,0.8280341,0.0312168,0.00031412998
6,6,vascular lesions,vascular lesions,2.1590763e-10,4.2344017e-09,3.436428e-10,4.516148e-08,2.9657274e-10,1.9858985e-07,0.99999976
5,5,melanocytic nevi,melanocytic nevi,3.2561465e-09,9.480577e-09,3.7735705e-07,2.3289513e-08,0.096770085,0.9032295,2.1851072e-08
3,3,dermatofibroma,dermatofibroma,0.00024175827,6.149906e-07,4.7527777e-05,0.99919134,0.00032864363,0.00017213511,1.799559e-05
1,1,basal cell carcinoma,basal cell carcinoma,0.011947343,0.3553546,0.047296237,0.19055429,0.13531044,0.23271637,0.02682072
1,1,basal cell carcinoma,basal cell carcinoma,0.26308283,0.6948994,0.034404475,0.0021458028,6.1246916e-05,0.005362233,4.3942342e-05
5,5,melanocytic nevi,melanocytic nevi,5.492234e-05,0.0001689138,0.0003870198,2.3515151e-05,0.07311814,0.9261957,5.1732077e-05
5,5,melanocytic nevi,melanocytic nevi,1.3007679e-15,8.559647e-14,3.5617746e-13,1.358232e-13,1.0458621e-08,1.0,5.975335e-14
5,5,melanocytic nevi,melanocytic nevi,5.384881e-07,2.1003963e-07,0.0027040695,5.774799e-07,0.004295268,0.9929992,6.106489e-08
2,5,benign keratosis-like lesions,melanocytic nevi,8.410082e-06,2.0835012e-07,0.09040018,7.015296e-06,0.0035910814,0.905993,1.3525444e-07
5,5,melanocytic nevi,melanocytic nevi,1.6795533e-05,8.759039e-06,0.017381076,6.5151e-05,0.0003827368,0.9821451,4.528424e-07
5,5,melanocytic nevi,melanocytic nevi,0.000103615166,0.0002166725,7.11181e-05,0.0005675945,0.01721004,0.98080575,0.0010251115
5,5,melanocytic nevi,melanocytic nevi,0.00059442094,0.00014644301,0.0015766269,0.0025320682,0.08543498,0.90964454,7.088899e-05
4,4,melanoma,melanoma,1.5681662e-12,1.8791014e-13,8.4673996e-10,3.000578e-14,1.0,5.03705e-09,7.038259e-11
5,5,melanocytic nevi,melanocytic nevi,3.5461073e-10,1.2322453e-10,2.3495296e-08,6.376918e-09,2.1677624e-06,0.99999785,9.266644e-11
5,5,melanocytic nevi,melanocytic nevi,1.2613509e-19,4.4847483e-16,2.4303094e-17,1.365873e-16,5.942028e-16,1.0,7.062874e-17
2,2,benign keratosis-like lesions,benign keratosis-like lesions,0.008428542,5.548757e-05,0.83061916,9.157091e-05,0.008214645,0.15257652,1.409299e-05
5,5,melanocytic nevi,melanocytic nevi,3.519335e-11,5.7273537e-09,4.1515644e-10,2.110351e-08,4.117342e-09,0.99999976,2.776753e-07
5,5,melanocytic nevi,melanocytic nevi,1.3650421e-09,4.6623146e-07,5.1414203e-11,3.478631e-05,8.788232e-09,0.9999639,8.248997e-07
5,5,melanocytic nevi,melanocytic nevi,7.829783e-08,7.556168e-09,0.000491777,6.699133e-07,0.0022375756,0.9972698,2.39369e-08
5,5,melanocytic nevi,melanocytic nevi,3.8570118e-13,1.0391417e-11,1.3463316e-09,7.93771e-11,4.1899986e-09,1.0,9.560772e-13
5,5,melanocytic nevi,melanocytic nevi,6.5749606e-09,1.2760152e-07,3.1100777e-07,1.7957552e-07,6.846433e-08,0.99999905,2.7084857e-07
6,6,vascular lesions,vascular lesions,6.3025835e-11,1.3803397e-09,4.222075e-11,6.1093345e-08,4.0905054e-11,1.7783995e-08,0.9999999
5,5,melanocytic nevi,melanocytic nevi,3.155381e-06,4.3396816e-05,4.5435037e-05,3.891778e-06,0.045779474,0.9541244,2.3671542e-07
5,5,melanocytic nevi,melanocytic nevi,1.5623922e-05,9.174862e-07,0.12613736,5.4739726e-06,0.0011272749,0.87271243,9.501513e-07
4,4,melanoma,melanoma,0.02559976,0.00024941657,0.120055996,0.00013032035,0.84648925,0.007420616,5.4730124e-05
5,5,melanocytic nevi,melanocytic nevi,1.6718894e-05,4.5831945e-05,0.08815816,3.172928e-05,0.03307503,0.8786691,3.410682e-06
5,5,melanocytic nevi,melanocytic nevi,1.6455168e-15,2.4933677e-13,4.244621e-14,3.5129495e-12,2.1179446e-08,1.0,1.6695708e-13
2,2,benign keratosis-like lesions,benign keratosis-like lesions,0.004575223,0.016617568,0.903597,0.0029877368,0.025457937,0.046053346,0.00071117264
5,5,melanocytic nevi,melanocytic nevi,3.749775e-05,0.0011607342,0.00065983605,2.2994429e-05,8.343416e-05,0.99802893,6.5010854e-06
5,5,melanocytic nevi,melanocytic nevi,8.30322e-12,6.5794718e-12,5.1970614e-09,3.3424632e-09,9.3471435e-08,0.9999999,9.777797e-13
5,5,melanocytic nevi,melanocytic nevi,0.00031129515,4.2268504e-05,0.05526358,0.001189985,0.114303395,0.82887655,1.2949163e-05
2,5,benign keratosis-like lesions,melanocytic nevi,6.4602017e-07,1.375036e-06,0.11627284,1.1855733e-06,0.010575657,0.8731481,2.1347739e-07
5,5,melanocytic nevi,melanocytic nevi,2.1649951e-13,4.157653e-13,3.5659725e-11,1.035881e-10,1.2321804e-09,1.0,1.3762524e-12
5,5,melanocytic nevi,melanocytic nevi,0.0014998987,0.00035132666,0.04501568,0.0025317275,0.1996696,0.7506088,0.00032301896
5,5,melanocytic nevi,melanocytic nevi,1.4827317e-12,1.0724242e-11,3.4621895e-08,5.1297313e-12,3.527153e-10,1.0,1.8000113e-12
5,5,melanocytic nevi,melanocytic nevi,3.7731803e-07,3.9752786e-07,4.993013e-06,1.5446471e-07,0.014711261,0.98528254,3.1395257e-07
5,2,melanocytic nevi,benign keratosis-like lesions,5.789191e-05,9.490285e-05,0.8649727,0.00018347584,0.00032770424,0.1343371,2.6249225e-05
5,5,melanocytic nevi,melanocytic nevi,4.2621366e-05,4.2930915e-05,0.00011162512,1.16171805e-05,0.025385974,0.9743604,4.4749995e-05
2,4,benign keratosis-like lesions,melanoma,1.4526641e-05,1.8967509e-06,0.009377947,3.300362e-05,0.9113757,0.07918592,1.0945579e-05
5,5,melanocytic nevi,melanocytic nevi,3.2082106e-13,2.4216911e-11,4.043376e-10,2.64385e-12,1.138631e-07,0.9999999,1.0611349e-12
1,2,basal cell carcinoma,benign keratosis-like lesions,0.10941987,0.031174574,0.7091027,0.0029873971,0.13649215,0.010153373,0.0006699296
5,5,melanocytic nevi,melanocytic nevi,1.352176e-06,2.814167e-06,6.0660395e-06,5.0923563e-07,0.0051414478,0.9948467,1.0941382e-06
5,5,melanocytic nevi,melanocytic nevi,2.40503e-06,2.9642487e-07,0.00025356124,7.840542e-08,0.012579737,0.9871638,1.2063998e-07
5,5,melanocytic nevi,melanocytic nevi,6.937333e-13,8.6408915e-11,6.2529315e-10,6.374508e-10,3.5070638e-09,1.0,1.1975193e-11
4,5,melanoma,melanocytic nevi,0.010119787,0.0008622116,0.37663662,0.00012099196,0.1979273,0.41423944,9.3643015e-05
5,5,melanocytic nevi,melanocytic nevi,9.228512e-07,1.5374789e-06,0.0006738165,2.6741009e-05,0.03882173,0.9604751,1.4085809e-07
4,4,melanoma,melanoma,1.5484418e-06,2.8928177e-06,2.8404105e-05,1.7807743e-06,0.9940858,0.005870943,8.704276e-06
5,5,melanocytic nevi,melanocytic nevi,7.0684874e-15,2.4093694e-13,3.530838e-12,4.1983656e-13,3.755647e-09,1.0,7.665918e-13
5,5,melanocytic nevi,melanocytic nevi,3.2305325e-09,4.53031e-07,9.933239e-07,9.670395e-09,2.307789e-07,0.99999833,4.25371e-09
5,4,melanocytic nevi,melanoma,0.00045461362,0.0003365776,0.2134215,0.0046740267,0.6457731,0.13490511,0.0004350855
5,5,melanocytic nevi,melanocytic nevi,2.1764353e-07,4.3798625e-08,1.3471165e-05,5.278419e-06,1.5832682e-05,0.99996483,3.5117395e-07
5,5,melanocytic nevi,melanocytic nevi,1.2341376e-16,2.2632365e-14,5.24503e-13,2.3226785e-13,1.3921718e-13,1.0,5.1336973e-15
5,5,melanocytic nevi,melanocytic nevi,8.446214e-07,1.5394879e-05,9.089326e-05,9.985772e-06,0.0017714042,0.9979722,0.00013927087
5,5,melanocytic nevi,melanocytic nevi,9.456277e-11,4.099057e-10,1.4488662e-09,8.661978e-10,7.5044403e-07,0.9999993,3.0787057e-11
5,5,melanocytic nevi,melanocytic nevi,2.5589661e-06,1.3855966e-07,0.0004321931,2.407262e-06,0.029146854,0.9704159,1.7055577e-08
5,4,melanocytic nevi,melanoma,7.7220585e-10,1.3127123e-09,2.5761597e-08,7.26581e-09,0.91028076,0.08971922,1.950277e-09
5,5,melanocytic nevi,melanocytic nevi,1.2236702e-15,2.0295804e-14,1.1211924e-12,1.7329528e-13,7.536691e-11,1.0,6.966089e-14
5,5,melanocytic nevi,melanocytic nevi,1.360342e-08,4.0138877e-07,2.1452995e-05,2.501273e-09,3.4476907e-05,0.99994373,1.3349972e-09
5,5,melanocytic nevi,melanocytic nevi,3.4239323e-11,2.608437e-09,8.5371177e-10,2.2320763e-09,0.0015644619,0.99843556,4.1933312e-10
5,5,melanocytic nevi,melanocytic nevi,3.6028833e-09,3.8201094e-08,4.0466801e-07,1.585757e-08,7.0656904e-07,0.9999988,1.4458738e-08
1,1,basal cell carcinoma,basal cell carcinoma,0.0024179285,0.995141,0.0015844344,0.00012700546,0.00019225595,0.0001391226,0.00039825097
5,5,melanocytic nevi,melanocytic nevi,0.012748509,0.004631936,0.08635088,0.015185702,0.009077267,0.8718113,0.00019444176
5,5,melanocytic nevi,melanocytic nevi,2.454027e-14,5.5693937e-13,1.4549195e-11,4.225205e-13,2.0473353e-08,1.0,1.09196e-12
4,4,melanoma,melanoma,3.30197e-06,6.2003613e-07,0.0001609998,6.550333e-08,0.9956773,0.00415697,7.042795e-07
5,5,melanocytic nevi,melanocytic nevi,1.7758825e-07,3.187786e-06,1.7626465e-06,8.851292e-07,5.932794e-05,0.99993443,1.8518476e-07
5,2,melanocytic nevi,benign keratosis-like lesions,0.059682935,0.022486813,0.7752797,0.07697565,0.0008564459,0.064030334,0.0006881303
5,5,melanocytic nevi,melanocytic nevi,5.455843e-05,3.247364e-05,0.04059081,2.180836e-05,0.001767094,0.9575313,1.9414865e-06
5,5,melanocytic nevi,melanocytic nevi,3.9819345e-10,6.4966234e-11,9.430738e-08,1.8798434e-09,4.4356124e-08,0.9999999,2.8082603e-09
5,5,melanocytic nevi,melanocytic nevi,3.5147107e-10,1.0744143e-08,3.76861e-08,7.865648e-10,0.0013106986,0.9986891,2.1755751e-07
5,5,melanocytic nevi,melanocytic nevi,1.248913e-07,6.6117476e-09,5.6482026e-05,2.9708835e-07,0.00036877158,0.99957424,9.439853e-09
5,5,melanocytic nevi,melanocytic nevi,2.4456228e-06,3.0561282e-06,1.994833e-05,1.8313352e-05,0.053219553,0.9467364,2.2328372e-07
5,5,melanocytic nevi,melanocytic nevi,0.0012333443,0.00031937,0.021976495,0.0035952253,0.076625206,0.8848514,0.011398981
5,5,melanocytic nevi,melanocytic nevi,0.0021280497,0.003109262,0.020839827,0.012837773,0.004267609,0.95674795,6.9504385e-05
0,0,actinic keratoses and intraepithelial carcinoma,actinic keratoses and intraepithelial carcinoma,0.9004757,0.07134589,0.019101076,0.0013307056,0.0068978746,0.00060574274,0.00024305051
5,5,melanocytic nevi,melanocytic nevi,1.2579623e-10,1.2303989e-08,3.6367005e-08,2.3579463e-10,1.1126924e-05,0.9999889,7.944756e-11
5,5,melanocytic nevi,melanocytic nevi,7.790406e-11,1.2520543e-10,4.059003e-09,3.7682506e-11,1.7072483e-05,0.99998295,8.454353e-12
5,5,melanocytic nevi,melanocytic nevi,0.00011319177,7.5794036e-05,0.00021515247,0.00026736374,0.34522763,0.6540763,2.4663055e-05
2,5,benign keratosis-like lesions,melanocytic nevi,2.2855235e-09,3.5630374e-11,0.00035813474,1.4244882e-06,0.00017389013,0.9994666,3.372017e-09
3,3,dermatofibroma,dermatofibroma,0.0006253792,0.010721121,0.080699086,0.5662294,1.3180671e-05,0.34136507,0.0003467487
5,5,melanocytic nevi,melanocytic nevi,1.0484185e-08,6.632898e-08,8.9290603e-07,9.253148e-08,8.570374e-06,0.99999034,1.25175434e-08
5,5,melanocytic nevi,melanocytic nevi,5.121556e-13,3.3688213e-12,2.7840852e-09,7.462391e-12,2.0404585e-08,1.0,1.1777646e-11
5,5,melanocytic nevi,melanocytic nevi,3.015309e-05,2.7654518e-05,0.00025509563,0.00024337729,0.0011690981,0.99825853,1.6075113e-05
2,2,benign keratosis-like lesions,benign keratosis-like lesions,5.0627037e-05,1.6310725e-05,0.9400034,0.00024854753,7.55244e-05,0.059600312,5.372211e-06
2,1,benign keratosis-like lesions,basal cell carcinoma,0.030071834,0.71368974,0.0036621864,0.0014984465,0.24086651,0.0007997806,0.0094115315
5,5,melanocytic nevi,melanocytic nevi,2.3996616e-08,9.611714e-09,2.5535851e-07,1.5759881e-06,0.00038117205,0.9996166,1.825583e-07
5,5,melanocytic nevi,melanocytic nevi,5.206288e-13,1.7482884e-12,1.3816283e-12,9.63569e-12,2.5087383e-09,1.0,5.239294e-12
2,2,benign keratosis-like lesions,benign keratosis-like lesions,0.0013804223,8.966702e-06,0.9892675,1.4484633e-05,0.0092921425,3.4546527e-05,1.924836e-06
2,5,benign keratosis-like lesions,melanocytic nevi,1.9485249e-06,1.8057434e-06,0.002841794,1.0493711e-05,0.00029209125,0.99685174,7.088694e-08
2,2,benign keratosis-like lesions,benign keratosis-like lesions,0.00019311708,1.9565296e-05,0.99861217,6.361457e-06,2.4926012e-06,0.0011662161,2.644657e-08
5,5,melanocytic nevi,melanocytic nevi,2.8489009e-13,4.648677e-12,9.859055e-09,2.9413033e-13,2.727792e-11,1.0,2.719349e-12
0,0,actinic keratoses and intraepithelial carcinoma,actinic keratoses and intraepithelial carcinoma,0.970637,0.0042866636,0.004094363,0.020578586,1.7379141e-05,0.00038242445,3.5536295e-06
5,5,melanocytic nevi,melanocytic nevi,5.062662e-08,1.0689376e-08,2.1681853e-05,9.971455e-07,3.8162406e-07,0.9999769,1.327833e-11
1,1,basal cell carcinoma,basal cell carcinoma,0.002370367,0.9867502,0.00037793434,0.000735533,0.0026227653,5.2453852e-05,0.0070908153
2,2,benign keratosis-like lesions,benign keratosis-like lesions,0.00075270137,8.7104545e-06,0.94127214,0.0004374661,0.044561647,0.012939357,2.7851796e-05
2,2,benign keratosis-like lesions,benign keratosis-like lesions,7.268309e-05,7.913909e-05,0.9991716,9.7510834e-05,7.759731e-05,0.00049570453,5.6469044e-06
1,2,basal cell carcinoma,benign keratosis-like lesions,0.06849075,0.0890977,0.835528,0.0005622157,0.0016453307,0.004625827,5.002267e-05
5,5,melanocytic nevi,melanocytic nevi,1.3956713e-12,3.8467958e-11,3.66779e-11,6.7156336e-11,4.0082107e-09,1.0,6.168277e-12
5,5,melanocytic nevi,melanocytic nevi,5.4723087e-06,0.0006647518,0.00013894466,5.1031104e-05,2.7451365e-06,0.9897036,0.009433511
5,2,melanocytic nevi,benign keratosis-like lesions,4.613432e-06,7.2945234e-08,0.92460954,4.9701516e-06,8.427694e-05,0.07529639,3.185368e-08
5,5,melanocytic nevi,melanocytic nevi,3.369082e-10,6.9980627e-10,2.8299523e-08,1.5509523e-08,8.34969e-08,0.9999999,4.5325743e-10
5,5,melanocytic nevi,melanocytic nevi,9.686227e-10,1.1313336e-09,2.3926077e-06,5.881258e-07,2.1841537e-05,0.9999752,1.8766122e-09
4,4,melanoma,melanoma,0.0011202765,0.0032127164,0.15834853,0.00076868414,0.8325725,0.0038010748,0.0001761393
5,5,melanocytic nevi,melanocytic nevi,3.2936699e-13,4.4031844e-12,7.371471e-12,2.7671243e-08,6.493155e-11,1.0,2.172584e-11
5,5,melanocytic nevi,melanocytic nevi,9.678577e-06,6.945404e-06,0.0007033576,1.1813319e-06,0.40500733,0.5942706,9.046224e-07
2,5,benign keratosis-like lesions,melanocytic nevi,0.00021027273,0.00010857233,0.061944418,1.2709507e-05,0.033008017,0.90471345,2.633417e-06
5,5,melanocytic nevi,melanocytic nevi,7.326494e-14,1.9185807e-12,3.0610525e-11,6.054852e-13,5.2088143e-07,0.9999995,2.679257e-12
5,5,melanocytic nevi,melanocytic nevi,2.0479533e-11,4.81805e-10,2.4658725e-08,6.446292e-10,2.1660455e-08,1.0,2.1229414e-10
1,1,basal cell carcinoma,basal cell carcinoma,0.007828627,0.92118365,0.0032838108,0.03824332,0.00027893178,0.026463477,0.0027181567
5,5,melanocytic nevi,melanocytic nevi,1.534446e-11,1.6763629e-11,1.6305347e-09,1.7593769e-09,1.2283117e-08,1.0,1.6693474e-10
5,5,melanocytic nevi,melanocytic nevi,7.060149e-13,1.8030794e-11,1.7507316e-10,3.5701466e-12,0.0005995099,0.9994005,1.8345188e-11
5,5,melanocytic nevi,melanocytic nevi,1.4837792e-11,4.9655062e-09,1.2088739e-08,3.4873304e-10,1.3893111e-07,0.9999999,1.2645496e-12
5,5,melanocytic nevi,melanocytic nevi,1.1585345e-06,4.784635e-06,3.6803634e-05,1.2688992e-06,0.019630779,0.9803247,4.8421316e-07
5,5,melanocytic nevi,melanocytic nevi,1.4358811e-07,7.4185164e-07,0.0024928327,1.7125782e-08,0.069497816,0.9280083,1.194342e-07
2,2,benign keratosis-like lesions,benign keratosis-like lesions,4.311146e-05,5.066838e-07,0.9985208,1.7823979e-06,0.0013189025,0.000114711554,2.965042e-07
2,2,benign keratosis-like lesions,benign keratosis-like lesions,0.0025272742,8.508079e-05,0.97045666,1.9213912e-05,0.025608929,0.001295519,7.30673e-06
5,5,melanocytic nevi,melanocytic nevi,1.6175003e-12,1.08676526e-08,1.0173792e-09,1.231942e-10,8.4647574e-08,0.99999964,1.9193307e-07
5,5,melanocytic nevi,melanocytic nevi,2.075027e-07,2.2077595e-07,1.2498689e-06,2.1053957e-07,0.005605697,0.9943921,3.041271e-07
1,1,basal cell carcinoma,basal cell carcinoma,0.23784263,0.75407463,0.0050246757,0.0027427706,7.30757e-05,0.00014493751,9.7313874e-05
1,1,basal cell carcinoma,basal cell carcinoma,0.059017573,0.9037959,0.034930125,0.00048798948,0.00030106338,0.0010998717,0.00036748868
5,5,melanocytic nevi,melanocytic nevi,2.6638922e-08,2.783779e-09,1.4897229e-05,1.7689082e-08,9.139242e-06,0.9999759,4.7635975e-08
2,2,benign keratosis-like lesions,benign keratosis-like lesions,0.0050173416,0.0004290584,0.8402347,0.0023374087,0.037770674,0.11401142,0.00019940113
5,5,melanocytic nevi,melanocytic nevi,2.2379455e-13,2.0160604e-11,2.7548712e-11,1.03293145e-10,4.7672915e-09,1.0,2.536931e-09
5,5,melanocytic nevi,melanocytic nevi,1.1961137e-14,4.4014586e-14,6.5951905e-12,4.217357e-12,2.5902694e-10,1.0,6.5731695e-14
5,5,melanocytic nevi,melanocytic nevi,1.0624639e-06,0.00021291217,2.442771e-06,4.2198982e-07,3.520505e-05,0.99974734,6.5962206e-07
2,2,benign keratosis-like lesions,benign keratosis-like lesions,0.0027167157,0.004326608,0.9127658,0.00044597406,0.022312755,0.057365563,6.653488e-05
5,5,melanocytic nevi,melanocytic nevi,5.8366713e-05,0.00530915,0.0002987101,0.0001090334,0.0069712796,0.9870133,0.0002401682
5,5,melanocytic nevi,melanocytic nevi,1.04033644e-13,1.7174257e-12,1.5975598e-11,2.8411438e-11,3.8509643e-08,1.0,7.4396956e-12
5,5,melanocytic nevi,melanocytic nevi,3.9684594e-05,5.0827653e-05,0.00036987374,1.1185624e-05,0.084844306,0.9146824,1.699273e-06
5,5,melanocytic nevi,melanocytic nevi,1.4516976e-05,1.2429415e-06,7.9467645e-05,3.3255671e-06,0.0010866075,0.9988146,1.8974467e-07
1,1,basal cell carcinoma,basal cell carcinoma,0.008468584,0.9891115,0.0015928987,0.00061149057,6.1006634e-05,7.204274e-05,8.245897e-05
5,5,melanocytic nevi,melanocytic nevi,5.0311565e-12,1.5320011e-11,1.7131717e-09,2.796671e-10,5.0372684e-10,1.0,8.227247e-13
5,5,melanocytic nevi,melanocytic nevi,2.5049337e-06,8.494188e-06,0.00019881187,4.2990364e-06,0.00011724969,0.9996643,4.3281248e-06
5,5,melanocytic nevi,melanocytic nevi,5.2742685e-11,1.6647028e-09,5.87245e-10,4.0420117e-10,2.3425809e-08,1.0,3.4786676e-10
5,5,melanocytic nevi,melanocytic nevi,2.2686277e-06,2.519118e-07,0.0007089682,4.3064883e-05,0.0029172208,0.99632794,2.7000073e-07
2,2,benign keratosis-like lesions,benign keratosis-like lesions,0.0028310623,9.109753e-05,0.52106875,0.00011036801,0.4743096,0.0015709237,1.8228178e-05
5,5,melanocytic nevi,melanocytic nevi,6.975109e-16,9.256333e-14,1.0070635e-14,5.1699153e-12,4.440363e-11,1.0,3.9914342e-13
5,5,melanocytic nevi,melanocytic nevi,6.536073e-11,5.4875654e-10,2.2540412e-08,6.874428e-08,4.3010387e-11,0.9999999,2.6645492e-09
0,4,actinic keratoses and intraepithelial carcinoma,melanoma,0.0009065154,0.00013927421,0.100375034,2.705418e-05,0.8693644,0.028727634,0.00046001258
5,5,melanocytic nevi,melanocytic nevi,7.1957415e-06,5.5871174e-06,0.0023589218,6.0555403e-06,0.0063166707,0.9913051,4.3409906e-07
5,5,melanocytic nevi,melanocytic nevi,6.0398215e-09,2.9937404e-09,1.0350705e-06,0.0027179923,6.1553607e-10,0.99728096,3.2529548e-09
5,5,melanocytic nevi,melanocytic nevi,0.0006059284,0.0011992373,0.0009079098,0.0031463467,0.00414025,0.9899273,7.3043484e-05
4,4,melanoma,melanoma,3.2847186e-08,2.714286e-08,6.928826e-06,4.1027923e-09,0.9999902,2.747602e-06,2.5768088e-08
5,5,melanocytic nevi,melanocytic nevi,3.304858e-06,7.91056e-05,0.00018526857,3.41193e-05,0.017995188,0.9816783,2.4638504e-05
5,5,melanocytic nevi,melanocytic nevi,6.5230265e-17,4.689262e-14,6.754341e-14,1.1465025e-13,7.664579e-15,1.0,4.0557035e-14
5,5,melanocytic nevi,melanocytic nevi,0.0030046168,0.001150849,0.012929897,0.0034449548,0.047408972,0.93185055,0.00021017605
5,5,melanocytic nevi,melanocytic nevi,0.00011655287,0.00012753549,0.0034361659,1.52218345e-05,0.2172836,0.7789883,3.257523e-05
4,4,melanoma,melanoma,6.372973e-05,0.00088479836,0.00031168808,0.0001260498,0.9817406,0.016762724,0.00011047103
5,5,melanocytic nevi,melanocytic nevi,2.1196792e-10,1.0556544e-07,2.6788882e-09,9.967925e-09,9.7468515e-08,0.9999995,1.8373106e-07
5,5,melanocytic nevi,melanocytic nevi,2.4326974e-08,4.7211767e-08,0.0001179789,8.512056e-09,0.0006550409,0.9992269,6.511487e-09
4,5,melanoma,melanocytic nevi,3.0687513e-06,1.9261201e-06,7.0511254e-05,4.4630697e-06,0.267104,0.7328159,1.6850036e-07
4,4,melanoma,melanoma,8.672001e-09,4.4301228e-08,1.1303737e-06,1.4622962e-08,0.97360533,0.026393453,6.510471e-09
3,3,dermatofibroma,dermatofibroma,4.612423e-09,5.4305595e-11,1.1105592e-06,0.9999988,2.0469237e-11,4.7157034e-08,1.7536301e-08
2,1,benign keratosis-like lesions,basal cell carcinoma,0.02216765,0.43565747,0.43088627,0.0277415,0.0063170893,0.07573127,0.0014987455
4,4,melanoma,melanoma,8.021474e-09,4.9310803e-08,8.039323e-08,2.4754861e-08,0.75365865,0.24634114,1.8729375e-08
5,5,melanocytic nevi,melanocytic nevi,1.9344967e-05,0.00054922217,1.9943001e-05,6.8336126e-06,0.015932197,0.98346853,3.917782e-06
4,2,melanoma,benign keratosis-like lesions,0.0049698353,1.1004073e-06,0.88957906,7.1387467e-06,0.100639455,0.0048029753,4.6871835e-07
2,2,benign keratosis-like lesions,benign keratosis-like lesions,0.0020925892,1.38716305e-05,0.9738877,0.0015611117,0.019667735,0.002766238,1.0732208e-05
5,2,melanocytic nevi,benign keratosis-like lesions,0.09392463,0.039667908,0.48278624,0.019219233,0.1758954,0.18666163,0.0018449083
2,2,benign keratosis-like lesions,benign keratosis-like lesions,0.000251489,8.094458e-05,0.99255425,7.390253e-05,0.0004037025,0.006630293,5.3312615e-06
5,4,melanocytic nevi,melanoma,1.7249054e-06,1.2122448e-06,2.0660693e-05,3.9463453e-06,0.89278513,0.10718689,4.2640895e-07
4,4,melanoma,melanoma,2.8685665e-09,4.518774e-08,3.3938156e-07,7.572947e-09,0.9981756,0.0018240366,1.2132366e-08
2,2,benign keratosis-like lesions,benign keratosis-like lesions,0.059354197,0.07568797,0.74112767,0.05588518,0.019038735,0.045948192,0.002958042
4,5,melanoma,melanocytic nevi,2.9657245e-05,0.00034495915,0.0013165952,0.0008712407,0.33196113,0.66540325,7.319365e-05
5,5,melanocytic nevi,melanocytic nevi,4.799767e-11,8.419003e-11,5.7359912e-09,3.769037e-09,7.9554825e-09,1.0,2.747044e-10
1,1,basal cell carcinoma,basal cell carcinoma,0.0021554537,0.9615986,0.016962267,0.0002704447,0.0070205205,0.011543668,0.00044917702
5,5,melanocytic nevi,melanocytic nevi,2.8786437e-07,2.6736802e-06,9.563328e-06,2.0887061e-08,0.027614461,0.97237307,1.9031637e-08
5,5,melanocytic nevi,melanocytic nevi,7.057862e-14,2.4550362e-12,1.3253681e-12,9.425823e-13,7.9138746e-10,1.0,9.506113e-13
2,5,benign keratosis-like lesions,melanocytic nevi,0.0006312469,0.00015206877,0.37055835,2.487827e-05,0.01726412,0.61135656,1.2758331e-05
5,5,melanocytic nevi,melanocytic nevi,3.687381e-15,1.2299378e-13,1.0436082e-12,8.519888e-14,1.9787925e-09,1.0,8.5498785e-13
5,5,melanocytic nevi,melanocytic nevi,0.012296229,0.018634846,0.39447668,0.009725669,0.14507805,0.41260025,0.0071882554
4,4,melanoma,melanoma,0.00012336893,0.00046951376,0.00067519315,0.00022261815,0.994532,0.00393734,4.0004117e-05
5,5,melanocytic nevi,melanocytic nevi,1.8670874e-12,1.7889082e-12,5.244761e-09,8.5873295e-11,2.438374e-10,1.0,3.1478303e-11
5,5,melanocytic nevi,melanocytic nevi,1.9154044e-23,1.31215224e-20,7.866936e-21,3.5871443e-20,6.418373e-16,1.0,1.1878305e-19
5,5,melanocytic nevi,melanocytic nevi,0.0002695585,1.0801206e-05,0.009210689,7.137443e-05,0.0031079317,0.98732865,9.4810656e-07
5,5,melanocytic nevi,melanocytic nevi,1.3253453e-12,7.5039784e-13,2.4109037e-10,4.9932384e-13,1.2122028e-09,1.0,2.99333e-14
5,5,melanocytic nevi,melanocytic nevi,3.818393e-07,4.3947107e-06,2.0860169e-05,8.023194e-07,0.002333072,0.9976405,4.3932395e-08
5,5,melanocytic nevi,melanocytic nevi,4.1738203e-06,1.1608101e-06,0.0010605642,7.866657e-06,0.44651082,0.5524152,2.632723e-07
2,2,benign keratosis-like lesions,benign keratosis-like lesions,0.0001493011,4.8997314e-05,0.99233055,1.7005257e-05,0.0038540347,0.003599701,4.0186566e-07
5,5,melanocytic nevi,melanocytic nevi,8.824015e-10,1.2717934e-08,3.806694e-07,1.29835e-08,2.9091538e-07,0.9999994,5.446284e-09
5,5,melanocytic nevi,melanocytic nevi,7.714942e-16,1.5081748e-15,2.2936065e-12,4.4866888e-13,1.331498e-11,1.0,2.0807522e-14
5,5,melanocytic nevi,melanocytic nevi,2.2453275e-11,4.924032e-11,1.5041696e-08,4.2259467e-09,3.3079445e-08,1.0,1.2800294e-12
5,5,melanocytic nevi,melanocytic nevi,7.959393e-14,1.2509094e-12,1.05403165e-10,8.625848e-13,1.9270885e-10,1.0,1.1449559e-12
6,6,vascular lesions,vascular lesions,7.688936e-06,0.00020977607,1.9435004e-06,0.0038327025,2.8406354e-05,0.0042275283,0.99169207
5,5,melanocytic nevi,melanocytic nevi,6.7781083e-09,1.2023693e-08,3.267187e-07,1.0166843e-08,4.2802356e-05,0.9999567,9.819805e-08
5,5,melanocytic nevi,melanocytic nevi,2.0994428e-16,7.7017616e-14,8.868749e-14,2.0845996e-12,2.0246942e-13,1.0,7.7651965e-12
5,4,melanocytic nevi,melanoma,0.006134451,8.280351e-05,0.032195512,0.0007440606,0.6420333,0.3184729,0.00033701357
5,5,melanocytic nevi,melanocytic nevi,5.17795e-08,2.4541759e-08,5.5989667e-06,1.3407546e-07,2.243086e-05,0.99997175,4.1064903e-09
5,5,melanocytic nevi,melanocytic nevi,1.1630258e-06,9.588231e-06,5.1920564e-05,2.1774233e-06,0.20227018,0.7976645,4.7660023e-07
5,3,melanocytic nevi,dermatofibroma,0.00020239715,0.0003161836,0.43770418,0.5468128,3.5167777e-05,0.014796823,0.00013241623
5,5,melanocytic nevi,melanocytic nevi,3.0243188e-09,5.028039e-10,5.0624126e-06,9.43157e-09,1.4944874e-05,0.99998,1.8274067e-09
1,4,basal cell carcinoma,melanoma,0.006100825,0.00392587,0.021355357,0.00054701936,0.7215105,0.24563937,0.0009211285
0,0,actinic keratoses and intraepithelial carcinoma,actinic keratoses and intraepithelial carcinoma,0.9773607,0.0024327317,0.0005538152,0.017022274,0.002411629,5.3065756e-05,0.0001658116
2,2,benign keratosis-like lesions,benign keratosis-like lesions,8.300005e-09,4.475001e-08,0.9986754,3.734112e-09,0.0006077562,0.0007168177,3.2672913e-09
5,5,melanocytic nevi,melanocytic nevi,0.0004370665,0.00029164486,0.0056987777,0.0003202481,0.005416163,0.9876588,0.00017728555
5,5,melanocytic nevi,melanocytic nevi,2.038727e-07,9.1700564e-08,0.00010825146,6.6273833e-07,6.731361e-08,0.99989057,6.233393e-08
5,5,melanocytic nevi,melanocytic nevi,9.0303795e-14,1.4203314e-13,1.0704153e-11,1.1716091e-16,2.461966e-09,1.0,7.95351e-13
1,1,basal cell carcinoma,basal cell carcinoma,0.06835252,0.6462864,0.17544264,0.022328153,0.06799123,0.015558774,0.004040309
5,5,melanocytic nevi,melanocytic nevi,1.896704e-10,2.2396398e-09,4.675185e-10,3.3957815e-07,2.1080622e-07,0.9999994,9.073435e-10
5,5,melanocytic nevi,melanocytic nevi,6.1071465e-15,3.2481694e-14,1.0895727e-10,3.728917e-12,5.535214e-11,1.0,9.351258e-13
5,5,melanocytic nevi,melanocytic nevi,5.213568e-05,0.00026531253,0.0006093157,4.6891313e-05,0.1014942,0.8834155,0.014116668
5,5,melanocytic nevi,melanocytic nevi,1.1475366e-18,1.8345167e-15,6.785596e-16,8.934885e-17,2.8635568e-12,1.0,1.6485262e-15
5,5,melanocytic nevi,melanocytic nevi,2.1724372e-20,1.799498e-18,8.827187e-17,1.9344959e-16,7.064407e-14,1.0,5.2974413e-17
1,1,basal cell carcinoma,basal cell carcinoma,0.0035337708,0.99582857,0.000112689006,0.00047686484,9.116026e-06,1.6748256e-05,2.2179034e-05
2,2,benign keratosis-like lesions,benign keratosis-like lesions,2.1612681e-05,5.245806e-07,0.9999018,3.6295045e-05,1.3783904e-05,2.595741e-05,8.395067e-08
3,3,dermatofibroma,dermatofibroma,0.0008759926,0.00422719,0.13625629,0.71225137,0.007873366,0.1380574,0.0004583823
1,1,basal cell carcinoma,basal cell carcinoma,0.056561124,0.9122302,0.02376443,0.0034207,0.0015988364,0.0016168363,0.0008078347
5,5,melanocytic nevi,melanocytic nevi,1.0067481e-06,2.7112533e-06,4.8684182e-05,1.1528403e-05,5.7742265e-05,0.9998783,1.4645369e-07
5,5,melanocytic nevi,melanocytic nevi,3.6738472e-14,2.4829093e-12,8.260034e-12,2.4689886e-11,8.6981835e-08,0.9999999,2.726888e-10
5,5,melanocytic nevi,melanocytic nevi,0.0047341036,0.00020252682,0.1147379,0.00068928464,0.27877337,0.6004436,0.00041921137
5,5,melanocytic nevi,melanocytic nevi,5.7844523e-12,8.247361e-11,4.1967524e-10,6.3198127e-09,5.945612e-07,0.9999994,8.866656e-12
5,5,melanocytic nevi,melanocytic nevi,4.9669367e-13,2.225928e-09,3.4070944e-09,7.454883e-11,4.492086e-08,1.0,5.5880838e-11
5,5,melanocytic nevi,melanocytic nevi,0.00021420728,0.00011960832,0.005086425,0.00012445817,0.12218778,0.87220967,5.7928228e-05
1,1,basal cell carcinoma,basal cell carcinoma,0.0016215866,0.9244992,0.024117691,0.00025071148,0.0005292146,0.048413277,0.00056831696
5,5,melanocytic nevi,melanocytic nevi,2.5879419e-15,9.973386e-13,2.7424079e-12,8.2651366e-13,2.0262128e-09,1.0,1.7931007e-11
5,5,melanocytic nevi,melanocytic nevi,1.3441715e-12,1.2974401e-11,4.9820273e-11,1.1799898e-12,1.09719444e-07,0.9999999,4.9891094e-12
4,4,melanoma,melanoma,4.247546e-05,7.5359414e-05,0.0046412055,0.00018017131,0.82766056,0.16739209,8.114984e-06
5,5,melanocytic nevi,melanocytic nevi,4.223071e-08,4.3706032e-07,6.938662e-05,3.514202e-08,1.2373779e-05,0.9999176,6.1502185e-08
5,5,melanocytic nevi,melanocytic nevi,3.694669e-18,6.6322013e-16,2.4624127e-16,1.40546585e-14,1.7268667e-11,1.0,2.5209127e-16
5,5,melanocytic nevi,melanocytic nevi,8.879425e-06,1.6169917e-05,0.00047188325,3.0533477e-06,0.004302182,0.9951957,2.0969505e-06
5,5,melanocytic nevi,melanocytic nevi,0.00011290348,2.5654866e-05,0.3601949,0.0019196282,9.5519856e-05,0.6375976,5.372998e-05
5,5,melanocytic nevi,melanocytic nevi,3.424891e-11,5.258611e-10,4.2768758e-10,2.8699638e-09,1.1213107e-07,0.9999999,3.05715e-11
5,5,melanocytic nevi,melanocytic nevi,0.0002384529,0.0007317041,0.011263198,0.0018928042,0.006133686,0.9797238,1.6327795e-05
5,5,melanocytic nevi,melanocytic nevi,7.787265e-16,9.530072e-14,3.2106852e-12,1.9499715e-14,9.226334e-10,1.0,6.951276e-14
5,5,melanocytic nevi,melanocytic nevi,2.3095205e-15,4.7135723e-14,4.5796684e-13,1.6852294e-12,2.5716612e-10,1.0,2.062046e-13
5,5,melanocytic nevi,melanocytic nevi,3.2717418e-12,9.514205e-11,2.2883882e-11,8.264646e-12,1.4155153e-05,0.9999858,2.390801e-12
4,4,melanoma,melanoma,3.159083e-07,8.131291e-06,2.2283689e-06,1.0667204e-06,0.9931813,2.0730758e-05,0.006786253
0,5,actinic keratoses and intraepithelial carcinoma,melanocytic nevi,0.08679606,0.0005963765,0.40406913,0.029662186,0.058815263,0.41844183,0.0016191602
5,5,melanocytic nevi,melanocytic nevi,2.3648952e-21,4.407795e-17,2.842707e-17,3.0711545e-18,1.8028803e-12,1.0,1.3491172e-14
5,5,melanocytic nevi,melanocytic nevi,5.4487956e-11,1.7987065e-09,9.450704e-09,3.6589616e-09,3.2116045e-08,1.0,3.568735e-11
4,4,melanoma,melanoma,0.0012893514,0.005541559,0.061927006,0.0009223767,0.77070767,0.1582161,0.0013959692
5,5,melanocytic nevi,melanocytic nevi,9.747857e-12,5.6180843e-10,1.8408476e-10,2.1494388e-08,7.457606e-05,0.9999254,1.2229346e-08
5,5,melanocytic nevi,melanocytic nevi,4.19596e-07,7.692803e-07,0.00030918443,5.7581e-07,0.000644281,0.9990447,2.5829157e-08
2,5,benign keratosis-like lesions,melanocytic nevi,6.893643e-05,0.00015033025,0.3016757,0.0012342148,8.874553e-05,0.6967764,5.696538e-06
5,5,melanocytic nevi,melanocytic nevi,0.00013475305,0.0005039305,0.0026965626,9.341636e-06,0.25521156,0.74143845,5.3482163e-06
5,5,melanocytic nevi,melanocytic nevi,8.937993e-13,8.389795e-12,3.574595e-11,4.055787e-12,1.2861871e-05,0.9999871,4.8302806e-10
0,0,actinic keratoses and intraepithelial carcinoma,actinic keratoses and intraepithelial carcinoma,0.9432936,6.38044e-05,0.05596512,0.00028629228,3.6095033e-05,0.00035489982,2.571414e-07
5,5,melanocytic nevi,melanocytic nevi,8.1280196e-16,1.1274086e-13,1.9320614e-13,1.970153e-13,6.136818e-11,1.0,1.2852084e-12
1,1,basal cell carcinoma,basal cell carcinoma,0.0036007848,0.996064,0.00026328422,1.7584456e-05,5.6111717e-06,4.3387594e-05,5.3812405e-06
5,5,melanocytic nevi,melanocytic nevi,3.3852742e-05,1.197705e-06,4.512376e-05,8.459611e-06,0.07159566,0.9283145,1.266115e-06
1,1,basal cell carcinoma,basal cell carcinoma,0.0696955,0.86759055,0.030863412,0.0073946216,0.017054819,0.003089789,0.004311295
5,5,melanocytic nevi,melanocytic nevi,2.7977906e-10,2.393567e-09,1.732657e-07,9.191169e-10,0.004043028,0.99595684,1.7330121e-09
2,4,benign keratosis-like lesions,melanoma,0.015982417,0.00024001904,0.15108949,0.033814047,0.75061136,0.047337327,0.00092534046
5,5,melanocytic nevi,melanocytic nevi,7.336354e-05,4.176301e-06,0.00012061691,7.609748e-06,0.0028266383,0.99696714,4.889088e-07
4,5,melanoma,melanocytic nevi,1.1348077e-06,6.5172796e-09,1.6783539e-05,6.925276e-08,0.004912289,0.99506974,2.4043565e-08
5,5,melanocytic nevi,melanocytic nevi,9.560581e-15,9.519821e-15,5.878608e-12,1.2734939e-11,9.204661e-14,1.0,9.975674e-12
0,0,actinic keratoses and intraepithelial carcinoma,actinic keratoses and intraepithelial carcinoma,0.90891784,0.08184939,0.0021754547,0.0068598217,0.00012899833,3.8892784e-05,2.9666364e-05
5,5,melanocytic nevi,melanocytic nevi,1.3006659e-19,1.4659828e-16,2.17032e-17,6.519416e-18,1.1902672e-10,1.0,1.0172478e-16
5,5,melanocytic nevi,melanocytic nevi,1.5393874e-16,5.662299e-14,1.6929356e-12,1.0819816e-12,4.477736e-10,1.0,3.5795416e-14
5,5,melanocytic nevi,melanocytic nevi,1.763725e-11,2.3229817e-10,2.9314762e-10,1.1047576e-11,6.635175e-07,0.9999993,2.4780988e-10
5,5,melanocytic nevi,melanocytic nevi,1.3949127e-16,8.218943e-15,3.2402985e-14,1.2496968e-14,3.4417077e-11,1.0,1.0833816e-12
5,5,melanocytic nevi,melanocytic nevi,9.605797e-07,0.00021612979,3.935528e-07,6.865657e-06,0.09577564,0.90392894,7.099676e-05
5,5,melanocytic nevi,melanocytic nevi,2.4978524e-12,5.460405e-11,2.0262894e-09,1.5290247e-09,2.1542103e-06,0.99999785,1.1934257e-08
5,5,melanocytic nevi,melanocytic nevi,3.882368e-15,2.0086045e-13,2.3787255e-13,7.432468e-14,1.469844e-12,1.0,2.9294563e-13
0,1,actinic keratoses and intraepithelial carcinoma,basal cell carcinoma,0.023132846,0.9757171,0.00092077,0.000129989,1.4626468e-05,5.902196e-05,2.5561496e-05
0,5,actinic keratoses and intraepithelial carcinoma,melanocytic nevi,0.24829613,0.0066211224,0.14521177,0.00015326291,5.415672e-05,0.5996587,4.8108327e-06
5,5,melanocytic nevi,melanocytic nevi,0.0005217184,0.001215355,0.024731416,0.006481552,0.22305831,0.74305457,0.0009371029
5,4,melanocytic nevi,melanoma,0.0018600806,0.3019185,0.14890623,0.0011132834,0.46629313,0.077521525,0.0023872931
5,5,melanocytic nevi,melanocytic nevi,2.2682744e-15,1.1499217e-12,3.9526826e-13,1.9862528e-13,2.5999192e-08,1.0,1.1326619e-12
6,6,vascular lesions,vascular lesions,4.520333e-08,9.667608e-07,3.3081633e-07,0.00019207332,2.3328526e-09,0.0022707891,0.9975358
5,5,melanocytic nevi,melanocytic nevi,1.1086545e-12,3.4777953e-12,8.322053e-09,5.5565024e-09,6.111757e-09,1.0,5.0840894e-11
5,5,melanocytic nevi,melanocytic nevi,1.06795545e-11,1.2479837e-10,2.5385537e-11,9.646172e-11,4.8166312e-05,0.99995184,1.3569369e-09
3,2,dermatofibroma,benign keratosis-like lesions,0.1093362,0.009901749,0.85196286,0.016101446,0.009346747,0.0033261732,2.4837242e-05
0,0,actinic keratoses and intraepithelial carcinoma,actinic keratoses and intraepithelial carcinoma,0.5313686,0.44274825,0.023492968,0.00066585117,0.0010176157,0.0006419662,6.474169e-05
5,5,melanocytic nevi,melanocytic nevi,4.2853293e-10,4.3452567e-10,1.802639e-06,1.9446872e-10,1.6958202e-05,0.9999813,1.4140035e-10
5,5,melanocytic nevi,melanocytic nevi,6.639097e-13,2.969689e-11,1.1659904e-10,9.311493e-10,6.99037e-09,1.0,3.3833117e-11
5,5,melanocytic nevi,melanocytic nevi,6.323373e-10,1.6936987e-08,2.1518236e-08,4.555721e-09,1.4779145e-06,0.99999857,8.612237e-10
5,5,melanocytic nevi,melanocytic nevi,5.195676e-06,1.7714743e-06,0.015689554,2.4490158e-05,0.0098786075,0.9743989,1.5464783e-06
5,5,melanocytic nevi,melanocytic nevi,2.3924699e-08,4.2585684e-06,0.0024139357,1.5418489e-07,1.1126193e-07,0.9975811,3.4052775e-07
5,5,melanocytic nevi,melanocytic nevi,6.4100293e-16,6.817122e-15,1.3320357e-12,1.3242094e-14,1.9787008e-10,1.0,6.107208e-14
5,5,melanocytic nevi,melanocytic nevi,4.7648017e-16,5.5573893e-14,1.010485e-13,1.6519841e-13,6.5902683e-10,1.0,5.1495453e-15
5,5,melanocytic nevi,melanocytic nevi,3.142757e-08,1.3716218e-05,2.7778455e-07,1.2682283e-05,5.6976273e-07,0.9999726,8.188531e-08
5,5,melanocytic nevi,melanocytic nevi,2.6840683e-18,4.2865002e-16,5.0918983e-16,9.077122e-15,1.1592423e-14,1.0,2.6029885e-17
5,5,melanocytic nevi,melanocytic nevi,2.6103024e-13,5.028422e-12,2.8804892e-12,1.4265905e-08,3.756476e-10,1.0,2.0623527e-13
5,5,melanocytic nevi,melanocytic nevi,8.4414434e-20,1.135007e-18,1.6798459e-14,8.122215e-18,2.3121751e-14,1.0,2.3927496e-17
5,5,melanocytic nevi,melanocytic nevi,1.1607159e-06,1.4315466e-05,7.3347414e-06,8.4179027e-07,0.0004569264,0.99951935,5.6258433e-08
4,5,melanoma,melanocytic nevi,1.2143268e-08,4.0523443e-10,2.0238762e-05,4.79861e-07,0.0020722556,0.99790704,2.2273372e-08
5,5,melanocytic nevi,melanocytic nevi,0.0011230065,0.0002587376,0.034644336,0.04215488,0.025013505,0.89666,0.0001455596
5,5,melanocytic nevi,melanocytic nevi,0.0016646241,0.00059978693,0.07137732,0.00091993244,0.21305929,0.711772,0.0006070206
5,5,melanocytic nevi,melanocytic nevi,4.328938e-09,1.2379578e-08,4.1030162e-08,2.0951163e-08,0.0008306633,0.99916923,4.4314327e-10
5,5,melanocytic nevi,melanocytic nevi,3.5316429e-12,1.14452794e-10,2.0576125e-09,4.6206985e-10,2.9607734e-05,0.99997044,2.3877225e-10
5,5,melanocytic nevi,melanocytic nevi,2.6851021e-05,0.00020924753,4.4032797e-05,2.9330376e-05,0.07639938,0.92317444,0.00011673155
5,4,melanocytic nevi,melanoma,2.709814e-05,1.5740892e-05,0.00032684588,8.157331e-06,0.9035722,0.09604204,7.906613e-06
5,5,melanocytic nevi,melanocytic nevi,5.9346496e-14,4.7625853e-12,3.7473158e-10,2.0656372e-12,2.1165614e-10,1.0,4.4031423e-12
5,5,melanocytic nevi,melanocytic nevi,1.3485013e-08,9.0539544e-07,1.05053905e-05,1.1150262e-06,1.1897595e-05,0.9999752,3.1226102e-07
4,4,melanoma,melanoma,1.2926377e-07,1.6167822e-07,0.00013778487,5.4321276e-07,0.82773924,0.17212182,3.3077356e-07
5,5,melanocytic nevi,melanocytic nevi,1.6092054e-10,2.5851852e-09,5.358946e-08,2.0161564e-10,5.516625e-07,0.9999994,4.3740758e-09
2,2,benign keratosis-like lesions,benign keratosis-like lesions,1.22461315e-05,8.470836e-06,0.9997992,9.627443e-07,1.21069925e-05,0.00016621203,8.663612e-07
1,1,basal cell carcinoma,basal cell carcinoma,0.04689218,0.94604695,0.00068601506,0.0056909756,0.00034955333,0.00019963662,0.00013471155
5,5,melanocytic nevi,melanocytic nevi,1.4541348e-14,6.406174e-14,4.9359933e-11,1.3915725e-12,1.7747238e-11,1.0,6.5691495e-13
5,5,melanocytic nevi,melanocytic nevi,7.434061e-12,1.1425525e-10,3.909647e-11,3.7375372e-07,1.2590573e-08,0.99999964,2.9755083e-09
0,0,actinic keratoses and intraepithelial carcinoma,actinic keratoses and intraepithelial carcinoma,0.84116983,0.001002955,0.013560063,0.13200204,0.0008747261,0.011229118,0.00016133855
5,5,melanocytic nevi,melanocytic nevi,1.159509e-05,1.0762679e-05,0.0007991889,2.2467319e-05,0.00028344788,0.99887186,6.9692925e-07
5,5,melanocytic nevi,melanocytic nevi,2.1181972e-05,0.00011995723,0.00019902425,0.000112992755,0.11000591,0.8895332,7.7091445e-06
4,5,melanoma,melanocytic nevi,3.0054985e-05,2.671966e-05,0.0017694097,2.6723255e-05,0.07995239,0.91817623,1.854497e-05
5,5,melanocytic nevi,melanocytic nevi,1.1030723e-14,3.944782e-13,4.8285854e-13,2.0361574e-13,1.11832744e-10,1.0,3.4445723e-14
5,5,melanocytic nevi,melanocytic nevi,1.1342277e-11,6.837294e-11,3.1442016e-10,7.288906e-10,3.571842e-10,1.0,7.894298e-12
2,4,benign keratosis-like lesions,melanoma,0.00015410109,4.0164778e-06,0.35997882,3.782407e-05,0.6359994,0.003821233,4.6418454e-06
4,5,melanoma,melanocytic nevi,0.00047690913,0.001139161,0.0189257,2.546753e-05,0.04535982,0.93405896,1.398415e-05
1,1,basal cell carcinoma,basal cell carcinoma,2.9742491e-06,0.99986386,8.5042e-06,2.5046594e-08,2.4030337e-06,3.5564746e-05,8.6543456e-05
5,5,melanocytic nevi,melanocytic nevi,6.9443826e-12,5.1496855e-11,1.1624562e-09,7.495307e-11,1.4757736e-06,0.99999857,1.2564758e-10
5,5,melanocytic nevi,melanocytic nevi,9.75746e-19,6.0136766e-16,1.2492766e-15,9.405313e-17,3.3732359e-10,1.0,1.2788968e-16
5,5,melanocytic nevi,melanocytic nevi,2.198228e-14,1.1717321e-12,1.051982e-12,1.559737e-11,1.595633e-10,1.0,7.7657485e-11
4,0,melanoma,actinic keratoses and intraepithelial carcinoma,0.37499514,0.26122582,0.021493228,0.13988024,0.06836302,0.13009582,0.003946815
5,5,melanocytic nevi,melanocytic nevi,5.78277e-15,5.849822e-14,6.1680413e-12,4.950385e-13,2.9353096e-11,1.0,5.7846706e-14
5,5,melanocytic nevi,melanocytic nevi,4.670538e-05,0.00030524182,0.0072734538,3.9305727e-05,0.1749695,0.8171995,0.00016617565
5,5,melanocytic nevi,melanocytic nevi,2.1898367e-11,8.712966e-11,1.0670753e-09,1.4803765e-10,2.915806e-08,1.0,9.971774e-12
1,1,basal cell carcinoma,basal cell carcinoma,0.017347842,0.84933186,0.011183252,0.022731997,0.016575899,0.008640461,0.07418863
2,3,benign keratosis-like lesions,dermatofibroma,0.08189205,0.00030106882,0.02595669,0.7684526,0.055030655,0.06476505,0.003601996
6,6,vascular lesions,vascular lesions,1.1520817e-10,9.346091e-10,1.5527339e-10,7.462507e-07,6.458313e-12,4.8640857e-07,0.9999988
3,3,dermatofibroma,dermatofibroma,1.5915607e-06,2.3437157e-09,0.100808606,0.89850336,3.7743785e-08,0.00068634195,3.6137372e-08
5,5,melanocytic nevi,melanocytic nevi,7.132417e-09,5.444627e-08,3.111326e-07,9.587804e-08,0.11279056,0.8872089,5.6706053e-08
2,2,benign keratosis-like lesions,benign keratosis-like lesions,0.00035401658,2.347592e-06,0.99908173,6.377253e-05,5.073634e-06,0.0004931154,3.6378253e-08
4,5,melanoma,melanocytic nevi,0.0007785552,6.668057e-05,0.026883816,0.3337274,0.2765361,0.36175343,0.00025401576
2,2,benign keratosis-like lesions,benign keratosis-like lesions,0.00068756565,7.652639e-06,0.98937154,3.5465468e-06,0.008962703,0.00096645596,5.07216e-07
5,5,melanocytic nevi,melanocytic nevi,0.0033531229,0.022988139,0.003422849,0.00017359991,0.14942987,0.8076288,0.013003608
5,5,melanocytic nevi,melanocytic nevi,6.3574646e-07,1.9162962e-06,9.823871e-05,6.2517785e-07,0.13279971,0.86709666,2.2193308e-06
1,1,basal cell carcinoma,basal cell carcinoma,0.014260008,0.96205413,0.011854223,0.00021758911,0.011091121,0.0002621819,0.00026071953
5,5,melanocytic nevi,melanocytic nevi,4.461844e-09,1.1536592e-06,2.621605e-07,2.0213294e-08,1.5508009e-06,0.9999918,5.2050673e-06
5,5,melanocytic nevi,melanocytic nevi,0.00021469595,4.8939233e-05,0.021345794,0.00023791534,0.27585062,0.7022843,1.774994e-05
5,5,melanocytic nevi,melanocytic nevi,1.3159736e-06,4.9051746e-06,0.00087714766,6.9537634e-08,0.0108383745,0.98827785,3.7079468e-07
5,5,melanocytic nevi,melanocytic nevi,4.213784e-09,4.4702553e-08,8.1142176e-08,1.737958e-08,0.00027288258,0.99972695,3.1474587e-10
5,5,melanocytic nevi,melanocytic nevi,1.0058541e-11,8.324699e-11,4.533381e-10,7.9106327e-10,1.6052908e-06,0.99999845,2.2287816e-11
4,2,melanoma,benign keratosis-like lesions,0.32390016,0.015758982,0.4189008,0.0005236459,0.2400929,0.0007266402,9.69097e-05
5,5,melanocytic nevi,melanocytic nevi,1.5521115e-08,8.4375934e-08,9.2333096e-08,4.2496117e-07,6.1510826e-07,0.9999975,1.2539235e-06
5,5,melanocytic nevi,melanocytic nevi,1.2837843e-13,1.5984034e-12,1.2987072e-12,1.0571371e-12,2.7866405e-09,1.0,2.419172e-10
4,5,melanoma,melanocytic nevi,5.4001425e-06,8.4985544e-07,0.0044769193,3.4663638e-06,0.0249933,0.9705193,6.6380437e-07
5,5,melanocytic nevi,melanocytic nevi,3.57169e-11,1.2034034e-08,1.8834047e-08,7.643843e-09,1.0028132e-08,1.0,1.5492782e-09
5,5,melanocytic nevi,melanocytic nevi,7.699625e-15,2.0753782e-13,1.1709447e-13,1.394244e-13,3.2752232e-07,0.99999964,5.6182726e-15
2,2,benign keratosis-like lesions,benign keratosis-like lesions,0.00019905111,0.00012214862,0.9993917,1.8394207e-05,7.7148085e-05,0.0001884359,3.2167914e-06
5,5,melanocytic nevi,melanocytic nevi,3.0602248e-15,2.825457e-14,2.8350688e-12,3.8025176e-14,4.1265946e-10,1.0,1.151222e-14
5,5,melanocytic nevi,melanocytic nevi,7.343715e-11,2.644059e-10,7.32219e-11,3.6863204e-10,2.412151e-07,0.99999976,1.6848595e-08
5,5,melanocytic nevi,melanocytic nevi,5.8808985e-11,4.5543871e-10,4.256509e-09,3.400741e-11,5.454281e-09,1.0,2.6806463e-10
5,5,melanocytic nevi,melanocytic nevi,7.3091404e-20,3.1912075e-17,6.83112e-17,1.2498343e-15,5.4937334e-14,1.0,2.5850174e-18
5,5,melanocytic nevi,melanocytic nevi,7.4437154e-14,8.415175e-12,7.1974343e-10,4.120421e-13,3.1044783e-07,0.99999964,1.3226706e-12
0,2,actinic keratoses and intraepithelial carcinoma,benign keratosis-like lesions,0.18334961,0.00046677203,0.80452174,7.4190546e-05,0.011189178,0.00038245454,1.5932406e-05
5,5,melanocytic nevi,melanocytic nevi,0.00027754495,0.00020878231,0.0025455034,0.0003401838,0.031633835,0.9649814,1.2785612e-05
5,5,melanocytic nevi,melanocytic nevi,2.192737e-11,2.3025153e-10,1.3339859e-08,1.3907857e-10,7.341865e-08,0.9999999,2.3126867e-10
5,5,melanocytic nevi,melanocytic nevi,1.8739826e-10,5.402645e-10,9.906904e-08,2.094029e-08,0.000392532,0.9996074,3.133408e-10
5,4,melanocytic nevi,melanoma,2.2832351e-07,2.8223516e-07,1.1063329e-05,1.0942757e-06,0.815361,0.18462543,8.5292277e-07
5,5,melanocytic nevi,melanocytic nevi,8.52768e-07,6.999115e-07,0.0001615318,2.2672799e-05,0.036718417,0.9630956,2.6231066e-07
2,2,benign keratosis-like lesions,benign keratosis-like lesions,6.154549e-08,2.3496649e-07,0.99998057,1.6161212e-07,3.0533414e-07,1.8782268e-05,5.7024128e-09
5,5,melanocytic nevi,melanocytic nevi,8.858872e-06,2.544383e-05,0.11535395,5.782327e-07,0.0018701529,0.88274044,5.878933e-07
5,5,melanocytic nevi,melanocytic nevi,0.15595618,0.015713483,0.22793786,0.0048693507,0.03937786,0.5553667,0.0007785534
1,1,basal cell carcinoma,basal cell carcinoma,0.00015949942,0.9995976,2.6483389e-05,6.843962e-05,1.0175353e-06,3.8905696e-06,0.00014299086
5,5,melanocytic nevi,melanocytic nevi,0.0009042041,2.9349567e-05,4.583369e-05,0.00044617147,0.0070325164,0.9915405,1.4801676e-06
5,5,melanocytic nevi,melanocytic nevi,5.944741e-10,9.1413455e-08,1.194123e-06,5.946073e-08,1.3442695e-06,0.9999974,1.3956173e-08
5,5,melanocytic nevi,melanocytic nevi,0.0021005243,0.013868491,0.30272478,0.005951057,0.013955452,0.6589853,0.0024143606
5,5,melanocytic nevi,melanocytic nevi,3.428544e-11,5.057262e-10,4.2687137e-08,2.0754962e-06,1.5201888e-11,0.99999785,5.867212e-09
6,6,vascular lesions,vascular lesions,3.828032e-06,0.00013563561,1.1052913e-06,0.0016662383,5.5851757e-07,0.00077178667,0.9974208
0,2,actinic keratoses and intraepithelial carcinoma,benign keratosis-like lesions,0.23224175,0.123665355,0.45283628,0.06441469,0.04929633,0.07514226,0.0024033901
5,5,melanocytic nevi,melanocytic nevi,1.0417879e-13,1.7865342e-13,3.3721404e-11,4.1139535e-12,8.149448e-11,1.0,1.6321268e-14
2,4,benign keratosis-like lesions,melanoma,0.04023307,0.0030053763,0.40900767,0.0014438696,0.50985533,0.03621553,0.00023914436
4,4,melanoma,melanoma,0.0031578767,0.0009824873,0.14440152,0.003809048,0.4651889,0.381343,0.0011171562
4,4,melanoma,melanoma,2.9552223e-06,2.0116456e-06,8.542599e-05,1.905568e-07,0.93208,0.06782782,1.697276e-06
5,5,melanocytic nevi,melanocytic nevi,5.5421434e-10,1.1121147e-08,5.9367954e-07,1.3351867e-08,2.30176e-09,0.9999994,1.3132537e-08
5,5,melanocytic nevi,melanocytic nevi,6.805949e-15,1.563097e-14,8.1825215e-13,7.757864e-13,6.430422e-11,1.0,7.910561e-16
4,5,melanoma,melanocytic nevi,1.46772845e-05,0.00042828036,0.021180278,1.0490972e-05,0.015632287,0.96216667,0.000567284
6,6,vascular lesions,vascular lesions,1.600774e-07,1.6861943e-05,9.466828e-07,1.3903265e-06,2.192358e-05,0.0007608508,0.9991978
2,5,benign keratosis-like lesions,melanocytic nevi,0.00035271113,5.1332454e-06,0.06845477,5.674823e-05,0.0048232754,0.9261877,0.00011971925
5,5,melanocytic nevi,melanocytic nevi,9.448958e-10,1.5008916e-09,2.9063248e-08,1.4238732e-08,4.8780177e-05,0.99995124,2.0705027e-08
5,5,melanocytic nevi,melanocytic nevi,1.984331e-08,4.1546895e-09,4.4927815e-06,1.2390849e-07,0.00014771885,0.99984765,1.0595175e-08
5,5,melanocytic nevi,melanocytic nevi,0.00014436341,9.725694e-05,0.011616101,7.28302e-05,0.0053325836,0.9827255,1.1316284e-05
5,5,melanocytic nevi,melanocytic nevi,3.3407838e-12,1.1960435e-10,4.2193364e-09,3.0162936e-12,3.769169e-05,0.99996233,4.4325566e-14
5,5,melanocytic nevi,melanocytic nevi,1.6200237e-09,7.278707e-08,1.0608307e-07,2.5303398e-06,0.00027830477,0.99971825,6.7502015e-07
5,2,melanocytic nevi,benign keratosis-like lesions,0.00012284407,7.293021e-05,0.915903,0.00018472181,0.00029174864,0.08338704,3.7710084e-05
4,4,melanoma,melanoma,1.2348953e-09,3.3461423e-10,1.9823083e-06,2.824223e-10,0.999998,1.8765666e-08,2.7397076e-10
5,5,melanocytic nevi,melanocytic nevi,9.45406e-16,4.4119652e-14,9.8801894e-14,6.631984e-13,1.064851e-09,1.0,1.40263515e-14
5,5,melanocytic nevi,melanocytic nevi,1.3581484e-08,3.5322763e-08,8.5343186e-07,4.2861778e-08,0.0017400609,0.998259,1.2418555e-08
2,2,benign keratosis-like lesions,benign keratosis-like lesions,0.0014236756,4.535314e-05,0.99488306,0.00033034102,0.0030672082,0.00024417872,6.2935287e-06
5,5,melanocytic nevi,melanocytic nevi,5.546212e-09,4.9939196e-08,5.6911944e-08,7.93445e-09,0.027173232,0.9728265,9.3641525e-08
4,5,melanoma,melanocytic nevi,1.1993052e-06,6.9427306e-06,0.00015158296,1.9141041e-06,0.06415033,0.935688,1.3886984e-08
3,5,dermatofibroma,melanocytic nevi,0.005725349,0.0032163193,0.0034752286,0.1368224,0.15344466,0.68500656,0.01230951
5,5,melanocytic nevi,melanocytic nevi,1.793142e-07,2.5862107e-07,1.8720747e-06,9.531561e-07,8.057124e-07,0.99999523,7.6855883e-07
5,5,melanocytic nevi,melanocytic nevi,2.8361988e-05,8.417299e-06,0.0064478526,1.6453198e-05,0.02026222,0.97322357,1.3218941e-05
5,5,melanocytic nevi,melanocytic nevi,0.0001301115,0.0070732175,0.003071023,0.005131291,0.0055295913,0.97779137,0.0012734183
5,5,melanocytic nevi,melanocytic nevi,5.974203e-11,1.960559e-10,2.632685e-07,1.0899035e-09,4.3092566e-08,0.99999976,1.2593377e-09
5,5,melanocytic nevi,melanocytic nevi,5.574434e-12,2.0767865e-11,1.5193683e-08,1.2533713e-09,1.9782167e-11,1.0,3.9642536e-11
4,4,melanoma,melanoma,3.9349277e-10,1.827671e-11,3.4945643e-08,3.3359294e-12,0.99999976,2.4369032e-07,7.527347e-12
5,5,melanocytic nevi,melanocytic nevi,1.7203948e-09,2.1490372e-08,3.4072578e-08,5.8191417e-06,1.6044686e-09,0.99999404,1.6338623e-07
3,3,dermatofibroma,dermatofibroma,0.00013300579,5.7272433e-07,2.2714908e-05,0.9998136,1.0673244e-05,6.704506e-06,1.2658253e-05
5,5,melanocytic nevi,melanocytic nevi,1.6695171e-06,0.000121343495,0.0138166305,5.377559e-07,2.9416531e-05,0.98603034,1.5440222e-07
5,2,melanocytic nevi,benign keratosis-like lesions,0.05054717,0.0012510798,0.7995473,0.0044630794,0.035802446,0.10739571,0.0009932058
5,5,melanocytic nevi,melanocytic nevi,1.3493293e-10,1.8638369e-08,2.3866351e-09,3.7887908e-08,1.1461914e-06,0.9999988,6.917743e-09
1,1,basal cell carcinoma,basal cell carcinoma,0.08915147,0.7956468,0.045326155,0.008250087,0.028525328,0.026384825,0.0067153373
2,2,benign keratosis-like lesions,benign keratosis-like lesions,2.3533514e-05,9.521952e-05,0.9985757,2.9685552e-05,3.2488995e-06,0.0012725417,8.087069e-08
5,5,melanocytic nevi,melanocytic nevi,1.5897228e-12,2.5135458e-10,1.00026905e-11,4.1577203e-11,2.01416e-09,1.0,1.8483904e-11
5,5,melanocytic nevi,melanocytic nevi,1.4182157e-13,7.8628786e-13,5.425619e-12,8.048916e-12,1.0538517e-06,0.9999989,4.661768e-12
5,5,melanocytic nevi,melanocytic nevi,9.995898e-12,5.0892297e-11,9.54342e-10,5.0037006e-11,3.7785156e-07,0.99999964,1.3732052e-08
5,5,melanocytic nevi,melanocytic nevi,6.1936256e-09,7.122024e-07,1.70311e-06,2.0483565e-06,6.220565e-07,0.999995,3.6837974e-08
5,5,melanocytic nevi,melanocytic nevi,1.0358221e-11,2.7660105e-10,1.1925474e-10,1.4610839e-10,3.920315e-05,0.9999608,1.7672634e-11
5,5,melanocytic nevi,melanocytic nevi,3.6589977e-15,7.8597415e-15,9.735934e-14,6.4962765e-14,7.109978e-05,0.99992895,6.1266896e-14
2,1,benign keratosis-like lesions,basal cell carcinoma,0.00043849208,0.8803671,0.085280456,0.029822914,1.259278e-06,0.0040252013,6.4645144e-05
5,5,melanocytic nevi,melanocytic nevi,1.6119161e-17,1.9015868e-15,1.0236791e-15,5.383492e-13,4.701328e-13,1.0,1.4737755e-14
5,5,melanocytic nevi,melanocytic nevi,3.2619553e-06,2.4333896e-05,5.4834563e-05,9.120613e-05,0.056097873,0.9437275,1.0282088e-06
5,5,melanocytic nevi,melanocytic nevi,6.2049453e-06,5.6091662e-06,0.0019656115,3.395067e-07,0.0005309978,0.997491,2.1905424e-07
2,2,benign keratosis-like lesions,benign keratosis-like lesions,0.0014344552,0.0012205852,0.54990125,0.00012579538,0.10168872,0.34490824,0.0007209372
4,5,melanoma,melanocytic nevi,2.4128363e-05,1.3905977e-05,0.0015839136,1.3677608e-05,0.22794344,0.7704174,3.5515081e-06
4,4,melanoma,melanoma,2.35216e-05,3.3136497e-05,0.00032000188,2.5944155e-05,0.9994617,0.00013436457,1.3550806e-06
5,5,melanocytic nevi,melanocytic nevi,1.19500535e-14,5.5824165e-11,1.610346e-13,2.4682261e-11,4.404846e-09,1.0,6.04006e-12
5,5,melanocytic nevi,melanocytic nevi,2.01995e-05,2.4853477e-06,0.0005853527,2.9958079e-05,0.048810735,0.95054275,8.56726e-06
4,4,melanoma,melanoma,0.00021626531,2.5968315e-05,0.018543592,4.1435806e-06,0.9739963,0.007200334,1.3440305e-05
5,5,melanocytic nevi,melanocytic nevi,1.1605741e-06,8.017165e-09,0.099342816,1.7356907e-08,7.5504768e-06,0.9006484,5.4216204e-10
5,5,melanocytic nevi,melanocytic nevi,2.1916311e-13,3.7537733e-11,1.3268286e-10,2.0695648e-12,9.278332e-08,0.9999999,1.2746043e-11
5,5,melanocytic nevi,melanocytic nevi,2.1738577e-05,1.0360054e-05,0.0032531966,2.2853881e-05,0.006953419,0.98973745,9.4512484e-07
2,2,benign keratosis-like lesions,benign keratosis-like lesions,0.006217332,8.980921e-05,0.9923934,1.0373442e-05,0.001244362,4.3739346e-05,9.4576234e-07
5,5,melanocytic nevi,melanocytic nevi,1.499383e-08,2.9466503e-06,8.053729e-05,1.7131006e-08,4.1764083e-06,0.99991214,1.10335804e-07
5,5,melanocytic nevi,melanocytic nevi,5.831971e-12,1.7118964e-11,4.961134e-09,7.029392e-11,3.7124007e-06,0.9999963,4.598139e-12
5,5,melanocytic nevi,melanocytic nevi,3.781102e-18,1.0253955e-14,8.337801e-16,6.2000965e-17,2.145618e-15,1.0,1.0388895e-12
5,5,melanocytic nevi,melanocytic nevi,6.769078e-15,2.5422495e-13,6.1483755e-13,1.7935984e-13,1.02269825e-10,1.0,7.5951025e-12
5,5,melanocytic nevi,melanocytic nevi,6.3734396e-10,1.0349199e-09,8.179406e-08,1.2184583e-07,3.40507e-06,0.9999963,4.807852e-10
5,5,melanocytic nevi,melanocytic nevi,4.5748774e-12,1.4312461e-11,1.5286394e-10,2.913874e-10,0.00022115812,0.9997788,3.9803997e-11
5,5,melanocytic nevi,melanocytic nevi,5.0572843e-13,7.212894e-11,7.470084e-11,3.6429662e-09,1.5824156e-10,1.0,3.19439e-11
2,2,benign keratosis-like lesions,benign keratosis-like lesions,0.0025026787,0.0006618751,0.98168564,8.9727415e-05,6.333688e-05,0.014974264,2.2470309e-05
5,5,melanocytic nevi,melanocytic nevi,1.8715193e-05,7.58119e-06,0.002998885,2.4455312e-06,0.018744731,0.9782169,1.07492815e-05
5,5,melanocytic nevi,melanocytic nevi,6.011442e-06,2.9136881e-06,0.00046780164,1.326006e-05,7.432566e-05,0.99943453,1.0706548e-06
5,5,melanocytic nevi,melanocytic nevi,1.9245267e-08,5.688937e-08,5.595389e-06,1.4313993e-07,0.002220912,0.9977729,3.8035833e-07
5,5,melanocytic nevi,melanocytic nevi,4.577311e-13,4.5724025e-11,1.0828683e-10,4.889997e-13,2.3467297e-09,1.0,2.9773756e-10
5,5,melanocytic nevi,melanocytic nevi,3.9031228e-08,1.0457751e-08,1.2204863e-07,8.6314776e-07,5.5863175e-08,0.9999989,2.054061e-08
5,5,melanocytic nevi,melanocytic nevi,7.915748e-13,2.2054888e-10,7.370823e-12,6.749623e-11,2.925606e-07,0.99999976,1.4834627e-10
5,5,melanocytic nevi,melanocytic nevi,3.9478999e-16,1.9107535e-14,3.2114125e-13,3.5978017e-15,2.1772623e-12,1.0,5.3944746e-15
2,2,benign keratosis-like lesions,benign keratosis-like lesions,0.013476533,0.00030220536,0.7816716,0.00020114529,0.16241133,0.041907113,3.0079671e-05
1,1,basal cell carcinoma,basal cell carcinoma,0.013391907,0.96277153,0.010290405,0.0016848979,0.004919403,0.0041067083,0.0028351655
5,5,melanocytic nevi,melanocytic nevi,5.1424364e-12,4.27198e-12,5.768078e-10,1.4863372e-07,5.9317555e-09,0.9999999,6.7660933e-12
4,2,melanoma,benign keratosis-like lesions,0.096212804,0.00031720355,0.57694995,5.3985288e-05,0.31318322,0.01326868,1.4196837e-05
5,5,melanocytic nevi,melanocytic nevi,1.1942572e-08,1.05061524e-07,5.6893278e-08,7.8287184e-07,6.951594e-05,0.99992955,1.4669511e-08
5,5,melanocytic nevi,melanocytic nevi,0.00051792245,0.000348697,0.002672993,0.0005405679,0.058051743,0.93784815,1.9974868e-05
3,5,dermatofibroma,melanocytic nevi,1.8186015e-06,1.7409914e-07,6.792378e-05,0.0002885468,9.3012545e-07,0.999624,1.6562873e-05
5,5,melanocytic nevi,melanocytic nevi,5.226874e-13,4.3131648e-11,1.100865e-11,4.620456e-10,8.6310287e-10,1.0,2.5371512e-11
0,0,actinic keratoses and intraepithelial carcinoma,actinic keratoses and intraepithelial carcinoma,0.7447144,0.24369343,0.00790135,0.00031032664,0.0030532759,0.0002719193,5.534954e-05
4,4,melanoma,melanoma,1.3574938e-06,5.5378183e-07,1.2427759e-05,2.827254e-07,0.989808,0.010176453,9.4358995e-07
5,5,melanocytic nevi,melanocytic nevi,4.3631705e-13,1.1813947e-13,4.2309108e-11,5.0385487e-09,1.266866e-10,1.0,2.5583515e-12
0,2,actinic keratoses and intraepithelial carcinoma,benign keratosis-like lesions,0.16496408,0.023611711,0.7809415,0.0015442502,0.010452085,0.017573744,0.0009125878
2,2,benign keratosis-like lesions,benign keratosis-like lesions,0.0008122169,9.389808e-05,0.99297196,0.00072665524,0.00010952481,0.005276612,9.175132e-06
5,5,melanocytic nevi,melanocytic nevi,4.2975113e-08,3.2565984e-07,2.4288596e-05,7.7396123e-07,0.0024644902,0.9975101,2.5859327e-08
5,5,melanocytic nevi,melanocytic nevi,5.7603816e-10,2.5065935e-10,1.5977913e-07,2.371625e-10,1.1196393e-07,0.99999976,5.599881e-12
1,1,basal cell carcinoma,basal cell carcinoma,0.283722,0.49556908,0.18400025,0.021709928,0.0002073188,0.013496434,0.0012949241
5,5,melanocytic nevi,melanocytic nevi,0.00016038526,0.003289033,0.18760006,0.00031098447,0.24221352,0.5597449,0.006681079
5,5,melanocytic nevi,melanocytic nevi,1.4503958e-10,3.1154683e-11,1.405613e-07,8.611832e-08,3.4567595e-06,0.9999963,2.9244294e-11
4,4,melanoma,melanoma,0.001926091,7.7140314e-05,0.023040999,0.00014322305,0.7010462,0.27360278,0.00016353108
5,5,melanocytic nevi,melanocytic nevi,1.9026308e-16,8.066771e-15,1.7487034e-14,1.4269474e-15,2.1334436e-09,1.0,3.3208066e-13
5,5,melanocytic nevi,melanocytic nevi,3.812024e-06,1.1514087e-06,0.00019099943,1.3692852e-06,0.020242913,0.97955894,7.8722746e-07
5,5,melanocytic nevi,melanocytic nevi,1.320413e-11,1.6677265e-11,2.8983726e-08,1.976427e-09,1.5346832e-07,0.9999999,1.8617798e-10
5,5,melanocytic nevi,melanocytic nevi,3.4107222e-07,3.911563e-08,0.0001737995,9.0007426e-08,0.0020854818,0.99774027,2.6222937e-09
5,5,melanocytic nevi,melanocytic nevi,3.0902624e-11,6.4091133e-12,5.941166e-09,2.3242021e-10,4.7448303e-09,1.0,4.580238e-12
5,5,melanocytic nevi,melanocytic nevi,1.4396375e-15,9.529599e-14,1.02610615e-13,2.7955784e-13,1.4041563e-09,1.0,7.431656e-15
5,5,melanocytic nevi,melanocytic nevi,2.3846043e-08,6.48805e-08,2.3045184e-06,1.594344e-08,0.00051846483,0.9994791,1.1292615e-07
3,5,dermatofibroma,melanocytic nevi,1.447089e-07,3.479556e-09,3.061738e-05,0.01489132,2.770634e-08,0.98507786,1.9760988e-08
5,5,melanocytic nevi,melanocytic nevi,0.00012561913,4.744134e-05,0.0015123492,0.00011783338,0.13031529,0.86785525,2.6160173e-05
5,5,melanocytic nevi,melanocytic nevi,6.0383046e-11,2.0553088e-10,1.3592059e-08,2.8137892e-10,4.8624975e-06,0.9999951,7.309629e-10
5,5,melanocytic nevi,melanocytic nevi,9.025312e-09,1.2049728e-08,4.3401806e-06,7.257127e-07,2.020398e-09,0.9999949,1.9480309e-08
5,5,melanocytic nevi,melanocytic nevi,7.037449e-05,3.48099e-05,0.004070358,8.010688e-05,0.013384734,0.98235255,7.1404124e-06
5,5,melanocytic nevi,melanocytic nevi,9.46746e-08,4.7281083e-07,0.0003888995,4.5384233e-08,4.2377152e-07,0.99961,9.123728e-09
2,2,benign keratosis-like lesions,benign keratosis-like lesions,1.3154014e-06,8.876568e-08,0.9999912,7.4446865e-07,8.6783587e-07,5.8361484e-06,5.087949e-09
2,2,benign keratosis-like lesions,benign keratosis-like lesions,0.003222118,0.0001782608,0.97636306,0.00018658194,0.015122227,0.004743045,0.00018472553
5,5,melanocytic nevi,melanocytic nevi,3.492865e-07,8.388393e-08,3.6394338e-06,6.554092e-08,0.00016642295,0.9998294,4.801556e-08
0,0,actinic keratoses and intraepithelial carcinoma,actinic keratoses and intraepithelial carcinoma,0.9783532,0.010116529,0.010181532,0.00045437203,0.00081363827,7.0571834e-05,1.0087324e-05
1,5,basal cell carcinoma,melanocytic nevi,0.054649524,0.014547407,0.21543875,0.00279702,0.062359355,0.6500191,0.00018882002
4,5,melanoma,melanocytic nevi,8.628475e-06,1.7267626e-05,0.0004058257,9.086051e-05,0.17253397,0.82693946,3.985969e-06
4,5,melanoma,melanocytic nevi,1.3374046e-07,2.2002916e-07,1.2411753e-06,1.8411163e-07,0.0009045339,0.99909365,5.2860052e-08
2,2,benign keratosis-like lesions,benign keratosis-like lesions,0.0042975433,0.004604002,0.51313525,0.021162245,3.112459e-05,0.45666343,0.000106398234
5,5,melanocytic nevi,melanocytic nevi,6.6061275e-06,4.3601314e-05,0.0004596555,2.7062371e-05,0.13910465,0.86034894,9.468229e-06
5,2,melanocytic nevi,benign keratosis-like lesions,2.7562599e-05,2.0865318e-06,0.9712932,1.2243701e-05,0.0004433115,0.02822126,2.5474466e-07
2,2,benign keratosis-like lesions,benign keratosis-like lesions,0.014348948,0.00014138935,0.9796959,0.00024555673,0.0030389559,0.002516277,1.2887287e-05
5,5,melanocytic nevi,melanocytic nevi,7.901647e-05,0.00015128679,0.018418457,0.0001008041,0.41103435,0.5701122,0.00010394675
5,2,melanocytic nevi,benign keratosis-like lesions,9.9511446e-05,0.00033236077,0.63319904,0.027663043,0.0033144965,0.33533463,5.6993966e-05
0,0,actinic keratoses and intraepithelial carcinoma,actinic keratoses and intraepithelial carcinoma,0.9941958,0.001585758,0.00365286,0.00016714618,0.00026199664,0.00013468013,1.6429185e-06
5,5,melanocytic nevi,melanocytic nevi,2.8628198e-12,6.285728e-11,5.518235e-10,5.3449762e-11,6.7261097e-10,1.0,1.974435e-12
5,5,melanocytic nevi,melanocytic nevi,7.5083176e-07,1.3798259e-06,4.1957603e-07,4.16846e-07,0.00014385556,0.999853,1.249999e-07
2,2,benign keratosis-like lesions,benign keratosis-like lesions,4.0281807e-06,1.0924889e-06,0.9998461,2.7135908e-07,2.528214e-05,0.00012319622,2.0968395e-08
5,5,melanocytic nevi,melanocytic nevi,1.8484763e-13,1.9877335e-10,1.14939204e-10,1.4279547e-11,1.0633785e-07,0.9999999,6.04479e-10
5,5,melanocytic nevi,melanocytic nevi,6.7506596e-07,7.5390076e-06,2.1310538e-05,3.9644152e-07,0.03469702,0.96527284,2.0643989e-07
5,5,melanocytic nevi,melanocytic nevi,3.2869673e-13,5.1584913e-11,1.6593809e-12,5.4008025e-09,6.312365e-11,1.0,3.635104e-08
4,4,melanoma,melanoma,1.69544e-05,2.0911793e-06,0.0003223607,3.8828887e-07,0.99165815,0.007999146,9.971412e-07
5,4,melanocytic nevi,melanoma,0.00010669199,0.00013172603,0.026223212,2.5418345e-05,0.5443638,0.42913148,1.762275e-05
5,5,melanocytic nevi,melanocytic nevi,5.799229e-11,8.425868e-10,1.7951006e-06,9.680169e-10,4.8281933e-08,0.9999982,3.4044185e-09
5,5,melanocytic nevi,melanocytic nevi,0.00012061379,0.00010834076,0.008290289,0.00024150369,0.00035479755,0.9908835,8.4165544e-07
2,4,benign keratosis-like lesions,melanoma,0.00014364997,1.3247843e-05,0.037021928,3.6101497e-05,0.67800534,0.2847679,1.1897655e-05
5,5,melanocytic nevi,melanocytic nevi,1.0215739e-06,1.1492668e-06,0.0023505613,3.1297895e-06,9.931398e-06,0.9976277,6.585428e-06
5,5,melanocytic nevi,melanocytic nevi,5.3106197e-22,6.884214e-20,6.8387007e-19,6.943325e-18,3.0757081e-15,1.0,6.910364e-21
5,5,melanocytic nevi,melanocytic nevi,6.5354937e-13,4.1156956e-12,6.731953e-09,3.7681193e-08,6.250025e-13,1.0,2.6683102e-11
2,5,benign keratosis-like lesions,melanocytic nevi,1.5110839e-05,3.5659476e-05,0.1488874,5.033141e-06,0.05489024,0.79615974,6.817631e-06
4,5,melanoma,melanocytic nevi,9.980661e-08,2.7378937e-07,5.234544e-06,1.356332e-07,0.07926596,0.9207284,1.1670259e-08
5,5,melanocytic nevi,melanocytic nevi,2.5263392e-11,5.7481125e-10,1.0316796e-09,1.4793873e-08,3.350698e-09,1.0,9.8342924e-11
5,5,melanocytic nevi,melanocytic nevi,5.415418e-13,1.7956838e-12,4.8040767e-09,2.1237756e-10,2.9245264e-13,1.0,1.5220802e-12
4,4,melanoma,melanoma,0.18511161,0.04121352,0.03165907,0.012028393,0.679732,0.045476396,0.0047789305
5,5,melanocytic nevi,melanocytic nevi,7.9582885e-10,1.3601666e-09,3.472147e-06,2.5421306e-08,1.1379064e-09,0.99999654,1.4785578e-09
5,5,melanocytic nevi,melanocytic nevi,6.902985e-14,2.5464533e-12,8.0799374e-11,1.3915566e-12,4.0984816e-10,1.0,4.4707276e-11
4,4,melanoma,melanoma,4.7218222e-05,4.355386e-06,0.0073953527,1.601908e-05,0.8018743,0.19063756,2.5275516e-05
5,5,melanocytic nevi,melanocytic nevi,8.489137e-13,1.2970191e-08,1.8549507e-09,1.9259337e-11,2.0331258e-10,1.0,1.6819727e-09
5,5,melanocytic nevi,melanocytic nevi,1.2177515e-05,1.0732382e-05,6.0018305e-05,1.0981969e-05,0.0029096426,0.9969952,1.3627931e-06
5,5,melanocytic nevi,melanocytic nevi,4.3418426e-17,2.2158534e-14,8.106871e-16,7.09529e-14,3.521041e-11,1.0,1.8078888e-14
5,5,melanocytic nevi,melanocytic nevi,2.9303077e-11,1.6951057e-09,1.9124167e-09,6.413982e-11,3.7862603e-07,0.99999964,9.454144e-09
5,5,melanocytic nevi,melanocytic nevi,1.7893826e-12,1.9072936e-11,4.7779915e-11,1.6002902e-10,3.3142455e-09,1.0,1.9968283e-09
5,5,melanocytic nevi,melanocytic nevi,5.994672e-08,5.4116153e-08,5.796021e-07,5.461838e-07,3.5773763e-05,0.99996257,4.562749e-07
2,2,benign keratosis-like lesions,benign keratosis-like lesions,0.0028491763,0.004923263,0.9196561,0.0011927377,0.016537242,0.053809352,0.0010321311
4,4,melanoma,melanoma,0.00020276714,0.00014511334,0.011719801,0.0006432381,0.98287165,0.0043501337,6.724017e-05
5,5,melanocytic nevi,melanocytic nevi,2.128367e-08,6.525902e-08,8.5115275e-08,1.5139028e-08,0.00013155729,0.9998678,3.8597366e-07
5,5,melanocytic nevi,melanocytic nevi,2.1466057e-18,6.882496e-16,3.4127032e-15,9.311355e-13,4.155159e-15,1.0,1.2292718e-13
5,5,melanocytic nevi,melanocytic nevi,3.075053e-08,6.9391923e-09,0.0001042539,1.1486258e-07,0.00015788643,0.9997377,4.3826062e-10
2,2,benign keratosis-like lesions,benign keratosis-like lesions,6.241726e-05,0.00023931316,0.9974612,7.2186034e-05,8.136721e-06,0.0021535794,3.1028285e-06
1,1,basal cell carcinoma,basal cell carcinoma,0.029809814,0.915358,0.011319819,0.010091557,0.026561413,0.004850426,0.0020089902
5,5,melanocytic nevi,melanocytic nevi,3.12271e-13,8.391758e-12,2.8171031e-11,6.9211702e-12,3.3613645e-07,0.99999964,3.8199573e-13
5,5,melanocytic nevi,melanocytic nevi,1.7911497e-10,3.168176e-08,9.13185e-09,1.8296404e-09,0.00045770215,0.99954236,4.5140433e-10
5,5,melanocytic nevi,melanocytic nevi,0.004527286,0.01705276,0.0016851479,0.029241307,0.0020362851,0.9453026,0.00015462893
4,5,melanoma,melanocytic nevi,4.2593172e-07,7.8564534e-07,0.00020138125,5.4268475e-07,0.00028140788,0.9995152,2.7191004e-07
2,2,benign keratosis-like lesions,benign keratosis-like lesions,3.8859054e-09,3.9594447e-08,0.9971637,6.358948e-11,1.2714362e-06,0.0028350404,1.5349791e-10
5,5,melanocytic nevi,melanocytic nevi,1.5385663e-15,1.7947002e-13,1.6596254e-11,4.8105313e-13,1.4772035e-10,1.0,7.8140246e-14
5,5,melanocytic nevi,melanocytic nevi,1.1962829e-09,8.601679e-09,0.000114671304,3.0616828e-08,1.7964645e-08,0.9998853,7.1188664e-09
4,5,melanoma,melanocytic nevi,9.530622e-08,1.7278343e-07,1.3635578e-05,2.6465722e-07,0.033147894,0.9668378,1.4440121e-07
2,5,benign keratosis-like lesions,melanocytic nevi,1.0167961e-05,9.972627e-06,0.015384537,1.3689502e-06,0.4385885,0.54598844,1.6965369e-05
4,4,melanoma,melanoma,3.1289144e-06,2.9543926e-06,0.007071503,2.2799773e-06,0.59698457,0.3959329,2.6104074e-06
5,5,melanocytic nevi,melanocytic nevi,1.0686575e-05,0.0021501242,0.00020437782,6.186776e-05,7.5585367e-06,0.9975553,1.000263e-05
5,5,melanocytic nevi,melanocytic nevi,4.2689604e-07,2.1503382e-07,0.0018534673,0.006329358,1.366524e-07,0.9918025,1.3987822e-05
5,5,melanocytic nevi,melanocytic nevi,1.07687026e-10,1.3923596e-10,8.368949e-08,4.011575e-09,8.817533e-08,0.99999976,1.0862772e-10
5,5,melanocytic nevi,melanocytic nevi,1.8831712e-06,3.7265e-06,8.796265e-05,1.4098162e-05,0.0056853816,0.99419653,1.0482282e-05
5,5,melanocytic nevi,melanocytic nevi,4.3069693e-07,1.0101768e-08,0.00024293626,3.5605192e-06,1.1510713e-06,0.9997516,1.8780493e-07
5,5,melanocytic nevi,melanocytic nevi,2.2735256e-07,5.4304323e-08,0.0024967128,7.4639e-09,1.957575e-06,0.9975011,6.6388306e-10
5,5,melanocytic nevi,melanocytic nevi,6.11621e-17,2.2591552e-15,1.3516664e-15,6.772617e-15,1.9608212e-10,1.0,4.2199475e-16
4,4,melanoma,melanoma,7.4832464e-08,9.935068e-07,1.2556988e-05,3.2622287e-07,0.704344,0.2956418,2.89458e-07
4,4,melanoma,melanoma,6.9666453e-07,6.745423e-05,2.874362e-06,5.398166e-07,0.96808404,0.03180046,4.3997457e-05
4,4,melanoma,melanoma,7.087547e-05,9.106086e-05,0.0027238184,5.6075452e-05,0.9025956,0.094451666,1.0858362e-05
5,5,melanocytic nevi,melanocytic nevi,1.5491495e-15,1.0848492e-13,1.498544e-14,1.7169408e-12,1.6790782e-09,1.0,1.2268708e-13
1,0,basal cell carcinoma,actinic keratoses and intraepithelial carcinoma,0.46381494,0.44795367,0.042059768,0.017032573,0.009454549,0.018309083,0.0013754437
2,1,benign keratosis-like lesions,basal cell carcinoma,0.12564754,0.50964177,0.27444628,0.0038978818,0.013880074,0.07034499,0.0021414077
2,2,benign keratosis-like lesions,benign keratosis-like lesions,3.389814e-08,7.844327e-09,0.9997862,1.2792734e-07,6.30485e-07,0.00021303866,2.1415603e-09
1,6,basal cell carcinoma,vascular lesions,0.0002585449,0.031063884,0.0030822414,0.0071241227,0.016777718,0.018559802,0.9231337
5,5,melanocytic nevi,melanocytic nevi,6.5620786e-19,2.0037236e-15,1.383197e-16,2.5251585e-15,3.80199e-13,1.0,2.2166102e-14
5,5,melanocytic nevi,melanocytic nevi,6.557328e-18,2.9092348e-15,1.9024706e-13,2.1710415e-16,6.423469e-12,1.0,1.05604985e-14
5,5,melanocytic nevi,melanocytic nevi,3.9803817e-16,1.6514728e-14,1.5684055e-12,3.9729826e-14,7.9349444e-10,1.0,1.9664202e-14
2,2,benign keratosis-like lesions,benign keratosis-like lesions,0.00037149535,1.4855852e-05,0.99658245,1.6485909e-06,0.0014841523,0.001545112,3.1499755e-07
5,5,melanocytic nevi,melanocytic nevi,3.0492413e-19,7.037589e-18,1.4353602e-15,2.050161e-15,5.897326e-13,1.0,2.04623e-16
5,5,melanocytic nevi,melanocytic nevi,2.578788e-14,7.609464e-14,6.6104422e-12,6.7642103e-12,2.992925e-10,1.0,9.289359e-13
5,5,melanocytic nevi,melanocytic nevi,0.005486176,0.0007042015,0.0066865655,0.00020672825,0.07747742,0.9093186,0.00012037258
5,5,melanocytic nevi,melanocytic nevi,8.078817e-09,4.481668e-08,2.0485238e-06,4.1499892e-09,7.822105e-06,0.99998987,1.2467208e-07
5,5,melanocytic nevi,melanocytic nevi,5.740943e-15,3.9909544e-13,3.3343227e-11,2.5813164e-11,4.8639635e-08,1.0,3.5859208e-12
1,1,basal cell carcinoma,basal cell carcinoma,0.00065449753,0.9957793,0.002674217,0.00016599242,0.00013717594,0.0005681229,2.0689247e-05
5,5,melanocytic nevi,melanocytic nevi,7.24066e-17,2.3908907e-15,5.854463e-15,1.9286217e-14,7.127277e-13,1.0,1.4279983e-15
4,5,melanoma,melanocytic nevi,2.439244e-05,1.9114657e-06,9.5571246e-05,8.3458224e-07,0.017111875,0.98276526,2.2927824e-07
5,5,melanocytic nevi,melanocytic nevi,1.817492e-12,1.7894664e-10,2.413944e-11,5.148029e-09,1.487761e-11,1.0,9.992737e-12
5,4,melanocytic nevi,melanoma,0.028187769,0.015717003,0.12660547,0.0011066215,0.7644768,0.0623362,0.0015700838
5,5,melanocytic nevi,melanocytic nevi,3.9566722e-17,4.3443757e-14,1.2808762e-13,4.2174914e-13,1.0318532e-12,1.0,2.2804467e-15
5,4,melanocytic nevi,melanoma,0.00018673581,1.8036482e-05,0.025907684,0.000112959286,0.7838989,0.18986917,6.4796855e-06
5,5,melanocytic nevi,melanocytic nevi,1.1764859e-08,6.952885e-08,2.4947298e-07,2.663091e-08,0.00036646888,0.9996332,2.3736029e-09
5,5,melanocytic nevi,melanocytic nevi,2.6389428e-16,2.850916e-14,9.566172e-13,7.0179526e-14,1.7996536e-09,1.0,4.291394e-15
5,5,melanocytic nevi,melanocytic nevi,9.325929e-17,9.90339e-15,2.7579162e-14,9.094994e-14,1.1420638e-12,1.0,4.4640974e-15
5,5,melanocytic nevi,melanocytic nevi,3.5362647e-11,1.0803337e-08,7.827621e-08,2.525975e-09,1.3157846e-07,0.99999976,2.6815115e-09
5,5,melanocytic nevi,melanocytic nevi,8.4201746e-10,8.346306e-09,8.663901e-09,8.87386e-09,2.33662e-06,0.9999975,1.4805997e-07
5,5,melanocytic nevi,melanocytic nevi,1.35679e-07,4.700342e-07,0.0010875287,2.6661155e-07,0.0024397655,0.9964719,3.78834e-08
5,5,melanocytic nevi,melanocytic nevi,3.3522818e-13,9.962632e-11,4.8154272e-11,3.9111086e-11,3.3607648e-07,0.99999964,4.2115118e-12
5,5,melanocytic nevi,melanocytic nevi,2.628885e-16,7.275887e-15,4.60095e-14,3.219654e-14,3.60795e-12,1.0,1.7259742e-15
5,5,melanocytic nevi,melanocytic nevi,3.2884924e-05,1.4284117e-05,0.041376185,2.4110957e-06,0.00413169,0.95444083,1.6957997e-06
5,5,melanocytic nevi,melanocytic nevi,3.821512e-06,1.1797333e-06,0.0034221173,1.7911178e-05,0.0061155776,0.9904393,1.6588957e-07
5,5,melanocytic nevi,melanocytic nevi,1.5536026e-09,1.630399e-09,4.6505786e-08,4.2983737e-09,2.4039231e-05,0.9999759,4.6571376e-08
2,2,benign keratosis-like lesions,benign keratosis-like lesions,0.0116081005,0.14442146,0.5865426,0.012674998,0.07919808,0.16451208,0.0010427049
4,4,melanoma,melanoma,4.454056e-08,1.825387e-08,2.9134284e-05,1.0311722e-07,0.9910122,0.008958344,1.0118082e-07
5,4,melanocytic nevi,melanoma,3.0728445e-06,5.699561e-06,0.00026190505,1.92598e-06,0.834818,0.16489492,1.4421547e-05
5,5,melanocytic nevi,melanocytic nevi,6.5902386e-05,9.585203e-05,0.00029507725,2.740158e-05,0.031998824,0.96750134,1.5632662e-05
5,5,melanocytic nevi,melanocytic nevi,3.40704e-05,8.039429e-06,1.650761e-05,1.1961032e-05,0.000984128,0.99894303,2.2207812e-06
5,5,melanocytic nevi,melanocytic nevi,3.797303e-12,5.4317084e-10,3.854721e-11,3.263482e-11,2.8942726e-09,1.0,1.7376925e-09
0,2,actinic keratoses and intraepithelial carcinoma,benign keratosis-like lesions,0.0022992857,0.0035197022,0.9754842,0.00026055166,0.00016358047,0.018226476,4.6219262e-05
5,5,melanocytic nevi,melanocytic nevi,1.136136e-06,1.224969e-07,2.0382642e-05,2.4138424e-06,1.0089831e-05,0.9999658,3.2171105e-08
5,5,melanocytic nevi,melanocytic nevi,3.120042e-05,1.4190837e-05,0.00023188075,2.9435409e-05,0.0005523689,0.99913836,2.5155607e-06
5,5,melanocytic nevi,melanocytic nevi,7.960953e-08,1.17309284e-07,4.5767997e-06,2.0371031e-08,0.0025911897,0.9974039,6.810377e-08
5,5,melanocytic nevi,melanocytic nevi,6.479706e-09,4.9771254e-09,3.943228e-07,8.43361e-07,1.0705651e-07,0.9999987,4.895462e-08
5,5,melanocytic nevi,melanocytic nevi,1.4647333e-20,8.131113e-18,1.0213139e-18,5.5266736e-17,4.1351764e-13,1.0,9.513494e-17
5,5,melanocytic nevi,melanocytic nevi,9.4686004e-07,2.4542544e-06,0.00029212248,6.2214235e-06,2.3270133e-05,0.9996747,3.116998e-07
5,5,melanocytic nevi,melanocytic nevi,2.3621174e-09,7.2930058e-09,1.5794554e-07,1.34815785e-08,0.0001532967,0.99984646,9.69816e-10
5,5,melanocytic nevi,melanocytic nevi,5.9150493e-12,4.1952e-11,2.1991792e-11,1.1043866e-09,2.0630237e-11,1.0,2.6765716e-12
5,5,melanocytic nevi,melanocytic nevi,0.0004962065,0.00094654225,0.006202212,0.0004309787,0.17237283,0.81942356,0.00012766257
5,5,melanocytic nevi,melanocytic nevi,1.0679103e-12,2.0593091e-10,7.2034574e-12,2.1390578e-09,1.9158105e-07,0.99999976,9.374258e-09
5,5,melanocytic nevi,melanocytic nevi,2.7342693e-09,3.845936e-08,1.088355e-07,1.7415147e-09,1.8018253e-06,0.999998,1.322862e-07
5,4,melanocytic nevi,melanoma,1.139358e-05,4.1268236e-06,0.0003039166,6.1559054e-05,0.65205055,0.3475615,6.917769e-06
6,6,vascular lesions,vascular lesions,1.2400554e-06,4.2248377e-07,3.9084784e-06,0.004344374,1.9759858e-07,0.00059519877,0.9950547
4,4,melanoma,melanoma,7.812502e-06,5.327309e-06,0.00028093084,4.4017515e-06,0.98118913,0.018508816,3.4792872e-06
5,5,melanocytic nevi,melanocytic nevi,9.256521e-19,1.3932443e-14,5.6952956e-20,4.1569446e-14,2.032857e-15,1.0,2.0704789e-14
5,5,melanocytic nevi,melanocytic nevi,2.7082835e-15,1.7208406e-14,4.8815726e-13,1.2292606e-12,5.5170295e-12,1.0,1.4005881e-13
5,1,melanocytic nevi,basal cell carcinoma,0.017955817,0.863441,0.0348179,0.06657412,4.3500395e-06,0.011379999,0.005826859
5,4,melanocytic nevi,melanoma,2.7776268e-06,2.1296944e-06,0.0008514161,1.0980562e-05,0.939854,0.059278168,4.7742077e-07
5,5,melanocytic nevi,melanocytic nevi,3.6087413e-16,3.8733e-15,5.5117857e-14,3.2432848e-14,1.0598516e-14,1.0,6.7643026e-15
4,4,melanoma,melanoma,0.001799751,0.00096330146,0.01518207,0.00082601164,0.5237035,0.45651406,0.001011312
5,5,melanocytic nevi,melanocytic nevi,4.6215395e-14,8.279531e-12,1.8935693e-12,9.0870665e-11,5.227909e-10,1.0,1.2371015e-10
3,4,dermatofibroma,melanoma,0.05731891,0.046337426,0.11317451,0.09528929,0.6505934,0.031570576,0.005715972
5,5,melanocytic nevi,melanocytic nevi,4.886915e-11,6.897046e-11,6.8585276e-12,8.115156e-10,1.02636555e-07,0.9999999,2.7211037e-11
5,5,melanocytic nevi,melanocytic nevi,2.530043e-09,1.7665226e-07,9.782772e-07,1.9755928e-09,9.236171e-06,0.9999896,2.625128e-10
3,5,dermatofibroma,melanocytic nevi,0.0014303296,2.8154762e-05,0.013145423,0.36407757,0.00026708978,0.6210246,2.6713626e-05
1,1,basal cell carcinoma,basal cell carcinoma,0.03809581,0.9613243,0.00021780674,0.00028939504,1.38864825e-05,1.600478e-05,4.27525e-05
5,5,melanocytic nevi,melanocytic nevi,6.102492e-10,6.540309e-08,4.8394554e-07,3.5065075e-09,8.653041e-06,0.9999902,4.609547e-07
5,5,melanocytic nevi,melanocytic nevi,5.1742464e-11,1.0002559e-10,3.9802086e-07,2.8229528e-09,3.161883e-09,0.99999964,5.4708216e-10
5,5,melanocytic nevi,melanocytic nevi,3.269132e-15,4.883137e-13,2.0444348e-13,5.9847106e-14,2.0009905e-10,1.0,7.699298e-13
5,5,melanocytic nevi,melanocytic nevi,8.133429e-13,1.2596863e-13,1.0014385e-09,5.537062e-11,8.870142e-09,1.0,2.832561e-12
5,5,melanocytic nevi,melanocytic nevi,3.7364496e-06,1.295483e-07,0.00034228488,1.1076839e-05,0.001237164,0.99840564,2.0549816e-08
5,5,melanocytic nevi,melanocytic nevi,8.445418e-17,2.0948438e-15,1.1829318e-14,3.3598727e-14,4.1983678e-12,1.0,2.3225876e-15
5,5,melanocytic nevi,melanocytic nevi,0.00019045488,9.896889e-05,0.03186248,0.00017303118,0.035371825,0.93228304,2.0189449e-05
5,5,melanocytic nevi,melanocytic nevi,0.0018680716,0.08220242,0.00086783344,0.0010171277,0.08567601,0.82620525,0.0021632656
5,5,melanocytic nevi,melanocytic nevi,7.134602e-11,2.7629484e-11,2.2505144e-08,4.0044967e-09,9.829726e-09,1.0,4.5615683e-10
4,4,melanoma,melanoma,0.00053728,0.0016532841,0.00094431284,0.00033768298,0.9915468,0.0041855923,0.0007950523
5,5,melanocytic nevi,melanocytic nevi,2.935109e-14,3.1317996e-14,2.925701e-11,4.2476586e-10,4.320534e-11,1.0,1.3581545e-09
5,5,melanocytic nevi,melanocytic nevi,3.7383747e-05,0.0011325582,2.9786393e-05,0.00015853286,0.0011893675,0.9974477,4.6638793e-06
5,5,melanocytic nevi,melanocytic nevi,9.402177e-05,0.0005061398,0.01468026,7.737178e-05,0.17328027,0.81117266,0.00018934072
2,2,benign keratosis-like lesions,benign keratosis-like lesions,0.044748265,0.45971927,0.48459208,0.0009242945,0.0064380052,0.0028152694,0.000762831
5,5,melanocytic nevi,melanocytic nevi,8.4936073e-13,2.9092726e-12,2.081732e-11,6.20789e-11,5.3133298e-09,1.0,2.2177935e-11
2,5,benign keratosis-like lesions,melanocytic nevi,0.06166649,0.00085459836,0.4233382,0.0014913753,0.033580545,0.4769894,0.002079401
2,4,benign keratosis-like lesions,melanoma,0.047898803,0.00012291392,0.24551155,0.08908384,0.4298773,0.18651555,0.0009900075
2,2,benign keratosis-like lesions,benign keratosis-like lesions,0.0016662452,0.00017194926,0.9911567,4.9629598e-05,0.005726104,0.0012171516,1.2273532e-05
5,5,melanocytic nevi,melanocytic nevi,3.3927422e-06,1.5976928e-05,0.0108632855,9.591685e-06,0.0009003241,0.98820645,9.118928e-07
2,5,benign keratosis-like lesions,melanocytic nevi,0.00053715997,9.0456975e-05,0.15951401,0.00014947524,0.2901537,0.5494432,0.00011199001
5,5,melanocytic nevi,melanocytic nevi,7.7641165e-09,1.6313875e-06,1.703191e-06,2.1132439e-07,1.3329606e-06,0.99999106,4.031901e-06
2,2,benign keratosis-like lesions,benign keratosis-like lesions,9.285754e-09,2.0267237e-10,0.9995509,9.269922e-08,2.9708436e-10,0.00044894998,2.0527977e-10
4,4,melanoma,melanoma,3.7127716e-05,0.0001728043,0.0035331356,1.61031e-05,0.8440416,0.15218547,1.3825603e-05
4,4,melanoma,melanoma,1.0799357e-07,5.861276e-08,3.3894154e-05,6.395765e-08,0.8520803,0.14788547,1.0197456e-07
4,5,melanoma,melanocytic nevi,2.117255e-05,9.1121024e-07,0.00021372343,4.7950666e-06,0.40959364,0.5901654,3.345289e-07
5,5,melanocytic nevi,melanocytic nevi,1.3568653e-09,1.4581133e-09,7.496861e-08,1.6761259e-08,0.033186987,0.96681285,1.788479e-08
2,2,benign keratosis-like lesions,benign keratosis-like lesions,0.02724834,0.21180087,0.45554814,0.26599285,0.034440722,0.0033826642,0.0015865383
5,5,melanocytic nevi,melanocytic nevi,1.4336583e-15,1.5032187e-14,8.429257e-14,4.892077e-13,1.33349816e-11,1.0,9.956232e-15
5,5,melanocytic nevi,melanocytic nevi,2.7929853e-15,1.311684e-13,3.3323815e-12,1.5237757e-13,6.7247985e-11,1.0,2.463411e-14
5,5,melanocytic nevi,melanocytic nevi,6.5640396e-11,2.210462e-09,9.932382e-07,1.4669851e-09,1.3516305e-05,0.9999856,5.7888007e-11
5,5,melanocytic nevi,melanocytic nevi,5.6813736e-17,1.3173271e-14,4.258504e-14,2.5866994e-14,1.1584009e-09,1.0,3.7101625e-14
5,5,melanocytic nevi,melanocytic nevi,2.4949089e-17,1.8380469e-15,1.443604e-13,4.9959295e-15,1.077822e-10,1.0,6.3003835e-15
2,2,benign keratosis-like lesions,benign keratosis-like lesions,3.9229417e-06,1.1168435e-06,0.99992335,5.8824742e-05,1.0342022e-07,1.27466255e-05,2.0694893e-08
5,5,melanocytic nevi,melanocytic nevi,1.3183668e-06,1.5263506e-05,3.961497e-06,1.2635861e-05,0.00013595031,0.9998293,1.5286078e-06
6,6,vascular lesions,vascular lesions,3.441473e-05,0.0005940803,0.00010751174,3.2448694e-05,0.0021984433,0.00047052195,0.99656254
5,5,melanocytic nevi,melanocytic nevi,4.439328e-07,9.619174e-07,0.00048591118,2.0989418e-08,0.003721392,0.9957912,9.400653e-08
5,5,melanocytic nevi,melanocytic nevi,8.494461e-14,1.377808e-11,1.9757866e-09,3.3144334e-10,6.1234253e-09,1.0,8.686023e-10
4,5,melanoma,melanocytic nevi,3.3114056e-06,1.2378912e-07,0.04755248,5.228359e-07,0.15978295,0.7926605,8.089454e-08
5,5,melanocytic nevi,melanocytic nevi,1.2753162e-08,1.3976098e-09,0.032739177,2.0348916e-09,1.14114e-07,0.9672607,8.104389e-10
4,2,melanoma,benign keratosis-like lesions,0.029377341,0.012559522,0.63108605,0.02247887,0.24540101,0.056448836,0.0026483133
5,5,melanocytic nevi,melanocytic nevi,1.9031808e-10,5.3517624e-10,2.928054e-09,4.9449618e-08,1.3137937e-07,0.9999999,1.5639193e-11
5,5,melanocytic nevi,melanocytic nevi,2.920364e-12,6.284985e-11,5.6397158e-11,2.0151245e-09,1.8624549e-10,1.0,5.359097e-10
5,5,melanocytic nevi,melanocytic nevi,2.3621556e-06,6.7612194e-07,0.038142357,9.084248e-05,0.00021785764,0.96154344,2.4033093e-06
2,2,benign keratosis-like lesions,benign keratosis-like lesions,0.04304375,0.008642542,0.4718163,0.0066154664,0.20710753,0.26163155,0.0011428271
5,4,melanocytic nevi,melanoma,0.00014954289,0.0014035138,0.0037193228,7.778823e-05,0.6716582,0.32288808,0.00010364017
2,2,benign keratosis-like lesions,benign keratosis-like lesions,0.0004839075,0.00035445625,0.9916334,0.00017729742,0.0021396892,0.0051973853,1.37858e-05
5,5,melanocytic nevi,melanocytic nevi,0.00023057645,0.000118440024,0.00034612222,3.3180768e-05,0.31017634,0.6890793,1.6069856e-05
5,5,melanocytic nevi,melanocytic nevi,7.486527e-12,1.5896994e-11,1.9795275e-10,3.0181329e-09,4.1372143e-08,1.0,5.360559e-10
4,4,melanoma,melanoma,3.2857038e-08,5.3319393e-09,2.7634646e-06,2.6732508e-08,0.9999925,4.6390896e-06,8.265202e-09
0,1,actinic keratoses and intraepithelial carcinoma,basal cell carcinoma,0.1382056,0.8491607,0.011619519,0.00035688162,0.0001830924,0.00037569608,9.854485e-05
2,2,benign keratosis-like lesions,benign keratosis-like lesions,0.0019389519,0.00021724086,0.7268952,3.7387963e-05,0.15643759,0.11443418,3.946622e-05
5,5,melanocytic nevi,melanocytic nevi,2.5153282e-11,1.8086063e-10,6.5112225e-08,1.228868e-10,1.5082625e-09,0.9999999,3.5792667e-11
5,5,melanocytic nevi,melanocytic nevi,2.0856257e-10,1.0964977e-09,4.4228066e-09,9.168613e-09,5.6411045e-05,0.9999436,7.401293e-11
5,5,melanocytic nevi,melanocytic nevi,2.445085e-05,9.48981e-06,0.030665196,7.5300522e-06,0.0024501127,0.9668415,1.7456751e-06
6,5,vascular lesions,melanocytic nevi,2.2396847e-09,7.6169684e-08,5.0094485e-07,4.1363556e-08,3.144435e-07,0.9863688,0.013630282
0,0,actinic keratoses and intraepithelial carcinoma,actinic keratoses and intraepithelial carcinoma,0.836794,0.0006703078,0.15311304,0.0041158814,0.0023499115,0.0028497155,0.0001070439
5,5,melanocytic nevi,melanocytic nevi,7.710497e-10,6.923916e-10,1.9458739e-07,8.765497e-10,2.0229778e-05,0.9999795,5.8209765e-10
5,5,melanocytic nevi,melanocytic nevi,3.6572323e-16,1.2069611e-13,3.8822704e-12,2.4706575e-14,5.4148536e-08,1.0,9.384111e-14
5,5,melanocytic nevi,melanocytic nevi,4.355889e-12,1.1919684e-11,7.746946e-11,1.4321884e-11,0.00024402078,0.99975604,8.759218e-12
5,5,melanocytic nevi,melanocytic nevi,7.609406e-14,4.469384e-13,5.010213e-12,8.820393e-12,2.840506e-10,1.0,1.9333573e-11
5,5,melanocytic nevi,melanocytic nevi,7.798542e-09,2.1301684e-10,1.871967e-06,4.680598e-08,3.5254084e-07,0.99999774,5.855146e-10
2,2,benign keratosis-like lesions,benign keratosis-like lesions,5.0201263e-05,5.030214e-07,0.9295334,1.9537218e-05,3.3135993e-06,0.07039285,1.3099827e-07
0,2,actinic keratoses and intraepithelial carcinoma,benign keratosis-like lesions,0.15899819,0.034282766,0.7494405,0.0012613094,8.632535e-06,0.05600746,1.1726154e-06
4,5,melanoma,melanocytic nevi,0.00033881018,3.4385632e-06,0.015730683,0.0002780165,0.3549981,0.6286173,3.3649703e-05
5,5,melanocytic nevi,melanocytic nevi,1.3759748e-06,1.3883996e-06,0.0004410001,9.286324e-07,0.00244324,0.9971119,1.0164528e-07
3,3,dermatofibroma,dermatofibroma,0.005285885,0.004243253,0.02913784,0.95792,2.2650534e-05,0.001668678,0.0017216564
5,5,melanocytic nevi,melanocytic nevi,1.2804842e-10,1.8675737e-09,1.5398507e-08,2.7306836e-08,5.6698593e-07,0.9999994,7.6494644e-10
5,5,melanocytic nevi,melanocytic nevi,7.593517e-07,5.9382626e-07,0.002339595,1.1473043e-06,0.00082531583,0.99683255,1.0557691e-07
1,0,basal cell carcinoma,actinic keratoses and intraepithelial carcinoma,0.30827615,0.23099068,0.25613284,0.08290012,0.089357145,0.024727387,0.0076156794
5,5,melanocytic nevi,melanocytic nevi,3.79485e-15,5.3537636e-14,1.5208678e-11,2.4105967e-13,1.8199246e-11,1.0,6.5786946e-12
2,2,benign keratosis-like lesions,benign keratosis-like lesions,0.0022670282,6.6039306e-06,0.9952775,5.830753e-05,0.001625206,0.00076472195,6.602963e-07
5,5,melanocytic nevi,melanocytic nevi,2.7388296e-07,8.602697e-06,3.0148883e-07,1.2090017e-07,0.016903237,0.98308736,1.241518e-07
5,2,melanocytic nevi,benign keratosis-like lesions,0.004296388,0.014590024,0.96327275,0.004408193,0.009222424,0.0030224372,0.0011876893
5,5,melanocytic nevi,melanocytic nevi,1.1472457e-07,4.7307847e-07,1.2743043e-06,2.8033091e-05,2.0162113e-07,0.99996984,4.2105114e-08
5,5,melanocytic nevi,melanocytic nevi,6.3407206e-05,0.0036308037,0.00883566,0.0001574107,0.00016294983,0.9866682,0.0004815454
5,5,melanocytic nevi,melanocytic nevi,6.2470035e-10,2.5556568e-09,1.4283832e-09,1.4591914e-09,2.7332437e-05,0.9999727,1.5521248e-10
5,5,melanocytic nevi,melanocytic nevi,4.425585e-14,5.5448168e-12,1.15835995e-11,4.3087847e-10,1.6510258e-10,1.0,3.1573938e-13
5,5,melanocytic nevi,melanocytic nevi,8.358313e-06,1.0892389e-05,0.0030376858,3.226959e-06,0.068406396,0.9285324,1.0109244e-06
4,2,melanoma,benign keratosis-like lesions,0.008092071,0.00024184611,0.81630117,0.0005440811,0.1616913,0.012833111,0.0002964944
2,2,benign keratosis-like lesions,benign keratosis-like lesions,0.0002845997,0.00022896816,0.9026426,1.9115476e-05,0.0026179964,0.09420473,1.887085e-06
4,4,melanoma,melanoma,0.005242629,0.0038887283,0.018567612,0.0006255405,0.6654331,0.30527276,0.0009696205
2,2,benign keratosis-like lesions,benign keratosis-like lesions,0.00018101124,1.6423262e-05,0.99798846,7.564747e-06,0.0012229958,0.00058279885,6.157435e-07
2,5,benign keratosis-like lesions,melanocytic nevi,0.013717611,3.448438e-06,0.418473,0.00049502,0.0003204603,0.56699014,3.3952813e-07
5,5,melanocytic nevi,melanocytic nevi,2.1131404e-10,2.8760394e-10,9.361663e-09,8.9857515e-08,3.235102e-08,0.9999999,6.931123e-11
5,5,melanocytic nevi,melanocytic nevi,2.3215146e-13,5.798786e-12,1.2589724e-11,9.262841e-13,3.3568936e-06,0.99999666,2.768597e-13
0,4,actinic keratoses and intraepithelial carcinoma,melanoma,0.036252417,0.27272943,0.3120116,0.0028642325,0.36118212,0.013005311,0.0019548768
5,5,melanocytic nevi,melanocytic nevi,7.8821823e-13,6.487671e-11,1.6033721e-11,1.9928473e-10,2.1928201e-08,1.0,3.0613268e-12
4,4,melanoma,melanoma,0.014619477,0.023729878,0.23904422,0.011099083,0.54916686,0.159054,0.003286532
4,5,melanoma,melanocytic nevi,1.313733e-06,3.421097e-06,0.001278965,7.9124607e-07,0.016798265,0.98191696,2.1600603e-07
3,3,dermatofibroma,dermatofibroma,0.0014298918,0.028326996,0.0002302751,0.54488707,1.07389305e-05,0.4218692,0.0032458436
5,5,melanocytic nevi,melanocytic nevi,1.9097133e-12,2.7147056e-12,2.321712e-10,4.208006e-11,1.2753577e-08,1.0,3.0552325e-11
5,5,melanocytic nevi,melanocytic nevi,0.00033782347,1.30681e-05,0.019318393,0.0020149022,4.6267738e-05,0.9782204,4.9146045e-05
0,1,actinic keratoses and intraepithelial carcinoma,basal cell carcinoma,0.004066714,0.9954319,0.00037464374,5.013304e-05,2.177133e-05,2.6776892e-05,2.799712e-05
2,2,benign keratosis-like lesions,benign keratosis-like lesions,0.0002467534,6.503464e-05,0.98062,0.00024637126,0.013186224,0.0056204856,1.5066372e-05
5,5,melanocytic nevi,melanocytic nevi,6.1534125e-11,1.3058045e-10,8.239793e-09,3.884497e-09,3.941626e-07,0.99999964,2.6937821e-10
5,5,melanocytic nevi,melanocytic nevi,5.627833e-13,1.621098e-12,5.7654326e-11,2.7412156e-11,0.0009881186,0.9990119,1.14890056e-10
5,5,melanocytic nevi,melanocytic nevi,5.6139772e-05,0.00046994523,0.00064443826,7.490213e-05,0.0068088844,0.9919382,7.50904e-06
1,1,basal cell carcinoma,basal cell carcinoma,0.0007327301,0.97298604,0.00383153,0.00042264542,0.015831575,0.002474572,0.0037209757
5,5,melanocytic nevi,melanocytic nevi,5.4879553e-08,2.704697e-07,1.7397836e-06,5.0529362e-08,2.6920288e-05,0.9999708,8.474578e-08
2,2,benign keratosis-like lesions,benign keratosis-like lesions,5.8347247e-05,7.8616595e-06,0.96781397,6.4312876e-06,0.005495231,0.026616609,1.5042765e-06
5,5,melanocytic nevi,melanocytic nevi,0.0004755353,0.048373815,0.0959527,0.000105017214,0.01644036,0.8380172,0.000635347
2,2,benign keratosis-like lesions,benign keratosis-like lesions,0.00036984574,5.174244e-05,0.9981077,1.2687703e-06,0.00022888563,0.0012405389,4.457213e-08
4,4,melanoma,melanoma,0.0032489186,0.002694594,0.03628457,0.0010377545,0.7719578,0.18446113,0.00031518124
4,4,melanoma,melanoma,8.023863e-09,3.6362587e-07,9.238305e-08,1.8088324e-09,0.9998765,0.00012280594,1.8533532e-07
5,5,melanocytic nevi,melanocytic nevi,0.0028041238,0.24451427,0.027164364,0.029674489,5.4038264e-07,0.6784262,0.017415956
5,5,melanocytic nevi,melanocytic nevi,1.0248726e-05,0.0002284328,1.3689194e-05,1.5989188e-05,5.256836e-05,0.99967325,5.8111755e-06
5,5,melanocytic nevi,melanocytic nevi,1.0249441e-17,2.11424e-15,9.983011e-14,8.072096e-15,2.6379756e-13,1.0,5.132013e-15
3,5,dermatofibroma,melanocytic nevi,1.9543785e-12,3.554944e-11,1.509752e-11,1.8991616e-06,5.9249628e-12,0.9999981,2.3993413e-08
5,4,melanocytic nevi,melanoma,9.634011e-05,1.2412485e-05,0.008979243,1.1861596e-05,0.7564744,0.23434003,8.5755746e-05
5,5,melanocytic nevi,melanocytic nevi,2.7271817e-16,1.6245788e-15,2.0718793e-12,2.9634136e-15,6.2973867e-13,1.0,5.6122186e-13
5,5,melanocytic nevi,melanocytic nevi,1.6843384e-09,1.3480299e-07,1.9946212e-08,1.8192262e-08,1.0772413e-08,0.9999999,4.82081e-09
2,2,benign keratosis-like lesions,benign keratosis-like lesions,7.3903074e-08,2.841149e-07,0.9999387,1.1879433e-08,9.299579e-07,5.9998973e-05,4.0700563e-09
5,4,melanocytic nevi,melanoma,0.00025288755,0.0007480973,0.020554483,0.0010990284,0.6716958,0.30542085,0.00022885566
2,5,benign keratosis-like lesions,melanocytic nevi,1.2895797e-05,4.6254067e-06,0.005335292,9.4017e-05,2.2848746e-05,0.99453014,1.1598212e-07
5,5,melanocytic nevi,melanocytic nevi,2.3454864e-16,3.9759313e-14,1.3102113e-13,2.248412e-12,5.238992e-09,1.0,6.9252663e-12
1,4,basal cell carcinoma,melanoma,0.0008798181,0.31351915,0.0013710094,0.00040961412,0.6129654,0.054875858,0.015979102
5,5,melanocytic nevi,melanocytic nevi,2.092625e-06,2.4841684e-09,0.00069513475,3.803327e-06,0.005564099,0.9937349,9.091547e-09
5,5,melanocytic nevi,melanocytic nevi,5.979109e-14,9.897278e-14,1.3716173e-11,1.0771883e-11,2.2759192e-11,1.0,1.616914e-13
5,5,melanocytic nevi,melanocytic nevi,0.000240769,2.2915126e-05,0.37473658,7.2730104e-06,0.041472655,0.58351326,6.5967492e-06
5,5,melanocytic nevi,melanocytic nevi,0.00066486374,0.00036525665,0.047113176,6.644979e-05,0.3613116,0.59018993,0.0002886771
5,5,melanocytic nevi,melanocytic nevi,2.139954e-11,1.2865814e-09,2.1412697e-10,3.5250883e-10,1.2288828e-09,1.0,1.564567e-11
5,5,melanocytic nevi,melanocytic nevi,3.704969e-05,1.535294e-05,0.14011934,7.357053e-05,0.002413036,0.857312,2.9629884e-05
5,5,melanocytic nevi,melanocytic nevi,6.0295983e-12,1.0822615e-10,1.5944235e-09,6.660404e-10,0.002032806,0.9979672,4.6752657e-08
1,1,basal cell carcinoma,basal cell carcinoma,0.000110100234,0.99595237,0.00012362421,0.000350022,0.00019095739,3.868488e-05,0.0032343643
5,5,melanocytic nevi,melanocytic nevi,2.202684e-05,1.2287799e-06,0.0006321865,0.00013157888,0.00089868304,0.998314,3.9816018e-07
4,4,melanoma,melanoma,5.9708032e-05,1.1217822e-05,0.013462512,9.501825e-05,0.5631396,0.4232079,2.4030174e-05
5,5,melanocytic nevi,melanocytic nevi,1.8383982e-10,9.431103e-10,7.521105e-08,2.5902551e-09,1.742518e-05,0.9999825,3.0656369e-09
6,6,vascular lesions,vascular lesions,5.402087e-07,6.618833e-05,1.8930052e-06,7.718631e-05,5.0750455e-06,3.5647266e-05,0.9998135
5,5,melanocytic nevi,melanocytic nevi,1.0389265e-07,9.806776e-07,1.6371565e-07,2.5842733e-06,1.0139964e-06,0.999995,1.2590306e-07
2,2,benign keratosis-like lesions,benign keratosis-like lesions,9.370757e-05,4.576826e-07,0.9779609,4.145698e-06,0.021359904,0.0005807622,2.16467e-08
5,5,melanocytic nevi,melanocytic nevi,7.8868456e-05,0.0002041242,0.00085781096,5.568199e-05,0.49315217,0.5056413,1.0024522e-05
5,5,melanocytic nevi,melanocytic nevi,6.9540444e-15,2.0632952e-11,1.9160181e-12,2.5098927e-12,7.281056e-10,1.0,6.241731e-10
2,2,benign keratosis-like lesions,benign keratosis-like lesions,0.13430169,0.007533529,0.56254625,0.0039604423,0.22730562,0.062597305,0.0017551436
1,1,basal cell carcinoma,basal cell carcinoma,0.24434434,0.59258956,0.11649365,0.0040553496,0.011672855,0.029505681,0.0013385896
5,5,melanocytic nevi,melanocytic nevi,2.2377279e-15,1.4030788e-13,4.4698283e-11,5.3718023e-14,7.960842e-07,0.99999917,4.757647e-10
5,5,melanocytic nevi,melanocytic nevi,2.0276739e-06,4.8143775e-06,1.46412485e-05,0.00013042163,0.0002463232,0.99959415,7.583865e-06
2,2,benign keratosis-like lesions,benign keratosis-like lesions,0.00039978576,0.00060981535,0.802176,8.422235e-05,0.009859738,0.18659869,0.00027172078
5,5,melanocytic nevi,melanocytic nevi,2.4515734e-07,2.3546945e-06,3.833588e-05,8.120083e-06,2.331856e-06,0.99994016,8.357716e-06
5,5,melanocytic nevi,melanocytic nevi,1.2399424e-15,6.3026136e-13,4.575248e-14,5.0517793e-13,1.8439237e-09,1.0,3.6628906e-14
2,2,benign keratosis-like lesions,benign keratosis-like lesions,0.0009939573,2.1273074e-06,0.99845064,6.919307e-06,0.000268321,0.00027729128,6.8579385e-07
5,5,melanocytic nevi,melanocytic nevi,7.9796875e-05,0.013313134,0.012062151,3.504838e-05,0.034805644,0.9037964,0.035907865
5,5,melanocytic nevi,melanocytic nevi,3.3405064e-07,6.7524184e-07,0.00017180367,5.2362583e-07,0.016154414,0.9836722,1.129198e-07
5,5,melanocytic nevi,melanocytic nevi,1.2005856e-12,5.8578625e-10,1.6261445e-11,8.583345e-12,1.3740827e-09,1.0,8.147531e-12
5,5,melanocytic nevi,melanocytic nevi,1.364518e-10,8.215875e-10,9.335809e-09,3.9412082e-10,7.629641e-09,1.0,6.173026e-10
5,5,melanocytic nevi,melanocytic nevi,1.4255436e-10,2.5155742e-09,9.116825e-09,6.7198835e-07,5.201494e-08,0.9999993,2.3788918e-09
5,5,melanocytic nevi,melanocytic nevi,5.490138e-06,7.8816447e-07,0.006957408,9.966554e-05,0.002515283,0.99042094,3.0350765e-07
4,4,melanoma,melanoma,1.2278044e-06,6.4400674e-06,2.8226794e-05,2.0492007e-06,0.8184958,0.18146251,3.695621e-06
5,5,melanocytic nevi,melanocytic nevi,3.0356668e-16,1.4428983e-14,4.5464968e-14,2.7803894e-14,6.0913464e-08,0.9999999,3.0976778e-16
5,5,melanocytic nevi,melanocytic nevi,1.1827091e-05,3.277542e-05,0.00017685827,0.00011792633,5.6381587e-06,0.99960214,5.2937146e-05
0,2,actinic keratoses and intraepithelial carcinoma,benign keratosis-like lesions,0.25804204,0.027709546,0.45670512,0.0018629143,0.2507906,0.003395456,0.0014943711
5,4,melanocytic nevi,melanoma,0.00013979049,9.372379e-05,0.0047051883,6.1199666e-05,0.60890543,0.38604024,5.4416334e-05
0,4,actinic keratoses and intraepithelial carcinoma,melanoma,0.04284739,0.004402086,0.032886893,0.00607744,0.8297929,0.08286441,0.0011289504
5,5,melanocytic nevi,melanocytic nevi,3.511212e-08,2.7227736e-07,3.6773945e-05,7.807814e-08,0.016983323,0.9829795,1.19131144e-07
5,5,melanocytic nevi,melanocytic nevi,6.863421e-10,9.585552e-10,8.941866e-07,1.8271445e-09,3.178839e-07,0.9999987,1.41522e-11
5,5,melanocytic nevi,melanocytic nevi,7.569078e-14,1.4190026e-12,3.308089e-12,5.244918e-10,3.557377e-12,1.0,8.0408493e-13
4,4,melanoma,melanoma,0.00016292595,3.3198492e-06,0.014279946,1.573128e-05,0.6895937,0.2959399,4.4937824e-06
1,1,basal cell carcinoma,basal cell carcinoma,0.0003768532,0.9989794,0.00058678066,1.9013414e-05,1.1250909e-06,3.1474654e-05,5.2813803e-06
5,5,melanocytic nevi,melanocytic nevi,5.1673158e-08,4.4644903e-08,3.5418316e-06,3.5955527e-08,0.00014790552,0.9998479,4.396287e-07
5,5,melanocytic nevi,melanocytic nevi,1.729432e-10,1.5886369e-09,1.7599943e-09,2.1711784e-08,9.357561e-08,0.9999999,1.0215658e-09
2,2,benign keratosis-like lesions,benign keratosis-like lesions,1.6620871e-09,2.7469436e-09,0.9999896,3.1334672e-12,8.0947177e-07,9.509458e-06,8.280014e-12
4,5,melanoma,melanocytic nevi,5.684543e-06,1.4939842e-05,0.00017461191,5.3174103e-05,0.07251249,0.9272217,1.7482927e-05
2,2,benign keratosis-like lesions,benign keratosis-like lesions,0.016856859,0.058787096,0.8302582,0.019515442,0.047825467,0.02619019,0.0005668808
5,5,melanocytic nevi,melanocytic nevi,6.889588e-16,1.8255062e-13,1.910127e-10,3.70502e-15,1.4688617e-10,1.0,1.7315426e-12
5,5,melanocytic nevi,melanocytic nevi,5.4777604e-05,0.0009137258,0.0052474984,0.00010744621,0.006957968,0.9867006,1.8052353e-05
5,5,melanocytic nevi,melanocytic nevi,1.477688e-10,5.1716628e-11,2.3989475e-08,4.0966253e-08,8.416578e-11,0.9999999,2.6111524e-10
5,5,melanocytic nevi,melanocytic nevi,9.840057e-06,3.537955e-05,0.0014279882,2.288687e-05,0.032660604,0.9658402,3.1251732e-06
5,5,melanocytic nevi,melanocytic nevi,3.673376e-11,1.6448656e-09,6.618692e-08,8.648923e-10,8.7532705e-08,0.99999976,3.8183863e-08
5,5,melanocytic nevi,melanocytic nevi,7.048125e-17,1.1959129e-14,1.8327313e-13,2.8286612e-13,7.976784e-13,1.0,6.646898e-14
4,5,melanoma,melanocytic nevi,1.0775127e-06,1.0552381e-05,1.2458374e-05,0.00069050974,0.006567729,0.92589635,0.06682125
5,5,melanocytic nevi,melanocytic nevi,0.0002991695,0.011846616,0.0011524748,0.0003441824,0.024768317,0.96075904,0.0008301954
5,5,melanocytic nevi,melanocytic nevi,1.06004094e-11,3.152955e-11,1.388045e-07,1.0102961e-09,9.0869044e-08,0.99999976,6.873434e-11
5,5,melanocytic nevi,melanocytic nevi,1.5425353e-06,7.0486794e-06,7.734516e-06,1.4839256e-06,0.027045645,0.9729364,1.1251443e-07
5,5,melanocytic nevi,melanocytic nevi,9.3320136e-07,3.179841e-06,1.1388322e-06,4.7869003e-06,0.0015319565,0.9984578,2.4839025e-07
1,1,basal cell carcinoma,basal cell carcinoma,0.0056117233,0.99179614,0.0020989366,8.672853e-05,3.346876e-05,0.0003029543,7.005148e-05
2,5,benign keratosis-like lesions,melanocytic nevi,5.7234633e-05,1.7484841e-06,0.10292979,4.0955842e-06,0.0006829089,0.8963226,1.6081591e-06
5,5,melanocytic nevi,melanocytic nevi,4.6758384e-14,8.485467e-12,4.7714866e-12,1.3324514e-10,1.8524766e-08,1.0,3.6566625e-11
5,5,melanocytic nevi,melanocytic nevi,1.1871796e-06,3.1841597e-07,0.009225898,7.341766e-07,0.0003101736,0.99046165,1.7171283e-08
5,5,melanocytic nevi,melanocytic nevi,2.4750793e-09,8.64021e-09,2.415351e-06,3.6051144e-06,1.2118813e-06,0.9999926,1.0884509e-07
4,4,melanoma,melanoma,5.202203e-05,2.2155216e-06,0.009792948,9.202395e-06,0.89063954,0.09949191,1.2077428e-05
1,1,basal cell carcinoma,basal cell carcinoma,0.010412651,0.98888105,0.00062133593,3.305463e-05,1.8084846e-05,1.0891356e-05,2.293684e-05
5,5,melanocytic nevi,melanocytic nevi,1.5205717e-15,9.947245e-13,1.297325e-13,1.6922576e-12,4.4922333e-11,1.0,7.3229175e-15
4,5,melanoma,melanocytic nevi,9.318422e-05,0.00015722628,0.0005519364,0.00030241976,0.04244129,0.9560661,0.00038783648
4,5,melanoma,melanocytic nevi,1.5219115e-05,2.020065e-06,0.00038688513,3.5711535e-05,0.23154694,0.7680117,1.4875023e-06
5,5,melanocytic nevi,melanocytic nevi,2.1789585e-08,1.9935625e-07,3.7264597e-06,6.414499e-08,0.00044533587,0.9995505,6.372659e-08
4,1,melanoma,basal cell carcinoma,0.1432623,0.54298955,0.26445514,0.0046084486,0.04122818,0.003189852,0.000266537
5,5,melanocytic nevi,melanocytic nevi,7.382157e-14,8.654556e-13,3.3424969e-12,2.2791835e-13,7.8672535e-09,1.0,5.950019e-14
5,5,melanocytic nevi,melanocytic nevi,9.9498815e-05,0.0007135185,0.0034732388,4.3666703e-05,0.29067335,0.70494497,5.1729396e-05
0,0,actinic keratoses and intraepithelial carcinoma,actinic keratoses and intraepithelial carcinoma,0.83929616,0.026574178,0.104093924,0.0062262192,0.011239155,0.011681506,0.0008888411
2,2,benign keratosis-like lesions,benign keratosis-like lesions,0.05043838,0.011228869,0.92548674,0.0025783032,0.0064371303,0.0036448871,0.0001855849
4,4,melanoma,melanoma,2.511705e-07,9.55542e-08,0.00012507227,9.0318343e-07,0.994412,0.0054610544,5.6035617e-07
5,5,melanocytic nevi,melanocytic nevi,6.752692e-08,7.642467e-08,3.571939e-07,5.6125233e-09,0.372016,0.62798333,5.1934016e-08
5,5,melanocytic nevi,melanocytic nevi,1.1192006e-05,3.8902857e-05,0.0006662832,2.1974245e-05,0.2274403,0.77180684,1.4537669e-05
5,5,melanocytic nevi,melanocytic nevi,7.0780487e-10,8.6953783e-10,7.076399e-07,1.7234602e-06,2.6571531e-06,0.999995,4.8864393e-09
5,5,melanocytic nevi,melanocytic nevi,2.5997256e-12,2.0297394e-10,3.4072765e-09,7.326994e-12,8.975496e-11,1.0,4.7668913e-09
3,3,dermatofibroma,dermatofibroma,0.1086825,0.0026470362,0.06454601,0.8176112,0.0022309835,0.0037344787,0.00054770475
5,5,melanocytic nevi,melanocytic nevi,0.00012326383,0.00010905833,0.06705569,1.8841405e-05,0.32174775,0.61093456,1.0878923e-05
5,5,melanocytic nevi,melanocytic nevi,3.5401787e-19,2.6835374e-17,4.3216504e-17,4.953891e-16,3.7462546e-12,1.0,1.1689344e-17
0,0,actinic keratoses and intraepithelial carcinoma,actinic keratoses and intraepithelial carcinoma,0.9107812,0.022989731,0.022307215,0.03890874,0.001722252,0.0031855833,0.00010535523
2,2,benign keratosis-like lesions,benign keratosis-like lesions,0.0004155747,0.00011185191,0.9783402,2.3166962e-05,0.016800491,0.004307399,1.2517897e-06
2,2,benign keratosis-like lesions,benign keratosis-like lesions,0.001942572,1.2518984e-06,0.9978808,3.086587e-06,0.00015594668,1.6203854e-05,5.4716303e-08
5,5,melanocytic nevi,melanocytic nevi,4.1854982e-13,9.688742e-12,5.481796e-11,1.0087479e-12,6.261506e-07,0.9999994,2.137028e-11
5,5,melanocytic nevi,melanocytic nevi,8.213161e-08,1.7172857e-08,0.00010406134,1.4940463e-07,2.7525718e-07,0.99989545,6.6897035e-09
1,4,basal cell carcinoma,melanoma,0.006771878,0.013767744,0.04490516,5.5022905e-05,0.93433475,8.09373e-05,8.448146e-05
5,5,melanocytic nevi,melanocytic nevi,7.880115e-15,2.715121e-15,1.4770146e-10,1.3561637e-13,7.375948e-11,1.0,8.514454e-12
5,5,melanocytic nevi,melanocytic nevi,1.0228365e-06,2.336937e-06,1.0961422e-05,1.6384547e-05,0.00038955457,0.9995716,8.145596e-06
5,5,melanocytic nevi,melanocytic nevi,3.171426e-06,2.1100439e-06,0.0007902851,8.486132e-06,0.0014298046,0.9977653,8.4607944e-07
2,2,benign keratosis-like lesions,benign keratosis-like lesions,0.04497375,0.414689,0.51341707,0.006289809,0.006919569,0.013050122,0.0006607527
5,5,melanocytic nevi,melanocytic nevi,9.406162e-12,5.40456e-10,8.780322e-09,3.2571187e-08,1.605225e-07,0.9999999,3.1227587e-09
5,2,melanocytic nevi,benign keratosis-like lesions,6.2723357e-06,2.9641815e-06,0.9982894,3.3047857e-07,0.00052055065,0.001180383,5.1668046e-08
4,2,melanoma,benign keratosis-like lesions,0.3114657,0.01953519,0.37758213,0.028204637,0.20706478,0.054726496,0.0014210452
5,5,melanocytic nevi,melanocytic nevi,2.2418331e-05,3.488293e-05,0.00021028414,0.00016854412,0.0060953433,0.9934627,5.809936e-06
0,5,actinic keratoses and intraepithelial carcinoma,melanocytic nevi,0.08563518,0.24323626,0.27410224,0.023850271,0.0021198944,0.37049374,0.0005623722
1,1,basal cell carcinoma,basal cell carcinoma,0.033233345,0.71739805,0.03530411,0.13462521,0.035966232,0.0062289285,0.037244078
5,5,melanocytic nevi,melanocytic nevi,6.260174e-14,4.4884853e-13,7.806732e-12,8.803635e-12,6.234455e-08,0.9999999,2.338665e-12
5,5,melanocytic nevi,melanocytic nevi,1.3017688e-14,2.255538e-12,5.123383e-13,2.2051814e-11,4.91529e-10,1.0,1.5309685e-13
5,5,melanocytic nevi,melanocytic nevi,9.619427e-18,6.389742e-16,1.6476399e-15,3.3599322e-13,4.003855e-13,1.0,5.2306534e-17
5,5,melanocytic nevi,melanocytic nevi,7.9873655e-07,8.6734536e-07,2.0271791e-05,6.33889e-07,0.10165758,0.89831966,9.930039e-08
4,5,melanoma,melanocytic nevi,1.0982969e-09,2.000236e-09,1.7669235e-07,6.347184e-07,0.0010966806,0.99890196,4.4415623e-07
1,1,basal cell carcinoma,basal cell carcinoma,0.0059912116,0.79513395,0.0843312,0.0014012391,0.0047241696,0.107099585,0.001318656
5,5,melanocytic nevi,melanocytic nevi,3.624531e-13,1.28176e-11,6.3537717e-12,2.5904305e-12,9.325841e-06,0.9999907,1.3603856e-11
5,5,melanocytic nevi,melanocytic nevi,2.5331966e-07,3.3523527e-06,8.381241e-07,5.190084e-07,3.6296244e-06,0.9999906,8.3874136e-07
5,5,melanocytic nevi,melanocytic nevi,3.1597405e-09,8.671109e-08,3.342972e-08,1.2458485e-08,0.13246728,0.8675325,1.00011945e-07
5,5,melanocytic nevi,melanocytic nevi,3.3599322e-13,1.1265773e-12,1.6343418e-10,2.8967493e-11,7.653778e-09,1.0,1.5049932e-12
5,5,melanocytic nevi,melanocytic nevi,9.495797e-09,1.2543104e-07,1.654731e-06,3.0734654e-08,2.9323872e-05,0.9999689,1.0408862e-08
5,5,melanocytic nevi,melanocytic nevi,3.7821914e-07,7.474053e-08,1.0202421e-05,8.0237044e-08,6.451826e-05,0.9999248,3.5893586e-09
2,2,benign keratosis-like lesions,benign keratosis-like lesions,3.0773501e-06,4.6913448e-07,0.9999894,1.4852766e-06,3.150754e-06,2.393139e-06,1.15409104e-08
2,2,benign keratosis-like lesions,benign keratosis-like lesions,0.09434752,0.04625146,0.6456696,0.00064773596,0.21239555,0.00064672675,4.1399842e-05
5,5,melanocytic nevi,melanocytic nevi,3.27064e-12,5.4757275e-11,8.6926855e-10,1.1036285e-09,2.527272e-09,1.0,2.2908073e-09
5,5,melanocytic nevi,melanocytic nevi,9.124021e-07,1.2173316e-06,2.8315162e-05,1.739549e-05,0.0053206803,0.9946314,1.2641881e-07
5,5,melanocytic nevi,melanocytic nevi,4.138301e-05,3.8732745e-05,0.0021265144,0.00016396074,0.15705444,0.84053403,4.0838633e-05
2,2,benign keratosis-like lesions,benign keratosis-like lesions,8.670168e-05,0.00019097388,0.9055351,0.0002295326,0.0018645455,0.09207812,1.5120283e-05
5,5,melanocytic nevi,melanocytic nevi,1.1406074e-11,6.0079836e-10,2.7610142e-07,7.0548445e-10,2.89687e-07,0.9999995,1.640485e-09
5,5,melanocytic nevi,melanocytic nevi,6.6320205e-17,1.7003543e-14,2.970055e-16,1.6429115e-14,7.484492e-14,1.0,3.8191442e-16
5,5,melanocytic nevi,melanocytic nevi,9.989834e-13,8.5676926e-12,1.5189379e-10,5.2198756e-11,4.697665e-08,1.0,9.682226e-12
5,4,melanocytic nevi,melanoma,0.09582599,0.0028744729,0.32083443,0.0087973075,0.3273382,0.24358818,0.0007414366
5,5,melanocytic nevi,melanocytic nevi,4.1951855e-14,1.025309e-11,2.4971338e-12,2.8406385e-12,2.8026713e-11,1.0,2.1561473e-13
0,2,actinic keratoses and intraepithelial carcinoma,benign keratosis-like lesions,0.20137028,0.041565582,0.708573,0.019296316,0.004971382,0.024062518,0.00016084766
5,5,melanocytic nevi,melanocytic nevi,8.163038e-10,1.4884448e-07,6.1615915e-06,3.0120907e-07,2.770122e-07,0.9999931,1.0711637e-07
4,4,melanoma,melanoma,0.19576298,0.00012291918,0.29397947,9.738854e-05,0.50900686,0.0009846942,4.5749424e-05
5,5,melanocytic nevi,melanocytic nevi,6.047383e-11,3.8281753e-11,4.816463e-09,3.0974454e-10,4.057942e-09,1.0,1.36178464e-11
2,4,benign keratosis-like lesions,melanoma,2.891036e-08,8.470442e-09,0.0010257001,5.436079e-08,0.9930815,0.005892702,9.742146e-10
2,2,benign keratosis-like lesions,benign keratosis-like lesions,0.011011403,0.0010900799,0.98255515,0.00011592398,0.0037355593,0.0014045992,8.722273e-05
1,2,basal cell carcinoma,benign keratosis-like lesions,0.12181874,0.28513646,0.45600232,0.049910873,0.05099708,0.035506632,0.0006279885
5,5,melanocytic nevi,melanocytic nevi,7.3444065e-14,8.304642e-13,9.0250984e-13,5.524698e-11,5.2022713e-08,1.0,2.777912e-12
4,5,melanoma,melanocytic nevi,1.8160338e-06,1.4802189e-06,0.00016796176,3.7088925e-05,0.003959606,0.995828,4.012742e-06
5,5,melanocytic nevi,melanocytic nevi,0.003612275,0.0025522306,0.011354934,0.0021179547,0.008149328,0.97216123,5.2006366e-05
5,5,melanocytic nevi,melanocytic nevi,0.00029446514,0.032755252,0.0017554448,0.004205276,0.0003741725,0.9584276,0.0021876825
5,5,melanocytic nevi,melanocytic nevi,5.9746875e-05,3.7788475e-05,0.0009296239,3.4994053e-05,0.48823965,0.51068944,8.740448e-06
0,3,actinic keratoses and intraepithelial carcinoma,dermatofibroma,0.11884685,0.00034849203,0.0678605,0.6850844,0.011390562,0.114839405,0.0016298154
5,5,melanocytic nevi,melanocytic nevi,0.000119252116,3.747835e-05,0.002186656,6.671624e-05,0.18535843,0.8122274,4.1000403e-06
5,5,melanocytic nevi,melanocytic nevi,4.398897e-06,7.2751523e-06,0.006308637,2.1588448e-06,0.32870412,0.6649708,2.6491543e-06
2,2,benign keratosis-like lesions,benign keratosis-like lesions,0.026195921,0.085413046,0.8304817,0.007480989,0.00021925688,0.04986785,0.0003411781
5,5,melanocytic nevi,melanocytic nevi,4.343978e-12,9.080953e-12,3.848462e-09,7.328007e-12,4.8864285e-06,0.9999951,4.5683027e-10
5,5,melanocytic nevi,melanocytic nevi,3.1170622e-10,2.328445e-09,3.6140044e-08,3.2228584e-08,8.853357e-09,0.9999999,2.04312e-10
0,2,actinic keratoses and intraepithelial carcinoma,benign keratosis-like lesions,0.012201268,0.0055402336,0.91405237,0.0007608583,0.046260525,0.020940483,0.00024416044
5,5,melanocytic nevi,melanocytic nevi,5.0996533e-07,6.5936854e-07,5.967788e-05,2.0873621e-07,0.004809749,0.9951291,2.077495e-08
5,5,melanocytic nevi,melanocytic nevi,3.263228e-14,2.8535301e-12,4.124104e-12,2.6671757e-11,2.9179228e-10,1.0,1.6141956e-10
5,5,melanocytic nevi,melanocytic nevi,2.4563993e-11,9.1381444e-11,9.78453e-09,1.07211746e-10,0.0008107388,0.9991893,1.5702174e-10
5,5,melanocytic nevi,melanocytic nevi,3.8497916e-12,4.706498e-10,1.131306e-06,2.8825704e-11,5.000258e-09,0.9999989,3.47818e-10
5,5,melanocytic nevi,melanocytic nevi,7.3404987e-14,5.640654e-14,1.7542909e-12,1.239123e-10,1.7980333e-10,1.0,3.3776747e-12
5,5,melanocytic nevi,melanocytic nevi,9.453895e-11,1.1493151e-09,1.8365742e-07,3.492447e-10,5.629696e-07,0.99999917,1.1728951e-10
5,5,melanocytic nevi,melanocytic nevi,8.440301e-13,7.2584916e-12,3.4086296e-09,6.2544067e-12,1.5502803e-06,0.99999845,3.4520966e-11
5,5,melanocytic nevi,melanocytic nevi,0.00048100762,0.0002531209,0.18537392,0.00065710756,0.011225491,0.80198044,2.8903525e-05
5,5,melanocytic nevi,melanocytic nevi,5.7707976e-09,8.296329e-09,6.0780565e-08,2.2173433e-08,0.000107052285,0.99989283,3.5430192e-09
5,5,melanocytic nevi,melanocytic nevi,2.4436779e-13,2.5820159e-11,9.610009e-09,7.8408356e-11,3.9016514e-09,1.0,1.465227e-10
5,5,melanocytic nevi,melanocytic nevi,6.639902e-06,6.197616e-06,7.084541e-05,9.958462e-07,0.0004218233,0.99949324,2.0139095e-07
5,5,melanocytic nevi,melanocytic nevi,2.177646e-08,4.0551248e-07,3.743713e-07,1.3647076e-08,0.00044660887,0.99955255,7.562479e-09
5,5,melanocytic nevi,melanocytic nevi,4.25995e-14,3.046299e-12,7.391495e-11,1.9403643e-12,1.0521747e-08,1.0,2.9630846e-12
5,5,melanocytic nevi,melanocytic nevi,1.9463652e-12,2.4431325e-13,6.837734e-08,9.444895e-10,1.2794374e-10,0.9999999,5.125268e-13
4,5,melanoma,melanocytic nevi,5.9376573e-05,3.7808384e-06,0.31651208,1.4880322e-06,0.23584408,0.44757733,1.842551e-06
5,5,melanocytic nevi,melanocytic nevi,0.00019528737,0.032852855,0.0043876846,0.00296551,0.027016647,0.93199414,0.00058780547
5,5,melanocytic nevi,melanocytic nevi,1.628928e-16,7.2250684e-14,2.6584512e-14,6.2145207e-12,4.57341e-09,1.0,1.2847862e-13
5,5,melanocytic nevi,melanocytic nevi,2.285377e-09,2.8716446e-08,1.1358436e-08,8.05889e-08,6.263542e-07,0.9999993,8.85686e-10
5,5,melanocytic nevi,melanocytic nevi,3.007231e-09,1.2389447e-07,3.3643197e-08,4.348713e-09,5.747741e-05,0.9999424,1.5149329e-10
5,5,melanocytic nevi,melanocytic nevi,7.482605e-09,1.7030541e-07,4.5003333e-07,9.774772e-08,1.5090095e-07,0.9999989,2.210985e-07
5,5,melanocytic nevi,melanocytic nevi,4.88015e-12,1.5131892e-10,9.45136e-11,5.6785576e-09,7.0393426e-08,0.9999999,4.475996e-09
5,5,melanocytic nevi,melanocytic nevi,2.7576899e-14,9.2482865e-14,1.2900472e-11,1.350552e-09,5.9654e-12,1.0,6.258632e-11
5,5,melanocytic nevi,melanocytic nevi,1.3899785e-08,1.9486143e-07,1.9176667e-05,4.5913215e-08,1.2879468e-05,0.9999677,2.1045303e-09
4,4,melanoma,melanoma,1.8721106e-06,1.9573754e-05,0.00047611652,3.5293118e-07,0.998243,0.00088620896,0.00037298998
5,5,melanocytic nevi,melanocytic nevi,1.3556508e-09,3.4307308e-09,1.8660858e-08,4.870015e-07,2.2668416e-07,0.9999993,4.8378195e-09
5,5,melanocytic nevi,melanocytic nevi,7.896678e-06,3.8042408e-06,0.0076016686,2.7943366e-05,0.09207591,0.900281,1.7171129e-06
2,2,benign keratosis-like lesions,benign keratosis-like lesions,0.22657071,0.14856385,0.5149568,0.020237228,0.038367286,0.04784031,0.0034638236
5,5,melanocytic nevi,melanocytic nevi,1.8790065e-11,1.4294733e-10,2.1186415e-10,6.698811e-11,1.5955486e-09,1.0,1.1710178e-11
5,5,melanocytic nevi,melanocytic nevi,1.5874064e-09,2.094134e-09,2.7706928e-08,8.923658e-09,8.631802e-07,0.9999975,1.6939752e-06
4,4,melanoma,melanoma,1.1119885e-06,0.0016124677,4.5452667e-05,8.533342e-06,0.99009997,0.007949082,0.00028344808
5,5,melanocytic nevi,melanocytic nevi,2.286599e-13,6.981446e-12,3.3590305e-12,2.6753927e-12,6.2613963e-09,1.0,5.443129e-13
5,5,melanocytic nevi,melanocytic nevi,8.8186935e-05,9.764476e-05,0.008772166,8.584409e-05,0.48822016,0.502719,1.6957407e-05
5,5,melanocytic nevi,melanocytic nevi,5.79e-13,3.003367e-12,2.8558286e-10,2.5883334e-12,2.74175e-06,0.99999726,1.2219271e-11
5,5,melanocytic nevi,melanocytic nevi,6.651403e-17,1.6777605e-15,1.3933672e-13,5.3747115e-16,4.6745142e-12,1.0,2.1667167e-14
6,6,vascular lesions,vascular lesions,1.8215246e-10,2.1660411e-10,1.5332932e-09,2.422476e-06,2.9668962e-10,1.5811582e-05,0.99998176
5,5,melanocytic nevi,melanocytic nevi,7.088519e-09,1.7314392e-06,1.0001329e-05,1.3860287e-08,1.19081186e-07,0.99998677,1.3133462e-06
2,5,benign keratosis-like lesions,melanocytic nevi,7.757239e-07,3.428281e-09,0.0012390052,0.00031454145,4.905755e-07,0.9984451,6.2338266e-08
6,6,vascular lesions,vascular lesions,4.560791e-11,7.700566e-08,8.721362e-11,6.723846e-08,7.1214434e-10,3.4479726e-09,0.9999999
5,5,melanocytic nevi,melanocytic nevi,7.7563485e-09,1.0996568e-08,3.1036035e-07,3.281399e-07,2.1066617e-06,0.99999714,6.941774e-09
1,1,basal cell carcinoma,basal cell carcinoma,0.10978158,0.7159138,0.15823635,0.0032789987,0.0046499777,0.0069159623,0.0012233949
5,5,melanocytic nevi,melanocytic nevi,5.8115614e-07,1.9360475e-06,2.865785e-06,1.3612979e-06,0.00069247617,0.9993006,6.657947e-08
5,5,melanocytic nevi,melanocytic nevi,9.4944626e-05,0.0009954559,0.0037636065,0.00078782154,0.014491376,0.9783191,0.0015477529
2,5,benign keratosis-like lesions,melanocytic nevi,2.525666e-07,1.0009757e-11,0.038092647,1.3707774e-05,2.2512639e-05,0.9618708,7.248947e-08
1,1,basal cell carcinoma,basal cell carcinoma,0.0070595397,0.28227806,0.052458256,0.022877172,0.235775,0.1896841,0.20986784
4,5,melanoma,melanocytic nevi,2.2557569e-07,8.347714e-07,2.3977866e-06,1.6505926e-05,0.22476017,0.7749771,0.00024281666
2,2,benign keratosis-like lesions,benign keratosis-like lesions,4.611575e-05,0.00022280296,0.9981248,2.457789e-06,0.00048267562,0.0011208223,2.6764403e-07
4,4,melanoma,melanoma,0.0077429856,0.009744337,0.013447723,0.00050880807,0.96755904,0.0004970562,0.0005001624
5,5,melanocytic nevi,melanocytic nevi,1.7710536e-16,4.5956613e-14,1.0028546e-13,6.7648706e-15,1.4664249e-12,1.0,2.113232e-15
5,5,melanocytic nevi,melanocytic nevi,5.964501e-12,9.013818e-12,5.1611878e-11,1.3954392e-09,4.9582223e-08,1.0,7.3746437e-10
5,5,melanocytic nevi,melanocytic nevi,0.00018020118,0.00032062692,0.0069934516,0.004452126,0.008478952,0.9794987,7.6047865e-05
2,2,benign keratosis-like lesions,benign keratosis-like lesions,7.069889e-05,1.1730013e-05,0.96281517,0.00014362932,0.002319068,0.034638494,1.3059364e-06
4,5,melanoma,melanocytic nevi,0.0006190572,1.23043565e-05,0.0017355052,1.0768577e-05,0.49180147,0.505813,7.860568e-06
2,5,benign keratosis-like lesions,melanocytic nevi,8.748584e-05,1.0605876e-06,0.031360686,0.0003705406,0.00088018714,0.9672974,2.6391465e-06
5,2,melanocytic nevi,benign keratosis-like lesions,0.004358648,0.003637666,0.56676024,5.4281267e-05,0.3784886,0.046557218,0.00014342487
5,5,melanocytic nevi,melanocytic nevi,1.4148667e-08,1.4511174e-07,2.3609036e-07,6.29686e-07,2.7170594e-07,0.99999344,5.233263e-06
2,2,benign keratosis-like lesions,benign keratosis-like lesions,4.07607e-05,0.0015226044,0.95611393,0.00414866,2.4442188e-05,0.03751472,0.00063487183
5,5,melanocytic nevi,melanocytic nevi,2.4145318e-06,7.444196e-07,1.7137301e-05,0.00015548783,0.00016069792,0.9859261,0.013737385
5,5,melanocytic nevi,melanocytic nevi,3.32881e-13,1.153844e-11,5.8493856e-11,2.5914146e-11,5.8164407e-08,1.0,5.4480268e-11
5,5,melanocytic nevi,melanocytic nevi,0.0063291634,0.0074772574,0.2398491,0.0015615035,0.29792085,0.44635186,0.00051034923
5,5,melanocytic nevi,melanocytic nevi,5.630476e-05,0.0017659095,0.00068391993,0.00013500654,0.09144789,0.90587956,3.1419775e-05
4,5,melanoma,melanocytic nevi,6.823974e-11,9.163e-10,1.4957309e-09,2.6946032e-10,0.0001266306,0.9998734,1.5742593e-10
2,5,benign keratosis-like lesions,melanocytic nevi,0.00023841589,0.00012335906,0.019377302,1.1717743e-06,0.08385864,0.896399,2.0527407e-06
5,5,melanocytic nevi,melanocytic nevi,1.6012296e-15,3.586047e-14,1.2069962e-12,6.35968e-14,1.437856e-12,1.0,4.7331557e-15
5,5,melanocytic nevi,melanocytic nevi,1.1187128e-15,2.663025e-13,1.579724e-12,5.9231266e-14,1.20420935e-08,1.0,4.8174637e-13
5,5,melanocytic nevi,melanocytic nevi,3.1249303e-05,1.7967996e-05,7.7418474e-05,6.773543e-06,0.01427773,0.9855877,1.2192395e-06
5,5,melanocytic nevi,melanocytic nevi,5.116357e-06,2.576759e-06,0.0038961542,2.8856915e-05,0.07470026,0.92136216,4.8061024e-06
5,5,melanocytic nevi,melanocytic nevi,3.6738326e-10,5.8963012e-09,3.01563e-08,4.8734243e-08,8.04237e-08,0.99999964,1.214591e-07
5,5,melanocytic nevi,melanocytic nevi,5.853359e-10,2.6043685e-09,1.8039248e-07,2.7259691e-08,4.0718983e-06,0.9999957,2.6347525e-08
5,5,melanocytic nevi,melanocytic nevi,2.1702394e-15,1.12665404e-13,5.836021e-12,3.0425363e-12,3.2851172e-10,1.0,6.626866e-12
2,2,benign keratosis-like lesions,benign keratosis-like lesions,5.0718245e-07,1.5438332e-07,0.99999726,1.4826685e-08,3.558985e-07,1.6823315e-06,6.2294514e-10
4,5,melanoma,melanocytic nevi,0.0021302742,0.001984924,0.026894726,0.0012429383,0.18421263,0.78267294,0.00086155825
5,5,melanocytic nevi,melanocytic nevi,0.00042361318,0.003265964,0.0018697447,0.005249909,0.093069576,0.4732131,0.42290807
5,5,melanocytic nevi,melanocytic nevi,9.490504e-13,2.2105258e-12,1.157127e-10,1.8231544e-10,1.1423099e-06,0.9999988,6.864975e-11
5,5,melanocytic nevi,melanocytic nevi,5.251817e-05,4.9822434e-06,0.06360223,7.4727664e-06,0.0030557923,0.93327457,2.3278376e-06
5,5,melanocytic nevi,melanocytic nevi,1.0161458e-06,1.2652008e-05,1.0687876e-05,1.9332408e-06,0.007297374,0.9926762,2.3473548e-07
1,1,basal cell carcinoma,basal cell carcinoma,0.10695125,0.5829817,0.08685357,0.0016249745,0.00020130588,0.2212009,0.00018625708
5,5,melanocytic nevi,melanocytic nevi,1.8469961e-09,5.3514736e-07,1.9074927e-08,6.6748767e-09,1.6067036e-06,0.99999785,1.7445432e-09
5,5,melanocytic nevi,melanocytic nevi,6.7016916e-13,3.726428e-12,7.687904e-11,1.31462315e-11,1.3187432e-07,0.9999999,6.256572e-13
5,5,melanocytic nevi,melanocytic nevi,1.6969783e-05,1.1905169e-05,0.0015520798,3.1190546e-05,0.010441803,0.9879457,4.0842977e-07
5,5,melanocytic nevi,melanocytic nevi,8.602607e-15,2.454027e-14,1.419691e-11,3.351733e-13,4.273136e-09,1.0,4.6929217e-14
5,5,melanocytic nevi,melanocytic nevi,2.2244039e-13,1.2237636e-11,4.0371764e-12,6.3829454e-08,3.4827401e-12,0.9999999,2.620566e-11
5,5,melanocytic nevi,melanocytic nevi,3.1439818e-08,6.590622e-07,6.2070458e-06,1.2486096e-07,0.004288944,0.9957041,3.1431604e-08
5,5,melanocytic nevi,melanocytic nevi,6.999094e-17,2.5679786e-15,8.8793786e-14,3.8108364e-15,7.1835135e-11,1.0,9.80647e-16
5,5,melanocytic nevi,melanocytic nevi,1.7570027e-12,4.767946e-12,2.9915788e-07,5.4985644e-10,7.783311e-09,0.99999964,5.254333e-12
5,5,melanocytic nevi,melanocytic nevi,7.728791e-15,2.6624154e-13,3.153294e-14,8.280688e-11,2.5032806e-12,1.0,1.2123734e-10
0,0,actinic keratoses and intraepithelial carcinoma,actinic keratoses and intraepithelial carcinoma,0.536214,0.00040219305,0.0010620686,0.46192583,0.00030980766,4.066901e-05,4.5466844e-05
6,6,vascular lesions,vascular lesions,2.8838538e-09,1.5592481e-06,5.370307e-09,1.3786074e-06,5.374603e-08,5.9762106e-06,0.99999094
5,5,melanocytic nevi,melanocytic nevi,1.9646414e-10,1.1330512e-09,6.835544e-06,1.8640363e-06,5.1548e-10,0.9999913,3.470261e-10
5,5,melanocytic nevi,melanocytic nevi,3.4534733e-14,9.525316e-13,5.13888e-11,8.159631e-12,2.8807847e-09,1.0,9.388019e-13
5,5,melanocytic nevi,melanocytic nevi,8.7926475e-09,2.6310723e-10,1.6398218e-06,1.371977e-07,6.0287777e-05,0.9999379,5.8597504e-08
5,5,melanocytic nevi,melanocytic nevi,4.12922e-12,2.8532433e-11,1.6179582e-11,4.2863553e-11,1.0707473e-09,1.0,2.1153858e-11
5,5,melanocytic nevi,melanocytic nevi,3.773944e-08,6.811451e-08,6.008503e-05,8.787186e-06,1.0246924e-08,0.999931,1.9989129e-08
4,5,melanoma,melanocytic nevi,0.000104789775,0.00045823728,0.026664022,9.326721e-05,0.30930534,0.66328895,8.540711e-05
5,5,melanocytic nevi,melanocytic nevi,2.6053303e-05,3.677733e-05,0.0003284358,1.4369871e-05,0.008925295,0.99066585,3.2070918e-06
5,4,melanocytic nevi,melanoma,0.008760885,0.007922388,0.046835188,0.0020172072,0.80759734,0.12600873,0.0008581339
5,5,melanocytic nevi,melanocytic nevi,1.4482129e-16,1.548509e-14,1.765908e-14,8.618316e-13,3.0241917e-11,1.0,6.51602e-15
4,5,melanoma,melanocytic nevi,0.00044893043,0.00026051063,0.030747687,2.4601044e-05,0.0074789952,0.96101195,2.724672e-05
5,5,melanocytic nevi,melanocytic nevi,1.294266e-07,1.0908323e-06,2.6190983e-07,9.3075954e-07,0.19874193,0.80125546,1.9180438e-07
5,5,melanocytic nevi,melanocytic nevi,1.1408791e-20,2.4367518e-17,1.6042902e-18,1.1538618e-18,4.9711966e-15,1.0,1.0297916e-18
5,5,melanocytic nevi,melanocytic nevi,4.5520636e-09,3.447377e-08,7.938845e-08,5.7374484e-07,9.5212243e-07,0.99999833,2.6049067e-09
5,5,melanocytic nevi,melanocytic nevi,2.0650352e-15,1.9437572e-12,2.946383e-14,2.1858494e-13,4.1111964e-10,1.0,2.1896163e-14
5,5,melanocytic nevi,melanocytic nevi,5.3452175e-07,5.8106957e-07,0.00012146214,2.866885e-07,0.015711715,0.9841653,1.1925805e-07
5,5,melanocytic nevi,melanocytic nevi,1.03338015e-11,4.1651717e-12,3.8515866e-09,3.5401697e-09,3.539584e-08,1.0,1.8337507e-11
5,5,melanocytic nevi,melanocytic nevi,0.0016304901,0.21193787,0.18741539,0.0051009143,0.026093869,0.508493,0.059328455
5,4,melanocytic nevi,melanoma,2.5374706e-05,9.920217e-05,0.00084946153,3.9371258e-05,0.74761647,0.2513503,1.9856694e-05
5,5,melanocytic nevi,melanocytic nevi,1.1700512e-07,1.0438224e-06,7.837133e-06,4.642716e-07,5.2092814e-06,0.99998474,5.9557965e-07
5,5,melanocytic nevi,melanocytic nevi,6.480969e-10,1.7081788e-09,3.221037e-09,6.129134e-10,3.30703e-07,0.99999964,7.5963963e-10
5,5,melanocytic nevi,melanocytic nevi,1.5273871e-08,1.2789065e-08,1.8570601e-05,2.0634148e-05,0.00041125095,0.99954957,4.8375934e-08
5,2,melanocytic nevi,benign keratosis-like lesions,6.6508505e-09,3.3023387e-10,0.9984492,5.6754834e-10,1.364377e-08,0.0015506985,1.6363069e-11
5,5,melanocytic nevi,melanocytic nevi,7.278778e-14,5.083531e-13,1.3242955e-10,7.6199075e-10,1.095204e-11,1.0,3.5998253e-12
5,5,melanocytic nevi,melanocytic nevi,1.1932595e-16,1.1283509e-13,1.910523e-15,1.788887e-13,8.95606e-13,1.0,6.4334024e-15
5,5,melanocytic nevi,melanocytic nevi,2.1758931e-11,7.985739e-12,6.156873e-09,1.15227876e-10,2.5054591e-08,1.0,9.5984175e-12
5,5,melanocytic nevi,melanocytic nevi,2.1267586e-14,3.4923323e-12,4.3366284e-13,7.434569e-13,7.0924564e-08,0.9999999,2.8215171e-12
5,4,melanocytic nevi,melanoma,0.0071645253,0.0006690751,0.017388351,0.32549694,0.44237152,0.19722833,0.009681234
4,4,melanoma,melanoma,8.061288e-06,0.0006656864,1.4674852e-05,3.3637568e-06,0.6160875,0.3832069,1.3876033e-05
2,2,benign keratosis-like lesions,benign keratosis-like lesions,0.012509932,0.007819431,0.9738259,0.0004396555,1.6487058e-05,0.0051886286,0.00019993576
4,5,melanoma,melanocytic nevi,0.0010274021,0.00045854785,0.017793674,6.760253e-05,0.18001086,0.8005844,5.757386e-05
5,5,melanocytic nevi,melanocytic nevi,3.8443096e-11,1.4407077e-09,1.4864442e-08,2.2043174e-09,1.5582727e-09,1.0,1.010342e-10
2,2,benign keratosis-like lesions,benign keratosis-like lesions,1.3583038e-05,2.2777827e-07,0.81690985,1.3724859e-06,0.1132022,0.06987157,1.2008758e-06
4,4,melanoma,melanoma,1.1313892e-05,0.005652729,0.0013062846,5.989802e-06,0.7877297,0.0667145,0.13857955
5,5,melanocytic nevi,melanocytic nevi,4.592605e-17,1.7788274e-15,4.872331e-15,2.0260518e-15,8.7205295e-15,1.0,2.2547202e-16
5,5,melanocytic nevi,melanocytic nevi,1.110808e-05,2.7284327e-07,0.00095739827,2.7460244e-05,2.5539852e-05,0.99897826,3.939326e-08
5,5,melanocytic nevi,melanocytic nevi,6.773929e-06,1.2381885e-05,0.09124452,2.273458e-05,8.706715e-05,0.90862226,4.1743197e-06
5,5,melanocytic nevi,melanocytic nevi,0.0009143022,0.00031271036,0.038099557,0.00010625604,0.07921025,0.8813154,4.1503812e-05
5,5,melanocytic nevi,melanocytic nevi,2.0691076e-09,1.4539425e-09,5.931243e-06,1.1654214e-07,6.3893734e-05,0.99993,4.1624465e-10
4,5,melanoma,melanocytic nevi,9.23654e-09,9.700184e-08,1.291108e-07,5.2026587e-09,0.00068550656,0.9993143,2.9299059e-09
5,5,melanocytic nevi,melanocytic nevi,2.8160497e-07,8.615054e-08,1.602344e-05,1.4009126e-08,0.00049630046,0.9994873,5.5905724e-10
0,1,actinic keratoses and intraepithelial carcinoma,basal cell carcinoma,0.07427714,0.8456304,0.007002908,0.06376609,0.00024235099,0.005380051,0.0037010754
5,5,melanocytic nevi,melanocytic nevi,9.053085e-06,4.097637e-06,0.00033463116,3.8691082e-06,0.0010727335,0.9985751,4.4953015e-07
1,1,basal cell carcinoma,basal cell carcinoma,0.10995139,0.8201608,0.0203132,0.042553034,0.0008073517,0.005713056,0.0005011618
5,5,melanocytic nevi,melanocytic nevi,7.7335716e-10,8.527723e-10,6.3567356e-09,5.2387733e-08,8.328042e-08,0.99999976,1.0054997e-09
5,5,melanocytic nevi,melanocytic nevi,7.828401e-15,1.1648055e-14,1.413436e-11,3.4545026e-13,2.21784e-11,1.0,7.2914954e-13
5,5,melanocytic nevi,melanocytic nevi,7.7281925e-13,2.2506523e-11,1.2454134e-10,2.6824905e-11,2.973679e-07,0.99999976,7.13176e-10
5,5,melanocytic nevi,melanocytic nevi,1.7065931e-05,0.0002184189,0.00010208835,4.8881495e-05,0.00029774287,0.99923885,7.691796e-05
0,1,actinic keratoses and intraepithelial carcinoma,basal cell carcinoma,0.13987236,0.82444423,0.03283478,0.00049183966,0.001779757,0.0003707461,0.00020629815
5,5,melanocytic nevi,melanocytic nevi,4.0321538e-08,4.930828e-08,1.0864175e-05,2.6431408e-08,3.7775587e-06,0.9999852,7.5161555e-10
4,5,melanoma,melanocytic nevi,6.43406e-05,1.1609014e-05,0.12040939,0.00036668507,0.43594068,0.44320714,1.2421486e-07
5,5,melanocytic nevi,melanocytic nevi,0.0003946173,3.8804144e-05,0.11134197,3.6877333e-05,0.06800076,0.8201766,1.0315468e-05
5,5,melanocytic nevi,melanocytic nevi,2.6226482e-07,1.2728101e-05,5.7630433e-07,7.3102103e-07,2.3151615e-05,0.99996245,9.099452e-08
5,5,melanocytic nevi,melanocytic nevi,1.5614272e-05,8.194306e-06,0.00014229021,0.0030266403,0.0029321136,0.99387383,1.3068471e-06
5,5,melanocytic nevi,melanocytic nevi,6.3768807e-10,5.0989584e-11,1.7399708e-06,3.0936995e-08,1.0194391e-08,0.9999982,1.0830611e-09
5,5,melanocytic nevi,melanocytic nevi,7.2352373e-06,2.5985439e-05,0.00029139567,1.3400467e-05,0.002331778,0.9973242,5.8984238e-06
5,5,melanocytic nevi,melanocytic nevi,2.471822e-08,2.415045e-07,1.9768835e-07,1.5833582e-07,0.00027882212,0.9997205,4.4662638e-08
4,5,melanoma,melanocytic nevi,0.0034152789,9.180429e-05,0.03637821,0.0020800242,0.35872275,0.5992661,4.578338e-05
2,2,benign keratosis-like lesions,benign keratosis-like lesions,1.0206891e-09,1.4712949e-10,0.9999995,9.544658e-10,1.1844599e-10,5.240189e-07,2.8061134e-12
2,2,benign keratosis-like lesions,benign keratosis-like lesions,0.0018981047,0.00041657544,0.67573494,0.00020256963,0.18775919,0.13347404,0.0005145421
2,2,benign keratosis-like lesions,benign keratosis-like lesions,0.0004915919,1.7900464e-05,0.99703765,9.539359e-06,0.0020286476,0.00041398636,6.9419076e-07
5,5,melanocytic nevi,melanocytic nevi,1.8685798e-08,1.9156777e-08,0.00011091441,8.564541e-07,1.0930976e-06,0.9998871,1.1933112e-09
5,5,melanocytic nevi,melanocytic nevi,6.639616e-09,8.9646626e-08,0.014220349,3.5050687e-10,1.5916497e-06,0.98577785,2.2244584e-10
5,5,melanocytic nevi,melanocytic nevi,2.1242776e-18,4.457646e-16,6.5850337e-16,2.3080333e-14,5.64954e-13,1.0,1.698744e-13
5,5,melanocytic nevi,melanocytic nevi,3.2107177e-09,1.3059363e-07,6.440699e-08,1.1337896e-07,3.8647754e-06,0.9999913,4.4814565e-06
5,5,melanocytic nevi,melanocytic nevi,0.00010538837,0.00018879719,0.0076608923,5.0133163e-05,0.14211848,0.84976816,0.00010807603
5,4,melanocytic nevi,melanoma,4.4921675e-05,7.2739494e-05,0.016351888,6.0210183e-05,0.93539864,0.048048474,2.3246723e-05
5,5,melanocytic nevi,melanocytic nevi,2.5931609e-14,1.6595098e-13,3.9313144e-13,1.910075e-11,1.7390098e-08,1.0,2.259261e-13
4,2,melanoma,benign keratosis-like lesions,0.10339446,0.030048648,0.67845166,0.022369355,0.14648686,0.018709572,0.0005395334
5,5,melanocytic nevi,melanocytic nevi,6.6991133e-09,6.567079e-07,3.221884e-07,1.328082e-07,5.013253e-05,0.99994874,9.468026e-09
5,5,melanocytic nevi,melanocytic nevi,1.6832905e-10,5.924894e-12,1.1558401e-06,2.245287e-12,0.00011158218,0.9998872,1.610659e-13
5,5,melanocytic nevi,melanocytic nevi,1.6785608e-11,7.42674e-11,3.2323557e-09,1.13011815e-07,1.6752951e-11,0.9999999,2.8467867e-10
5,5,melanocytic nevi,melanocytic nevi,1.5051046e-07,1.13375734e-07,3.0852937e-06,1.3568516e-06,4.9647973e-05,0.99994564,2.954796e-09
5,5,melanocytic nevi,melanocytic nevi,1.6964408e-07,4.918918e-07,2.8059553e-06,1.0167411e-06,0.0007341724,0.9992613,1.2398064e-08
4,4,melanoma,melanoma,7.3875064e-08,2.0520636e-07,7.490809e-06,1.2672913e-07,0.9903616,0.009630289,2.9140793e-07
4,5,melanoma,melanocytic nevi,7.683689e-08,1.4838995e-08,2.4828078e-05,9.1802144e-10,0.21631557,0.78365946,2.7942924e-09
5,5,melanocytic nevi,melanocytic nevi,2.0137795e-13,9.484774e-10,6.628273e-11,4.1195304e-11,8.075402e-09,1.0,1.6205078e-09
5,5,melanocytic nevi,melanocytic nevi,4.4031205e-18,3.2876017e-16,2.3426619e-15,1.1639927e-14,5.5624446e-15,1.0,4.2909172e-16
0,0,actinic keratoses and intraepithelial carcinoma,actinic keratoses and intraepithelial carcinoma,0.997255,3.7851e-06,0.00025647468,0.00042681035,0.0020313766,2.5512163e-05,9.934105e-07
5,5,melanocytic nevi,melanocytic nevi,3.0658083e-09,1.09147976e-07,5.5508504e-08,3.7571957e-07,9.796124e-07,0.99999833,1.408482e-07
5,5,melanocytic nevi,melanocytic nevi,2.2895248e-11,1.0920894e-11,6.025791e-08,1.6141061e-10,7.3270945e-11,0.9999999,2.5035633e-11
5,5,melanocytic nevi,melanocytic nevi,4.676318e-10,1.5110376e-09,1.2085016e-07,3.4946748e-09,4.5053213e-07,0.9999994,7.652386e-09
0,0,actinic keratoses and intraepithelial carcinoma,actinic keratoses and intraepithelial carcinoma,0.883646,0.053825594,0.04565313,0.0025638612,0.0141991405,8.983312e-05,2.2482322e-05
2,2,benign keratosis-like lesions,benign keratosis-like lesions,0.00019012127,2.6623609e-06,0.9897558,0.00026917004,0.009404338,0.00037635487,1.5505736e-06
2,2,benign keratosis-like lesions,benign keratosis-like lesions,0.07267538,0.0039116703,0.92146903,0.00012169876,0.0010237821,0.00079667545,1.7652267e-06
2,2,benign keratosis-like lesions,benign keratosis-like lesions,4.7970076e-05,1.1876008e-05,0.9961591,0.000110073,0.0003469219,0.0033133698,1.0621318e-05
3,3,dermatofibroma,dermatofibroma,4.2758717e-07,9.907316e-07,5.31197e-06,0.9998666,2.51516e-08,6.852927e-06,0.00011970475
5,5,melanocytic nevi,melanocytic nevi,2.2711357e-11,2.2824191e-10,8.6880103e-10,2.8220182e-08,7.9541046e-08,0.9999999,8.73226e-12
5,5,melanocytic nevi,melanocytic nevi,9.832638e-05,0.0001268176,0.009843405,0.00024176491,0.024875332,0.9647794,3.4961922e-05
4,4,melanoma,melanoma,1.5532017e-08,9.3117215e-08,3.217632e-07,2.0210419e-07,0.51370716,0.48629212,9.3244815e-08
4,4,melanoma,melanoma,0.028573114,0.039513327,0.14261839,0.035376094,0.69954616,0.05325748,0.0011154774
5,5,melanocytic nevi,melanocytic nevi,1.5784748e-15,4.2026177e-14,2.3458267e-12,5.362389e-14,3.9732657e-09,1.0,4.7320004e-15
5,5,melanocytic nevi,melanocytic nevi,9.440072e-17,7.308461e-15,1.2071596e-12,3.713917e-13,2.3024975e-14,1.0,1.1490359e-12
5,5,melanocytic nevi,melanocytic nevi,2.3539645e-13,6.8354735e-13,7.337615e-10,1.0564397e-12,7.434432e-08,0.9999999,2.1515532e-10
5,5,melanocytic nevi,melanocytic nevi,0.00018945019,0.00012165918,0.00091823237,5.3715292e-05,0.0008286397,0.99788314,5.0877206e-06
0,2,actinic keratoses and intraepithelial carcinoma,benign keratosis-like lesions,0.07137785,5.3528223e-05,0.8942049,0.0017619657,0.0009018501,0.031694993,4.977642e-06
5,5,melanocytic nevi,melanocytic nevi,2.0641277e-13,1.537195e-13,5.774603e-11,7.628018e-11,7.206335e-11,1.0,1.9245033e-13
5,1,melanocytic nevi,basal cell carcinoma,0.12315192,0.68066543,0.14126094,0.012199207,0.009461818,0.026293326,0.0069673713
5,5,melanocytic nevi,melanocytic nevi,3.5585452e-09,4.21056e-08,4.2733586e-07,4.8284072e-08,8.708088e-07,0.9999987,1.0737705e-09
5,5,melanocytic nevi,melanocytic nevi,4.14331e-07,3.2267437e-06,0.0020747248,1.1305864e-05,8.889855e-06,0.99789953,1.8770611e-06
4,4,melanoma,melanoma,7.676058e-09,2.0201743e-08,6.959731e-07,2.603704e-07,0.9302783,0.069720656,1.3867079e-08
2,2,benign keratosis-like lesions,benign keratosis-like lesions,0.00087105326,0.0006067006,0.9630529,0.000539374,0.009313177,0.025495611,0.00012118723
1,1,basal cell carcinoma,basal cell carcinoma,0.002807101,0.95156384,0.0019844845,0.0033507235,0.0031523276,0.0008986241,0.036242936
5,5,melanocytic nevi,melanocytic nevi,7.0473135e-07,2.9699004e-06,0.00012677787,5.317641e-06,0.01045777,0.9894049,1.5762856e-06
5,5,melanocytic nevi,melanocytic nevi,0.0021939506,0.0005229806,0.00070831244,0.00023237964,0.020777196,0.9755528,1.2415884e-05
5,5,melanocytic nevi,melanocytic nevi,3.1758976e-10,1.852189e-09,2.7652979e-08,1.12898796e-07,9.829962e-06,0.9999901,1.6410329e-09
5,5,melanocytic nevi,melanocytic nevi,2.4612652e-09,1.7657038e-08,4.6335202e-08,8.671522e-09,3.798814e-07,0.9999995,9.880248e-09
5,5,melanocytic nevi,melanocytic nevi,4.447508e-15,2.3315947e-14,6.972759e-11,4.460538e-12,6.227529e-11,1.0,2.6054774e-13
5,5,melanocytic nevi,melanocytic nevi,6.880261e-17,1.878501e-15,2.8148065e-14,3.881243e-15,3.2907656e-11,1.0,6.953398e-14
5,5,melanocytic nevi,melanocytic nevi,1.7917927e-17,4.4337847e-16,2.6817288e-15,3.9457636e-15,7.8584576e-11,1.0,2.325663e-16
5,5,melanocytic nevi,melanocytic nevi,9.615333e-11,2.4829458e-09,1.786725e-07,4.8496823e-10,2.8359703e-09,0.99999976,4.977366e-10
1,1,basal cell carcinoma,basal cell carcinoma,0.013205835,0.9575115,0.013783675,0.0011945011,0.013545503,0.00044443546,0.0003146342
5,5,melanocytic nevi,melanocytic nevi,4.242682e-11,9.260155e-11,1.622203e-07,3.2873128e-11,1.3991323e-05,0.99998593,1.28942395e-11
2,2,benign keratosis-like lesions,benign keratosis-like lesions,5.4593493e-05,2.9134528e-05,0.80170834,6.8198833e-06,0.057128392,0.141072,7.412977e-07
5,5,melanocytic nevi,melanocytic nevi,1.4590695e-17,1.2843194e-15,1.5543763e-15,2.3415731e-14,3.2994057e-12,1.0,6.5457486e-13
5,5,melanocytic nevi,melanocytic nevi,1.3478606e-16,6.865527e-13,2.9658594e-13,4.09955e-15,2.4667894e-12,1.0,3.1606218e-14
2,2,benign keratosis-like lesions,benign keratosis-like lesions,0.00030128914,9.630767e-06,0.9915906,6.2397903e-06,0.004303604,0.0037883674,2.7887512e-07
5,5,melanocytic nevi,melanocytic nevi,7.338878e-17,2.0909948e-16,2.3547047e-14,3.1440855e-15,1.6902215e-09,1.0,2.4747404e-15
5,5,melanocytic nevi,melanocytic nevi,1.4482492e-07,7.374324e-08,0.00019189253,4.3488248e-07,4.1380495e-06,0.9998031,9.155238e-08
1,1,basal cell carcinoma,basal cell carcinoma,0.02978467,0.96038693,0.008969689,0.00019257671,0.00018815695,0.0002324461,0.00024544782
5,5,melanocytic nevi,melanocytic nevi,2.4257838e-14,4.8192467e-13,3.9228693e-11,2.0327292e-11,1.3107894e-12,1.0,3.7387736e-12
4,4,melanoma,melanoma,0.0004689068,2.1737244e-05,0.022899805,0.0015616728,0.53526306,0.4396746,0.00011019519
0,0,actinic keratoses and intraepithelial carcinoma,actinic keratoses and intraepithelial carcinoma,0.5285626,0.049763344,0.33704486,0.0073885573,0.07444029,0.001548366,0.0012520058
5,5,melanocytic nevi,melanocytic nevi,2.681492e-16,1.7016423e-14,9.52934e-15,1.8188652e-12,3.579241e-14,1.0,1.3647702e-14
5,5,melanocytic nevi,melanocytic nevi,8.8562735e-10,7.792975e-07,4.0715554e-07,4.4028017e-10,0.00032075334,0.99967754,4.4292605e-07
5,5,melanocytic nevi,melanocytic nevi,5.019583e-06,3.1404633e-07,0.00017072004,1.8500132e-05,0.0003258664,0.9992488,0.00023073124
5,5,melanocytic nevi,melanocytic nevi,4.133805e-11,2.1511787e-10,3.094752e-09,9.128652e-10,7.1334745e-07,0.9999993,1.2648763e-09
5,5,melanocytic nevi,melanocytic nevi,1.0418411e-10,1.361656e-09,1.4503194e-08,7.012694e-10,1.3250289e-07,0.9999999,6.091741e-12
5,5,melanocytic nevi,melanocytic nevi,1.9231861e-13,1.7201916e-13,1.7606651e-10,1.5354582e-12,2.2889699e-08,1.0,4.9707753e-13
5,5,melanocytic nevi,melanocytic nevi,1.199929e-15,7.268844e-14,1.7039327e-13,6.765919e-14,9.075058e-08,0.9999999,9.041948e-13
5,5,melanocytic nevi,melanocytic nevi,9.75279e-06,7.363143e-07,0.0013470079,1.2546343e-05,0.00190872,0.99672,1.1549865e-06
1,1,basal cell carcinoma,basal cell carcinoma,0.008791873,0.9117749,0.0031078565,0.0063466844,0.028324319,0.0341982,0.0074561923
5,5,melanocytic nevi,melanocytic nevi,7.834039e-09,6.827639e-10,7.041659e-06,1.3305863e-07,8.32524e-06,0.9999845,4.8734173e-11
5,5,melanocytic nevi,melanocytic nevi,2.725901e-09,4.866607e-08,4.3546313e-09,2.0857141e-07,4.2424556e-08,0.99999976,4.9573703e-08
5,5,melanocytic nevi,melanocytic nevi,4.504419e-08,1.08546814e-07,4.8329093e-06,2.673662e-07,0.01817151,0.9818232,3.6443264e-08
5,5,melanocytic nevi,melanocytic nevi,6.397117e-13,6.349448e-11,5.693432e-11,1.0111368e-09,8.644444e-09,1.0,4.870378e-08
5,5,melanocytic nevi,melanocytic nevi,9.8001414e-14,3.768478e-12,1.5243804e-13,3.5737843e-10,3.2553548e-12,1.0,1.6126345e-11
5,5,melanocytic nevi,melanocytic nevi,6.5733263e-07,2.0053687e-07,8.70588e-06,1.2352616e-06,0.0002512502,0.99972755,1.0420489e-05
5,5,melanocytic nevi,melanocytic nevi,1.5406858e-09,1.9602544e-09,2.5611027e-07,3.155686e-07,2.8262727e-06,0.99999654,4.0790193e-09
5,5,melanocytic nevi,melanocytic nevi,8.281503e-08,1.2507212e-07,0.001717029,1.6742447e-06,9.788259e-06,0.9982711,2.2197057e-07
4,5,melanoma,melanocytic nevi,3.4827768e-05,9.238787e-06,0.000366663,0.00045008762,0.002904427,0.9897647,0.006470096
5,5,melanocytic nevi,melanocytic nevi,9.374657e-12,1.0553371e-10,7.987918e-08,1.1667406e-09,4.3811332e-09,0.9999999,1.4228643e-12
5,5,melanocytic nevi,melanocytic nevi,2.5451525e-08,3.7806526e-08,1.2494141e-07,0.0023501848,4.6085415e-09,0.99764913,4.700795e-07
5,5,melanocytic nevi,melanocytic nevi,0.00040798436,0.0050720638,0.45937705,0.00010479329,0.0067089847,0.52818257,0.00014654579
2,5,benign keratosis-like lesions,melanocytic nevi,0.0010235938,0.00048936513,0.22335874,0.00058116927,0.12850042,0.6459642,8.25077e-05
5,5,melanocytic nevi,melanocytic nevi,3.0305018e-19,4.7852183e-17,3.772186e-17,2.163321e-15,3.958313e-12,1.0,4.1227547e-14
5,5,melanocytic nevi,melanocytic nevi,3.868686e-11,2.1829494e-09,4.228984e-10,3.7716474e-09,7.115423e-08,0.9999999,4.842796e-10
4,5,melanoma,melanocytic nevi,8.4340346e-10,1.2631004e-09,8.242764e-06,2.7394218e-09,0.00065148325,0.99934024,1.25377165e-11
5,5,melanocytic nevi,melanocytic nevi,2.8102588e-13,1.0537451e-12,5.1691384e-11,6.132857e-13,2.4936025e-08,1.0,5.589528e-13
5,5,melanocytic nevi,melanocytic nevi,5.8588264e-12,7.9545e-11,6.669267e-08,1.2316731e-08,3.2523203e-11,0.99999964,1.9523485e-07
5,5,melanocytic nevi,melanocytic nevi,1.9374342e-17,1.5340604e-14,1.6036747e-15,2.6739053e-14,4.8032146e-13,1.0,5.4570013e-15
2,4,benign keratosis-like lesions,melanoma,0.008006399,0.0044026943,0.10989996,6.055584e-05,0.874828,0.002735586,6.685639e-05
5,5,melanocytic nevi,melanocytic nevi,7.3986706e-11,1.7630148e-08,2.9060231e-05,3.645221e-10,1.5589973e-07,0.9999708,1.0132559e-09
5,1,melanocytic nevi,basal cell carcinoma,0.0010155785,0.9888337,0.0033181487,0.00032030142,0.0010665825,0.0037688222,0.0016769134
5,5,melanocytic nevi,melanocytic nevi,1.34963706e-14,3.3942058e-13,5.700696e-13,2.4218752e-12,1.6071283e-08,1.0,4.0163172e-08
4,2,melanoma,benign keratosis-like lesions,0.0024297659,0.0009907793,0.6255833,0.07780799,0.26264408,0.029629713,0.0009143804
6,5,vascular lesions,melanocytic nevi,2.1194649e-06,0.0003818453,0.00054929545,0.000691217,2.573185e-07,0.9313467,0.06702854
5,5,melanocytic nevi,melanocytic nevi,1.8681205e-12,4.1535536e-10,1.2106322e-12,3.107505e-10,4.875643e-10,1.0,2.0089448e-10
5,5,melanocytic nevi,melanocytic nevi,3.6516764e-20,8.878108e-18,3.4131625e-13,6.6816584e-19,9.961746e-14,1.0,7.179512e-19
2,2,benign keratosis-like lesions,benign keratosis-like lesions,2.0607652e-06,5.2531243e-07,0.9575337,3.6660952e-06,6.9927796e-06,0.04245269,3.3752093e-07
5,5,melanocytic nevi,melanocytic nevi,1.1476905e-13,2.4641608e-12,1.2363744e-11,1.54101e-11,3.677175e-08,1.0,1.2012539e-13
4,5,melanoma,melanocytic nevi,3.295507e-05,2.8356239e-05,0.00014359427,0.00019792665,0.041957878,0.9576349,4.2849056e-06
5,5,melanocytic nevi,melanocytic nevi,1.207897e-10,5.219944e-10,3.158687e-09,7.934565e-09,0.0004812794,0.99951875,4.2775445e-09
6,6,vascular lesions,vascular lesions,9.719138e-05,0.0038409473,0.0011180235,0.00012469105,0.0037253308,0.00304557,0.9880483
5,5,melanocytic nevi,melanocytic nevi,1.00958955e-16,1.6103443e-15,5.9592554e-13,6.4017975e-15,5.2204485e-09,1.0,4.0862635e-15
5,5,melanocytic nevi,melanocytic nevi,2.6765787e-09,1.2480137e-07,3.4263132e-07,1.1904939e-09,3.9493264e-07,0.99999917,1.2283123e-09
5,5,melanocytic nevi,melanocytic nevi,2.3186832e-09,1.3807833e-09,6.479994e-08,1.8118326e-10,4.490032e-05,0.99995494,1.2230407e-08
5,5,melanocytic nevi,melanocytic nevi,0.00029015698,0.0006969438,0.0011358486,0.00036259627,0.1488147,0.8486102,8.955163e-05
4,4,melanoma,melanoma,4.5650316e-07,1.3912121e-06,7.3762285e-06,2.999983e-05,0.9741829,0.025766127,1.1674544e-05
5,5,melanocytic nevi,melanocytic nevi,8.195832e-11,1.4255545e-10,6.3107454e-06,2.8905277e-11,2.3730324e-09,0.9999937,1.0631264e-11
5,5,melanocytic nevi,melanocytic nevi,3.372496e-07,2.3661744e-07,4.157576e-05,0.00016212623,2.1856986e-05,0.99977344,5.1235025e-07
4,5,melanoma,melanocytic nevi,0.00054706534,0.0034976907,0.043315485,0.0010900024,0.061238684,0.8900741,0.00023706938
5,5,melanocytic nevi,melanocytic nevi,1.965212e-11,2.4017793e-10,9.553239e-10,1.1072783e-09,1.5655417e-07,0.9999999,2.0597937e-09
5,5,melanocytic nevi,melanocytic nevi,1.634699e-15,1.4731922e-12,1.1624695e-12,4.445796e-14,1.5756581e-07,0.9999999,4.8017718e-15
5,5,melanocytic nevi,melanocytic nevi,1.0541251e-12,2.784247e-11,1.7760918e-11,4.772465e-10,3.532236e-10,1.0,6.030183e-12
5,5,melanocytic nevi,melanocytic nevi,0.004147873,0.0027572482,0.1007859,0.013337481,0.049556784,0.829321,9.367677e-05
1,1,basal cell carcinoma,basal cell carcinoma,0.0027578608,0.99203014,0.002897539,0.0001834743,0.00011581184,0.0019777138,3.7474274e-05
5,5,melanocytic nevi,melanocytic nevi,4.2303234e-14,4.0392852e-13,1.12393256e-13,2.1874397e-08,8.2144843e-13,1.0,5.722967e-12
5,5,melanocytic nevi,melanocytic nevi,2.8989954e-05,0.0021816099,0.014372669,0.0035089408,0.00017536248,0.9796856,4.675028e-05
5,5,melanocytic nevi,melanocytic nevi,4.7540452e-12,3.728677e-11,1.660551e-10,8.271217e-11,2.0689061e-08,1.0,4.5109597e-11
5,5,melanocytic nevi,melanocytic nevi,3.444055e-08,7.7538544e-08,4.7581425e-06,1.4577685e-07,1.4114627e-06,0.99999356,2.5872927e-08
5,5,melanocytic nevi,melanocytic nevi,4.211952e-17,1.2960376e-15,4.6268823e-15,1.1720657e-15,2.2119203e-12,1.0,1.5715525e-16
2,2,benign keratosis-like lesions,benign keratosis-like lesions,8.571518e-06,9.0829695e-07,0.9283252,1.2863185e-06,3.5521637e-08,0.07166399,1.3713938e-09
5,5,melanocytic nevi,melanocytic nevi,4.0255126e-11,1.02888226e-10,4.432997e-08,9.585821e-09,1.1934875e-05,0.9999881,1.5893538e-10
0,2,actinic keratoses and intraepithelial carcinoma,benign keratosis-like lesions,0.033206426,0.02620203,0.67040455,0.0023267625,0.19272892,0.074784614,0.0003466727
1,1,basal cell carcinoma,basal cell carcinoma,0.17780168,0.79763836,0.021469971,0.00014178315,0.002670085,0.00014668463,0.00013137746
5,5,melanocytic nevi,melanocytic nevi,2.5308677e-15,1.6407226e-14,1.5012819e-10,1.2330884e-12,9.893622e-09,1.0,6.404983e-12
4,4,melanoma,melanoma,0.0001420465,0.0015519698,2.6992799e-05,4.375647e-05,0.99760616,1.1190034e-05,0.00061793823
5,5,melanocytic nevi,melanocytic nevi,1.4866128e-14,3.6148848e-13,3.7526193e-12,2.25852e-13,4.634145e-10,1.0,2.2316401e-14
5,5,melanocytic nevi,melanocytic nevi,5.8596e-08,3.8845985e-07,2.1148e-06,1.2100267e-07,0.03534656,0.9646501,7.1876656e-07
5,5,melanocytic nevi,melanocytic nevi,3.9160186e-09,9.955391e-09,6.440361e-07,5.1493487e-08,2.7546844e-06,0.9999964,7.2206845e-08
5,5,melanocytic nevi,melanocytic nevi,1.0220109e-10,1.2833565e-10,6.250425e-09,2.8211897e-10,9.0019256e-07,0.99999905,6.952964e-11
5,5,melanocytic nevi,melanocytic nevi,1.4061068e-10,6.2813577e-10,2.3736044e-09,5.0571884e-09,2.8746812e-09,1.0,1.3790076e-10
5,5,melanocytic nevi,melanocytic nevi,1.6389998e-17,8.202682e-16,9.43914e-16,2.7026045e-17,5.1658734e-12,1.0,1.6654289e-14
5,5,melanocytic nevi,melanocytic nevi,2.3263058e-12,9.562696e-11,3.4470284e-11,2.4900776e-10,2.8451728e-07,0.99999976,9.092304e-10
5,5,melanocytic nevi,melanocytic nevi,1.941644e-17,4.0675695e-15,6.487572e-15,2.2079686e-14,2.0600943e-11,1.0,2.367422e-14
5,5,melanocytic nevi,melanocytic nevi,4.3869228e-10,1.9315183e-09,1.896977e-08,5.558268e-09,8.333937e-07,0.99999917,1.9464104e-10
5,5,melanocytic nevi,melanocytic nevi,6.6759775e-08,2.9824662e-08,9.385396e-06,5.028163e-07,0.0053180363,0.994672,1.1454936e-08
4,4,melanoma,melanoma,5.247346e-05,2.0323635e-06,0.045357443,4.9245596e-06,0.95321494,0.0013650052,3.1298587e-06
5,5,melanocytic nevi,melanocytic nevi,1.1386454e-06,5.692953e-07,0.0058961725,4.499272e-07,1.2206187e-05,0.9940891,3.948684e-07
5,5,melanocytic nevi,melanocytic nevi,1.3110568e-08,2.6432818e-07,1.6862046e-07,2.3095504e-08,5.8734946e-05,0.99994075,1.7666478e-08
5,5,melanocytic nevi,melanocytic nevi,3.2108184e-13,8.558693e-12,2.7290828e-11,9.701203e-10,6.9418633e-12,1.0,8.420375e-13
2,2,benign keratosis-like lesions,benign keratosis-like lesions,4.261052e-07,7.852524e-08,0.9994246,5.8244455e-05,1.4356226e-07,0.0005165707,2.358241e-08
4,4,melanoma,melanoma,2.0522799e-05,7.988019e-07,0.001278555,1.4979951e-06,0.996965,0.0017293108,4.300848e-06
5,5,melanocytic nevi,melanocytic nevi,6.2524555e-21,2.118055e-18,9.791877e-19,3.3640615e-17,3.7680018e-13,1.0,1.5286827e-18
2,2,benign keratosis-like lesions,benign keratosis-like lesions,0.00012888054,5.214338e-06,0.9747936,2.459991e-05,0.02379796,0.0012476356,2.0312661e-06
5,5,melanocytic nevi,melanocytic nevi,3.1197005e-09,4.4694784e-10,1.3140288e-05,1.0109326e-06,5.655883e-07,0.9999852,1.4893693e-10
5,5,melanocytic nevi,melanocytic nevi,0.0002127166,3.511503e-05,0.2906359,0.00033653685,0.040700525,0.66807413,5.0675344e-06
4,4,melanoma,melanoma,3.1768617e-05,0.00010679201,0.0029525743,0.00033081425,0.9002761,0.09619562,0.00010634889
4,5,melanoma,melanocytic nevi,1.469521e-06,1.9517438e-06,9.5101433e-07,1.9917725e-06,0.00020068794,0.9997695,2.3490169e-05
5,5,melanocytic nevi,melanocytic nevi,1.917422e-11,3.2411638e-09,6.6996506e-11,2.0426274e-05,1.1549058e-09,0.9999784,1.1414241e-06
4,4,melanoma,melanoma,1.36357e-06,6.846013e-07,0.0006654992,1.7057797e-06,0.77153045,0.22779962,6.102044e-07
2,2,benign keratosis-like lesions,benign keratosis-like lesions,9.33983e-11,5.1421463e-12,0.9999988,5.2481717e-11,5.2377512e-11,1.1747566e-06,7.296259e-13
4,4,melanoma,melanoma,2.4972395e-09,1.8227146e-08,2.974673e-08,6.320359e-10,0.9998977,0.000102323276,5.4961333e-08
5,5,melanocytic nevi,melanocytic nevi,1.3703751e-05,5.194814e-06,3.9815927e-06,3.348661e-06,0.0011681167,0.9988055,1.221123e-07
5,5,melanocytic nevi,melanocytic nevi,5.786306e-13,4.4607569e-13,1.3505237e-09,1.5086496e-11,7.901875e-12,1.0,1.1281443e-13
5,5,melanocytic nevi,melanocytic nevi,1.2101907e-13,1.7007881e-11,8.3838204e-13,6.7954527e-12,9.5976445e-09,1.0,6.2701116e-12
4,5,melanoma,melanocytic nevi,4.9517166e-07,2.6597416e-08,0.00012516744,3.049156e-06,0.04593865,0.9539189,1.3790658e-05
5,5,melanocytic nevi,melanocytic nevi,1.281699e-18,5.0383167e-17,5.5560163e-16,1.1714707e-16,1.9061254e-12,1.0,3.9334985e-16
5,2,melanocytic nevi,benign keratosis-like lesions,0.0040834006,0.00050836994,0.9423964,0.0018276218,0.00014927002,0.050971556,6.334073e-05
5,5,melanocytic nevi,melanocytic nevi,0.0015909177,0.0045821336,0.08472269,0.008457165,0.055187788,0.8442942,0.0011651947
4,5,melanoma,melanocytic nevi,0.00014800597,8.2063445e-05,0.010411569,0.00012873804,0.36589918,0.6233243,6.1441037e-06
1,1,basal cell carcinoma,basal cell carcinoma,0.00011115388,0.85864574,0.0033180593,0.00039012468,0.0018084374,0.13554156,0.00018496669
2,5,benign keratosis-like lesions,melanocytic nevi,2.6999382e-05,9.354535e-06,0.2762045,1.9520683e-06,0.013341863,0.7104089,6.4120773e-06
5,5,melanocytic nevi,melanocytic nevi,8.877995e-09,8.620606e-08,2.9387883e-07,1.361727e-06,1.7229566e-09,0.999998,2.2274952e-07
5,5,melanocytic nevi,melanocytic nevi,7.73396e-13,1.5474463e-10,1.7203263e-09,2.7911498e-10,9.533981e-10,1.0,2.3104384e-10
5,5,melanocytic nevi,melanocytic nevi,1.220841e-13,8.915737e-12,9.153282e-12,2.0913256e-12,2.8721075e-07,0.99999976,7.449331e-13
5,5,melanocytic nevi,melanocytic nevi,0.00012750408,9.553384e-05,0.0019227935,0.00013743131,0.01512985,0.982525,6.189112e-05
5,5,melanocytic nevi,melanocytic nevi,0.001287436,0.00027290356,0.088618256,0.0017205494,0.064733736,0.84329325,7.387108e-05
5,5,melanocytic nevi,melanocytic nevi,5.6785967e-13,4.0808455e-12,1.23071015e-11,2.6771954e-10,7.655743e-07,0.9999993,1.3226102e-11
5,5,melanocytic nevi,melanocytic nevi,1.6721117e-08,2.761081e-09,1.954647e-06,1.8844899e-08,8.778431e-05,0.99991024,4.5376196e-09
1,1,basal cell carcinoma,basal cell carcinoma,1.4931712e-05,0.99982566,0.00014112069,5.211936e-06,9.1173297e-07,1.2332357e-06,1.1007603e-05
5,5,melanocytic nevi,melanocytic nevi,2.801422e-08,3.8383327e-08,1.1120298e-07,2.177909e-07,2.8240473e-05,0.9999703,1.0625224e-06
2,5,benign keratosis-like lesions,melanocytic nevi,0.00072097714,0.00029462008,0.20053107,9.81206e-05,0.008199027,0.7898934,0.00026276673
2,1,benign keratosis-like lesions,basal cell carcinoma,0.2994996,0.63501763,0.056546625,0.00087342237,0.0061384435,0.0010835902,0.0008407206
5,5,melanocytic nevi,melanocytic nevi,7.940965e-05,7.275386e-05,0.0012062705,0.0002810682,0.32309595,0.67523277,3.179924e-05
5,5,melanocytic nevi,melanocytic nevi,1.4121726e-08,3.7793518e-07,1.8009028e-07,1.3596535e-07,0.0023667312,0.9976325,7.1522024e-09
5,5,melanocytic nevi,melanocytic nevi,2.53602e-14,7.474092e-14,1.5114809e-11,5.585702e-13,1.0150105e-10,1.0,2.4268805e-14
5,5,melanocytic nevi,melanocytic nevi,0.0041700737,0.00063494465,0.020270275,0.04168661,0.0037022803,0.92616314,0.0033726273
4,2,melanoma,benign keratosis-like lesions,0.011854487,0.0033160234,0.96517575,0.0031464463,0.007067056,0.008085896,0.0013543053
5,5,melanocytic nevi,melanocytic nevi,3.1471823e-06,1.3997276e-05,0.003293644,1.9434814e-05,0.00010865526,0.99654925,1.1761119e-05
5,4,melanocytic nevi,melanoma,1.4329046e-06,7.0229305e-07,2.4144596e-05,9.067704e-06,0.95450675,0.045429695,2.82104e-05
5,5,melanocytic nevi,melanocytic nevi,5.3197264e-09,4.5389174e-07,6.6072644e-06,1.138558e-07,4.867915e-08,0.9999882,4.6876385e-06
5,5,melanocytic nevi,melanocytic nevi,5.5357056e-12,1.613757e-11,5.118478e-09,1.4069325e-10,3.8166044e-07,0.99999964,1.3523682e-10
5,5,melanocytic nevi,melanocytic nevi,1.7302042e-10,1.10879736e-10,4.770623e-08,6.8483033e-09,9.5830255e-06,0.99999046,2.7452002e-10
5,5,melanocytic nevi,melanocytic nevi,1.9500848e-12,7.126417e-10,6.460404e-08,8.4824075e-12,6.90004e-09,0.9999999,1.3555933e-11
5,5,melanocytic nevi,melanocytic nevi,2.191904e-12,3.364301e-12,7.3494273e-09,2.3587474e-09,4.191427e-10,1.0,1.075987e-11
5,5,melanocytic nevi,melanocytic nevi,1.0428216e-08,1.1735984e-07,4.1384914e-07,2.2623006e-08,1.9301671e-05,0.9999801,1.9878593e-08
1,1,basal cell carcinoma,basal cell carcinoma,0.00967035,0.9899492,0.00024159832,8.396198e-05,8.234558e-06,3.5211448e-05,1.1474322e-05
5,5,melanocytic nevi,melanocytic nevi,2.793992e-08,8.1836005e-09,5.1740227e-07,3.573393e-08,0.051117573,0.94888186,1.2675299e-08
4,4,melanoma,melanoma,9.3071096e-05,2.5974787e-05,0.0002326801,0.0001399885,0.50195986,0.49743417,0.000114217364
5,5,melanocytic nevi,melanocytic nevi,1.303475e-15,2.1091351e-13,4.1220884e-13,3.8507615e-14,6.9672984e-10,1.0,7.9223764e-14
5,5,melanocytic nevi,melanocytic nevi,8.648368e-08,6.054922e-07,6.3811167e-06,3.2426573e-07,0.0022211983,0.9977703,1.2326152e-06
2,5,benign keratosis-like lesions,melanocytic nevi,3.8876038e-10,2.2654405e-10,0.00018450058,1.4347905e-09,5.8653145e-09,0.9998155,4.4628085e-10
0,0,actinic keratoses and intraepithelial carcinoma,actinic keratoses and intraepithelial carcinoma,0.8794127,0.02556793,0.0658622,0.0063438322,0.021460228,0.00096805854,0.00038504688
5,5,melanocytic nevi,melanocytic nevi,2.655228e-10,1.3244265e-10,2.5954063e-07,4.033724e-10,4.3146263e-12,0.99999976,8.5895585e-10
5,5,melanocytic nevi,melanocytic nevi,1.2161076e-16,4.8275216e-15,1.9341806e-14,9.076568e-15,3.9250264e-10,1.0,4.811508e-15
5,5,melanocytic nevi,melanocytic nevi,7.023072e-09,4.5981627e-09,9.882178e-08,2.4706129e-08,4.3631648e-08,0.9999999,4.9482427e-09
5,5,melanocytic nevi,melanocytic nevi,1.120414e-07,2.2826711e-07,2.6131052e-05,2.9181834e-07,0.00019676401,0.99977595,4.9612237e-07
5,2,melanocytic nevi,benign keratosis-like lesions,0.0137814665,0.00064979884,0.6202243,0.0034964306,0.059855998,0.30145702,0.0005348781
6,6,vascular lesions,vascular lesions,2.1283806e-06,3.908156e-06,7.83231e-05,0.07066857,2.0988301e-07,0.017948516,0.91129833
4,4,melanoma,melanoma,1.4712487e-07,3.736432e-08,7.486575e-05,2.3372543e-06,0.9982838,0.0016387982,4.879858e-08
1,1,basal cell carcinoma,basal cell carcinoma,0.00037311733,0.99943656,7.855934e-05,1.7688102e-05,7.801109e-06,1.6968454e-05,6.9202935e-05
5,5,melanocytic nevi,melanocytic nevi,4.82089e-14,3.3021697e-12,2.0395673e-12,3.0886283e-12,1.6278756e-08,1.0,2.2793836e-13
5,5,melanocytic nevi,melanocytic nevi,7.34489e-12,3.3618286e-10,1.3644919e-10,4.101594e-10,7.2588597e-09,1.0,3.6015047e-10
2,2,benign keratosis-like lesions,benign keratosis-like lesions,0.008453033,0.002720809,0.872716,9.192399e-05,0.07626489,0.039597876,0.00015541796
5,5,melanocytic nevi,melanocytic nevi,0.0005631601,0.0006234958,0.0002921867,0.0003116256,0.0076726587,0.9905184,1.8528548e-05
5,5,melanocytic nevi,melanocytic nevi,6.1452654e-14,3.1120575e-12,1.6869549e-10,6.756625e-13,9.9358495e-09,1.0,7.860747e-12
5,5,melanocytic nevi,melanocytic nevi,2.1368671e-14,2.2894848e-12,1.8552602e-11,6.585785e-13,2.2713699e-11,1.0,5.403514e-12
0,2,actinic keratoses and intraepithelial carcinoma,benign keratosis-like lesions,0.004104166,0.005076424,0.44748092,0.023022758,0.15831281,0.36009267,0.0019101651
5,5,melanocytic nevi,melanocytic nevi,2.6922459e-11,1.0602178e-10,3.0899052e-06,2.7447242e-10,2.733316e-05,0.9999696,1.5149482e-10
5,5,melanocytic nevi,melanocytic nevi,0.0004477513,0.00046715993,0.0030095035,0.0023802298,0.0074154506,0.9848491,0.0014307785
4,4,melanoma,melanoma,0.011015822,0.0019630368,0.2731375,0.0007278346,0.5508919,0.1614177,0.0008462606
5,5,melanocytic nevi,melanocytic nevi,3.9365776e-15,4.7450945e-12,6.9162205e-13,1.8499941e-12,1.0690397e-08,1.0,2.0281507e-12
5,2,melanocytic nevi,benign keratosis-like lesions,5.857174e-06,1.4797707e-06,0.82265186,8.3248307e-07,0.0029896183,0.17435023,2.103534e-07
4,4,melanoma,melanoma,1.2681242e-05,1.0801133e-05,0.000814089,2.7096774e-05,0.9974457,0.0016739593,1.5690803e-05
5,5,melanocytic nevi,melanocytic nevi,0.00142985,0.00017935874,0.018162131,0.0007088836,0.24827977,0.73121655,2.3451012e-05
5,5,melanocytic nevi,melanocytic nevi,0.0007563173,0.00808237,0.022450648,0.0003498078,0.03807473,0.93021303,7.303734e-05
5,5,melanocytic nevi,melanocytic nevi,2.4335096e-09,4.710024e-09,2.535611e-06,2.3666735e-07,1.4143453e-06,0.9999958,3.0864944e-09
5,5,melanocytic nevi,melanocytic nevi,6.413097e-08,1.1779358e-07,1.0894563e-05,2.9706763e-07,0.0057574557,0.9942311,1.7622256e-07
5,5,melanocytic nevi,melanocytic nevi,2.0332546e-08,1.09592435e-07,8.605428e-05,2.439025e-07,3.6630183e-08,0.9999136,3.368749e-08
5,5,melanocytic nevi,melanocytic nevi,1.5889929e-15,2.3928445e-14,4.3048513e-13,4.5808827e-13,1.0773774e-11,1.0,1.8203116e-13
5,5,melanocytic nevi,melanocytic nevi,1.5697246e-13,4.7152044e-12,1.07157555e-11,3.9299165e-11,3.347844e-08,1.0,7.808669e-12
5,5,melanocytic nevi,melanocytic nevi,2.350772e-09,8.13311e-09,4.5341995e-08,1.0365078e-07,6.968061e-06,0.99999297,4.754951e-10
5,5,melanocytic nevi,melanocytic nevi,3.4264182e-12,4.459492e-12,4.7582747e-11,1.243907e-09,1.4173575e-09,1.0,9.731405e-11
5,4,melanocytic nevi,melanoma,0.0021690596,0.0010490207,0.019196507,0.0006748094,0.5411248,0.43566623,0.000119502154
4,4,melanoma,melanoma,0.0017419112,0.02089181,0.029369906,0.0026879408,0.8814609,0.0625384,0.0013090943
4,4,melanoma,melanoma,4.596567e-05,3.7077312e-05,0.000782803,0.00013030521,0.9782314,0.020333325,0.00043918658
5,5,melanocytic nevi,melanocytic nevi,2.1667486e-11,2.1358842e-11,1.8982141e-10,4.6687626e-10,1.1449586e-07,0.9999999,3.4304918e-12
5,5,melanocytic nevi,melanocytic nevi,6.498956e-10,9.895994e-10,7.522027e-07,3.6488277e-09,0.00015013404,0.9998491,5.967089e-10
2,2,benign keratosis-like lesions,benign keratosis-like lesions,0.0002926593,1.2804436e-06,0.99937266,4.381082e-06,0.00026738015,6.1501836e-05,1.642825e-07
5,5,melanocytic nevi,melanocytic nevi,7.2470834e-06,8.54749e-05,0.00055304344,0.00021084044,0.0013054827,0.99781173,2.6338736e-05
5,5,melanocytic nevi,melanocytic nevi,0.00023222833,0.00020449827,0.0032415534,6.018284e-05,0.32896313,0.6672443,5.405518e-05
2,5,benign keratosis-like lesions,melanocytic nevi,1.4298773e-06,2.5792128e-09,0.0030108613,1.9516818e-08,2.053546e-06,0.99698526,3.0990222e-07
5,5,melanocytic nevi,melanocytic nevi,3.2216732e-09,1.5692676e-09,2.2470753e-05,2.9889236e-07,4.7252626e-05,0.99993,9.088289e-10
4,4,melanoma,melanoma,1.7485301e-09,3.5837637e-09,1.8466997e-07,4.1432036e-09,0.9999479,5.1897492e-05,2.0921746e-08
5,5,melanocytic nevi,melanocytic nevi,8.953759e-06,2.2425584e-05,2.4850146e-05,1.0865629e-05,0.00027082747,0.9996604,1.7207801e-06
5,5,melanocytic nevi,melanocytic nevi,3.0122962e-07,3.0624477e-07,2.8738517e-05,0.00089882244,5.0626203e-10,0.9990717,8.384643e-08
5,5,melanocytic nevi,melanocytic nevi,6.1798893e-15,2.0578642e-14,1.7269834e-13,1.6707207e-13,8.071093e-08,0.9999999,5.646186e-14
4,4,melanoma,melanoma,8.228272e-08,2.4251479e-08,8.199751e-06,4.3226692e-07,0.9992392,0.00075213437,4.897551e-08
5,5,melanocytic nevi,melanocytic nevi,9.414072e-17,3.549801e-15,5.969604e-14,5.5059153e-13,7.432937e-10,1.0,1.078412e-14
5,5,melanocytic nevi,melanocytic nevi,4.4888757e-06,3.195039e-06,0.003924903,1.394827e-06,6.0118142e-05,0.9960057,2.8604177e-07
5,5,melanocytic nevi,melanocytic nevi,9.702108e-14,1.987274e-11,3.6772325e-11,1.0159493e-11,3.7580666e-10,1.0,8.778183e-12
1,1,basal cell carcinoma,basal cell carcinoma,0.0004501287,0.99915004,0.00013482987,0.00013783415,1.6094551e-05,4.5287987e-05,6.584024e-05
5,5,melanocytic nevi,melanocytic nevi,1.2102909e-15,8.101252e-14,4.1723097e-13,5.556396e-13,9.474034e-10,1.0,3.754604e-15
5,5,melanocytic nevi,melanocytic nevi,5.4131695e-12,1.520738e-10,1.6780498e-10,3.022884e-10,1.0821199e-08,1.0,1.7093628e-09
5,5,melanocytic nevi,melanocytic nevi,9.530244e-16,4.5453592e-15,8.481449e-13,2.2910769e-14,5.551274e-11,1.0,6.898365e-14
4,5,melanoma,melanocytic nevi,8.5596133e-07,1.5696966e-07,0.00088664313,7.030449e-08,0.48549396,0.5136183,1.809592e-08
5,5,melanocytic nevi,melanocytic nevi,1.9248764e-06,0.0006547408,4.0090657e-05,0.00011848104,2.198086e-07,0.99913496,4.9560338e-05
4,5,melanoma,melanocytic nevi,0.0002555686,9.6746235e-06,0.018106902,0.0097145885,0.24485266,0.72705364,7.0037877e-06
5,5,melanocytic nevi,melanocytic nevi,0.00033107726,0.0039202617,0.032184143,0.00044011415,0.0010404355,0.9580656,0.00401841
2,2,benign keratosis-like lesions,benign keratosis-like lesions,3.881064e-05,3.131725e-05,0.99214435,4.2469387e-06,0.0066352324,0.0011450235,1.0091858e-06
5,5,melanocytic nevi,melanocytic nevi,0.00018620362,0.00015943176,0.015934154,9.314937e-05,0.06326209,0.92033696,2.7961392e-05
5,5,melanocytic nevi,melanocytic nevi,6.12929e-13,3.7194267e-12,1.7689615e-11,5.9837916e-12,1.119915e-07,0.9999999,9.780226e-12
5,5,melanocytic nevi,melanocytic nevi,8.335015e-13,8.899611e-13,1.5719358e-09,2.015995e-11,9.127188e-12,1.0,1.512952e-11
5,5,melanocytic nevi,melanocytic nevi,2.5642998e-06,4.960923e-06,3.8464554e-05,1.563831e-06,0.01083308,0.98911905,3.681433e-07
5,5,melanocytic nevi,melanocytic nevi,4.3901104e-16,2.0061713e-15,1.6651207e-14,1.7401618e-11,3.135495e-13,1.0,1.0515155e-14
5,5,melanocytic nevi,melanocytic nevi,4.6128722e-11,2.7257637e-11,1.6001108e-09,2.9843233e-10,3.3790474e-08,1.0,9.1485604e-11
5,5,melanocytic nevi,melanocytic nevi,1.6429703e-11,1.2226344e-11,5.020051e-10,3.0277827e-10,1.4380939e-07,0.9999999,5.4406948e-11
5,5,melanocytic nevi,melanocytic nevi,0.00031210948,0.0029949164,0.10937686,0.0003752183,0.19929472,0.6875124,0.00013376071
5,5,melanocytic nevi,melanocytic nevi,0.00017612832,2.099091e-06,0.018655723,7.5911853e-06,0.0035204156,0.9776299,8.148682e-06
5,5,melanocytic nevi,melanocytic nevi,5.247984e-16,1.1949763e-13,5.7542074e-15,1.7543947e-12,1.15708805e-11,1.0,2.788663e-15
1,1,basal cell carcinoma,basal cell carcinoma,0.0013920608,0.9982368,0.00030136664,3.5328125e-05,5.7052603e-06,1.0259162e-05,1.8553606e-05
4,5,melanoma,melanocytic nevi,7.4712348e-06,2.9376995e-06,0.0002697855,2.599869e-06,0.06233587,0.9373733,8.040401e-06
5,5,melanocytic nevi,melanocytic nevi,4.4189926e-11,7.7250554e-08,4.528069e-07,4.2922668e-08,2.9977198e-08,0.9999994,9.61976e-09
5,5,melanocytic nevi,melanocytic nevi,4.5080106e-10,5.9490453e-09,4.9252414e-08,2.1805326e-08,1.7498905e-07,0.99999976,2.1140148e-10
5,5,melanocytic nevi,melanocytic nevi,0.0006287082,4.8425947e-05,0.0006490452,0.00015808678,0.092034176,0.90643966,4.1944226e-05
5,5,melanocytic nevi,melanocytic nevi,1.745454e-08,1.2186007e-07,5.421997e-08,4.3193623e-07,8.0643383e-07,0.99999857,1.3793167e-09
5,5,melanocytic nevi,melanocytic nevi,2.6784901e-05,1.4878882e-05,0.009095635,5.0311337e-05,0.004085276,0.9867247,2.4946505e-06
5,5,melanocytic nevi,melanocytic nevi,6.96108e-05,0.00023758801,0.020510599,5.9618014e-06,0.014024787,0.9651325,1.8975245e-05
5,5,melanocytic nevi,melanocytic nevi,1.4675346e-08,9.629579e-09,1.9617698e-06,2.17405e-05,7.588923e-09,0.9999763,1.5408316e-08
5,4,melanocytic nevi,melanoma,0.023473606,0.18481876,0.08723501,0.0060373535,0.5428835,0.15448113,0.0010706328
5,5,melanocytic nevi,melanocytic nevi,4.1921117e-15,1.612565e-13,5.6881456e-15,1.0128677e-10,5.258443e-13,1.0,2.8307917e-14
5,5,melanocytic nevi,melanocytic nevi,1.61229e-11,5.014496e-12,2.5752407e-09,1.07323504e-10,3.4588496e-08,1.0,9.530336e-12
0,0,actinic keratoses and intraepithelial carcinoma,actinic keratoses and intraepithelial carcinoma,0.77334034,0.0006113271,0.11543909,0.026047518,0.01520941,0.06863152,0.00072084786
2,2,benign keratosis-like lesions,benign keratosis-like lesions,4.950589e-07,2.2916028e-07,0.9062559,2.1315389e-08,5.1967197e-07,0.09374285,3.269407e-09
5,5,melanocytic nevi,melanocytic nevi,6.5285293e-13,3.4204913e-11,2.856365e-10,1.9051666e-11,1.2476373e-09,1.0,1.3072746e-11
0,2,actinic keratoses and intraepithelial carcinoma,benign keratosis-like lesions,0.00976103,6.465745e-05,0.95625085,0.024340771,0.009438937,0.00013452389,9.266687e-06
5,5,melanocytic nevi,melanocytic nevi,3.578082e-06,0.00041774966,0.0025586754,2.4652181e-05,7.4027735e-06,0.99698526,2.6771136e-06
5,5,melanocytic nevi,melanocytic nevi,9.49616e-08,2.4150047e-06,4.636453e-06,9.663357e-09,0.00021319295,0.99977964,5.8345986e-09
4,4,melanoma,melanoma,2.8729457e-05,5.7047528e-05,0.0006343458,2.1260683e-05,0.9941186,0.00506793,7.21559e-05
4,4,melanoma,melanoma,8.980285e-07,5.4140646e-06,5.1437462e-05,1.8346906e-05,0.59215456,0.4077686,6.976307e-07
6,6,vascular lesions,vascular lesions,4.0678767e-08,0.00022013241,3.0515725e-08,6.2282754e-07,2.5927585e-07,5.821247e-07,0.99977833
5,5,melanocytic nevi,melanocytic nevi,3.4515753e-07,1.8900334e-08,4.9531438e-05,3.128597e-06,2.4012252e-06,0.99994457,6.88329e-10
5,5,melanocytic nevi,melanocytic nevi,4.206425e-08,2.3628252e-07,1.4708395e-05,3.8640303e-07,0.0053163837,0.9946682,1.8402325e-08
5,5,melanocytic nevi,melanocytic nevi,6.4417785e-05,2.6056045e-05,0.004638715,0.00014241993,0.002238388,0.9928843,5.659277e-06
5,5,melanocytic nevi,melanocytic nevi,1.1156675e-12,2.574547e-10,3.3470554e-10,1.2099807e-09,8.571411e-10,1.0,1.1856393e-08
5,5,melanocytic nevi,melanocytic nevi,8.4182395e-13,1.6088779e-10,6.7188426e-13,8.3316145e-09,4.938522e-09,1.0,1.6075169e-09
5,5,melanocytic nevi,melanocytic nevi,2.7536e-06,2.4810554e-06,0.01620087,8.687477e-06,0.0006157073,0.9831692,3.5790674e-07
1,1,basal cell carcinoma,basal cell carcinoma,0.0008422163,0.8518777,0.00010636625,0.001524212,0.048458762,0.0009423712,0.096248366
0,0,actinic keratoses and intraepithelial carcinoma,actinic keratoses and intraepithelial carcinoma,0.99571276,0.0026308408,0.0005847439,0.000932357,0.00011298623,2.3309714e-05,3.0809063e-06
4,2,melanoma,benign keratosis-like lesions,0.009504181,0.008215184,0.6115199,0.07022669,0.019930754,0.27938506,0.0012182958
5,5,melanocytic nevi,melanocytic nevi,0.00469383,0.0034292624,0.008240066,0.0028264148,0.43434897,0.54612136,0.0003401508
5,5,melanocytic nevi,melanocytic nevi,9.588056e-13,8.4353894e-13,6.907101e-12,1.8272132e-09,4.71648e-09,1.0,3.3617672e-12
1,2,basal cell carcinoma,benign keratosis-like lesions,0.0007031755,3.3838456e-05,0.9790027,0.00012618782,0.01460041,0.0055244425,9.338051e-06
5,5,melanocytic nevi,melanocytic nevi,4.2784604e-17,1.5949931e-15,2.2903856e-15,4.321288e-13,1.5619171e-10,1.0,4.5149575e-13
5,5,melanocytic nevi,melanocytic nevi,4.6564366e-14,2.6293906e-13,4.593502e-12,1.6401485e-12,1.5969065e-09,1.0,1.3434693e-12
5,5,melanocytic nevi,melanocytic nevi,2.4443665e-14,1.1232688e-12,1.756437e-12,4.109832e-14,5.7567473e-10,1.0,8.042802e-12
5,4,melanocytic nevi,melanoma,0.35542396,0.00039885467,0.086447954,0.002103569,0.5345526,0.020743087,0.00033004148
5,5,melanocytic nevi,melanocytic nevi,8.3114753e-16,1.8948681e-14,1.801831e-13,6.1167527e-15,6.011117e-13,1.0,1.3593626e-12
1,1,basal cell carcinoma,basal cell carcinoma,0.0011481985,0.8388204,0.046811316,0.000490877,0.0033296305,0.006812644,0.102586865
5,5,melanocytic nevi,melanocytic nevi,6.0470214e-12,2.6919115e-11,5.535924e-10,9.8168244e-11,1.4926086e-07,0.9999999,7.086469e-11
5,5,melanocytic nevi,melanocytic nevi,2.9397302e-07,1.4001168e-07,5.4088146e-06,5.0848726e-06,2.0655534e-05,0.9999684,6.147737e-09
5,5,melanocytic nevi,melanocytic nevi,1.0198104e-08,2.267162e-08,6.706542e-08,1.4911523e-08,3.053296e-05,0.99996936,5.11845e-09
4,5,melanoma,melanocytic nevi,0.005635221,1.6197891e-05,0.017820938,0.0001523156,0.036714893,0.9396592,1.2986129e-06
5,5,melanocytic nevi,melanocytic nevi,2.205033e-12,3.9463398e-13,5.5259894e-09,7.2872935e-10,1.6688859e-10,1.0,3.8276036e-12
5,5,melanocytic nevi,melanocytic nevi,3.0590222e-15,9.3036235e-15,2.8329783e-11,1.1471899e-12,1.9621016e-09,1.0,5.766123e-13
6,4,vascular lesions,melanoma,1.0519681e-06,2.7603114e-06,1.4580609e-06,9.3666296e-07,0.87205994,0.004309638,0.12362413
5,5,melanocytic nevi,melanocytic nevi,4.245517e-19,1.9262916e-17,3.8964128e-18,7.8618856e-16,3.5247217e-12,1.0,1.0862691e-14
2,2,benign keratosis-like lesions,benign keratosis-like lesions,0.00015714623,6.6314125e-05,0.98204666,1.897158e-05,0.0013428844,0.016363816,4.1637604e-06
6,5,vascular lesions,melanocytic nevi,3.061295e-10,3.6191373e-08,6.3542565e-08,6.4252653e-10,1.5391202e-05,0.99998295,1.5112774e-06
4,4,melanoma,melanoma,1.11271365e-05,4.174243e-05,0.0055705006,2.4278956e-05,0.96066076,0.03366953,2.2146394e-05
5,5,melanocytic nevi,melanocytic nevi,5.2432365e-18,6.146857e-15,2.1983766e-16,2.8969508e-13,2.9244415e-10,1.0,9.377946e-16
5,5,melanocytic nevi,melanocytic nevi,0.00011404132,0.0039206063,0.29101,0.0022999728,0.003938873,0.6963818,0.002334741
5,5,melanocytic nevi,melanocytic nevi,1.4913933e-10,4.9999125e-09,9.977601e-08,6.4720673e-10,1.10030405e-05,0.9999889,4.1369752e-10
5,5,melanocytic nevi,melanocytic nevi,5.8219444e-16,1.1275269e-13,8.331614e-13,2.1011287e-13,2.5486293e-09,1.0,2.3121003e-14
5,5,melanocytic nevi,melanocytic nevi,3.0486023e-11,1.609458e-10,2.639672e-09,5.272964e-10,6.2902683e-09,1.0,1.0017392e-11
4,2,melanoma,benign keratosis-like lesions,0.0006865375,0.00026461197,0.95329297,7.3140094e-05,0.043700524,0.0019555665,2.6548085e-05
5,5,melanocytic nevi,melanocytic nevi,0.011324788,0.18824247,0.16593307,0.19832589,0.0007448732,0.42645314,0.008975701
0,1,actinic keratoses and intraepithelial carcinoma,basal cell carcinoma,0.112283655,0.8824216,0.0013743589,0.002459459,0.000791144,0.0001606187,0.0005090199
5,2,melanocytic nevi,benign keratosis-like lesions,0.0013089938,0.00037499005,0.5585026,0.0026795433,0.067598626,0.36947984,5.5434342e-05
5,5,melanocytic nevi,melanocytic nevi,4.0730627e-13,1.9964959e-10,8.035806e-09,3.2460286e-09,1.5713938e-12,1.0,1.0708309e-09
2,2,benign keratosis-like lesions,benign keratosis-like lesions,2.9180932e-05,5.146282e-06,0.99919015,1.5418811e-07,0.00026074768,0.00051452225,1.8138716e-07
5,5,melanocytic nevi,melanocytic nevi,9.936314e-10,1.9266508e-09,5.2596994e-07,4.291691e-09,7.405501e-08,0.9999994,2.394042e-08
0,2,actinic keratoses and intraepithelial carcinoma,benign keratosis-like lesions,0.3422269,0.0008698837,0.4830607,0.0015881058,0.17004564,0.0022063,2.4083088e-06
2,2,benign keratosis-like lesions,benign keratosis-like lesions,0.0024383063,5.137628e-05,0.64331126,0.00080649636,0.25477922,0.098486096,0.0001273166
5,5,melanocytic nevi,melanocytic nevi,4.591133e-05,3.520241e-05,0.00024772043,2.9432187e-05,0.15052684,0.8490949,2.000483e-05
5,5,melanocytic nevi,melanocytic nevi,2.0951231e-10,7.95834e-10,1.023188e-08,7.082278e-10,7.7579483e-07,0.99999917,3.9014153e-10
5,5,melanocytic nevi,melanocytic nevi,2.3155252e-08,0.00015673097,0.00011232293,6.787972e-08,4.3380944e-05,0.99968624,1.2588308e-06
5,5,melanocytic nevi,melanocytic nevi,3.221313e-06,5.2701084e-06,0.00011675304,1.0131668e-05,0.009810074,0.99005425,2.8571074e-07
5,5,melanocytic nevi,melanocytic nevi,3.9319944e-18,1.5816875e-15,4.9723375e-14,1.6266765e-13,3.4615219e-12,1.0,1.9643162e-15
5,5,melanocytic nevi,melanocytic nevi,7.555144e-09,3.993943e-10,1.3098627e-06,5.4751204e-10,1.089105e-05,0.99998784,8.595849e-10
5,5,melanocytic nevi,melanocytic nevi,8.319141e-11,4.0373136e-09,4.3768683e-08,8.5866665e-09,1.19070656e-08,1.0,1.5778316e-10
5,4,melanocytic nevi,melanoma,2.2037602e-07,4.0456578e-07,6.503388e-05,1.7631947e-07,0.5201039,0.47982988,3.878383e-07
5,5,melanocytic nevi,melanocytic nevi,7.1258074e-07,7.191606e-07,0.00027932713,1.3756045e-07,0.00045918606,0.99925977,1.3826529e-07
4,4,melanoma,melanoma,3.2614053e-06,2.5371753e-07,3.2935586e-06,1.9983958e-07,0.95802337,0.041969392,2.5074056e-07
4,4,melanoma,melanoma,3.706432e-08,3.6688867e-08,1.3345199e-05,2.8051996e-08,0.9997768,0.00020968563,1.6094788e-07
2,5,benign keratosis-like lesions,melanocytic nevi,3.502495e-05,2.6914759e-05,0.0010338998,1.3451547e-07,0.00297484,0.99592847,7.42944e-07
5,5,melanocytic nevi,melanocytic nevi,1.0383275e-05,0.00039869477,0.00038092368,3.2376443e-05,0.0016477919,0.9975254,4.4481644e-06
5,5,melanocytic nevi,melanocytic nevi,1.9617541e-16,5.0499562e-14,1.2536078e-13,3.8246153e-14,1.8230861e-11,1.0,1.2271956e-14
5,5,melanocytic nevi,melanocytic nevi,3.889066e-10,7.561491e-11,1.0552814e-07,2.7161404e-06,6.9226054e-08,0.999997,7.358463e-10
5,5,melanocytic nevi,melanocytic nevi,2.0084979e-16,1.2006525e-15,1.0569381e-11,1.049115e-15,9.486742e-11,1.0,1.2927179e-14
5,5,melanocytic nevi,melanocytic nevi,7.347765e-15,8.565401e-13,4.346322e-11,9.529045e-12,6.2682792e-09,1.0,2.529694e-12
2,2,benign keratosis-like lesions,benign keratosis-like lesions,1.387294e-07,1.3940485e-07,0.9989396,8.071928e-10,7.735902e-06,0.0010524589,9.4386554e-11
2,5,benign keratosis-like lesions,melanocytic nevi,0.00036551984,0.00040253607,0.0528727,8.543554e-05,0.08550295,0.8606868,8.401494e-05
5,5,melanocytic nevi,melanocytic nevi,3.3758773e-16,8.279266e-15,5.078666e-13,7.7260426e-13,4.332568e-10,1.0,7.1051525e-13
2,5,benign keratosis-like lesions,melanocytic nevi,0.0007016599,3.2687632e-05,0.29513347,0.0009331029,0.013272362,0.68992287,3.833531e-06
5,5,melanocytic nevi,melanocytic nevi,5.7411636e-14,7.375829e-12,5.580105e-11,3.4274241e-12,2.0879351e-07,0.99999976,8.016376e-13
6,6,vascular lesions,vascular lesions,8.243289e-12,1.145021e-09,6.4718365e-12,1.1512248e-09,3.4551105e-12,3.5390946e-10,1.0
5,5,melanocytic nevi,melanocytic nevi,7.742546e-14,7.45269e-12,2.0999969e-11,1.1473228e-13,8.073014e-09,1.0,1.8583121e-12
5,5,melanocytic nevi,melanocytic nevi,2.0846525e-10,9.795177e-12,1.4509331e-08,1.0060149e-10,5.007095e-05,0.99994993,1.1248962e-11
5,5,melanocytic nevi,melanocytic nevi,1.8308322e-08,1.4865146e-09,1.0343117e-06,2.3391772e-06,1.2266362e-07,0.9999964,6.136033e-08
5,4,melanocytic nevi,melanoma,2.4213386e-06,6.6255943e-06,0.00016146309,4.1820344e-06,0.71113074,0.28869203,2.4993346e-06
4,4,melanoma,melanoma,0.00028644374,6.1521256e-05,0.08123096,2.100334e-05,0.8965884,0.021768358,4.3328564e-05
2,5,benign keratosis-like lesions,melanocytic nevi,7.157254e-05,4.5061697e-05,0.001935527,1.7381723e-06,0.121939,0.8759999,7.1976565e-06
0,0,actinic keratoses and intraepithelial carcinoma,actinic keratoses and intraepithelial carcinoma,0.92153716,0.053299874,0.009687939,0.004556509,0.009383373,0.0015174225,1.7736827e-05
5,5,melanocytic nevi,melanocytic nevi,1.7607826e-10,3.1347525e-10,4.042972e-08,1.0408209e-09,1.1289134e-08,1.0,2.9555034e-09
5,5,melanocytic nevi,melanocytic nevi,5.4697228e-12,5.101438e-11,3.939778e-11,4.6711773e-10,2.758882e-08,1.0,1.2184697e-11
5,5,melanocytic nevi,melanocytic nevi,3.776364e-12,1.3849079e-12,6.008682e-11,3.1392743e-11,1.18704895e-08,1.0,1.471398e-12
5,5,melanocytic nevi,melanocytic nevi,4.073956e-09,1.451014e-08,3.4577738e-08,2.1088786e-08,5.7709176e-06,0.99999416,1.0610682e-08
5,5,melanocytic nevi,melanocytic nevi,3.8923044e-14,5.2415117e-12,6.4377875e-10,4.8973202e-14,2.0968398e-06,0.99999785,1.439115e-12
2,2,benign keratosis-like lesions,benign keratosis-like lesions,0.00043947654,1.7380267e-05,0.83778566,5.6087088e-06,0.020062542,0.14168786,1.5592673e-06
5,5,melanocytic nevi,melanocytic nevi,9.716117e-11,3.8807985e-10,2.399856e-07,2.6861874e-10,4.7117697e-07,0.9999993,5.875098e-11
5,4,melanocytic nevi,melanoma,0.00011359768,0.00017974233,0.0007986115,2.6833954e-05,0.5534937,0.44537368,1.386118e-05
4,4,melanoma,melanoma,1.2980027e-07,3.6042394e-07,3.448971e-05,9.2490055e-08,0.9869315,0.013032739,6.806505e-07
4,5,melanoma,melanocytic nevi,0.0004484881,0.0001590305,0.08248997,0.009116656,0.37092844,0.53673446,0.00012296745
5,5,melanocytic nevi,melanocytic nevi,2.6782196e-17,2.4413902e-13,1.4399552e-16,1.1385795e-12,4.7608754e-13,1.0,4.7985265e-13
5,5,melanocytic nevi,melanocytic nevi,1.8990354e-09,2.0028576e-08,1.8704087e-07,3.864123e-08,7.838301e-07,0.9999989,5.7210084e-08
5,5,melanocytic nevi,melanocytic nevi,0.0013696207,0.00017646591,0.14085174,0.0023707016,0.11896033,0.73617524,9.594495e-05
5,5,melanocytic nevi,melanocytic nevi,0.00036930665,1.632829e-05,0.16713138,0.00036471826,0.031354982,0.80075806,5.1773523e-06
5,5,melanocytic nevi,melanocytic nevi,1.9585264e-05,9.518906e-06,0.0012416185,4.61392e-06,0.00015929095,0.99856526,1.3955851e-07
5,5,melanocytic nevi,melanocytic nevi,3.630785e-13,6.2457856e-12,2.979044e-11,1.9594164e-09,3.2796732e-12,1.0,1.7647358e-11
2,2,benign keratosis-like lesions,benign keratosis-like lesions,5.231757e-10,2.9980643e-11,0.99997663,1.6479905e-08,3.702892e-11,2.3352539e-05,1.8180284e-12
5,5,melanocytic nevi,melanocytic nevi,1.8988909e-10,3.3360345e-10,4.2436024e-09,2.850736e-10,3.4049398e-07,0.99999964,1.1984158e-09
5,5,melanocytic nevi,melanocytic nevi,1.2956185e-09,1.025965e-09,1.387109e-07,3.5258418e-09,2.047246e-07,0.99999964,1.9117957e-10
5,5,melanocytic nevi,melanocytic nevi,1.2152704e-12,6.516886e-12,1.369388e-10,4.253095e-11,2.4534407e-07,0.99999976,2.8742553e-11
5,5,melanocytic nevi,melanocytic nevi,1.249157e-16,4.6394133e-15,1.161671e-13,8.443771e-14,1.5332114e-11,1.0,6.8737516e-14
4,4,melanoma,melanoma,1.1052876e-05,3.4606544e-06,0.002563602,3.2229634e-06,0.8080318,0.18938617,6.535937e-07
5,5,melanocytic nevi,melanocytic nevi,4.0777124e-16,2.1971172e-14,8.25896e-13,1.0976057e-13,7.086212e-11,1.0,2.5817693e-15
4,4,melanoma,melanoma,2.4025955e-12,3.832289e-13,9.800945e-09,6.224544e-11,0.9999993,7.650175e-07,1.20701435e-11
5,5,melanocytic nevi,melanocytic nevi,2.926086e-10,3.621783e-10,1.9918018e-09,4.4506314e-06,4.973172e-09,0.9999956,9.111333e-09
5,5,melanocytic nevi,melanocytic nevi,2.2523152e-09,2.864597e-09,2.0105613e-06,7.7291915e-09,5.371832e-07,0.9999974,3.8770787e-09
5,5,melanocytic nevi,melanocytic nevi,7.9062846e-07,1.4439283e-07,2.2692602e-05,7.797439e-07,0.019877993,0.9800976,3.821303e-08
2,4,benign keratosis-like lesions,melanoma,0.0029266933,0.004771225,0.13149339,0.00044199085,0.8119984,0.046790343,0.0015779092
5,5,melanocytic nevi,melanocytic nevi,2.3863734e-13,3.3946283e-12,6.911239e-12,2.7100353e-11,4.136816e-10,1.0,3.1442403e-12
2,4,benign keratosis-like lesions,melanoma,0.0054244474,0.00034673052,0.004965731,0.00071109616,0.7728544,0.21520655,0.0004910753
4,4,melanoma,melanoma,7.1908744e-07,5.0034096e-06,1.5424981e-05,2.7440356e-06,0.95937663,0.040499594,9.980438e-05
2,2,benign keratosis-like lesions,benign keratosis-like lesions,0.00095150113,3.0153213e-05,0.9957088,6.017211e-06,0.00015838876,0.003144248,8.1675825e-07
5,5,melanocytic nevi,melanocytic nevi,2.4325399e-21,4.7945167e-18,6.937133e-17,2.383981e-20,3.1115648e-12,1.0,6.045366e-18
0,0,actinic keratoses and intraepithelial carcinoma,actinic keratoses and intraepithelial carcinoma,0.9106389,0.037249085,0.011080144,0.00027597087,0.04060506,0.00011379544,3.7072296e-05
5,5,melanocytic nevi,melanocytic nevi,4.7382134e-08,3.1692662e-07,5.704826e-05,5.6192144e-09,0.008866973,0.99107563,5.701154e-09
5,5,melanocytic nevi,melanocytic nevi,1.1888461e-11,4.237268e-10,6.264526e-09,1.11895355e-08,3.8951207e-06,0.99999607,4.22313e-11
4,5,melanoma,melanocytic nevi,3.6930177e-07,5.2065916e-06,0.00017033028,1.4495571e-06,0.036980562,0.962839,3.1472543e-06
2,2,benign keratosis-like lesions,benign keratosis-like lesions,0.01131991,0.020945093,0.77548414,0.00027621468,0.02367292,0.16737679,0.0009249166
5,5,melanocytic nevi,melanocytic nevi,1.1915009e-09,9.018846e-10,1.5180491e-07,3.7470112e-08,4.269583e-09,0.99999976,4.451509e-09
5,5,melanocytic nevi,melanocytic nevi,3.1093393e-06,0.00022012866,0.0002653403,2.3175503e-06,7.548601e-07,0.99950767,7.496453e-07
5,5,melanocytic nevi,melanocytic nevi,3.648287e-12,5.705727e-11,6.214204e-11,4.863339e-09,6.186156e-10,1.0,2.647178e-10
5,3,melanocytic nevi,dermatofibroma,0.003250704,0.015136442,0.035057347,0.45831257,0.008227434,0.44078654,0.03922902
5,5,melanocytic nevi,melanocytic nevi,4.718384e-18,7.1215047e-16,1.1535431e-14,9.4726454e-17,9.534781e-14,1.0,7.611395e-14
5,5,melanocytic nevi,melanocytic nevi,7.709415e-15,1.6277938e-13,4.3947585e-13,8.090818e-13,3.2248572e-08,1.0,8.1797396e-14
5,5,melanocytic nevi,melanocytic nevi,5.921082e-14,7.962131e-13,1.6626839e-10,2.0582433e-12,7.981708e-11,1.0,1.6644494e-12
5,5,melanocytic nevi,melanocytic nevi,8.0131783e-13,3.1796215e-12,6.7334575e-11,1.8902494e-11,5.5896055e-07,0.9999994,4.0135035e-12
5,5,melanocytic nevi,melanocytic nevi,4.2655856e-06,9.00479e-06,0.0006217203,2.3154427e-05,0.3070168,0.6923139,1.1056198e-05
5,5,melanocytic nevi,melanocytic nevi,7.387349e-11,5.899673e-10,1.6434145e-08,9.3083386e-08,2.3961886e-07,0.99999964,2.2565937e-10
5,5,melanocytic nevi,melanocytic nevi,9.6390264e-11,2.553066e-10,1.544777e-06,6.437181e-09,1.0100962e-09,0.99999845,1.6410145e-10
4,4,melanoma,melanoma,3.355454e-06,0.00016300006,0.0024431376,8.36364e-07,0.99577636,0.0016124777,8.2211056e-07
2,4,benign keratosis-like lesions,melanoma,0.000131123,1.4738526e-05,0.002989108,5.0244303e-06,0.99679524,5.7083857e-05,7.767184e-06
5,5,melanocytic nevi,melanocytic nevi,5.9390914e-13,4.7159717e-11,3.3873815e-10,4.538055e-12,4.2032453e-09,1.0,5.1146056e-09
2,2,benign keratosis-like lesions,benign keratosis-like lesions,7.259677e-09,7.1703343e-10,1.0,4.0537781e-10,4.4960182e-09,4.6693913e-08,5.3577733e-12
5,5,melanocytic nevi,melanocytic nevi,6.1695347e-09,1.4498277e-08,1.4453154e-07,8.5345e-09,0.030342855,0.9696568,5.7832327e-08
5,5,melanocytic nevi,melanocytic nevi,1.5354037e-18,3.7212768e-17,3.001242e-14,7.201469e-15,1.5165612e-10,1.0,1.024538e-16
5,5,melanocytic nevi,melanocytic nevi,2.350516e-12,1.3284717e-11,6.1922036e-09,1.6422993e-08,3.1590872e-09,1.0,1.2782002e-11
5,5,melanocytic nevi,melanocytic nevi,0.0008557973,8.204433e-05,0.031446837,0.00022474094,0.36409995,0.60325634,3.4250945e-05
2,5,benign keratosis-like lesions,melanocytic nevi,9.221848e-06,1.7280644e-09,0.036128435,1.0279652e-05,9.266279e-06,0.9638427,1.2892257e-07
4,4,melanoma,melanoma,1.8412049e-09,7.300717e-12,1.0818009e-08,4.043678e-11,0.9999912,8.830518e-06,3.6915417e-08
0,0,actinic keratoses and intraepithelial carcinoma,actinic keratoses and intraepithelial carcinoma,0.8941386,0.014732245,0.06799118,0.02231338,0.00010616425,0.000681037,3.737668e-05
5,5,melanocytic nevi,melanocytic nevi,1.1686528e-06,6.41244e-07,0.00019461942,2.3683092e-06,0.0006642471,0.99913687,1.6491676e-07
5,5,melanocytic nevi,melanocytic nevi,4.0905093e-08,3.585693e-08,4.1635294e-06,8.791612e-09,8.993014e-05,0.9999058,8.0902535e-10
2,2,benign keratosis-like lesions,benign keratosis-like lesions,4.670987e-05,3.0461827e-06,0.9814485,3.6228414e-06,0.0001626719,0.018335145,3.700877e-07
3,3,dermatofibroma,dermatofibroma,0.038668763,0.00013535096,0.03010023,0.92287785,0.0048047006,0.0029737877,0.00043923818
4,4,melanoma,melanoma,1.7966893e-07,5.794795e-08,0.00019167797,4.4536968e-08,0.9657846,0.03402351,2.1293962e-08
5,5,melanocytic nevi,melanocytic nevi,2.6566321e-21,6.81277e-18,2.93208e-19,5.5659143e-19,1.9997037e-11,1.0,6.82169e-18
5,5,melanocytic nevi,melanocytic nevi,2.809041e-10,3.168541e-10,6.582711e-08,4.7091287e-08,8.36459e-09,0.9999999,3.6090804e-11
2,2,benign keratosis-like lesions,benign keratosis-like lesions,8.7808105e-05,5.9912904e-06,0.9987791,2.531607e-05,0.00029826196,0.00080273324,6.922616e-07
5,5,melanocytic nevi,melanocytic nevi,5.455803e-05,0.00010616044,5.6687677e-05,2.8598184e-05,0.009369302,0.9903805,4.1727676e-06
5,5,melanocytic nevi,melanocytic nevi,2.703034e-12,5.1990917e-10,3.6636506e-11,9.817106e-11,1.1341665e-08,1.0,1.4022582e-10
2,2,benign keratosis-like lesions,benign keratosis-like lesions,0.00077471155,0.00011689748,0.9883725,9.2863465e-06,0.008463137,0.0022582822,5.1940733e-06
1,1,basal cell carcinoma,basal cell carcinoma,0.0018138866,0.93486226,0.016952716,6.954713e-06,7.649207e-06,0.043260414,0.0030960555
4,2,melanoma,benign keratosis-like lesions,0.13070723,0.0013425762,0.38093716,0.0003343277,0.26881048,0.21784684,2.1344766e-05
5,5,melanocytic nevi,melanocytic nevi,4.811178e-07,1.4754467e-09,6.386035e-05,4.86172e-07,2.306052e-07,0.9999349,1.6882364e-09
5,5,melanocytic nevi,melanocytic nevi,4.4362737e-15,1.212985e-12,9.13976e-13,7.393465e-12,5.204042e-10,1.0,7.580867e-14
2,2,benign keratosis-like lesions,benign keratosis-like lesions,0.004233989,1.0764418e-05,0.989954,5.026954e-06,0.005324776,0.00047089942,4.919747e-07
1,5,basal cell carcinoma,melanocytic nevi,0.0006368134,0.0041939514,0.0016231565,4.852063e-05,0.007417796,0.985992,8.7748056e-05
5,5,melanocytic nevi,melanocytic nevi,1.0269771e-21,4.6257434e-19,2.231646e-20,7.3182633e-20,1.9516433e-13,1.0,2.1886168e-19
4,4,melanoma,melanoma,7.160798e-06,5.2808747e-07,0.00093466055,1.3542511e-06,0.99781215,0.0012384491,5.5401156e-06
2,2,benign keratosis-like lesions,benign keratosis-like lesions,0.00048486626,5.4007363e-05,0.98711294,0.00015278062,0.00033231825,0.011858477,4.754527e-06
1,1,basal cell carcinoma,basal cell carcinoma,0.019787258,0.7741246,0.02558387,0.01083551,0.10438193,0.014677189,0.05060957
5,5,melanocytic nevi,melanocytic nevi,2.382426e-13,1.0637892e-13,5.6625296e-09,9.923194e-10,3.541772e-08,1.0,2.8989008e-10
5,5,melanocytic nevi,melanocytic nevi,8.8269575e-05,1.7421812e-06,0.00021154608,1.3683271e-05,0.0053916373,0.9942919,1.2313486e-06
2,2,benign keratosis-like lesions,benign keratosis-like lesions,6.24191e-05,1.8072049e-05,0.98345053,0.0015741437,6.34147e-05,0.014828575,2.8159925e-06
5,5,melanocytic nevi,melanocytic nevi,2.5898749e-17,5.720803e-13,4.8078573e-15,7.57643e-14,2.1065619e-13,1.0,2.6158781e-14
5,5,melanocytic nevi,melanocytic nevi,4.4855204e-09,9.086419e-10,5.0131143e-06,6.846689e-09,0.00038707769,0.999608,6.522384e-10
4,2,melanoma,benign keratosis-like lesions,0.004060874,3.410436e-05,0.9484761,9.05973e-05,0.044693418,0.00260038,4.460221e-05
5,5,melanocytic nevi,melanocytic nevi,8.861208e-14,1.5373702e-14,1.5154104e-10,4.837294e-14,2.0146843e-11,1.0,1.1793852e-15
5,5,melanocytic nevi,melanocytic nevi,2.030634e-05,1.1293021e-07,0.00035813538,2.2232243e-05,0.0037545885,0.9958443,4.1393452e-07
2,2,benign keratosis-like lesions,benign keratosis-like lesions,0.0015235813,9.199133e-06,0.8608708,9.375164e-05,0.076641805,0.06085712,3.6786303e-06
1,1,basal cell carcinoma,basal cell carcinoma,0.007413,0.8845489,0.014142466,0.00056812965,0.008754445,0.083344385,0.0012286842
5,5,melanocytic nevi,melanocytic nevi,3.3246731e-06,1.0741693e-06,2.1117143e-05,5.82285e-07,0.01856501,0.9814089,4.8524097e-08
1,1,basal cell carcinoma,basal cell carcinoma,0.0005544209,0.9983785,9.114479e-05,0.000347765,2.714543e-05,7.2531475e-05,0.00052844343
4,4,melanoma,melanoma,0.00044139923,0.00017219776,0.04128502,1.4963474e-05,0.95584905,0.0022104033,2.690204e-05
5,5,melanocytic nevi,melanocytic nevi,8.4844864e-14,6.365908e-13,1.693043e-11,3.5163547e-12,1.1424385e-12,1.0,1.757687e-12
0,0,actinic keratoses and intraepithelial carcinoma,actinic keratoses and intraepithelial carcinoma,0.9942274,2.3063033e-06,0.005113441,0.00010918056,0.000543591,2.696167e-06,1.3647257e-06
5,5,melanocytic nevi,melanocytic nevi,1.490059e-05,1.1159281e-05,5.1629526e-05,1.6750682e-06,0.044033945,0.95588547,1.2468997e-06
5,5,melanocytic nevi,melanocytic nevi,0.00030547584,0.0005590506,0.2362875,0.000792122,0.04960172,0.71234614,0.00010804785
2,5,benign keratosis-like lesions,melanocytic nevi,0.00022307558,0.00031787087,0.011704584,0.0001396986,0.036611933,0.9509454,5.7515543e-05
5,5,melanocytic nevi,melanocytic nevi,1.3115513e-07,8.766446e-06,2.092476e-05,9.5267325e-07,6.155865e-06,0.99996257,4.4842415e-07
5,5,melanocytic nevi,melanocytic nevi,3.4110764e-15,5.752564e-14,1.8625951e-12,1.9549525e-12,5.1325775e-09,1.0,3.497424e-13
5,5,melanocytic nevi,melanocytic nevi,4.2551402e-08,1.9297095e-08,1.3805088e-07,7.6915586e-07,0.27077815,0.7292209,2.3774529e-08
5,5,melanocytic nevi,melanocytic nevi,2.7736037e-11,4.1054466e-09,3.3876918e-10,4.0920534e-10,4.355928e-09,1.0,3.1144237e-10
5,5,melanocytic nevi,melanocytic nevi,1.3552088e-05,1.700406e-05,0.0006910069,2.0178672e-05,0.0032721094,0.9959837,2.5390168e-06
5,5,melanocytic nevi,melanocytic nevi,1.432067e-07,4.849934e-06,0.0004921314,3.7501076e-07,0.007837313,0.9916647,4.3285158e-07
5,5,melanocytic nevi,melanocytic nevi,5.080861e-10,5.362767e-09,4.8594506e-09,2.1657259e-08,4.4703856e-06,0.99999547,2.501463e-10
4,4,melanoma,melanoma,3.0255078e-06,2.6668788e-06,0.0001897602,2.9971116e-06,0.9383597,0.061439823,2.0284654e-06
5,5,melanocytic nevi,melanocytic nevi,5.062681e-07,4.6506145e-07,2.2495615e-05,1.8495125e-07,0.23962796,0.7603481,3.052112e-07
2,2,benign keratosis-like lesions,benign keratosis-like lesions,4.0732192e-07,3.4848613e-06,0.69875133,1.928729e-06,0.043994505,0.257248,3.2094846e-07
4,4,melanoma,melanoma,0.0005626632,0.00049277855,0.028666118,0.0002219176,0.7140919,0.25528008,0.0006846193
5,2,melanocytic nevi,benign keratosis-like lesions,1.0297214e-06,2.5008784e-08,0.87579393,1.8047624e-05,0.013665597,0.11051973,1.662922e-06
5,5,melanocytic nevi,melanocytic nevi,6.541792e-13,1.4815453e-11,1.5710825e-08,3.936338e-11,1.8701332e-10,1.0,2.4480048e-11
5,2,melanocytic nevi,benign keratosis-like lesions,0.0879299,0.004607689,0.73017615,0.013236996,0.038922302,0.12398556,0.001141495
0,1,actinic keratoses and intraepithelial carcinoma,basal cell carcinoma,0.059369568,0.8224731,0.076666996,0.027858594,0.0013072198,0.011807158,0.00051730714
4,4,melanoma,melanoma,1.6817687e-05,3.828925e-06,0.0022625765,3.011153e-06,0.91676,0.08095113,2.5782103e-06
5,5,melanocytic nevi,melanocytic nevi,1.1060375e-16,3.5829278e-15,4.8634485e-10,3.7854646e-16,2.5490469e-13,1.0,3.6938236e-14
2,2,benign keratosis-like lesions,benign keratosis-like lesions,0.0014581649,0.00034513953,0.995659,4.258853e-05,0.0007006658,0.0017935138,1.0082709e-06
5,5,melanocytic nevi,melanocytic nevi,4.046491e-15,6.6297107e-12,6.7227517e-13,3.5571396e-12,4.1846886e-12,1.0,3.4870064e-13
5,5,melanocytic nevi,melanocytic nevi,3.6705023e-05,2.7966911e-05,0.00014252077,0.00014828099,5.6309193e-05,0.9995871,1.0595354e-06
2,2,benign keratosis-like lesions,benign keratosis-like lesions,0.00023739383,0.00025387088,0.7019558,8.04009e-05,0.03801889,0.25944686,6.774152e-06
5,5,melanocytic nevi,melanocytic nevi,3.7010916e-06,2.604053e-06,8.397882e-05,0.00015018576,2.2844155e-05,0.99973387,2.7874075e-06
5,5,melanocytic nevi,melanocytic nevi,1.1277476e-10,7.508508e-11,2.706166e-05,6.81008e-10,9.661922e-10,0.99997294,3.24584e-10
2,2,benign keratosis-like lesions,benign keratosis-like lesions,0.00043383148,6.7843853e-06,0.9811584,4.442095e-05,0.0047989544,0.013549879,7.725036e-06
5,5,melanocytic nevi,melanocytic nevi,1.3691622e-12,1.8460745e-12,7.491945e-11,9.2367364e-11,5.4869935e-09,1.0,2.4319477e-12
0,0,actinic keratoses and intraepithelial carcinoma,actinic keratoses and intraepithelial carcinoma,0.9985934,4.629523e-05,0.0009838333,0.0001729284,0.00018061696,1.7454642e-05,5.5377154e-06
2,5,benign keratosis-like lesions,melanocytic nevi,4.9323913e-05,5.0121296e-05,0.008828826,0.00010790833,0.00823094,0.9827247,8.186112e-06
5,5,melanocytic nevi,melanocytic nevi,7.2949642e-06,0.00014591322,0.00024028748,3.38697e-05,0.0064936704,0.9930642,1.4805821e-05
5,5,melanocytic nevi,melanocytic nevi,2.3151164e-12,1.582956e-10,7.833915e-11,2.0442184e-11,4.1192617e-08,1.0,8.2036145e-10
5,5,melanocytic nevi,melanocytic nevi,6.2062416e-13,7.937286e-12,6.9369864e-11,2.3241045e-11,3.281077e-06,0.99999666,2.7815586e-10
5,5,melanocytic nevi,melanocytic nevi,7.3188235e-12,8.685936e-11,2.1923798e-09,3.0299339e-09,1.12779536e-10,1.0,3.504534e-10
5,5,melanocytic nevi,melanocytic nevi,1.919828e-07,1.8385653e-07,4.8499747e-05,2.592941e-07,0.230135,0.76981586,5.154695e-08
1,1,basal cell carcinoma,basal cell carcinoma,0.02934625,0.767843,0.08960641,0.021553416,0.01912264,0.06941383,0.0031144503
5,5,melanocytic nevi,melanocytic nevi,9.645515e-09,3.500304e-09,2.2379312e-05,6.648982e-07,6.596979e-06,0.99997044,1.8127992e-08
5,5,melanocytic nevi,melanocytic nevi,1.2952594e-11,8.636657e-11,1.3229159e-08,1.6176e-08,5.131625e-10,1.0,1.4588966e-10
5,2,melanocytic nevi,benign keratosis-like lesions,0.011009541,0.09835182,0.58097935,0.0017810896,0.20595022,0.10176944,0.00015854888
5,5,melanocytic nevi,melanocytic nevi,5.4118077e-06,3.7841681e-07,0.23603433,0.00021911271,1.8523719e-05,0.7637221,6.506338e-08
5,5,melanocytic nevi,melanocytic nevi,1.543723e-14,4.0254046e-12,1.01712874e-10,3.66287e-10,7.4631414e-13,1.0,3.1384e-11
2,2,benign keratosis-like lesions,benign keratosis-like lesions,0.16675928,0.04173119,0.71705437,0.002238379,0.04949612,0.022077745,0.00064288476
5,5,melanocytic nevi,melanocytic nevi,0.0005329602,0.00012958395,0.029622054,0.00038469778,0.09018548,0.87874436,0.00040086234
5,4,melanocytic nevi,melanoma,0.0021287743,0.0046733543,0.054792274,0.00042808108,0.90134424,0.036188357,0.00044499148
2,2,benign keratosis-like lesions,benign keratosis-like lesions,0.00019435403,1.7286166e-05,0.9732352,4.9419366e-05,0.020178838,0.0063166516,8.322913e-06
5,5,melanocytic nevi,melanocytic nevi,9.09887e-09,3.5758138e-08,1.819414e-08,6.931198e-09,0.002675964,0.9973239,3.4494863e-09
1,4,basal cell carcinoma,melanoma,0.0009042451,0.02151864,0.0006217453,0.013719901,0.68320584,0.021250933,0.25877878
4,2,melanoma,benign keratosis-like lesions,2.2183809e-05,1.7829407e-07,0.88643897,1.7703805e-05,0.108006895,0.0055134255,5.736541e-07
5,5,melanocytic nevi,melanocytic nevi,1.459837e-11,9.36553e-11,2.1716259e-08,8.1165386e-09,3.819786e-08,1.0,3.0397088e-10
5,5,melanocytic nevi,melanocytic nevi,3.8548808e-07,7.520837e-08,5.693918e-05,1.4908329e-06,0.0017453949,0.9981957,5.6070885e-08
5,5,melanocytic nevi,melanocytic nevi,1.4753613e-06,3.2244402e-06,6.332265e-05,1.8403416e-06,0.00061895855,0.9993111,1.7589582e-07
5,5,melanocytic nevi,melanocytic nevi,1.9090132e-06,4.206461e-06,0.00015300972,7.985829e-07,0.010042822,0.98979586,1.4500961e-06
1,0,basal cell carcinoma,actinic keratoses and intraepithelial carcinoma,0.9985423,0.00037844744,0.0007687011,0.0001991393,7.894006e-05,3.1159245e-05,1.3514565e-06
5,4,melanocytic nevi,melanoma,0.0029372044,0.006495133,0.035353873,0.0010692892,0.8943116,0.059670784,0.00016206404
5,5,melanocytic nevi,melanocytic nevi,8.686358e-12,3.5134853e-11,2.4259217e-10,5.485669e-10,1.1946787e-05,0.9999881,1.2941673e-11
2,2,benign keratosis-like lesions,benign keratosis-like lesions,4.1822925e-05,2.908967e-06,0.99455184,8.743187e-05,0.0023253467,0.0029891976,1.5971625e-06
4,4,melanoma,melanoma,5.1938264e-07,1.6061814e-06,4.9447126e-06,1.33065e-07,0.9410243,0.058967397,1.1059534e-06
5,5,melanocytic nevi,melanocytic nevi,2.3986526e-25,7.369803e-22,3.1427794e-22,3.7766258e-22,3.0423995e-18,1.0,3.7794508e-22
5,5,melanocytic nevi,melanocytic nevi,2.7531877e-10,2.5860265e-09,8.9629395e-08,2.5806262e-09,2.2237631e-05,0.9999776,2.4230454e-08
5,5,melanocytic nevi,melanocytic nevi,0.012977502,0.013295406,0.289738,0.0040894942,0.13045576,0.5487698,0.00067404594
5,5,melanocytic nevi,melanocytic nevi,3.706395e-06,2.3017581e-05,0.0013871168,2.5584957e-05,0.000119688695,0.99844044,3.446199e-07
5,5,melanocytic nevi,melanocytic nevi,2.654578e-08,2.8639397e-08,0.00026313693,1.9369416e-07,0.0004877177,0.9992488,1.4390739e-07
4,2,melanoma,benign keratosis-like lesions,0.36105576,0.037520763,0.46412978,0.00043306992,0.08201641,0.054230485,0.0006138016
5,5,melanocytic nevi,melanocytic nevi,2.4461584e-17,1.0326135e-15,7.735627e-13,6.6006114e-13,1.0411281e-10,1.0,7.405988e-15
5,5,melanocytic nevi,melanocytic nevi,1.8370656e-06,4.1605657e-07,0.001000979,1.1832906e-05,9.502609e-05,0.99888974,2.2015509e-07
5,5,melanocytic nevi,melanocytic nevi,1.2295732e-08,1.00168634e-07,5.6850905e-07,2.0963925e-07,0.014711297,0.9852878,3.9408588e-09
5,5,melanocytic nevi,melanocytic nevi,4.057026e-13,3.6449132e-11,2.1001919e-11,4.990596e-10,3.1057363e-05,0.9999689,1.061004e-10
5,5,melanocytic nevi,melanocytic nevi,7.6939556e-05,0.00013887369,0.066401616,1.9906925e-05,0.02706486,0.9062913,6.4794017e-06
4,5,melanoma,melanocytic nevi,0.0001811891,1.2416163e-05,0.0056244354,0.0006321187,0.314252,0.6792842,1.36104245e-05
5,4,melanocytic nevi,melanoma,2.3097446e-05,8.718025e-05,0.0020453616,4.087435e-05,0.99212086,0.0056260964,5.6477496e-05
5,5,melanocytic nevi,melanocytic nevi,5.839293e-16,3.831446e-12,3.6432696e-14,2.764895e-14,7.0923443e-13,1.0,2.7807494e-11
4,4,melanoma,melanoma,0.0001495645,0.0022562188,0.00077754306,0.0010487485,0.62102914,0.37168038,0.0030583958
5,5,melanocytic nevi,melanocytic nevi,8.346078e-15,1.573022e-12,6.811332e-13,3.9904668e-13,6.04052e-08,0.9999999,1.3145555e-11
5,5,melanocytic nevi,melanocytic nevi,1.3648291e-08,1.9154303e-08,1.0977134e-06,6.633276e-09,0.00025614141,0.9997427,4.3505235e-09
6,6,vascular lesions,vascular lesions,2.0820714e-06,7.1267576e-05,1.5597699e-06,1.869402e-05,0.00073047454,0.0006498286,0.9985261
1,2,basal cell carcinoma,benign keratosis-like lesions,0.111942925,0.003354896,0.85537124,0.010392929,0.007604597,0.009716866,0.0016165556
5,5,melanocytic nevi,melanocytic nevi,0.0025313396,0.00030602302,0.3277941,0.00015130009,0.14932947,0.5197763,0.00011144662
5,5,melanocytic nevi,melanocytic nevi,3.0246363e-07,6.206711e-06,5.779905e-07,3.6932015e-06,0.0009517065,0.9990374,1.1069016e-07
4,4,melanoma,melanoma,2.5097059e-05,2.6899677e-05,0.0031065925,4.7629273e-06,0.937861,0.058943886,3.1703636e-05
5,5,melanocytic nevi,melanocytic nevi,1.13611176e-10,1.5163515e-08,2.7240978e-07,5.0837762e-08,1.6249966e-06,0.999998,3.948975e-09
1,2,basal cell carcinoma,benign keratosis-like lesions,0.017655572,0.017384045,0.54563195,0.39813069,0.008369149,0.009075316,0.0037533091
5,5,melanocytic nevi,melanocytic nevi,2.6572468e-12,8.6900286e-11,4.6716193e-11,1.2207785e-09,9.264873e-08,0.9999999,6.437155e-12
0,0,actinic keratoses and intraepithelial carcinoma,actinic keratoses and intraepithelial carcinoma,0.984098,0.00026548203,0.003403914,0.000117496136,0.012042067,6.9890346e-05,3.1845873e-06
5,4,melanocytic nevi,melanoma,4.530133e-06,3.7579516e-06,0.0028721376,8.887207e-06,0.5182323,0.47887757,8.760198e-07
5,5,melanocytic nevi,melanocytic nevi,5.500879e-09,4.1863508e-08,2.3543812e-07,1.5525978e-07,4.250201e-08,0.99999833,1.1331258e-06
5,5,melanocytic nevi,melanocytic nevi,8.8954255e-07,0.0022970003,1.6529153e-05,1.0995238e-05,7.332854e-05,0.9971265,0.00047479934
5,5,melanocytic nevi,melanocytic nevi,1.4059914e-08,1.1459451e-07,0.00020791439,1.4138959e-07,1.6579517e-07,0.9997911,6.545686e-07
5,5,melanocytic nevi,melanocytic nevi,2.0257382e-06,6.434854e-06,0.15060695,3.407195e-05,8.934456e-06,0.8493414,1.7555118e-07
5,5,melanocytic nevi,melanocytic nevi,5.83732e-13,4.076733e-12,7.2948834e-11,1.5461422e-10,3.305535e-08,1.0,3.8433545e-12
5,5,melanocytic nevi,melanocytic nevi,3.0102987e-07,2.2986446e-06,2.6266923e-06,7.76126e-07,0.04463044,0.9553591,4.475357e-06
4,4,melanoma,melanoma,0.0043453216,0.000664446,0.010509735,0.0046842573,0.9382888,0.040782794,0.000724639
5,5,melanocytic nevi,melanocytic nevi,1.9067623e-09,8.8875873e-10,4.391061e-08,4.4068937e-08,4.828091e-06,0.999995,1.1714957e-09
5,4,melanocytic nevi,melanoma,0.00072847016,0.00020187073,0.007101528,3.262621e-05,0.9294441,0.0624215,7.000479e-05
5,5,melanocytic nevi,melanocytic nevi,6.471656e-08,5.7767613e-07,6.1216215e-06,7.5909765e-07,0.061549194,0.93844295,3.641506e-07
4,4,melanoma,melanoma,0.00011496828,5.5133933e-05,0.014707937,0.0001417918,0.95145684,0.032820776,0.0007025307
4,4,melanoma,melanoma,1.2207644e-05,5.8119654e-06,7.690867e-05,8.860043e-06,0.82265425,0.17723645,5.526756e-06
6,6,vascular lesions,vascular lesions,3.016625e-10,9.543599e-09,6.3269084e-10,1.2583383e-06,4.1733927e-10,4.078455e-08,0.9999987
5,5,melanocytic nevi,melanocytic nevi,1.2870346e-10,2.4519592e-10,1.6798507e-08,5.9508476e-10,8.752587e-08,0.9999999,5.770133e-11
5,5,melanocytic nevi,melanocytic nevi,9.770678e-20,1.9699123e-17,1.6412774e-17,8.329213e-17,1.0839644e-12,1.0,7.0187724e-17
4,4,melanoma,melanoma,9.358414e-10,1.6780426e-08,7.1111095e-09,2.6089426e-11,0.99850625,0.0014936605,1.7749448e-07
4,4,melanoma,melanoma,1.5524027e-07,4.578326e-07,1.950494e-06,3.6142117e-07,0.5958403,0.40415582,8.987837e-07
4,4,melanoma,melanoma,4.305874e-07,3.6338726e-08,8.184278e-05,1.1460074e-07,0.99923813,0.0006794351,2.9080603e-08
2,5,benign keratosis-like lesions,melanocytic nevi,8.790368e-06,4.677154e-09,0.038667906,1.9451798e-05,1.6491642e-05,0.9612874,4.1968644e-08
5,5,melanocytic nevi,melanocytic nevi,0.00016189527,3.7343878e-05,0.01157472,0.00021658877,0.03299913,0.9549891,2.1181972e-05
1,6,basal cell carcinoma,vascular lesions,0.0048835576,0.21748364,0.002491771,0.2330033,0.14843015,0.004427765,0.3892799
5,5,melanocytic nevi,melanocytic nevi,5.9056466e-12,4.1228687e-12,2.3312376e-11,1.2778083e-10,1.0673898e-07,0.9999999,6.6517014e-11
5,5,melanocytic nevi,melanocytic nevi,3.2551515e-08,2.508846e-08,3.6787145e-07,6.4455996e-08,0.029561771,0.9704378,2.4184281e-08
4,4,melanoma,melanoma,0.00020924497,0.00040014056,0.004711801,3.6773108e-05,0.6117187,0.38286,6.322301e-05
5,5,melanocytic nevi,melanocytic nevi,1.2524172e-10,9.596962e-10,1.001204e-08,7.931918e-10,3.970599e-09,1.0,8.3059853e-10
5,5,melanocytic nevi,melanocytic nevi,1.253272e-07,6.360484e-07,3.1033267e-08,6.8918405e-07,0.0003570981,0.9996414,3.468283e-08
5,5,melanocytic nevi,melanocytic nevi,3.0435249e-06,5.244288e-07,1.7657974e-05,3.9051465e-06,0.00057568273,0.9993988,4.0659356e-07
5,5,melanocytic nevi,melanocytic nevi,1.6153833e-15,3.714255e-14,1.3035689e-12,2.6470844e-12,5.0025286e-11,1.0,2.936093e-15
2,2,benign keratosis-like lesions,benign keratosis-like lesions,0.0004292967,2.0154896e-05,0.954344,5.840759e-06,0.025041683,0.020145396,1.3672541e-05
5,5,melanocytic nevi,melanocytic nevi,4.0576897e-06,4.313162e-07,0.0031426782,5.949255e-06,2.0485244e-05,0.9968257,8.3743146e-07
5,5,melanocytic nevi,melanocytic nevi,1.4544959e-11,5.1843607e-10,2.0290092e-10,7.609307e-11,4.8827227e-05,0.9999511,7.8178966e-09
5,5,melanocytic nevi,melanocytic nevi,2.4331225e-15,1.1470275e-13,3.7350314e-12,2.3166582e-12,7.0918815e-10,1.0,8.73104e-13
5,5,melanocytic nevi,melanocytic nevi,0.0022973602,0.003923495,0.11363722,0.0012033582,0.29946744,0.57938707,8.4056264e-05
