y_true,y_pred,true_class,pred_class,prob_0_actinic_keratoses_and_intraepithelial_carcinoma,prob_1_basal_cell_carcinoma,prob_2_benign_keratosis-like_lesions,prob_3_dermatofibroma,prob_4_melanoma,prob_5_melanocytic_nevi,prob_6_vascular_lesions
5,5,melanocytic nevi,melanocytic nevi,0.0017503855,0.0009995048,0.0142574655,0.002301353,0.02230582,0.95745295,0.0009325614
3,1,dermatofibroma,basal cell carcinoma,0.20054807,0.32019886,0.13463779,0.112301305,0.04681685,0.11522047,0.07027669
4,0,melanoma,actinic keratoses and intraepithelial carcinoma,0.40316394,0.104583494,0.28587994,0.03348493,0.12900223,0.039369415,0.0045160055
0,0,actinic keratoses and intraepithelial carcinoma,actinic keratoses and intraepithelial carcinoma,0.34855992,0.111741826,0.34277606,0.044370376,0.10014716,0.048196487,0.0042081415
5,5,melanocytic nevi,melanocytic nevi,0.023473626,0.031600256,0.085039355,0.020522416,0.18617891,0.626353,0.02683243
5,5,melanocytic nevi,melanocytic nevi,0.004988274,0.0038394232,0.014733686,0.0051763505,0.04521682,0.9185715,0.0074738893
5,5,melanocytic nevi,melanocytic nevi,0.0012535861,0.00052631553,0.08034372,0.0006668555,0.3907983,0.52551335,0.0008978388
4,4,melanoma,melanoma,0.007420069,0.002783869,0.017835427,0.0017635094,0.60553217,0.36287847,0.0017864682
5,5,melanocytic nevi,melanocytic nevi,0.006671408,0.005783153,0.017183572,0.010078796,0.011738253,0.9358279,0.012716934
2,2,benign keratosis-like lesions,benign keratosis-like lesions,0.08444092,0.16601835,0.34612215,0.03429244,0.114565596,0.21812414,0.036436465
1,1,basal cell carcinoma,basal cell carcinoma,0.03610187,0.47963428,0.10870271,0.0828432,0.02427034,0.23495181,0.033495843
5,5,melanocytic nevi,melanocytic nevi,0.0027374888,0.001847118,0.010448736,0.0040113674,0.01130681,0.9654368,0.00421174
4,4,melanoma,melanoma,0.11255107,0.04795088,0.27070817,0.018850498,0.39773494,0.14897242,0.003232059
5,5,melanocytic nevi,melanocytic nevi,0.036302697,0.03977942,0.05815953,0.044003207,0.02458023,0.7305864,0.066588424
5,5,melanocytic nevi,melanocytic nevi,0.045309328,0.06412673,0.16289291,0.033177413,0.27784038,0.3426069,0.07404632
4,5,melanoma,melanocytic nevi,0.040043917,0.024205726,0.061695788,0.014807088,0.2555207,0.5983477,0.005379032
4,4,melanoma,melanoma,0.022584608,0.0073257317,0.103714466,0.007910361,0.4764195,0.38029045,0.0017549098
2,2,benign keratosis-like lesions,benign keratosis-like lesions,0.0788771,0.02845044,0.37049866,0.023277411,0.19004062,0.3079178,0.0009379472
5,5,melanocytic nevi,melanocytic nevi,0.105095945,0.11426345,0.14326133,0.06481934,0.05558384,0.4930394,0.023936672
2,5,benign keratosis-like lesions,melanocytic nevi,0.024565436,0.022706889,0.25443748,0.01246708,0.32725504,0.35233113,0.006236909
5,5,melanocytic nevi,melanocytic nevi,0.016383223,0.09805339,0.22750047,0.026280636,0.06973082,0.54402685,0.018024595
5,2,melanocytic nevi,benign keratosis-like lesions,0.19355372,0.079575956,0.26698282,0.043269783,0.23874362,0.17405294,0.003821206
5,2,melanocytic nevi,benign keratosis-like lesions,0.06678501,0.08916103,0.45156038,0.056811213,0.085325584,0.24567345,0.0046832645
5,5,melanocytic nevi,melanocytic nevi,0.0062305797,0.002350506,0.024464173,0.00464158,0.033120878,0.92773235,0.0014600228
5,5,melanocytic nevi,melanocytic nevi,0.040844683,0.07081542,0.07519706,0.028287025,0.18683244,0.547292,0.05073136
5,4,melanocytic nevi,melanoma,0.029669605,0.0158333,0.08048399,0.00844637,0.5469669,0.3116844,0.0069154208
5,5,melanocytic nevi,melanocytic nevi,0.0015838152,0.0016934606,0.008662323,0.0035175006,0.008324927,0.9692917,0.0069262637
5,5,melanocytic nevi,melanocytic nevi,0.03648374,0.017752232,0.13712873,0.017002152,0.28573933,0.5031702,0.0027236072
5,5,melanocytic nevi,melanocytic nevi,0.008615843,0.004553119,0.025893815,0.006270796,0.095084876,0.85331595,0.0062654996
2,2,benign keratosis-like lesions,benign keratosis-like lesions,0.04572743,0.048703637,0.45230234,0.022459839,0.19113636,0.20781317,0.031857256
5,5,melanocytic nevi,melanocytic nevi,0.0016445781,0.0015754168,0.00723899,0.0033684745,0.010086066,0.96769285,0.008393582
5,5,melanocytic nevi,melanocytic nevi,0.009093356,0.010692956,0.0349548,0.01104416,0.02170302,0.901774,0.010737669
4,4,melanoma,melanoma,0.1480573,0.052808546,0.22739123,0.023478633,0.41279745,0.13131993,0.004146908
5,5,melanocytic nevi,melanocytic nevi,0.11919454,0.0471349,0.15948325,0.03555847,0.24292552,0.39198136,0.003721987
2,2,benign keratosis-like lesions,benign keratosis-like lesions,0.12807976,0.25257438,0.35403132,0.0498174,0.065696426,0.13480067,0.015000067
2,2,benign keratosis-like lesions,benign keratosis-like lesions,0.2897361,0.17314915,0.30622703,0.062361676,0.11002903,0.049441885,0.00905509
2,2,benign keratosis-like lesions,benign keratosis-like lesions,0.10194704,0.12796642,0.41705427,0.042734973,0.12711553,0.16714899,0.016032701
5,5,melanocytic nevi,melanocytic nevi,0.0058563403,0.002217322,0.018600345,0.0034880578,0.04036638,0.9282276,0.0012440825
2,0,benign keratosis-like lesions,actinic keratoses and intraepithelial carcinoma,0.39585567,0.11578258,0.29639298,0.03503789,0.12943022,0.020937078,0.0065636137
1,5,basal cell carcinoma,melanocytic nevi,0.035949375,0.25206068,0.09291974,0.06185153,0.08075963,0.4176758,0.058783237
5,4,melanocytic nevi,melanoma,0.15244313,0.12792929,0.19195682,0.0358072,0.2700858,0.19985062,0.02192714
5,5,melanocytic nevi,melanocytic nevi,0.011926917,0.0049137366,0.040701736,0.008541681,0.06194063,0.869243,0.002732329
5,5,melanocytic nevi,melanocytic nevi,0.0011110281,0.0008320284,0.011306018,0.0011809719,0.05951762,0.9255249,0.0005273863
5,5,melanocytic nevi,melanocytic nevi,0.0023995265,0.0019387968,0.009264088,0.0030010007,0.030709334,0.94899863,0.0036886404
5,5,melanocytic nevi,melanocytic nevi,0.000710907,0.00040001314,0.0051807356,0.0011446977,0.0070263105,0.98466325,0.00087405456
1,2,basal cell carcinoma,benign keratosis-like lesions,0.1908292,0.24255297,0.29910812,0.06651184,0.092964955,0.095286645,0.012746209
5,5,melanocytic nevi,melanocytic nevi,0.013273146,0.029916983,0.027756812,0.02555091,0.053838708,0.7844567,0.065206826
5,1,melanocytic nevi,basal cell carcinoma,0.17805304,0.2298411,0.16426018,0.06729577,0.14589986,0.17177096,0.042879023
5,5,melanocytic nevi,melanocytic nevi,0.0028341203,0.0052671744,0.011158635,0.0066798963,0.025047941,0.9285982,0.020413974
5,5,melanocytic nevi,melanocytic nevi,0.030792922,0.019923883,0.18941732,0.01368062,0.2989764,0.44387203,0.0033368054
5,5,melanocytic nevi,melanocytic nevi,0.014238994,0.008843845,0.02550336,0.01292227,0.03294585,0.8948738,0.010671911
5,4,melanocytic nevi,melanoma,0.015717132,0.012117836,0.029115126,0.005321887,0.49730587,0.43345046,0.0069717583
5,5,melanocytic nevi,melanocytic nevi,0.008043735,0.004491129,0.02649031,0.007514666,0.027425976,0.9222171,0.003817159
5,5,melanocytic nevi,melanocytic nevi,0.020224769,0.010592027,0.08290837,0.011681192,0.21761577,0.65347195,0.0035058449
5,4,melanocytic nevi,melanoma,0.011972127,0.0047419546,0.15689403,0.004462897,0.46858245,0.35121372,0.0021328542
2,5,benign keratosis-like lesions,melanocytic nevi,0.05701299,0.03995655,0.16367942,0.03066181,0.25030765,0.44440523,0.013976418
3,0,dermatofibroma,actinic keratoses and intraepithelial carcinoma,0.393342,0.17145887,0.16142954,0.05364193,0.12840351,0.081751436,0.009972667
2,2,benign keratosis-like lesions,benign keratosis-like lesions,0.09501526,0.11616405,0.44829285,0.051116396,0.090694144,0.19492409,0.0037932305
5,5,melanocytic nevi,melanocytic nevi,0.0052238335,0.0058479556,0.014512682,0.009478672,0.0132352235,0.93017143,0.021530205
5,0,melanocytic nevi,actinic keratoses and intraepithelial carcinoma,0.36541653,0.14763853,0.0756803,0.05535481,0.20863794,0.13182297,0.015448916
5,5,melanocytic nevi,melanocytic nevi,0.004718207,0.0045354175,0.018627286,0.0069120754,0.02408714,0.9367101,0.004409855
5,1,melanocytic nevi,basal cell carcinoma,0.1146406,0.26630577,0.09909589,0.0744133,0.067076154,0.21192558,0.16654265
0,0,actinic keratoses and intraepithelial carcinoma,actinic keratoses and intraepithelial carcinoma,0.5073023,0.12805635,0.22202796,0.03395792,0.082249075,0.021505846,0.0049004853
5,5,melanocytic nevi,melanocytic nevi,0.0030220433,0.008176128,0.05697553,0.0062972475,0.06366549,0.8438857,0.017977826
5,4,melanocytic nevi,melanoma,0.077129476,0.019042714,0.11999261,0.015485601,0.4914269,0.27496022,0.0019624783
5,1,melanocytic nevi,basal cell carcinoma,0.13442728,0.39861286,0.15079893,0.06517754,0.072840005,0.1337458,0.04439751
4,5,melanoma,melanocytic nevi,0.034465853,0.017586807,0.08140638,0.014818493,0.36798894,0.4804586,0.0032749511
5,5,melanocytic nevi,melanocytic nevi,0.007729539,0.019752033,0.046503294,0.013258004,0.14736219,0.7271431,0.038251847
4,5,melanoma,melanocytic nevi,0.041038968,0.0155735575,0.07695601,0.01557006,0.26556095,0.5795814,0.005719092
5,5,melanocytic nevi,melanocytic nevi,0.054728966,0.11004074,0.062757336,0.06474681,0.0337017,0.49768925,0.17633526
5,5,melanocytic nevi,melanocytic nevi,0.007742964,0.004288582,0.023165572,0.0075469255,0.022202529,0.92976916,0.00528428
5,5,melanocytic nevi,melanocytic nevi,0.0056189164,0.004639974,0.020911079,0.0072507057,0.019403322,0.9376259,0.0045501045
1,1,basal cell carcinoma,basal cell carcinoma,0.22529243,0.32519212,0.17179433,0.070508465,0.076856114,0.096470706,0.03388583
3,5,dermatofibroma,melanocytic nevi,0.035948575,0.049121797,0.042128768,0.046459787,0.03189321,0.68813825,0.106309585
4,1,melanoma,basal cell carcinoma,0.14790404,0.31878614,0.21223542,0.06605212,0.09889832,0.13920419,0.016919741
5,5,melanocytic nevi,melanocytic nevi,0.015175736,0.009391094,0.029152764,0.01590965,0.021537438,0.89091593,0.017917296
5,4,melanocytic nevi,melanoma,0.023406161,0.005909756,0.15078492,0.0045335027,0.58519894,0.22841665,0.0017499852
4,4,melanoma,melanoma,0.028572602,0.009359795,0.13572752,0.008512719,0.49838448,0.31597665,0.0034662585
5,5,melanocytic nevi,melanocytic nevi,0.023832541,0.018680539,0.04540486,0.025916958,0.024453346,0.8343371,0.027374672
5,5,melanocytic nevi,melanocytic nevi,0.0013103433,0.0005392315,0.012151487,0.0011677928,0.03225071,0.95219076,0.00038962447
5,5,melanocytic nevi,melanocytic nevi,0.0037411924,0.003856584,0.0116382595,0.006399852,0.020079806,0.9436651,0.0106192045
5,5,melanocytic nevi,melanocytic nevi,0.0071323053,0.0045651323,0.05568144,0.0048454246,0.27564555,0.6490261,0.0031040083
5,5,melanocytic nevi,melanocytic nevi,0.015328147,0.0057142912,0.03857804,0.008959839,0.03932864,0.8897169,0.002374097
5,1,melanocytic nevi,basal cell carcinoma,0.082904056,0.26571995,0.24830018,0.06214851,0.061009303,0.25220868,0.02770931
5,5,melanocytic nevi,melanocytic nevi,0.012491481,0.005913687,0.047524888,0.0096844155,0.053967405,0.86656195,0.0038563039
5,5,melanocytic nevi,melanocytic nevi,0.034787335,0.038433664,0.06003616,0.044834983,0.02970486,0.71911407,0.073088914
4,4,melanoma,melanoma,0.16354552,0.05912692,0.27372652,0.017254958,0.3768623,0.10617546,0.0033083567
5,5,melanocytic nevi,melanocytic nevi,0.0066568158,0.0019455316,0.047100317,0.001989514,0.46847528,0.47310907,0.0007234903
5,5,melanocytic nevi,melanocytic nevi,0.02306164,0.013434304,0.04172801,0.016927818,0.08903945,0.8020208,0.013788
5,5,melanocytic nevi,melanocytic nevi,0.17350046,0.112572275,0.059375472,0.07015689,0.15233907,0.3992031,0.032852735
5,5,melanocytic nevi,melanocytic nevi,0.006806228,0.13529103,0.045082755,0.034531355,0.028022008,0.65606034,0.09420629
5,5,melanocytic nevi,melanocytic nevi,0.028325481,0.035840552,0.063235305,0.032372564,0.051412497,0.75609785,0.032715745
1,2,basal cell carcinoma,benign keratosis-like lesions,0.11422857,0.17143455,0.45635068,0.051753834,0.07447062,0.12242818,0.009333564
5,5,melanocytic nevi,melanocytic nevi,0.028988665,0.04174017,0.12864345,0.015849069,0.23628114,0.5328952,0.015602314
5,5,melanocytic nevi,melanocytic nevi,0.09374053,0.12287938,0.08714779,0.05697816,0.1987541,0.4018158,0.03868422
5,5,melanocytic nevi,melanocytic nevi,0.043008845,0.15217587,0.060979724,0.055029612,0.05204191,0.44271654,0.19404744
4,5,melanoma,melanocytic nevi,0.027846765,0.024693822,0.049617186,0.015945917,0.27940437,0.5916003,0.010891717
5,5,melanocytic nevi,melanocytic nevi,0.024427773,0.06913057,0.10266127,0.035988588,0.06270763,0.5758792,0.12920491
5,0,melanocytic nevi,actinic keratoses and intraepithelial carcinoma,0.282385,0.23285471,0.19807924,0.055213723,0.10958823,0.10611816,0.015761012
5,5,melanocytic nevi,melanocytic nevi,0.010430658,0.01040441,0.024683125,0.01381636,0.025910309,0.8991009,0.015654173
4,4,melanoma,melanoma,0.05450445,0.011966588,0.0997456,0.005007524,0.7241806,0.10254001,0.0020553053
5,1,melanocytic nevi,basal cell carcinoma,0.119845055,0.29653215,0.13229537,0.09615356,0.11232856,0.22036248,0.022482844
5,5,melanocytic nevi,melanocytic nevi,0.05137485,0.1320287,0.07291574,0.047036164,0.119285285,0.46801943,0.109339885
5,5,melanocytic nevi,melanocytic nevi,0.081098415,0.038518086,0.12357791,0.043213278,0.045567263,0.6611559,0.006869257
5,2,melanocytic nevi,benign keratosis-like lesions,0.15416346,0.21262187,0.26391965,0.059698228,0.1259224,0.16005069,0.023623707
2,2,benign keratosis-like lesions,benign keratosis-like lesions,0.047611307,0.04989458,0.33978152,0.019308815,0.20615408,0.3310271,0.006222568
5,5,melanocytic nevi,melanocytic nevi,0.030657843,0.048957523,0.050990578,0.028843476,0.13685866,0.6099803,0.0937116
5,5,melanocytic nevi,melanocytic nevi,0.0010080719,0.0007138586,0.0077484925,0.0014845243,0.012645527,0.97532946,0.0010700697
5,5,melanocytic nevi,melanocytic nevi,0.022038,0.03829839,0.27974483,0.014746318,0.17006114,0.46727762,0.007833704
5,5,melanocytic nevi,melanocytic nevi,0.02351999,0.040104393,0.06361875,0.021680662,0.14044982,0.6683536,0.042272802
5,5,melanocytic nevi,melanocytic nevi,0.013382543,0.015609856,0.029869553,0.022072438,0.020081732,0.84099287,0.057991
3,1,dermatofibroma,basal cell carcinoma,0.17599729,0.28915134,0.11944185,0.09634367,0.042633023,0.21714295,0.059289843
5,5,melanocytic nevi,melanocytic nevi,0.009512408,0.005757134,0.027858414,0.009814902,0.022347642,0.918428,0.006281453
5,5,melanocytic nevi,melanocytic nevi,0.014569299,0.0074945083,0.10068211,0.009951874,0.31290835,0.55287504,0.0015188585
1,1,basal cell carcinoma,basal cell carcinoma,0.15215993,0.29751462,0.114856444,0.09887661,0.04237275,0.19668052,0.09753911
5,5,melanocytic nevi,melanocytic nevi,0.047806285,0.021268798,0.13677047,0.024615943,0.14688194,0.6196383,0.0030182954
5,5,melanocytic nevi,melanocytic nevi,0.0031371915,0.0015030212,0.012640376,0.0026192165,0.026864078,0.9525069,0.0007292019
5,5,melanocytic nevi,melanocytic nevi,0.028710179,0.024854433,0.053903446,0.02369696,0.1258854,0.7043235,0.03862616
2,0,benign keratosis-like lesions,actinic keratoses and intraepithelial carcinoma,0.31533042,0.20712924,0.1099087,0.103272684,0.05839565,0.16754967,0.03841362
5,5,melanocytic nevi,melanocytic nevi,0.014151208,0.016421631,0.023102215,0.02338602,0.016024565,0.830211,0.07670339
4,4,melanoma,melanoma,0.047342908,0.053088535,0.18617275,0.034079775,0.34469965,0.2793804,0.05523597
5,5,melanocytic nevi,melanocytic nevi,0.013955293,0.033995185,0.02815452,0.039182752,0.03550153,0.6803097,0.16890101
5,5,melanocytic nevi,melanocytic nevi,0.036979526,0.05273926,0.055533443,0.02812059,0.14984617,0.6372256,0.039555408
5,5,melanocytic nevi,melanocytic nevi,0.00022730583,0.00011160991,0.003746768,0.00026216314,0.021543998,0.9739536,0.00015460253
5,5,melanocytic nevi,melanocytic nevi,0.0038879088,0.0027600308,0.015089333,0.0054604257,0.014943286,0.9524982,0.005360802
4,5,melanoma,melanocytic nevi,0.0023336941,0.009156915,0.09628629,0.0046875626,0.10772815,0.7711694,0.008637952
5,5,melanocytic nevi,melanocytic nevi,0.07213428,0.10312192,0.07991762,0.07854913,0.03112935,0.47003493,0.16511278
2,2,benign keratosis-like lesions,benign keratosis-like lesions,0.062338278,0.013866996,0.45938158,0.017042551,0.21754888,0.22924608,0.00057560834
4,4,melanoma,melanoma,0.015678464,0.013324146,0.1769236,0.0098312115,0.4345371,0.33378917,0.01591627
5,5,melanocytic nevi,melanocytic nevi,0.012252629,0.010031315,0.0380177,0.014356914,0.03231689,0.88157994,0.011444605
4,5,melanoma,melanocytic nevi,0.009711544,0.005700632,0.038249757,0.009133263,0.11755575,0.81439173,0.0052572503
2,2,benign keratosis-like lesions,benign keratosis-like lesions,0.055453356,0.05770739,0.32463956,0.015713483,0.2973628,0.23082237,0.01830103
1,2,basal cell carcinoma,benign keratosis-like lesions,0.070384234,0.20919605,0.3049723,0.06028494,0.069957085,0.2543983,0.03080716
5,5,melanocytic nevi,melanocytic nevi,0.05382657,0.03167385,0.05624177,0.019483378,0.40610486,0.41251296,0.020156523
5,2,melanocytic nevi,benign keratosis-like lesions,0.16663133,0.11300104,0.29971996,0.043321203,0.2254461,0.1376496,0.014230786
5,5,melanocytic nevi,melanocytic nevi,0.0048472947,0.00211985,0.022469256,0.003935713,0.038535964,0.9262993,0.0017927133
5,5,melanocytic nevi,melanocytic nevi,0.005949347,0.0034186651,0.023401558,0.005946432,0.025368387,0.9324446,0.0034709582
4,4,melanoma,melanoma,0.02289127,0.005209433,0.091614656,0.0054153316,0.48416686,0.3898861,0.00081633445
5,5,melanocytic nevi,melanocytic nevi,0.02610932,0.040496815,0.056765754,0.022005618,0.21161962,0.5912011,0.051801722
2,0,benign keratosis-like lesions,actinic keratoses and intraepithelial carcinoma,0.34711933,0.1275893,0.19649439,0.08416932,0.09963059,0.1409,0.0040971003
4,4,melanoma,melanoma,0.087799564,0.07929821,0.07555701,0.027361872,0.48519197,0.22073667,0.02405467
5,5,melanocytic nevi,melanocytic nevi,0.0010069346,0.0009060969,0.004990334,0.0020726668,0.006074073,0.9829002,0.0020496848
5,5,melanocytic nevi,melanocytic nevi,0.025510533,0.01447007,0.0616941,0.019447373,0.038355622,0.83428526,0.0062370705
2,5,benign keratosis-like lesions,melanocytic nevi,0.02628083,0.016291698,0.3427866,0.012850588,0.24979314,0.34676692,0.0052302997
5,5,melanocytic nevi,melanocytic nevi,0.0072654197,0.10063519,0.054398812,0.029846,0.044861626,0.69400615,0.06898682
2,2,benign keratosis-like lesions,benign keratosis-like lesions,0.28263834,0.12264814,0.31361598,0.04991625,0.14652051,0.07455744,0.010103342
5,5,melanocytic nevi,melanocytic nevi,0.014387739,0.01607726,0.040658567,0.011540626,0.19879626,0.703719,0.014820508
5,5,melanocytic nevi,melanocytic nevi,0.001694834,0.0017845269,0.008147867,0.0030030194,0.021927513,0.9587733,0.0046690106
5,5,melanocytic nevi,melanocytic nevi,0.014583522,0.0047777053,0.0830519,0.005487836,0.3887663,0.49886703,0.0044656866
5,5,melanocytic nevi,melanocytic nevi,0.010511441,0.009877025,0.03277455,0.014014428,0.02283716,0.8966086,0.013376818
5,5,melanocytic nevi,melanocytic nevi,0.018714549,0.018598968,0.04238439,0.00859253,0.44500506,0.45778146,0.008923082
5,5,melanocytic nevi,melanocytic nevi,0.0018884786,0.0010461037,0.010914323,0.0023823436,0.0138604455,0.9681112,0.0017970862
5,5,melanocytic nevi,melanocytic nevi,0.0060338117,0.0054386375,0.017665632,0.009675796,0.013826432,0.93109727,0.016262366
5,5,melanocytic nevi,melanocytic nevi,0.0025336188,0.0008561004,0.014603445,0.0023044948,0.021242203,0.95775026,0.000709961
4,5,melanoma,melanocytic nevi,0.016577013,0.033825632,0.061408155,0.017002847,0.14303957,0.69403994,0.03410689
5,5,melanocytic nevi,melanocytic nevi,0.08824662,0.19971305,0.13378905,0.09336309,0.0629902,0.37045604,0.051441975
5,5,melanocytic nevi,melanocytic nevi,0.0068544033,0.008898501,0.013327204,0.014017551,0.009878454,0.890469,0.05655487
5,5,melanocytic nevi,melanocytic nevi,0.017977389,0.08171186,0.08002138,0.041389253,0.09203527,0.59382814,0.093036726
4,2,melanoma,benign keratosis-like lesions,0.26680115,0.1738903,0.32140467,0.085325174,0.06632446,0.080746815,0.005507402
2,2,benign keratosis-like lesions,benign keratosis-like lesions,0.21020974,0.085971326,0.5162295,0.027844641,0.117010444,0.038993128,0.0037412483
5,5,melanocytic nevi,melanocytic nevi,0.020847272,0.02215693,0.047936693,0.02755112,0.029316563,0.81703806,0.035153456
1,5,basal cell carcinoma,melanocytic nevi,0.07925177,0.19305037,0.07459333,0.05625664,0.13766363,0.35119024,0.107994005
5,5,melanocytic nevi,melanocytic nevi,0.027300363,0.055001985,0.09624745,0.022237804,0.27582645,0.46655267,0.056833275
2,4,benign keratosis-like lesions,melanoma,0.1835946,0.039484076,0.24818395,0.022101728,0.38523406,0.11933249,0.002069071
5,0,melanocytic nevi,actinic keratoses and intraepithelial carcinoma,0.25793225,0.18253277,0.16800335,0.06898008,0.12142084,0.15281326,0.048317496
2,2,benign keratosis-like lesions,benign keratosis-like lesions,0.073401175,0.2227275,0.32968706,0.06431006,0.05425787,0.24426295,0.0113534
5,5,melanocytic nevi,melanocytic nevi,0.0079464065,0.0075560687,0.06500597,0.0050158375,0.31991452,0.5887869,0.0057743206
5,5,melanocytic nevi,melanocytic nevi,0.0070162397,0.0032004453,0.031202478,0.0053789904,0.097810835,0.8530001,0.0023908804
0,0,actinic keratoses and intraepithelial carcinoma,actinic keratoses and intraepithelial carcinoma,0.33901897,0.2243353,0.21488585,0.066027276,0.08996269,0.048981234,0.016788667
1,1,basal cell carcinoma,basal cell carcinoma,0.115103886,0.39306593,0.0923827,0.07993955,0.0830472,0.18453169,0.05192902
4,4,melanoma,melanoma,0.020614978,0.0034019824,0.07800094,0.0042359857,0.6341966,0.25860205,0.0009474699
5,5,melanocytic nevi,melanocytic nevi,0.04323978,0.015071361,0.060591348,0.026608635,0.019008415,0.82781893,0.007661508
5,5,melanocytic nevi,melanocytic nevi,0.0055832253,0.0028997243,0.017421857,0.006036045,0.014494565,0.94921887,0.0043456354
5,5,melanocytic nevi,melanocytic nevi,0.0011791056,0.0009863826,0.007569135,0.0019890647,0.016750906,0.96880454,0.0027208263
5,5,melanocytic nevi,melanocytic nevi,0.0027044548,0.001909493,0.010269021,0.0036601757,0.020983972,0.955859,0.004613771
6,5,vascular lesions,melanocytic nevi,0.021938082,0.035484303,0.11467036,0.024467818,0.16784705,0.6112937,0.0242987
5,5,melanocytic nevi,melanocytic nevi,0.0047730883,0.003337179,0.0156559,0.0066694366,0.013927667,0.9484498,0.007186931
4,4,melanoma,melanoma,0.08726927,0.035878718,0.18641202,0.025192738,0.46434984,0.195927,0.004970501
2,2,benign keratosis-like lesions,benign keratosis-like lesions,0.117495425,0.16715325,0.39219174,0.038236566,0.12335681,0.15156507,0.010001041
1,4,basal cell carcinoma,melanoma,0.11645357,0.13329652,0.15225965,0.039331738,0.30515236,0.23579118,0.017714994
5,5,melanocytic nevi,melanocytic nevi,0.0050863707,0.004094403,0.014553615,0.0067492323,0.0196281,0.9410708,0.008817479
5,5,melanocytic nevi,melanocytic nevi,0.0068504624,0.006351468,0.017217815,0.010659052,0.0125975255,0.9293786,0.016944971
2,2,benign keratosis-like lesions,benign keratosis-like lesions,0.33932373,0.13598709,0.3491102,0.03636288,0.09809252,0.034377772,0.0067458134
5,1,melanocytic nevi,basal cell carcinoma,0.11347153,0.37795857,0.14526214,0.11553969,0.026312282,0.17303671,0.04841908
5,5,melanocytic nevi,melanocytic nevi,0.06897397,0.0463344,0.11877328,0.05203381,0.045046,0.6511089,0.017729593
5,5,melanocytic nevi,melanocytic nevi,0.010578164,0.011040406,0.15304026,0.00902327,0.23369816,0.5773246,0.00529512
5,5,melanocytic nevi,melanocytic nevi,0.0005738748,0.00026367747,0.007582571,0.000668116,0.010568777,0.9800045,0.00033853238
2,1,benign keratosis-like lesions,basal cell carcinoma,0.056833412,0.34622154,0.08360523,0.08729427,0.031060925,0.25870863,0.13627604
2,2,benign keratosis-like lesions,benign keratosis-like lesions,0.092565894,0.13662699,0.47070828,0.025031256,0.11080182,0.1571467,0.0071190726
0,0,actinic keratoses and intraepithelial carcinoma,actinic keratoses and intraepithelial carcinoma,0.42766404,0.043218832,0.084080055,0.01652748,0.38964385,0.03699063,0.0018751464
5,5,melanocytic nevi,melanocytic nevi,0.038379427,0.035000183,0.05172963,0.040812783,0.02436809,0.7654715,0.044238318
4,5,melanoma,melanocytic nevi,0.003772305,0.0016246384,0.068969175,0.001819552,0.38758647,0.5337786,0.0024492664
2,2,benign keratosis-like lesions,benign keratosis-like lesions,0.05732268,0.021248827,0.38548428,0.01348572,0.3407071,0.1785836,0.0031677983
5,4,melanocytic nevi,melanoma,0.006263363,0.0036863345,0.15009402,0.0020847195,0.5080032,0.32846177,0.001406598
4,5,melanoma,melanocytic nevi,0.021745915,0.049757168,0.12883142,0.01654079,0.2066983,0.5588478,0.017578693
5,5,melanocytic nevi,melanocytic nevi,0.031127883,0.18185754,0.041746847,0.057807773,0.026677407,0.33784825,0.32293433
5,5,melanocytic nevi,melanocytic nevi,0.2177821,0.062235214,0.19893095,0.069678664,0.045090277,0.39856064,0.007722219
5,5,melanocytic nevi,melanocytic nevi,0.018294672,0.011422174,0.1784839,0.006859305,0.28623044,0.49743095,0.0012785357
5,5,melanocytic nevi,melanocytic nevi,0.0058692484,0.0038521362,0.022833226,0.0064858263,0.029362815,0.92631096,0.005285768
0,5,actinic keratoses and intraepithelial carcinoma,melanocytic nevi,0.13308547,0.14839476,0.045073677,0.0666161,0.08530035,0.270141,0.2513886
5,5,melanocytic nevi,melanocytic nevi,0.007946966,0.052121896,0.043520797,0.01910144,0.041535325,0.74041927,0.09535427
5,5,melanocytic nevi,melanocytic nevi,0.0074163014,0.009364526,0.08035887,0.008362633,0.21753237,0.6636022,0.013363233
5,5,melanocytic nevi,melanocytic nevi,0.025502207,0.19911475,0.07036186,0.04381743,0.039905585,0.52002114,0.10127705
5,5,melanocytic nevi,melanocytic nevi,0.008357079,0.0055336305,0.058562778,0.0048033567,0.24799405,0.67202073,0.0027283393
2,5,benign keratosis-like lesions,melanocytic nevi,0.028050741,0.019477073,0.10226706,0.023501806,0.1402998,0.64751786,0.038885728
5,5,melanocytic nevi,melanocytic nevi,0.0055754543,0.0015458466,0.019072985,0.0031834748,0.025207449,0.94465125,0.0007635365
5,5,melanocytic nevi,melanocytic nevi,0.108673714,0.19468194,0.21748403,0.057483405,0.115729295,0.2750719,0.030875733
5,5,melanocytic nevi,melanocytic nevi,0.007441939,0.0036896544,0.024921563,0.006584025,0.031362254,0.9220192,0.003981394
5,5,melanocytic nevi,melanocytic nevi,0.0051440457,0.0039238473,0.019569349,0.006773098,0.020903444,0.93809354,0.005592679
4,4,melanoma,melanoma,0.08631207,0.031587154,0.06144249,0.015006823,0.5704586,0.22960399,0.00558889
4,5,melanoma,melanocytic nevi,0.041506663,0.019483833,0.03132354,0.020521116,0.080353856,0.78010696,0.026703937
5,4,melanocytic nevi,melanoma,0.26633886,0.09725114,0.15210888,0.028653301,0.36425287,0.08507125,0.0063237804
5,5,melanocytic nevi,melanocytic nevi,0.07201717,0.09825179,0.11641882,0.067455366,0.06735591,0.5377592,0.04074178
5,5,melanocytic nevi,melanocytic nevi,0.0035692705,0.0025244916,0.016165785,0.0045480086,0.01754059,0.95173883,0.003913008
1,1,basal cell carcinoma,basal cell carcinoma,0.11397664,0.40518185,0.19079573,0.08932082,0.037402466,0.12668975,0.036632683
0,2,actinic keratoses and intraepithelial carcinoma,benign keratosis-like lesions,0.24357402,0.12575552,0.24431813,0.040772896,0.21149622,0.12291318,0.0111700995
5,5,melanocytic nevi,melanocytic nevi,0.02126687,0.04196584,0.11198604,0.025074415,0.19399762,0.46407816,0.14163108
5,2,melanocytic nevi,benign keratosis-like lesions,0.20469366,0.0943891,0.24167971,0.048003085,0.21975619,0.18519738,0.006280896
6,6,vascular lesions,vascular lesions,0.02667285,0.10916019,0.022362137,0.045720454,0.0148978755,0.20621966,0.57496685
5,5,melanocytic nevi,melanocytic nevi,0.010642443,0.0071109612,0.025184672,0.011358723,0.02862697,0.90626854,0.010807675
5,5,melanocytic nevi,melanocytic nevi,0.014119941,0.011652197,0.07457855,0.013456982,0.1189504,0.74752456,0.019717388
2,2,benign keratosis-like lesions,benign keratosis-like lesions,0.15359648,0.23727375,0.2759864,0.04323065,0.12901859,0.14227939,0.018614782
2,5,benign keratosis-like lesions,melanocytic nevi,0.03197418,0.027418563,0.31752306,0.016129497,0.18482994,0.4200062,0.0021185584
5,5,melanocytic nevi,melanocytic nevi,0.0037129538,0.0015095553,0.017589161,0.0030742318,0.025968658,0.9465987,0.0015468877
5,5,melanocytic nevi,melanocytic nevi,0.042203274,0.052835207,0.06752769,0.048023783,0.022822753,0.7062497,0.060337573
5,5,melanocytic nevi,melanocytic nevi,0.0037501783,0.0027204815,0.010821758,0.006112217,0.008728727,0.95947355,0.008393046
5,5,melanocytic nevi,melanocytic nevi,0.012922912,0.010349367,0.022956975,0.01526167,0.014123787,0.9134356,0.010949671
5,0,melanocytic nevi,actinic keratoses and intraepithelial carcinoma,0.24408102,0.178415,0.20018327,0.05015701,0.19837399,0.10882966,0.019960022
5,5,melanocytic nevi,melanocytic nevi,0.007928538,0.004971655,0.026461145,0.006415526,0.079956375,0.87084025,0.003426517
5,5,melanocytic nevi,melanocytic nevi,0.010235678,0.004291535,0.0919803,0.00486601,0.39339232,0.49208745,0.0031466815
5,5,melanocytic nevi,melanocytic nevi,0.0044486756,0.0028105986,0.030663664,0.0024466037,0.4416687,0.5137179,0.004243881
5,5,melanocytic nevi,melanocytic nevi,0.0066173016,0.0056544323,0.017056204,0.009483861,0.014828401,0.931558,0.014801811
5,5,melanocytic nevi,melanocytic nevi,0.0078034876,0.0047161086,0.026855392,0.006974009,0.02560436,0.9254988,0.0025478425
5,5,melanocytic nevi,melanocytic nevi,0.016058078,0.004934408,0.065567,0.006863289,0.25940087,0.6460205,0.0011558762
4,2,melanoma,benign keratosis-like lesions,0.20457557,0.21109252,0.33068818,0.041062225,0.115875416,0.08911278,0.0075933225
2,2,benign keratosis-like lesions,benign keratosis-like lesions,0.1937914,0.085969225,0.32130972,0.02939325,0.25798312,0.103593625,0.007959664
5,5,melanocytic nevi,melanocytic nevi,0.0072527938,0.0028725308,0.022003764,0.004770638,0.038834315,0.9220273,0.0022387684
4,4,melanoma,melanoma,0.07206305,0.012034542,0.12474696,0.011060366,0.5549051,0.22421212,0.0009778412
5,1,melanocytic nevi,basal cell carcinoma,0.09884263,0.32036164,0.09022967,0.08199332,0.046722148,0.24334104,0.11850951
5,5,melanocytic nevi,melanocytic nevi,0.0003914215,0.00016892636,0.004453334,0.0004355719,0.008807744,0.9855409,0.00020209799
5,5,melanocytic nevi,melanocytic nevi,0.003701704,0.0022241839,0.011858689,0.0039869226,0.016604513,0.9583661,0.0032579377
5,5,melanocytic nevi,melanocytic nevi,0.014637248,0.008722397,0.039389793,0.011698887,0.05512864,0.86548036,0.0049426206
4,5,melanoma,melanocytic nevi,0.007697332,0.0075088628,0.14947748,0.0043325354,0.39326912,0.43353194,0.0041827685
5,5,melanocytic nevi,melanocytic nevi,0.0019420206,0.0013304877,0.011469418,0.0020207544,0.0642942,0.91750705,0.0014362
0,5,actinic keratoses and intraepithelial carcinoma,melanocytic nevi,0.056438763,0.05065804,0.05431869,0.047311015,0.047804795,0.6748003,0.06866844
5,5,melanocytic nevi,melanocytic nevi,0.0062797014,0.0018434897,0.039448686,0.0034929297,0.07581491,0.8725249,0.00059528806
5,5,melanocytic nevi,melanocytic nevi,0.010556447,0.007530516,0.018440077,0.01004065,0.041658293,0.8964299,0.015344218
5,5,melanocytic nevi,melanocytic nevi,0.009206803,0.007724628,0.030001793,0.0113432165,0.022495437,0.91154486,0.0076832604
4,2,melanoma,benign keratosis-like lesions,0.34005302,0.098930106,0.39269313,0.025468044,0.11020411,0.02854548,0.0041060266
1,1,basal cell carcinoma,basal cell carcinoma,0.19258161,0.25338855,0.09873288,0.07222217,0.1517171,0.20468208,0.02667565
5,5,melanocytic nevi,melanocytic nevi,0.017157635,0.017704263,0.038956136,0.0140387975,0.20118292,0.67964536,0.031314876
2,1,benign keratosis-like lesions,basal cell carcinoma,0.21232247,0.28506932,0.13749173,0.08828022,0.0706801,0.16707717,0.039079018
5,5,melanocytic nevi,melanocytic nevi,0.038360443,0.027480964,0.062369164,0.032602403,0.033609014,0.78092813,0.024649942
5,5,melanocytic nevi,melanocytic nevi,0.0018308593,0.0006329863,0.013404867,0.0014088474,0.02930993,0.95294356,0.00046897828
5,5,melanocytic nevi,melanocytic nevi,0.010284023,0.005420913,0.15626957,0.006043208,0.25830775,0.5619007,0.0017738631
4,5,melanoma,melanocytic nevi,0.014066894,0.012804321,0.04500737,0.009151957,0.20247036,0.7100252,0.0064739157
5,5,melanocytic nevi,melanocytic nevi,0.011099735,0.004209667,0.029901903,0.00665002,0.040388957,0.90554625,0.0022034529
5,5,melanocytic nevi,melanocytic nevi,0.0023278662,0.0009318548,0.010499632,0.0022990624,0.013335335,0.97009045,0.00051568105
5,5,melanocytic nevi,melanocytic nevi,0.0011459222,0.00036316251,0.009310127,0.00089533476,0.021501394,0.96643007,0.00035393346
2,2,benign keratosis-like lesions,benign keratosis-like lesions,0.14364132,0.12530132,0.49670708,0.028916761,0.12387733,0.07521274,0.0063434476
5,5,melanocytic nevi,melanocytic nevi,0.009446554,0.009516399,0.022029448,0.01469091,0.014935554,0.90102,0.028361121
1,0,basal cell carcinoma,actinic keratoses and intraepithelial carcinoma,0.4119667,0.11893282,0.29699188,0.022678178,0.120107315,0.025087114,0.0042359484
4,5,melanoma,melanocytic nevi,0.027086161,0.011613085,0.070222676,0.011563534,0.2833508,0.59184164,0.004322072
2,5,benign keratosis-like lesions,melanocytic nevi,0.035778698,0.11994593,0.16943157,0.028438028,0.09083801,0.5251896,0.030378208
5,5,melanocytic nevi,melanocytic nevi,0.04520419,0.24037859,0.24753372,0.053175267,0.06995106,0.31351382,0.03024334
5,5,melanocytic nevi,melanocytic nevi,0.0319327,0.06147327,0.09428768,0.02781418,0.111937426,0.63495225,0.03760251
4,5,melanoma,melanocytic nevi,0.007161787,0.003131874,0.040788878,0.0031174084,0.44097483,0.5021451,0.002680058
5,5,melanocytic nevi,melanocytic nevi,0.014601119,0.016412348,0.034822546,0.021827707,0.02459077,0.8506372,0.03710843
5,5,melanocytic nevi,melanocytic nevi,0.009975369,0.010285399,0.024497908,0.011702575,0.02199963,0.9097024,0.011836705
0,0,actinic keratoses and intraepithelial carcinoma,actinic keratoses and intraepithelial carcinoma,0.23993337,0.11587703,0.2346864,0.04245512,0.23329428,0.12567312,0.00808074
5,5,melanocytic nevi,melanocytic nevi,0.008473535,0.00637532,0.024953086,0.011565845,0.016734246,0.9213264,0.010571555
5,5,melanocytic nevi,melanocytic nevi,0.0150367115,0.016280595,0.0264415,0.024079971,0.016138062,0.8388157,0.06320748
5,5,melanocytic nevi,melanocytic nevi,0.018241396,0.028521286,0.037912086,0.025324583,0.049448565,0.7672726,0.073279545
1,0,basal cell carcinoma,actinic keratoses and intraepithelial carcinoma,0.45773593,0.055915177,0.17528728,0.034587845,0.23865183,0.03676032,0.0010616124
5,5,melanocytic nevi,melanocytic nevi,0.0007582929,0.0006157028,0.006377111,0.0014235536,0.0068075727,0.9827355,0.0012822832
5,4,melanocytic nevi,melanoma,0.008721917,0.0040754434,0.08162002,0.0023342494,0.5994554,0.3023524,0.0014404592
4,5,melanoma,melanocytic nevi,0.014348263,0.007745591,0.046783965,0.0060338485,0.37258694,0.54839,0.0041113966
5,4,melanocytic nevi,melanoma,0.0051576775,0.0037496323,0.09586063,0.002342308,0.6031187,0.28103536,0.008735614
5,5,melanocytic nevi,melanocytic nevi,0.17019789,0.17087543,0.106432706,0.07286029,0.14235212,0.3067855,0.030496087
5,5,melanocytic nevi,melanocytic nevi,0.0086848065,0.009345215,0.024808072,0.013930063,0.019525573,0.90163475,0.022071501
5,5,melanocytic nevi,melanocytic nevi,0.006283324,0.004848822,0.019846162,0.007845236,0.032206547,0.9198653,0.009104622
5,4,melanocytic nevi,melanoma,0.123046204,0.14387801,0.101583466,0.041846678,0.31648862,0.20887719,0.06427985
5,5,melanocytic nevi,melanocytic nevi,0.02158472,0.025090644,0.04240113,0.02873157,0.025130764,0.8177142,0.039346993
5,5,melanocytic nevi,melanocytic nevi,0.05831837,0.025100706,0.085642464,0.034606747,0.038343936,0.7502293,0.0077583697
5,5,melanocytic nevi,melanocytic nevi,0.024195902,0.009726441,0.20999649,0.010251186,0.29247874,0.45140183,0.0019492952
4,5,melanoma,melanocytic nevi,0.02625506,0.030593252,0.079938084,0.016025953,0.19140798,0.6372502,0.018529475
6,2,vascular lesions,benign keratosis-like lesions,0.060348306,0.11316778,0.41931835,0.037497263,0.15892637,0.16870502,0.0420369
5,5,melanocytic nevi,melanocytic nevi,0.0013178391,0.00047899675,0.0120747695,0.0010962656,0.018059973,0.96655977,0.00041247846
4,5,melanoma,melanocytic nevi,0.01180083,0.009101299,0.022884766,0.008482781,0.16223483,0.77692384,0.008571677
5,5,melanocytic nevi,melanocytic nevi,0.016664896,0.008208376,0.04792373,0.013071699,0.051213853,0.8580883,0.0048291157
4,5,melanoma,melanocytic nevi,0.0038854613,0.0021190625,0.07956559,0.0018567841,0.33444914,0.57656777,0.0015561667
5,5,melanocytic nevi,melanocytic nevi,0.016173987,0.018501999,0.028487034,0.018930355,0.097353645,0.7800996,0.04045339
5,5,melanocytic nevi,melanocytic nevi,0.0054391655,0.005592547,0.015946893,0.009162916,0.012201804,0.9388071,0.0128495805
1,1,basal cell carcinoma,basal cell carcinoma,0.09978274,0.33114645,0.09935766,0.08060476,0.03533621,0.261291,0.09248115
2,1,benign keratosis-like lesions,basal cell carcinoma,0.18043691,0.2579186,0.11506942,0.08460691,0.06837198,0.18474749,0.1088487
5,5,melanocytic nevi,melanocytic nevi,0.0049740425,0.002207877,0.019000622,0.0047121006,0.01595032,0.9507302,0.0024249398
2,5,benign keratosis-like lesions,melanocytic nevi,0.034297355,0.181922,0.09497009,0.044254035,0.1677678,0.45499715,0.021791512
0,5,actinic keratoses and intraepithelial carcinoma,melanocytic nevi,0.043867614,0.13965298,0.2663139,0.033921257,0.0816173,0.42165616,0.012970848
5,2,melanocytic nevi,benign keratosis-like lesions,0.14643924,0.20894364,0.3042295,0.059754502,0.08943358,0.1781902,0.0130093265
5,4,melanocytic nevi,melanoma,0.011592143,0.004052112,0.12487955,0.0030133394,0.550269,0.3044259,0.0017679759
2,4,benign keratosis-like lesions,melanoma,0.14399165,0.031528763,0.08877764,0.014621405,0.5937843,0.12471247,0.002583817
5,5,melanocytic nevi,melanocytic nevi,0.0013323302,0.0008963992,0.00799474,0.0020422235,0.008366359,0.977801,0.0015669877
1,5,basal cell carcinoma,melanocytic nevi,0.0713713,0.17432892,0.18485446,0.08785719,0.0521816,0.41116467,0.018241841
5,5,melanocytic nevi,melanocytic nevi,0.020183595,0.008004873,0.04029663,0.014890773,0.020648953,0.8899729,0.006002255
2,2,benign keratosis-like lesions,benign keratosis-like lesions,0.3386341,0.063725956,0.41921157,0.016322332,0.1414426,0.019151125,0.0015122446
5,4,melanocytic nevi,melanoma,0.32846954,0.07126478,0.112603694,0.032068495,0.3782435,0.0724629,0.0048871287
5,5,melanocytic nevi,melanocytic nevi,0.016367398,0.021584561,0.021323534,0.029949343,0.014854832,0.6711134,0.22480696
5,5,melanocytic nevi,melanocytic nevi,0.010344571,0.012492509,0.020357275,0.01793563,0.013629737,0.8786331,0.04660717
5,4,melanocytic nevi,melanoma,0.10259252,0.04726784,0.15810545,0.028476905,0.33447543,0.32585585,0.0032260006
5,5,melanocytic nevi,melanocytic nevi,0.039861698,0.06629583,0.06654067,0.04760018,0.062442623,0.5349612,0.18229772
4,4,melanoma,melanoma,0.05267801,0.054258175,0.088743605,0.021120364,0.39438772,0.31401315,0.074799
5,5,melanocytic nevi,melanocytic nevi,0.008453476,0.007830618,0.12412276,0.006566427,0.16552323,0.68422174,0.0032816606
0,0,actinic keratoses and intraepithelial carcinoma,actinic keratoses and intraepithelial carcinoma,0.47732168,0.10484689,0.17710157,0.039294876,0.16478017,0.029816791,0.0068380698
5,5,melanocytic nevi,melanocytic nevi,0.0034870396,0.0014651333,0.022250421,0.0015194609,0.3849449,0.58523625,0.0010968058
5,5,melanocytic nevi,melanocytic nevi,0.031103982,0.041388277,0.045249168,0.04541124,0.025282271,0.68648714,0.12507784
1,5,basal cell carcinoma,melanocytic nevi,0.042952448,0.15716504,0.22022337,0.05256735,0.085205056,0.40478402,0.0371027
2,2,benign keratosis-like lesions,benign keratosis-like lesions,0.23415102,0.14964299,0.34319055,0.05920561,0.13785733,0.06721856,0.008733965
5,5,melanocytic nevi,melanocytic nevi,0.020617694,0.02448996,0.02896333,0.032830115,0.016291842,0.75871336,0.11809365
5,5,melanocytic nevi,melanocytic nevi,0.030288292,0.19322464,0.09100439,0.04734945,0.04922349,0.3986026,0.19030711
5,4,melanocytic nevi,melanoma,0.28895575,0.042403854,0.16371055,0.018237108,0.41949484,0.064408794,0.0027891982
5,5,melanocytic nevi,melanocytic nevi,0.000485019,0.000290044,0.0045009884,0.0007156777,0.008955942,0.9845024,0.00055003003
4,2,melanoma,benign keratosis-like lesions,0.1634581,0.057478227,0.37986624,0.029360829,0.25861788,0.10769913,0.00351957
5,5,melanocytic nevi,melanocytic nevi,0.016684653,0.0119389305,0.029587967,0.017813614,0.023867158,0.8808221,0.019285511
2,1,benign keratosis-like lesions,basal cell carcinoma,0.19769317,0.34390676,0.15832111,0.0884788,0.046491783,0.14110121,0.02400713
5,1,melanocytic nevi,basal cell carcinoma,0.09846641,0.3399355,0.11442916,0.067609966,0.06207778,0.26753557,0.0499456
4,5,melanoma,melanocytic nevi,0.021520838,0.028057372,0.17172348,0.01725297,0.18429399,0.4910367,0.0861146
5,5,melanocytic nevi,melanocytic nevi,0.01347403,0.020516677,0.043375384,0.02170233,0.05974197,0.8075522,0.03363741
5,5,melanocytic nevi,melanocytic nevi,0.015031203,0.013804994,0.03289967,0.017251452,0.02180734,0.8860789,0.013126531
2,2,benign keratosis-like lesions,benign keratosis-like lesions,0.26547307,0.09486453,0.32720613,0.03679181,0.19985238,0.06952752,0.0062845442
2,2,benign keratosis-like lesions,benign keratosis-like lesions,0.12586215,0.043922823,0.6997854,0.024505205,0.05550183,0.048866633,0.0015559314
5,5,melanocytic nevi,melanocytic nevi,0.021012869,0.012812805,0.04492321,0.019147495,0.030090628,0.86135834,0.010654538
5,5,melanocytic nevi,melanocytic nevi,0.0008818909,0.00062866247,0.007995398,0.0012327069,0.011775738,0.9764637,0.001021852
5,5,melanocytic nevi,melanocytic nevi,0.0060461406,0.0015488211,0.0274306,0.0031668001,0.040816844,0.92036974,0.0006210315
1,1,basal cell carcinoma,basal cell carcinoma,0.13327372,0.2909732,0.101903535,0.10611799,0.02991789,0.225871,0.111942686
5,5,melanocytic nevi,melanocytic nevi,0.012331976,0.06569669,0.057502236,0.028038325,0.06378949,0.59751326,0.17512798
1,5,basal cell carcinoma,melanocytic nevi,0.080887936,0.20964694,0.07478741,0.06551014,0.11295746,0.4146749,0.041535158
5,5,melanocytic nevi,melanocytic nevi,0.01571677,0.008910452,0.21808209,0.0061905207,0.31413582,0.43528888,0.001675412
5,5,melanocytic nevi,melanocytic nevi,0.08123331,0.058034573,0.06799914,0.046256274,0.05250923,0.6846066,0.009360885
5,5,melanocytic nevi,melanocytic nevi,0.004162605,0.0033083896,0.019771134,0.0047619324,0.02217063,0.94344467,0.0023806542
5,5,melanocytic nevi,melanocytic nevi,0.027266268,0.22436394,0.06216991,0.041895986,0.03229644,0.38998136,0.22202617
2,2,benign keratosis-like lesions,benign keratosis-like lesions,0.055810705,0.2410975,0.27751112,0.047164526,0.07214581,0.27558097,0.030689321
4,4,melanoma,melanoma,0.006094563,0.00249686,0.06750938,0.0026353782,0.595791,0.32076326,0.0047096615
5,5,melanocytic nevi,melanocytic nevi,0.013642943,0.0032583482,0.09593291,0.0073633827,0.09282707,0.7863843,0.0005909689
5,5,melanocytic nevi,melanocytic nevi,0.009419112,0.0082690995,0.075403705,0.007048718,0.3542841,0.52831775,0.017257508
0,0,actinic keratoses and intraepithelial carcinoma,actinic keratoses and intraepithelial carcinoma,0.30332574,0.12129325,0.109264076,0.056875095,0.18160592,0.20696366,0.020672277
2,2,benign keratosis-like lesions,benign keratosis-like lesions,0.17678641,0.08128998,0.5374499,0.023105232,0.12202759,0.05642306,0.0029178134
6,5,vascular lesions,melanocytic nevi,0.04995903,0.20912197,0.17140067,0.051719338,0.0658734,0.4041312,0.047794387
5,5,melanocytic nevi,melanocytic nevi,0.041919284,0.015751256,0.03694367,0.021424318,0.031881213,0.83986795,0.012212294
5,5,melanocytic nevi,melanocytic nevi,0.0028189803,0.0020440323,0.016414428,0.0033407682,0.031666964,0.94096947,0.0027454216
4,4,melanoma,melanoma,0.048282277,0.015777076,0.19894509,0.011104666,0.4979597,0.2248234,0.0031078332
5,5,melanocytic nevi,melanocytic nevi,0.008113496,0.0023538677,0.07435905,0.0027259577,0.44584337,0.46578234,0.00082195783
2,5,benign keratosis-like lesions,melanocytic nevi,0.107500866,0.072907574,0.1464777,0.038498558,0.2779726,0.34971198,0.0069307005
2,2,benign keratosis-like lesions,benign keratosis-like lesions,0.17497437,0.15482926,0.42040634,0.042217735,0.11920402,0.07342766,0.014940611
5,5,melanocytic nevi,melanocytic nevi,0.014048423,0.029815175,0.11297457,0.0135924965,0.18818879,0.62497526,0.016405266
5,5,melanocytic nevi,melanocytic nevi,0.01859194,0.024682244,0.091896944,0.016585164,0.17246497,0.6615283,0.014250416
5,5,melanocytic nevi,melanocytic nevi,0.0056147818,0.0016245322,0.02590561,0.0035121683,0.02901999,0.933618,0.00070493406
0,0,actinic keratoses and intraepithelial carcinoma,actinic keratoses and intraepithelial carcinoma,0.50213987,0.15055089,0.15149075,0.04239612,0.11116812,0.034026626,0.008227628
5,5,melanocytic nevi,melanocytic nevi,0.01107108,0.015328026,0.022737365,0.019824052,0.014392435,0.84978074,0.066866264
5,5,melanocytic nevi,melanocytic nevi,0.078056715,0.17865233,0.07768027,0.07418902,0.08026615,0.4112987,0.099856816
5,5,melanocytic nevi,melanocytic nevi,0.10946246,0.15216033,0.2100804,0.043555286,0.13995811,0.312399,0.032384492
4,4,melanoma,melanoma,0.0110111395,0.004140575,0.04026105,0.0035529784,0.57376134,0.36403295,0.0032399404
5,5,melanocytic nevi,melanocytic nevi,0.0032469667,0.0014795538,0.012718065,0.002877682,0.015517965,0.9626461,0.0015137566
1,1,basal cell carcinoma,basal cell carcinoma,0.08083288,0.4201454,0.1515565,0.062006034,0.03563894,0.21250461,0.037315637
5,5,melanocytic nevi,melanocytic nevi,0.027254919,0.012397459,0.073741876,0.015483397,0.095483094,0.7698808,0.005758518
5,5,melanocytic nevi,melanocytic nevi,0.031959377,0.030478856,0.04758623,0.040153876,0.02401636,0.7627494,0.063055865
5,5,melanocytic nevi,melanocytic nevi,0.008623266,0.0076894215,0.028595908,0.01048578,0.027895804,0.9087903,0.007919582
5,5,melanocytic nevi,melanocytic nevi,0.017735885,0.02511762,0.016189136,0.027571043,0.017903013,0.6138411,0.28164226
5,0,melanocytic nevi,actinic keratoses and intraepithelial carcinoma,0.36635152,0.12221937,0.24752143,0.03894003,0.15835766,0.061903685,0.0047062943
6,6,vascular lesions,vascular lesions,0.051571313,0.1325023,0.044408094,0.05677721,0.042652503,0.2910454,0.38104317
4,4,melanoma,melanoma,0.063619494,0.009820055,0.14597109,0.009212758,0.60792816,0.16294149,0.0005069434
1,0,basal cell carcinoma,actinic keratoses and intraepithelial carcinoma,0.227372,0.15474433,0.13127175,0.059274856,0.17153497,0.19087848,0.064923614
4,5,melanoma,melanocytic nevi,0.0030035574,0.0026089426,0.06858212,0.0022622505,0.3701917,0.5480866,0.005264813
4,2,melanoma,benign keratosis-like lesions,0.2977847,0.073163845,0.41621804,0.014927931,0.16853622,0.027407823,0.0019613982
5,5,melanocytic nevi,melanocytic nevi,0.016381681,0.017145112,0.03259218,0.0250869,0.014238,0.8676763,0.026879802
5,5,melanocytic nevi,melanocytic nevi,0.010168121,0.016227024,0.045901805,0.013696227,0.11217796,0.7711634,0.030665502
5,5,melanocytic nevi,melanocytic nevi,0.0035705087,0.0009783272,0.026495501,0.0018241983,0.13302758,0.83384943,0.00025437312
1,5,basal cell carcinoma,melanocytic nevi,0.09529421,0.19908513,0.19905312,0.05451996,0.13436018,0.23067412,0.08701325
5,5,melanocytic nevi,melanocytic nevi,0.023952574,0.121753015,0.057351485,0.03291548,0.14372203,0.5422539,0.078051515
5,5,melanocytic nevi,melanocytic nevi,0.005628413,0.0037726816,0.019523397,0.0049595763,0.10929456,0.85103875,0.00578266
5,5,melanocytic nevi,melanocytic nevi,0.00035156647,0.00039840283,0.0046618874,0.0008041468,0.009222579,0.9836263,0.0009351139
5,5,melanocytic nevi,melanocytic nevi,0.013519741,0.0052678767,0.0443656,0.010764428,0.030969515,0.8915153,0.0035975464
6,5,vascular lesions,melanocytic nevi,0.06684344,0.14977555,0.17242524,0.042200014,0.07506762,0.4593595,0.034328643
5,5,melanocytic nevi,melanocytic nevi,0.0036134324,0.0027286261,0.014107435,0.0046521453,0.01956589,0.9512372,0.0040951897
5,4,melanocytic nevi,melanoma,0.15829608,0.08149581,0.15278122,0.043642014,0.28581807,0.26659572,0.011371038
5,5,melanocytic nevi,melanocytic nevi,0.019705698,0.010860099,0.0724964,0.016958019,0.10185295,0.7651382,0.012988538
5,5,melanocytic nevi,melanocytic nevi,0.0002816457,0.00017121901,0.0028410454,0.0003899838,0.011793271,0.9841335,0.00038941702
5,5,melanocytic nevi,melanocytic nevi,0.054409206,0.065908514,0.16805564,0.028640661,0.22164018,0.43929148,0.022054326
5,5,melanocytic nevi,melanocytic nevi,0.09023031,0.23700134,0.123503834,0.065555565,0.06723626,0.29929242,0.11718025
2,5,benign keratosis-like lesions,melanocytic nevi,0.1448174,0.12059253,0.08088194,0.092948414,0.03533235,0.45769727,0.06773016
1,5,basal cell carcinoma,melanocytic nevi,0.037286542,0.16064097,0.12950483,0.035780437,0.12849633,0.4369186,0.07137224
4,4,melanoma,melanoma,0.023884958,0.020589275,0.06864494,0.013495889,0.45553473,0.40109143,0.016758813
5,5,melanocytic nevi,melanocytic nevi,0.027542453,0.023932662,0.0602402,0.0262493,0.04510687,0.79767126,0.019257227
5,5,melanocytic nevi,melanocytic nevi,0.039145112,0.043305553,0.068769574,0.042715475,0.027260384,0.74594015,0.03286371
5,5,melanocytic nevi,melanocytic nevi,0.015455211,0.012945741,0.034723643,0.016864672,0.042019088,0.8609827,0.017008942
5,5,melanocytic nevi,melanocytic nevi,0.13067749,0.14485598,0.15519324,0.080957584,0.105028614,0.35381284,0.02947423
5,5,melanocytic nevi,melanocytic nevi,0.016878555,0.010422518,0.020219075,0.018873205,0.019173812,0.87769336,0.03673943
5,5,melanocytic nevi,melanocytic nevi,0.0010280368,0.0007790508,0.008667673,0.0017267521,0.011538566,0.974985,0.0012748457
5,5,melanocytic nevi,melanocytic nevi,0.009011572,0.015086988,0.11632616,0.013026032,0.08850546,0.6951474,0.06289644
5,5,melanocytic nevi,melanocytic nevi,0.005106416,0.002524206,0.018634783,0.0044824732,0.02562361,0.9416465,0.0019819154
1,1,basal cell carcinoma,basal cell carcinoma,0.23826945,0.4003004,0.13457951,0.07668712,0.046069976,0.08047474,0.023618804
5,5,melanocytic nevi,melanocytic nevi,0.07252421,0.26173502,0.15765092,0.05766407,0.07653506,0.34037226,0.03351839
5,5,melanocytic nevi,melanocytic nevi,0.0025088314,0.0010413723,0.010081731,0.002149873,0.022633092,0.96065044,0.00093480037
4,5,melanoma,melanocytic nevi,0.08592497,0.16977945,0.15424511,0.052148927,0.14542018,0.3383747,0.054106683
5,5,melanocytic nevi,melanocytic nevi,0.003503841,0.006099303,0.018225795,0.008092958,0.065385595,0.87118125,0.02751128
5,5,melanocytic nevi,melanocytic nevi,0.019149719,0.02527952,0.17801107,0.016969876,0.16709436,0.5808587,0.012636735
1,2,basal cell carcinoma,benign keratosis-like lesions,0.23640266,0.17894265,0.34187955,0.058930647,0.09921925,0.07369415,0.010931154
5,5,melanocytic nevi,melanocytic nevi,0.005073037,0.0067119235,0.015126721,0.007158903,0.05138839,0.8983945,0.016146515
2,2,benign keratosis-like lesions,benign keratosis-like lesions,0.20274891,0.123508334,0.4777915,0.036650546,0.09919199,0.054012544,0.006096205
0,1,actinic keratoses and intraepithelial carcinoma,basal cell carcinoma,0.11167965,0.28679532,0.1405881,0.081401385,0.083779186,0.23765598,0.05810039
5,5,melanocytic nevi,melanocytic nevi,0.013455664,0.007672463,0.055010904,0.009823141,0.17184176,0.73821115,0.0039848727
5,5,melanocytic nevi,melanocytic nevi,0.020977361,0.0045627425,0.041935,0.0063398266,0.17125286,0.75399,0.00094221556
1,6,basal cell carcinoma,vascular lesions,0.029047484,0.066545874,0.019745443,0.04494287,0.012741511,0.23337792,0.5935989
5,5,melanocytic nevi,melanocytic nevi,0.023724575,0.054463293,0.07209549,0.02950975,0.10307343,0.65922374,0.05790973
5,5,melanocytic nevi,melanocytic nevi,0.023274602,0.030479455,0.037257485,0.030420888,0.042897075,0.7952207,0.04044981
5,5,melanocytic nevi,melanocytic nevi,0.01841542,0.02459845,0.03107033,0.024938237,0.07740159,0.7464706,0.0771054
5,5,melanocytic nevi,melanocytic nevi,0.005617659,0.004668304,0.09791631,0.004353756,0.18889451,0.6962875,0.0022619518
2,2,benign keratosis-like lesions,benign keratosis-like lesions,0.15195215,0.07800849,0.3484925,0.04691284,0.23834684,0.12237156,0.013915605
5,5,melanocytic nevi,melanocytic nevi,0.017421072,0.024200322,0.023884714,0.029286457,0.017928127,0.7612814,0.12599793
1,5,basal cell carcinoma,melanocytic nevi,0.151189,0.1562912,0.074327126,0.0892857,0.057587706,0.37497893,0.09634035
5,5,melanocytic nevi,melanocytic nevi,0.10820588,0.08594535,0.12905674,0.07150502,0.043687616,0.52554303,0.03605632
5,5,melanocytic nevi,melanocytic nevi,0.0027915402,0.0033514765,0.008161893,0.006538354,0.005449436,0.95739055,0.016316785
5,5,melanocytic nevi,melanocytic nevi,0.00451655,0.002031659,0.032314878,0.004081959,0.22409494,0.7239086,0.009051473
4,0,melanoma,actinic keratoses and intraepithelial carcinoma,0.27100712,0.18705957,0.17278485,0.07830512,0.14118671,0.12970032,0.019956287
2,5,benign keratosis-like lesions,melanocytic nevi,0.07802784,0.22948685,0.19888392,0.050486926,0.079408266,0.30444226,0.059263904
5,5,melanocytic nevi,melanocytic nevi,0.018794013,0.018446159,0.033308864,0.023356576,0.028002938,0.84240836,0.03568311
5,5,melanocytic nevi,melanocytic nevi,0.027657809,0.0038724237,0.051841315,0.005170714,0.13051724,0.7805685,0.00037199262
5,5,melanocytic nevi,melanocytic nevi,0.0010648437,0.00052033836,0.013479455,0.001000767,0.06304182,0.9203629,0.0005298742
5,5,melanocytic nevi,melanocytic nevi,0.009958577,0.017193427,0.1156235,0.009794946,0.28704548,0.5417597,0.01862436
2,5,benign keratosis-like lesions,melanocytic nevi,0.12164415,0.17925897,0.14991777,0.083486624,0.068345085,0.35923386,0.0381136
5,5,melanocytic nevi,melanocytic nevi,0.01090608,0.012097024,0.016108241,0.019357067,0.014335307,0.837676,0.08952038
4,0,melanoma,actinic keratoses and intraepithelial carcinoma,0.33726487,0.23912689,0.21743019,0.06307757,0.08155312,0.04430133,0.01724603
5,5,melanocytic nevi,melanocytic nevi,0.04101574,0.036098722,0.08836203,0.028172532,0.20978731,0.58664197,0.009921771
5,5,melanocytic nevi,melanocytic nevi,0.03958858,0.07526629,0.15761657,0.027037254,0.21258387,0.46739092,0.02051653
5,5,melanocytic nevi,melanocytic nevi,0.0041971887,0.0025655662,0.015227931,0.004746538,0.01648594,0.95328176,0.0034950848
5,4,melanocytic nevi,melanoma,0.04147076,0.018425772,0.084304266,0.011566827,0.46122587,0.3757669,0.0072396914
3,2,dermatofibroma,benign keratosis-like lesions,0.15741214,0.21676071,0.22642344,0.0640226,0.12362017,0.1870563,0.024704572
1,1,basal cell carcinoma,basal cell carcinoma,0.1713731,0.33970952,0.27121547,0.053573392,0.05628115,0.092697315,0.015150096
5,5,melanocytic nevi,melanocytic nevi,0.026178958,0.027710387,0.0385339,0.034549776,0.022539852,0.78089666,0.06959047
5,5,melanocytic nevi,melanocytic nevi,0.0044766725,0.0025560758,0.020533439,0.0046325605,0.026845578,0.93805957,0.0028960656
1,6,basal cell carcinoma,vascular lesions,0.05011422,0.24581891,0.05348192,0.050589573,0.035530634,0.22083464,0.34363008
5,5,melanocytic nevi,melanocytic nevi,0.004487756,0.002540263,0.013685689,0.0043235077,0.01821734,0.95412946,0.0026158858
5,5,melanocytic nevi,melanocytic nevi,0.045913056,0.014096707,0.16278271,0.016211182,0.27751946,0.47934562,0.0041313013
5,4,melanocytic nevi,melanoma,0.15169635,0.13104047,0.22494778,0.034100577,0.31630245,0.12219152,0.019720852
2,2,benign keratosis-like lesions,benign keratosis-like lesions,0.17285301,0.13248186,0.44007725,0.04523054,0.10627309,0.09575104,0.0073331897
5,5,melanocytic nevi,melanocytic nevi,0.039310805,0.058935788,0.31894723,0.028862512,0.14775258,0.3954225,0.010768597
5,5,melanocytic nevi,melanocytic nevi,0.0076945997,0.02685491,0.060017455,0.014101258,0.13453738,0.7159015,0.040892884
5,0,melanocytic nevi,actinic keratoses and intraepithelial carcinoma,0.44144607,0.11329023,0.19811924,0.03163702,0.18245624,0.027912103,0.0051390952
5,5,melanocytic nevi,melanocytic nevi,0.013638095,0.014859707,0.031097895,0.021180727,0.014841487,0.86605716,0.03832486
5,5,melanocytic nevi,melanocytic nevi,0.037242446,0.026992021,0.08936184,0.025514571,0.15943919,0.65326524,0.00818469
6,6,vascular lesions,vascular lesions,0.007252303,0.015036496,0.009564303,0.017036892,0.008691248,0.256351,0.68606776
5,4,melanocytic nevi,melanoma,0.006705972,0.003243523,0.08859579,0.0023540626,0.4977922,0.39821345,0.003095003
3,0,dermatofibroma,actinic keratoses and intraepithelial carcinoma,0.30186614,0.0923893,0.23557454,0.051183816,0.22674282,0.082351804,0.0098915985
1,1,basal cell carcinoma,basal cell carcinoma,0.2456552,0.35835993,0.18934976,0.06862115,0.053587828,0.06333028,0.021095792
1,5,basal cell carcinoma,melanocytic nevi,0.014904347,0.029476294,0.099024765,0.022131236,0.056959696,0.76000714,0.01749651
5,5,melanocytic nevi,melanocytic nevi,0.007883334,0.015038501,0.02538496,0.009974995,0.14153229,0.7666884,0.033497475
5,5,melanocytic nevi,melanocytic nevi,0.0011638317,0.000881721,0.008297296,0.0016319954,0.01732823,0.9692815,0.0014153676
5,5,melanocytic nevi,melanocytic nevi,0.032574218,0.1957741,0.10236318,0.05069447,0.062085822,0.46315828,0.09334986
2,2,benign keratosis-like lesions,benign keratosis-like lesions,0.15873936,0.09900805,0.42459136,0.05834984,0.112229474,0.13804284,0.009039045
5,5,melanocytic nevi,melanocytic nevi,0.029041938,0.09308187,0.13977428,0.039380345,0.09235777,0.55728745,0.049076375
5,5,melanocytic nevi,melanocytic nevi,0.02488494,0.20128457,0.043045465,0.05037261,0.032160267,0.4768789,0.17137319
5,5,melanocytic nevi,melanocytic nevi,0.03839516,0.025303856,0.053301375,0.02237804,0.112188525,0.73865956,0.009773426
4,4,melanoma,melanoma,0.005502694,0.005566722,0.07689494,0.0027619705,0.46957037,0.4314807,0.008222611
5,5,melanocytic nevi,melanocytic nevi,0.0046068192,0.0027602497,0.018585466,0.004771825,0.020835001,0.946344,0.0020966094
5,5,melanocytic nevi,melanocytic nevi,0.010714681,0.010830936,0.02215608,0.017783616,0.018029874,0.87261105,0.04787378
2,2,benign keratosis-like lesions,benign keratosis-like lesions,0.1659452,0.109232344,0.3688729,0.039415337,0.19579613,0.109025985,0.01171209
5,5,melanocytic nevi,melanocytic nevi,0.024721628,0.028142314,0.039176363,0.035524424,0.022139361,0.7766205,0.07367549
5,5,melanocytic nevi,melanocytic nevi,0.023605734,0.029560063,0.03515897,0.036808465,0.02314843,0.7281923,0.123526044
5,5,melanocytic nevi,melanocytic nevi,0.022020655,0.013811784,0.18745796,0.0086909,0.29853043,0.46600085,0.003487317
5,5,melanocytic nevi,melanocytic nevi,0.0068687927,0.0067236735,0.022379093,0.0107758725,0.016266948,0.9240918,0.012893876
5,5,melanocytic nevi,melanocytic nevi,0.014810448,0.029162839,0.035515655,0.029160962,0.039619934,0.7910807,0.06064953
6,6,vascular lesions,vascular lesions,0.052516993,0.16673654,0.047416154,0.07450778,0.016611258,0.3207585,0.3214528
5,5,melanocytic nevi,melanocytic nevi,0.06753567,0.1336718,0.10983606,0.030435719,0.250473,0.37985456,0.028193198
5,5,melanocytic nevi,melanocytic nevi,0.0037662846,0.0017183144,0.086994424,0.0018570038,0.37571695,0.5285513,0.0013958125
4,2,melanoma,benign keratosis-like lesions,0.14995426,0.1679805,0.27439192,0.040846135,0.17402528,0.1732928,0.019509118
5,5,melanocytic nevi,melanocytic nevi,0.0023019367,0.0022986208,0.111970976,0.002147047,0.19399428,0.682737,0.0045500994
5,5,melanocytic nevi,melanocytic nevi,0.0070727104,0.0060552806,0.015352038,0.010447029,0.01904553,0.9169801,0.02504737
2,2,benign keratosis-like lesions,benign keratosis-like lesions,0.1736328,0.2282175,0.31166366,0.051320262,0.080700174,0.13920788,0.015257748
5,5,melanocytic nevi,melanocytic nevi,0.002175385,0.0038340283,0.016423635,0.0039867396,0.02488166,0.94374365,0.004954911
5,5,melanocytic nevi,melanocytic nevi,0.03349988,0.1634307,0.11407802,0.060633067,0.038781773,0.37806034,0.2115162
5,5,melanocytic nevi,melanocytic nevi,0.012926362,0.09086388,0.07851355,0.025750887,0.067517534,0.6800332,0.044394657
2,5,benign keratosis-like lesions,melanocytic nevi,0.06784686,0.021303518,0.2697489,0.025842102,0.26131627,0.3530431,0.00089928205
5,5,melanocytic nevi,melanocytic nevi,0.04053059,0.011314402,0.054160133,0.017837116,0.030991359,0.8433262,0.001840186
5,0,melanocytic nevi,actinic keratoses and intraepithelial carcinoma,0.33944944,0.18120646,0.16603306,0.05503136,0.15205427,0.08801401,0.018211478
5,5,melanocytic nevi,melanocytic nevi,0.0019494697,0.0014093193,0.010113277,0.0025048472,0.020314682,0.96168894,0.0020195204
5,5,melanocytic nevi,melanocytic nevi,0.012718835,0.011108946,0.052633878,0.010732518,0.3268971,0.57315177,0.012756991
5,2,melanocytic nevi,benign keratosis-like lesions,0.11591436,0.22488777,0.31920332,0.07558156,0.05681345,0.18576618,0.0218334
5,5,melanocytic nevi,melanocytic nevi,0.08683757,0.12747736,0.120677374,0.054606646,0.19735116,0.35660896,0.05644088
2,4,benign keratosis-like lesions,melanoma,0.13173103,0.03240063,0.26255167,0.022254767,0.36729345,0.18154173,0.0022266791
5,5,melanocytic nevi,melanocytic nevi,0.012267682,0.0073647196,0.023448234,0.010640137,0.026260901,0.9130955,0.0069228103
1,2,basal cell carcinoma,benign keratosis-like lesions,0.21261232,0.14924866,0.2906971,0.031159673,0.19953074,0.10494089,0.011810557
5,5,melanocytic nevi,melanocytic nevi,0.010183866,0.0046067876,0.08590303,0.006028961,0.30032125,0.58903396,0.003922119
5,5,melanocytic nevi,melanocytic nevi,0.014873691,0.013595077,0.06691497,0.0118145365,0.32139722,0.5575712,0.01383325
5,5,melanocytic nevi,melanocytic nevi,0.01406524,0.016094768,0.040436264,0.02073457,0.035174772,0.84150743,0.03198693
4,4,melanoma,melanoma,0.13237616,0.14642967,0.14090928,0.033067394,0.30686375,0.22726172,0.013092022
5,5,melanocytic nevi,melanocytic nevi,0.010896298,0.04996617,0.059721697,0.02457823,0.070166565,0.6542707,0.13040036
4,5,melanoma,melanocytic nevi,0.0032159123,0.0014958945,0.054336775,0.0011519012,0.44924897,0.48936132,0.0011892351
5,5,melanocytic nevi,melanocytic nevi,0.0012038946,0.000842878,0.005346753,0.0017339397,0.008939037,0.97983116,0.0021023504
5,5,melanocytic nevi,melanocytic nevi,0.06570644,0.08345452,0.054433398,0.060185023,0.04418808,0.6038202,0.08821231
5,2,melanocytic nevi,benign keratosis-like lesions,0.14391011,0.11932019,0.306491,0.03532683,0.20162666,0.18492752,0.008397756
5,5,melanocytic nevi,melanocytic nevi,0.022461971,0.011884038,0.049026854,0.019438962,0.03371756,0.854349,0.009121559
5,5,melanocytic nevi,melanocytic nevi,0.009120147,0.007932791,0.01795628,0.012537805,0.019228064,0.9103459,0.022878896
5,5,melanocytic nevi,melanocytic nevi,0.04521071,0.013414188,0.07548671,0.017974226,0.032869052,0.8133401,0.0017049998
5,5,melanocytic nevi,melanocytic nevi,0.030671239,0.014495481,0.14641456,0.014782832,0.28828853,0.5034899,0.001857447
5,5,melanocytic nevi,melanocytic nevi,0.007500588,0.026305208,0.06903769,0.013486973,0.09607262,0.7567206,0.030876305
5,5,melanocytic nevi,melanocytic nevi,0.0020494424,0.0008469485,0.04472965,0.00099147,0.45095304,0.4997666,0.000662851
5,5,melanocytic nevi,melanocytic nevi,0.0045242696,0.004922531,0.017629273,0.0066674105,0.011380056,0.94745123,0.00742533
5,5,melanocytic nevi,melanocytic nevi,0.029188268,0.03850598,0.108028464,0.018068941,0.26319075,0.52003676,0.022980846
5,5,melanocytic nevi,melanocytic nevi,0.0065871556,0.0031557223,0.041290995,0.0029042473,0.34919962,0.5944706,0.0023916063
5,5,melanocytic nevi,melanocytic nevi,0.017716233,0.010973586,0.044955667,0.01644217,0.026548328,0.8745352,0.008828811
1,1,basal cell carcinoma,basal cell carcinoma,0.0832342,0.3537127,0.21087642,0.090851866,0.041021176,0.18540502,0.034898687
5,5,melanocytic nevi,melanocytic nevi,0.16719232,0.12768497,0.17837647,0.04816372,0.1620478,0.3060402,0.010494589
5,5,melanocytic nevi,melanocytic nevi,0.0049116085,0.0038711806,0.016073732,0.00704824,0.015887203,0.9436402,0.008567979
4,5,melanoma,melanocytic nevi,0.011597376,0.006337342,0.055668853,0.008031411,0.24234764,0.66923034,0.006787013
5,5,melanocytic nevi,melanocytic nevi,0.021483196,0.068403795,0.044407405,0.03818985,0.066357076,0.65839463,0.10276403
5,2,melanocytic nevi,benign keratosis-like lesions,0.2404287,0.19917256,0.31228656,0.03537027,0.12433714,0.078814685,0.009590144
5,5,melanocytic nevi,melanocytic nevi,0.04302854,0.063220404,0.3632511,0.03692786,0.10235756,0.38034204,0.010872473
5,5,melanocytic nevi,melanocytic nevi,0.013587771,0.016290022,0.029172266,0.012400687,0.07985106,0.8345516,0.014146682
5,5,melanocytic nevi,melanocytic nevi,0.008431626,0.0063711917,0.040955603,0.007717613,0.14156556,0.7908943,0.0040640743
5,6,melanocytic nevi,vascular lesions,0.015185359,0.13478234,0.037209466,0.031761874,0.028511513,0.30295584,0.44959354
5,5,melanocytic nevi,melanocytic nevi,0.012740243,0.03173839,0.08280912,0.01768062,0.1679393,0.66614985,0.020942444
5,5,melanocytic nevi,melanocytic nevi,0.07750167,0.110793725,0.1230841,0.06541593,0.08911117,0.4470118,0.08708165
5,5,melanocytic nevi,melanocytic nevi,0.06589527,0.08465185,0.19686984,0.049010694,0.1303603,0.46138856,0.011823464
0,0,actinic keratoses and intraepithelial carcinoma,actinic keratoses and intraepithelial carcinoma,0.24104248,0.1866408,0.15275866,0.03964921,0.22512577,0.13431834,0.020464798
5,5,melanocytic nevi,melanocytic nevi,0.0153714325,0.015740259,0.04065412,0.015077388,0.16106209,0.7292173,0.022877404
5,5,melanocytic nevi,melanocytic nevi,0.0013784205,0.0009256546,0.07631292,0.0010524873,0.2557063,0.6626806,0.0019436071
5,5,melanocytic nevi,melanocytic nevi,0.09577558,0.20413779,0.12426094,0.04309876,0.16019891,0.27583587,0.096692115
2,5,benign keratosis-like lesions,melanocytic nevi,0.01234249,0.009723366,0.07841243,0.01220335,0.15397899,0.7236938,0.0096455645
3,0,dermatofibroma,actinic keratoses and intraepithelial carcinoma,0.26140785,0.101380445,0.25915402,0.076318935,0.14079325,0.15702198,0.0039234553
5,5,melanocytic nevi,melanocytic nevi,0.031836484,0.01858672,0.07550323,0.020337248,0.08818728,0.7583996,0.0071494696
5,4,melanocytic nevi,melanoma,0.01725171,0.006476953,0.15289935,0.0040464303,0.55602616,0.26174137,0.0015579356
5,5,melanocytic nevi,melanocytic nevi,0.057173524,0.1610643,0.1968363,0.034389846,0.138975,0.37666324,0.03489776
2,5,benign keratosis-like lesions,melanocytic nevi,0.054710288,0.06584793,0.054079663,0.052887827,0.04964487,0.66302675,0.059802752
2,5,benign keratosis-like lesions,melanocytic nevi,0.049667668,0.030197738,0.06467232,0.030537676,0.14146055,0.67055637,0.012907678
5,5,melanocytic nevi,melanocytic nevi,0.03586632,0.10987408,0.050101984,0.054363526,0.043723874,0.5277009,0.17836928
5,5,melanocytic nevi,melanocytic nevi,0.008967076,0.0015289317,0.0652929,0.0037051365,0.05319005,0.86702365,0.00029220202
2,2,benign keratosis-like lesions,benign keratosis-like lesions,0.1901462,0.121647984,0.39864647,0.0306945,0.16655529,0.08415743,0.008152085
2,2,benign keratosis-like lesions,benign keratosis-like lesions,0.06885635,0.029988104,0.33934245,0.028155189,0.20489801,0.32555646,0.003203429
2,1,benign keratosis-like lesions,basal cell carcinoma,0.2743476,0.3452327,0.20023324,0.07033102,0.044967975,0.054639354,0.010248122
5,5,melanocytic nevi,melanocytic nevi,0.0035112763,0.0018449974,0.012748378,0.0036580402,0.016754549,0.9580178,0.0034649554
0,5,actinic keratoses and intraepithelial carcinoma,melanocytic nevi,0.08188378,0.1523386,0.27964306,0.058579974,0.054308884,0.33415103,0.03909464
5,5,melanocytic nevi,melanocytic nevi,0.04221734,0.11931806,0.11159639,0.051650718,0.124037884,0.49340788,0.057771716
1,0,basal cell carcinoma,actinic keratoses and intraepithelial carcinoma,0.45278,0.15620792,0.107735865,0.04517163,0.15967804,0.06497992,0.013446655
2,0,benign keratosis-like lesions,actinic keratoses and intraepithelial carcinoma,0.34748238,0.14059144,0.28010768,0.032415494,0.14848636,0.04421431,0.006702369
2,2,benign keratosis-like lesions,benign keratosis-like lesions,0.16702226,0.17312787,0.36514407,0.060152862,0.09371265,0.13093877,0.009901545
1,1,basal cell carcinoma,basal cell carcinoma,0.18078819,0.2637778,0.22130795,0.060962114,0.10138263,0.13555802,0.03622328
5,5,melanocytic nevi,melanocytic nevi,0.01910136,0.02248279,0.0385928,0.02887558,0.024688665,0.8163975,0.04986139
5,5,melanocytic nevi,melanocytic nevi,0.050278213,0.070572056,0.18081355,0.03388034,0.1092958,0.5430658,0.012094207
5,5,melanocytic nevi,melanocytic nevi,0.014371487,0.025034053,0.2745789,0.027488023,0.066363215,0.5799309,0.012233379
5,5,melanocytic nevi,melanocytic nevi,0.02923988,0.016067961,0.053414226,0.023380293,0.027010147,0.8383868,0.012500721
5,5,melanocytic nevi,melanocytic nevi,0.042075355,0.015665624,0.21453097,0.018316302,0.3368956,0.37031507,0.0022010636
4,5,melanoma,melanocytic nevi,0.07831536,0.10530027,0.28074998,0.050617956,0.17390706,0.29411754,0.016991809
5,5,melanocytic nevi,melanocytic nevi,0.022970047,0.009603194,0.08541596,0.012870977,0.07281556,0.79502964,0.0012946477
5,5,melanocytic nevi,melanocytic nevi,0.03139354,0.052582197,0.072511144,0.024610767,0.2906299,0.49443385,0.033838626
2,5,benign keratosis-like lesions,melanocytic nevi,0.00792107,0.005786106,0.0830248,0.0049001155,0.278391,0.61502856,0.004948307
5,5,melanocytic nevi,melanocytic nevi,0.006689688,0.0023108,0.025187822,0.003331151,0.19469088,0.7667685,0.0010211618
5,5,melanocytic nevi,melanocytic nevi,0.008247826,0.007272232,0.029048678,0.009524081,0.055657834,0.88076884,0.009480573
1,1,basal cell carcinoma,basal cell carcinoma,0.12887771,0.33527935,0.24873282,0.06124922,0.05551417,0.15115987,0.019186871
5,5,melanocytic nevi,melanocytic nevi,0.017567534,0.010230891,0.030900251,0.01907427,0.017253963,0.88560075,0.019372296
5,5,melanocytic nevi,melanocytic nevi,0.014962369,0.0050736475,0.06874465,0.0058504464,0.31404158,0.5901367,0.0011906142
5,5,melanocytic nevi,melanocytic nevi,0.09504971,0.13793743,0.08324043,0.043724447,0.142777,0.4473113,0.049959645
5,0,melanocytic nevi,actinic keratoses and intraepithelial carcinoma,0.22326618,0.14774214,0.17784874,0.074303284,0.15738948,0.20050746,0.018942693
5,2,melanocytic nevi,benign keratosis-like lesions,0.04304285,0.15967137,0.34325328,0.06303607,0.057425316,0.32792374,0.005647329
2,2,benign keratosis-like lesions,benign keratosis-like lesions,0.20353083,0.08789139,0.49014214,0.03708658,0.11963537,0.057328887,0.0043848553
2,0,benign keratosis-like lesions,actinic keratoses and intraepithelial carcinoma,0.44833726,0.09474975,0.18517973,0.04729637,0.15912217,0.056833584,0.008481156
5,5,melanocytic nevi,melanocytic nevi,0.0034187022,0.0020944017,0.010166776,0.0033699654,0.025080152,0.95140356,0.004466391
5,5,melanocytic nevi,melanocytic nevi,0.06629537,0.16321307,0.07551547,0.07666014,0.03417725,0.37676653,0.20737214
1,1,basal cell carcinoma,basal cell carcinoma,0.15138401,0.35259935,0.23252767,0.05902377,0.070917375,0.106423505,0.027124258
1,1,basal cell carcinoma,basal cell carcinoma,0.16272433,0.4242175,0.1531556,0.08006256,0.045833554,0.10069205,0.033314425
5,5,melanocytic nevi,melanocytic nevi,0.01522152,0.013278421,0.060927846,0.010276917,0.21033527,0.6801852,0.009774893
2,2,benign keratosis-like lesions,benign keratosis-like lesions,0.10783976,0.07279912,0.5219604,0.026427276,0.14837252,0.118840136,0.0037607173
5,5,melanocytic nevi,melanocytic nevi,0.012429296,0.015472649,0.01690232,0.023064535,0.016003015,0.75157964,0.16454856
5,5,melanocytic nevi,melanocytic nevi,0.01660388,0.01131137,0.033454895,0.013378697,0.048734684,0.8664462,0.010070275
5,0,melanocytic nevi,actinic keratoses and intraepithelial carcinoma,0.31869948,0.13524032,0.12463304,0.08894992,0.0602745,0.2603356,0.0118671395
2,2,benign keratosis-like lesions,benign keratosis-like lesions,0.18316361,0.18712465,0.35791194,0.03661353,0.10462337,0.1173259,0.013236973
5,1,melanocytic nevi,basal cell carcinoma,0.11750699,0.3040561,0.122291796,0.08905551,0.045320217,0.26547053,0.056298856
5,5,melanocytic nevi,melanocytic nevi,0.0014667023,0.0009180919,0.006921498,0.0019528697,0.011929994,0.9753201,0.0014908157
5,5,melanocytic nevi,melanocytic nevi,0.10657722,0.13517271,0.098266035,0.057243843,0.15679845,0.34887967,0.09706206
5,4,melanocytic nevi,melanoma,0.062650986,0.03873434,0.07665697,0.01606131,0.40093127,0.39653975,0.008425336
1,1,basal cell carcinoma,basal cell carcinoma,0.111003816,0.4011668,0.1536438,0.07897624,0.042468183,0.17504004,0.037701122
5,5,melanocytic nevi,melanocytic nevi,0.02492335,0.018802807,0.0540658,0.020855926,0.050997343,0.8231645,0.0071903034
5,5,melanocytic nevi,melanocytic nevi,0.0408023,0.029473893,0.058836747,0.026350362,0.14774027,0.67360175,0.023194676
5,5,melanocytic nevi,melanocytic nevi,0.025149489,0.018689595,0.036464937,0.022433987,0.033854738,0.83980507,0.023602068
5,5,melanocytic nevi,melanocytic nevi,0.0059712008,0.021125345,0.06253706,0.012557829,0.05132651,0.8268758,0.019606326
2,2,benign keratosis-like lesions,benign keratosis-like lesions,0.30689234,0.09072561,0.4727073,0.018077916,0.08874148,0.020583099,0.0022722527
5,5,melanocytic nevi,melanocytic nevi,0.012487125,0.0030543488,0.06315867,0.0063993665,0.067437254,0.8468911,0.0005720697
5,5,melanocytic nevi,melanocytic nevi,0.035936836,0.026615156,0.050608065,0.033775087,0.029144289,0.7963361,0.027584478
0,5,actinic keratoses and intraepithelial carcinoma,melanocytic nevi,0.018975561,0.030862248,0.13760279,0.01794215,0.23091985,0.53203005,0.031667355
5,5,melanocytic nevi,melanocytic nevi,0.02328367,0.015168277,0.14415547,0.012174892,0.22715487,0.57594943,0.0021134494
5,5,melanocytic nevi,melanocytic nevi,0.018902952,0.012999273,0.03203196,0.021327961,0.01850311,0.87226236,0.023972305
5,5,melanocytic nevi,melanocytic nevi,0.027936714,0.34524924,0.13681033,0.061389174,0.028902292,0.35119417,0.04851799
4,4,melanoma,melanoma,0.11455284,0.100761935,0.14545284,0.027089396,0.43965256,0.14184052,0.030649818
5,5,melanocytic nevi,melanocytic nevi,0.047873612,0.21746351,0.0748701,0.050201908,0.0626854,0.4296164,0.11728908
5,5,melanocytic nevi,melanocytic nevi,0.0046880012,0.0016485341,0.013979872,0.0042060814,0.013540747,0.95967185,0.002264891
5,5,melanocytic nevi,melanocytic nevi,0.04371468,0.071540914,0.17184259,0.024946913,0.21241194,0.46442008,0.0111227995
5,5,melanocytic nevi,melanocytic nevi,0.010936145,0.008385005,0.064779535,0.0050229537,0.3154389,0.58991635,0.005521093
4,5,melanoma,melanocytic nevi,0.03625977,0.031347048,0.13527752,0.018229371,0.33474174,0.43552804,0.008616499
5,5,melanocytic nevi,melanocytic nevi,0.027475981,0.058069214,0.046806354,0.03839756,0.037837114,0.71475965,0.07665413
5,4,melanocytic nevi,melanoma,0.024093894,0.006387828,0.09661164,0.003915665,0.5566472,0.31129542,0.0010484017
4,5,melanoma,melanocytic nevi,0.014284509,0.032903705,0.08733029,0.013480503,0.13459504,0.7052384,0.012167498
4,5,melanoma,melanocytic nevi,0.0057036276,0.0023635838,0.034252346,0.002526303,0.37194213,0.5808566,0.0023554156
3,6,dermatofibroma,vascular lesions,0.030141268,0.069488175,0.028963694,0.048103146,0.012885354,0.29383567,0.51658267
2,5,benign keratosis-like lesions,melanocytic nevi,0.053373337,0.30057254,0.1418506,0.056238778,0.06834076,0.3298244,0.049799576
4,5,melanoma,melanocytic nevi,0.018158752,0.055464424,0.06981938,0.023137616,0.10391716,0.63685566,0.09264694
5,5,melanocytic nevi,melanocytic nevi,0.026740208,0.022489123,0.13252784,0.019035699,0.1806764,0.61347336,0.005057332
4,2,melanoma,benign keratosis-like lesions,0.24377269,0.08455823,0.45255816,0.03783184,0.12705564,0.04878449,0.005438923
2,2,benign keratosis-like lesions,benign keratosis-like lesions,0.1725613,0.15657799,0.3384754,0.062480517,0.11871517,0.14431857,0.0068710353
5,2,melanocytic nevi,benign keratosis-like lesions,0.16337433,0.2589029,0.31059226,0.062115964,0.070370734,0.11803839,0.016605442
2,5,benign keratosis-like lesions,melanocytic nevi,0.027079264,0.05432286,0.3117623,0.03506781,0.077951916,0.48170027,0.012115516
5,5,melanocytic nevi,melanocytic nevi,0.012496852,0.033322494,0.060523078,0.012062963,0.13792372,0.71680975,0.026861154
4,4,melanoma,melanoma,0.008041338,0.0028477267,0.08734653,0.0027127496,0.45231968,0.44555998,0.0011719726
2,5,benign keratosis-like lesions,melanocytic nevi,0.053367745,0.04686978,0.30379775,0.03476589,0.12610821,0.43271947,0.0023711747
4,1,melanoma,basal cell carcinoma,0.11777911,0.3027677,0.06367179,0.07245999,0.075084746,0.24934693,0.1188898
5,5,melanocytic nevi,melanocytic nevi,0.039847363,0.07527722,0.04378126,0.054112878,0.025152896,0.6227511,0.13907729
1,1,basal cell carcinoma,basal cell carcinoma,0.17574185,0.3477232,0.17787032,0.071419075,0.08260302,0.11682918,0.02781332
5,5,melanocytic nevi,melanocytic nevi,0.031573787,0.030368704,0.17123711,0.019127548,0.27604446,0.46562144,0.0060268934
5,5,melanocytic nevi,melanocytic nevi,0.015513502,0.014724698,0.027945438,0.017269803,0.022175713,0.8875752,0.0147956
2,5,benign keratosis-like lesions,melanocytic nevi,0.028437216,0.012178208,0.14876594,0.010465829,0.327682,0.47081992,0.0016509469
5,5,melanocytic nevi,melanocytic nevi,0.009121838,0.0107015325,0.018413523,0.014961718,0.011971395,0.91461945,0.020210566
5,2,melanocytic nevi,benign keratosis-like lesions,0.08424682,0.17732534,0.33576915,0.07618415,0.05977906,0.2584226,0.0082729235
4,5,melanoma,melanocytic nevi,0.04895156,0.02082881,0.10968446,0.016122986,0.39077088,0.40926036,0.0043808576
5,5,melanocytic nevi,melanocytic nevi,0.017761137,0.007336254,0.04351027,0.013094269,0.029113315,0.88488585,0.0042989273
5,5,melanocytic nevi,melanocytic nevi,0.005337066,0.0056251246,0.012338632,0.010610729,0.01238657,0.913385,0.040316883
5,5,melanocytic nevi,melanocytic nevi,0.009337491,0.04907335,0.049402483,0.020610282,0.054579865,0.74158216,0.07541439
5,5,melanocytic nevi,melanocytic nevi,0.00297107,0.003262276,0.09291029,0.0032028994,0.25726056,0.63687056,0.0035224399
5,5,melanocytic nevi,melanocytic nevi,0.0067101964,0.025129184,0.024089001,0.016210657,0.12480767,0.67597234,0.12708098
5,5,melanocytic nevi,melanocytic nevi,0.003324111,0.0020843865,0.07534666,0.0022527426,0.20684569,0.709663,0.00048340717
2,2,benign keratosis-like lesions,benign keratosis-like lesions,0.106721036,0.14971678,0.36114565,0.03767047,0.118631214,0.21408659,0.012028287
5,5,melanocytic nevi,melanocytic nevi,0.018584132,0.024008166,0.030333856,0.021057034,0.039588057,0.83077604,0.03565268
5,5,melanocytic nevi,melanocytic nevi,0.014023396,0.0057547237,0.036645558,0.009565806,0.031075116,0.8995411,0.0033944242
5,5,melanocytic nevi,melanocytic nevi,0.013572519,0.0066143177,0.08030363,0.0060772756,0.29696652,0.5945941,0.0018716184
5,5,melanocytic nevi,melanocytic nevi,0.013378996,0.0085688345,0.024143219,0.014290212,0.02098232,0.9003245,0.01831192
6,5,vascular lesions,melanocytic nevi,0.024156323,0.22253367,0.03728484,0.050853066,0.013855595,0.34253573,0.3087807
5,5,melanocytic nevi,melanocytic nevi,0.008959275,0.00927044,0.019976761,0.013365681,0.022376617,0.90673745,0.019313699
5,5,melanocytic nevi,melanocytic nevi,0.013013871,0.013767902,0.019600224,0.020804202,0.025322672,0.7610902,0.14640094
5,4,melanocytic nevi,melanoma,0.24177743,0.08745502,0.13611363,0.026501708,0.42061317,0.077886276,0.009652817
5,5,melanocytic nevi,melanocytic nevi,0.154772,0.021773491,0.21916698,0.0295376,0.1571342,0.41631797,0.0012977779
5,5,melanocytic nevi,melanocytic nevi,0.0047543547,0.0024948209,0.038700692,0.003297342,0.26278138,0.6864283,0.001543101
5,0,melanocytic nevi,actinic keratoses and intraepithelial carcinoma,0.3904598,0.10277579,0.18219517,0.060575265,0.121657655,0.13672943,0.005606856
5,5,melanocytic nevi,melanocytic nevi,0.0025050803,0.0022046315,0.045356236,0.0024778014,0.2932683,0.6478392,0.0063487124
1,5,basal cell carcinoma,melanocytic nevi,0.077522814,0.18491496,0.07076677,0.055535045,0.12058209,0.36628085,0.1243975
0,0,actinic keratoses and intraepithelial carcinoma,actinic keratoses and intraepithelial carcinoma,0.45341042,0.09283265,0.23639156,0.035465028,0.14475141,0.032734957,0.00441393
2,2,benign keratosis-like lesions,benign keratosis-like lesions,0.037316483,0.040326443,0.3773814,0.018748576,0.15219246,0.36941597,0.0046185623
5,0,melanocytic nevi,actinic keratoses and intraepithelial carcinoma,0.31696716,0.16978006,0.20860715,0.053379912,0.103619345,0.11186873,0.035777584
5,5,melanocytic nevi,melanocytic nevi,0.057011206,0.030558083,0.08084835,0.040264856,0.04069485,0.7367744,0.013848212
5,5,melanocytic nevi,melanocytic nevi,0.011709185,0.018486181,0.10077361,0.020629542,0.1307472,0.67654055,0.041113775
1,1,basal cell carcinoma,basal cell carcinoma,0.18879773,0.2453067,0.21440381,0.0653978,0.11341269,0.13423637,0.03844484
5,5,melanocytic nevi,melanocytic nevi,0.0073385583,0.003659287,0.028754555,0.006515282,0.023998966,0.92712533,0.0026080785
5,5,melanocytic nevi,melanocytic nevi,0.0016760305,0.0011572592,0.009045219,0.0025069972,0.008981319,0.97475684,0.001876351
5,5,melanocytic nevi,melanocytic nevi,0.026297709,0.0561479,0.13112463,0.016905544,0.20033908,0.46790624,0.10127885
5,5,melanocytic nevi,melanocytic nevi,0.00802965,0.0076907417,0.023020726,0.0107734045,0.019213209,0.9205144,0.010757834
5,5,melanocytic nevi,melanocytic nevi,0.003239169,0.0024328625,0.012843488,0.004268235,0.014546862,0.9590671,0.003602248
1,1,basal cell carcinoma,basal cell carcinoma,0.16649462,0.32397723,0.18470524,0.10197941,0.052452765,0.14296697,0.027423758
2,2,benign keratosis-like lesions,benign keratosis-like lesions,0.17424314,0.18764508,0.41916624,0.05100581,0.07155114,0.08842886,0.007959711
3,2,dermatofibroma,benign keratosis-like lesions,0.11676242,0.17414865,0.2884834,0.085974365,0.06577498,0.2596117,0.0092444895
1,1,basal cell carcinoma,basal cell carcinoma,0.08851765,0.4244108,0.13931048,0.0655597,0.044013504,0.20534122,0.032846667
5,5,melanocytic nevi,melanocytic nevi,0.037963644,0.06768199,0.033531655,0.05600101,0.018240428,0.5493423,0.23723899
5,5,melanocytic nevi,melanocytic nevi,0.017067332,0.013794969,0.017246565,0.015509997,0.047539897,0.8715301,0.017311094
5,2,melanocytic nevi,benign keratosis-like lesions,0.15546632,0.111054815,0.36903656,0.0389252,0.20130745,0.118454225,0.005755381
5,5,melanocytic nevi,melanocytic nevi,0.0031731536,0.001887548,0.018863564,0.0035392218,0.021612354,0.9489328,0.0019913658
5,5,melanocytic nevi,melanocytic nevi,0.010773336,0.007324998,0.033858567,0.01306831,0.022584252,0.90038365,0.012006861
5,5,melanocytic nevi,melanocytic nevi,0.0058205496,0.0052638366,0.08375083,0.0065127905,0.19894312,0.6837555,0.015953371
1,1,basal cell carcinoma,basal cell carcinoma,0.23245373,0.28314167,0.16438356,0.06433202,0.102221735,0.12525745,0.02820978
5,5,melanocytic nevi,melanocytic nevi,0.0057452084,0.005998932,0.016503168,0.008084533,0.03227929,0.91614306,0.0152457105
5,5,melanocytic nevi,melanocytic nevi,0.008530305,0.010844787,0.017864455,0.014650518,0.012500487,0.90970784,0.025901588
4,5,melanoma,melanocytic nevi,0.03464391,0.060429595,0.111268036,0.031193389,0.14857808,0.5608942,0.05299275
5,5,melanocytic nevi,melanocytic nevi,0.011313042,0.086949386,0.09667335,0.027963676,0.05372654,0.64537615,0.07799796
5,5,melanocytic nevi,melanocytic nevi,0.0034879013,0.0029854206,0.015221332,0.005495537,0.01176361,0.955249,0.005797122
5,5,melanocytic nevi,melanocytic nevi,0.008677056,0.059144408,0.07620239,0.016830748,0.068582654,0.73640937,0.03415332
5,5,melanocytic nevi,melanocytic nevi,0.029288657,0.2861267,0.059243824,0.046566494,0.026419118,0.31404236,0.23831284
5,5,melanocytic nevi,melanocytic nevi,0.010970821,0.009766425,0.020234128,0.015160886,0.018285023,0.89837056,0.027212122
5,5,melanocytic nevi,melanocytic nevi,0.03699131,0.056575447,0.07485296,0.035437904,0.07300766,0.69826674,0.024867954
5,5,melanocytic nevi,melanocytic nevi,0.0085302,0.009171097,0.020987792,0.0134999165,0.018375905,0.91030073,0.019134322
5,5,melanocytic nevi,melanocytic nevi,0.0053643086,0.002712693,0.033286728,0.0037522768,0.05233435,0.9017604,0.00078924786
5,5,melanocytic nevi,melanocytic nevi,0.017457826,0.032662537,0.13708064,0.017978612,0.18265378,0.5089466,0.10322002
4,4,melanoma,melanoma,0.050746176,0.11336585,0.08642127,0.032875508,0.317429,0.29886416,0.100298025
0,5,actinic keratoses and intraepithelial carcinoma,melanocytic nevi,0.109642066,0.22764225,0.19021554,0.067623004,0.11327743,0.25324336,0.03835627
5,5,melanocytic nevi,melanocytic nevi,0.0006068366,0.00035061018,0.0043309033,0.0009002238,0.007922109,0.98529184,0.0005976034
5,5,melanocytic nevi,melanocytic nevi,0.020939432,0.02235505,0.045501754,0.025164008,0.029763326,0.82844985,0.027826618
4,5,melanoma,melanocytic nevi,0.046462324,0.10061506,0.15076186,0.024216384,0.2083511,0.45646775,0.013125481
5,5,melanocytic nevi,melanocytic nevi,0.044912398,0.044349715,0.048857287,0.03382178,0.065954804,0.74753875,0.014565213
5,5,melanocytic nevi,melanocytic nevi,0.00995106,0.006448327,0.055409316,0.0068790154,0.2634666,0.6529872,0.004858529
2,5,benign keratosis-like lesions,melanocytic nevi,0.07280482,0.03316643,0.24406168,0.04158478,0.08184751,0.52210605,0.0044287075
5,5,melanocytic nevi,melanocytic nevi,0.05438248,0.06981984,0.20040876,0.02964968,0.21050079,0.42697045,0.0082679195
5,5,melanocytic nevi,melanocytic nevi,0.0019474432,0.00180594,0.008122972,0.003253201,0.014332293,0.9656094,0.004928681
0,1,actinic keratoses and intraepithelial carcinoma,basal cell carcinoma,0.22711158,0.2722758,0.18983065,0.072191015,0.088656716,0.120232746,0.029701522
5,5,melanocytic nevi,melanocytic nevi,0.0013399879,0.0006956278,0.007856848,0.0015907157,0.011201978,0.97633386,0.0009810037
1,1,basal cell carcinoma,basal cell carcinoma,0.18092029,0.3822245,0.11546573,0.098248124,0.041238084,0.12558526,0.056317996
5,5,melanocytic nevi,melanocytic nevi,0.0066866106,0.0025785428,0.072007984,0.00253507,0.3544391,0.56024843,0.0015042298
1,1,basal cell carcinoma,basal cell carcinoma,0.21851707,0.26850608,0.22082633,0.052951116,0.09844074,0.11094484,0.029813843
5,5,melanocytic nevi,melanocytic nevi,0.0011244025,0.0005616399,0.013334992,0.0012363482,0.039396197,0.94401854,0.00032795742
2,2,benign keratosis-like lesions,benign keratosis-like lesions,0.23099682,0.1799857,0.37360957,0.05904921,0.08308663,0.0644565,0.008815513
5,5,melanocytic nevi,melanocytic nevi,0.06962431,0.017107176,0.19999762,0.020969266,0.21708235,0.47360408,0.0016152008
4,5,melanoma,melanocytic nevi,0.011688277,0.0054721036,0.13109748,0.004424198,0.29867354,0.54775757,0.0008869112
5,5,melanocytic nevi,melanocytic nevi,0.018064745,0.016868033,0.028349554,0.025845328,0.01588142,0.83588946,0.059101444
0,1,actinic keratoses and intraepithelial carcinoma,basal cell carcinoma,0.23288667,0.24069987,0.17266071,0.07558759,0.10280319,0.14764345,0.027718535
5,5,melanocytic nevi,melanocytic nevi,0.005654847,0.0040772427,0.022958983,0.0061253104,0.046669077,0.90901905,0.005495324
5,5,melanocytic nevi,melanocytic nevi,0.0024828692,0.0015180386,0.009360726,0.0023353046,0.022549542,0.9609134,0.00084013777
5,5,melanocytic nevi,melanocytic nevi,0.0077939536,0.0056009637,0.039159197,0.0043968298,0.38551873,0.5495655,0.0079647405
5,5,melanocytic nevi,melanocytic nevi,0.026003359,0.021736879,0.03534625,0.028018862,0.025655083,0.83189565,0.03134383
5,5,melanocytic nevi,melanocytic nevi,0.09670361,0.04461268,0.07027855,0.02876319,0.29928043,0.43036565,0.029995907
5,5,melanocytic nevi,melanocytic nevi,0.00096600386,0.0006916009,0.005561023,0.0013328685,0.010575071,0.9799487,0.00092471077
5,5,melanocytic nevi,melanocytic nevi,0.011313929,0.0087722335,0.018075464,0.0147702815,0.016653452,0.89216346,0.038251285
0,1,actinic keratoses and intraepithelial carcinoma,basal cell carcinoma,0.14148407,0.42981014,0.13553378,0.08074488,0.039220594,0.12700985,0.0461967
0,2,actinic keratoses and intraepithelial carcinoma,benign keratosis-like lesions,0.1617982,0.23239681,0.26261717,0.068212636,0.08478133,0.1584132,0.03178064
5,1,melanocytic nevi,basal cell carcinoma,0.13123374,0.37539014,0.20021597,0.07682026,0.054085005,0.14680041,0.015454445
5,2,melanocytic nevi,benign keratosis-like lesions,0.33903348,0.09365952,0.36011854,0.034034573,0.12919322,0.039679643,0.0042811036
5,5,melanocytic nevi,melanocytic nevi,0.0015155845,0.00085917156,0.008338545,0.0016329063,0.01825736,0.96862864,0.00076777086
6,5,vascular lesions,melanocytic nevi,0.012291832,0.033867903,0.017131193,0.029066559,0.008216474,0.4689645,0.43046156
5,5,melanocytic nevi,melanocytic nevi,0.0004961859,0.00021881789,0.0062456783,0.00048783753,0.014803723,0.9775295,0.00021821607
5,5,melanocytic nevi,melanocytic nevi,0.0023082404,0.0017304547,0.008304817,0.0034360583,0.009550084,0.97183335,0.0028370216
3,1,dermatofibroma,basal cell carcinoma,0.18997887,0.23427002,0.18056017,0.05959566,0.16106753,0.15147161,0.023056021
0,2,actinic keratoses and intraepithelial carcinoma,benign keratosis-like lesions,0.27537268,0.18206449,0.31029257,0.06883967,0.07347591,0.08176737,0.008187362
5,5,melanocytic nevi,melanocytic nevi,0.0038173872,0.0029171235,0.04583468,0.0016277377,0.2668646,0.67796934,0.0009691288
5,5,melanocytic nevi,melanocytic nevi,0.014667696,0.016965108,0.02606126,0.025516806,0.017122151,0.823109,0.07655801
5,5,melanocytic nevi,melanocytic nevi,0.015168327,0.01892862,0.02211366,0.024363816,0.017997252,0.8172888,0.08413954
5,5,melanocytic nevi,melanocytic nevi,0.020576255,0.051221635,0.09363291,0.03111319,0.12012421,0.6323724,0.05095947
5,5,melanocytic nevi,melanocytic nevi,0.0044341204,0.002164485,0.026017167,0.003850651,0.038754024,0.9228682,0.0019113539
5,5,melanocytic nevi,melanocytic nevi,0.009222593,0.002177434,0.036482822,0.0047586523,0.027223555,0.91960347,0.00053152
5,5,melanocytic nevi,melanocytic nevi,0.002391641,0.0015442736,0.011323837,0.0029739754,0.011701934,0.96762824,0.00243614
5,5,melanocytic nevi,melanocytic nevi,0.014552299,0.011407104,0.03086824,0.016512873,0.024927823,0.8818515,0.019880166
5,5,melanocytic nevi,melanocytic nevi,0.0050208713,0.005491389,0.015233362,0.00927316,0.016305711,0.9254405,0.02323504
5,5,melanocytic nevi,melanocytic nevi,0.008711033,0.0031432984,0.035020538,0.0053587616,0.037278324,0.9092809,0.0012071913
5,5,melanocytic nevi,melanocytic nevi,0.009759265,0.0032958256,0.033929653,0.0056346576,0.06009488,0.8852784,0.0020073121
5,5,melanocytic nevi,melanocytic nevi,0.0073899957,0.0070162746,0.061039258,0.005966379,0.23006004,0.6842194,0.0043086843
4,2,melanoma,benign keratosis-like lesions,0.03119131,0.017346883,0.43620196,0.012137658,0.25288847,0.24751462,0.0027190193
5,5,melanocytic nevi,melanocytic nevi,0.017035898,0.04561849,0.08977927,0.03887855,0.058743767,0.6253115,0.12463252
5,5,melanocytic nevi,melanocytic nevi,0.019203076,0.09260364,0.067117795,0.028592883,0.07959054,0.6514967,0.061395336
5,5,melanocytic nevi,melanocytic nevi,0.029662935,0.07648197,0.085384786,0.03612469,0.10173907,0.43847615,0.2321305
5,5,melanocytic nevi,melanocytic nevi,0.006474016,0.0043635746,0.017190035,0.0050403913,0.07637948,0.8838582,0.006694324
5,5,melanocytic nevi,melanocytic nevi,0.026374007,0.011947461,0.06485204,0.010430824,0.3516709,0.5273154,0.0074093854
5,5,melanocytic nevi,melanocytic nevi,0.005413434,0.0028602742,0.037883867,0.002996847,0.25844753,0.6905351,0.0018629313
5,5,melanocytic nevi,melanocytic nevi,0.00728193,0.0047387425,0.014806594,0.008539182,0.025291264,0.92328864,0.01605374
5,5,melanocytic nevi,melanocytic nevi,0.016486762,0.008011646,0.07174936,0.012667068,0.05686929,0.8304926,0.0037232146
4,4,melanoma,melanoma,0.029717512,0.011690528,0.12779853,0.008386552,0.5353734,0.28382382,0.0032096968
5,5,melanocytic nevi,melanocytic nevi,0.014706006,0.013649436,0.022469966,0.019496944,0.012613207,0.89594066,0.021123823
2,1,benign keratosis-like lesions,basal cell carcinoma,0.17434905,0.24900816,0.231736,0.07653814,0.07902416,0.15472202,0.034622476
1,1,basal cell carcinoma,basal cell carcinoma,0.14326626,0.29254508,0.13471243,0.07654358,0.08415309,0.2160501,0.0527295
5,5,melanocytic nevi,melanocytic nevi,0.007725235,0.006282534,0.025147414,0.010460395,0.01757993,0.9228353,0.009969302
5,5,melanocytic nevi,melanocytic nevi,0.0071958406,0.007948644,0.018089576,0.01389627,0.011113089,0.90652454,0.035232
0,5,actinic keratoses and intraepithelial carcinoma,melanocytic nevi,0.1250917,0.18172859,0.17417285,0.05523774,0.16340648,0.26772627,0.032636374
5,5,melanocytic nevi,melanocytic nevi,0.007169636,0.0037737826,0.030567497,0.0042304383,0.22463495,0.7259704,0.0036532881
5,5,melanocytic nevi,melanocytic nevi,0.024611335,0.050621234,0.05229734,0.014336038,0.300393,0.52819145,0.029549675
4,5,melanoma,melanocytic nevi,0.03662058,0.017486002,0.07970097,0.01101889,0.3882724,0.46303195,0.0038691417
5,5,melanocytic nevi,melanocytic nevi,0.004121604,0.004029559,0.014867456,0.0075377226,0.0099071665,0.94802,0.011516449
5,5,melanocytic nevi,melanocytic nevi,0.01132706,0.007140532,0.033690393,0.010984323,0.026841912,0.9038194,0.0061964253
2,4,benign keratosis-like lesions,melanoma,0.041372266,0.010754346,0.12661739,0.006718294,0.6637878,0.14817661,0.002573383
4,5,melanoma,melanocytic nevi,0.029878013,0.01362915,0.10440081,0.010822871,0.38191748,0.45407888,0.005272755
1,1,basal cell carcinoma,basal cell carcinoma,0.09475213,0.28429025,0.12691623,0.060553685,0.062058978,0.279405,0.09202373
5,5,melanocytic nevi,melanocytic nevi,0.00716154,0.0021738538,0.024525382,0.003717341,0.05974193,0.9017991,0.0008809546
5,5,melanocytic nevi,melanocytic nevi,0.0015693303,0.0013530351,0.010239143,0.0024885647,0.014620133,0.96758544,0.0021443625
5,5,melanocytic nevi,melanocytic nevi,0.007810164,0.008327711,0.02133414,0.014038728,0.01386328,0.90784276,0.02678319
4,5,melanoma,melanocytic nevi,0.038271267,0.06375734,0.06447213,0.04704436,0.05739617,0.6225666,0.10649213
5,5,melanocytic nevi,melanocytic nevi,0.02265198,0.023120547,0.044665225,0.02652092,0.036014974,0.8193948,0.027631488
5,5,melanocytic nevi,melanocytic nevi,0.10380926,0.14427544,0.23381414,0.044285953,0.2057003,0.24243747,0.02567738
5,5,melanocytic nevi,melanocytic nevi,0.08080732,0.028022941,0.07570933,0.03447764,0.06427959,0.7080238,0.008679378
1,5,basal cell carcinoma,melanocytic nevi,0.04424716,0.1432857,0.07679722,0.06822929,0.03808723,0.49347365,0.13587978
2,0,benign keratosis-like lesions,actinic keratoses and intraepithelial carcinoma,0.30344036,0.16872233,0.27643114,0.044536814,0.12967147,0.069173,0.0080248285
6,5,vascular lesions,melanocytic nevi,0.022417886,0.040878024,0.024370348,0.03828105,0.018473277,0.45193866,0.40364078
3,5,dermatofibroma,melanocytic nevi,0.1259451,0.058167744,0.09987562,0.07335279,0.042388465,0.56143093,0.03883935
5,5,melanocytic nevi,melanocytic nevi,0.0024944101,0.0014806816,0.037146635,0.0021200723,0.15568723,0.79779685,0.0032741015
2,0,benign keratosis-like lesions,actinic keratoses and intraepithelial carcinoma,0.27270493,0.19969334,0.19645435,0.07724625,0.10149095,0.12786163,0.024548499
4,5,melanoma,melanocytic nevi,0.02540253,0.008277349,0.1308528,0.008883892,0.34509838,0.48005304,0.0014320307
2,2,benign keratosis-like lesions,benign keratosis-like lesions,0.12803435,0.1264046,0.36131898,0.036608122,0.20480332,0.1322605,0.010570141
5,5,melanocytic nevi,melanocytic nevi,0.05544558,0.18407628,0.084079966,0.055065718,0.100709185,0.40527612,0.11534716
5,5,melanocytic nevi,melanocytic nevi,0.06843106,0.033800922,0.057761937,0.029009974,0.20859526,0.58733743,0.015063466
1,0,basal cell carcinoma,actinic keratoses and intraepithelial carcinoma,0.30993715,0.15660302,0.23999543,0.040268004,0.16215587,0.078398764,0.012641793
5,5,melanocytic nevi,melanocytic nevi,0.007078641,0.007212653,0.014935298,0.012541987,0.011689096,0.90740293,0.03913942
5,5,melanocytic nevi,melanocytic nevi,0.014145198,0.013164516,0.04033159,0.014890572,0.09450313,0.80483586,0.018129084
5,5,melanocytic nevi,melanocytic nevi,0.019228926,0.010903841,0.16895151,0.010653005,0.26394564,0.52276605,0.0035510492
5,5,melanocytic nevi,melanocytic nevi,0.037878864,0.017571699,0.11870754,0.018146526,0.3397405,0.46509758,0.0028572893
5,5,melanocytic nevi,melanocytic nevi,0.0038604357,0.0022989034,0.019765312,0.0043663066,0.022418011,0.9440195,0.003271616
4,4,melanoma,melanoma,0.05990839,0.036818597,0.06516933,0.017304497,0.5211565,0.2824202,0.01722251
5,5,melanocytic nevi,melanocytic nevi,0.008405632,0.0100145405,0.014449347,0.016758177,0.014246774,0.80713934,0.12898621
5,5,melanocytic nevi,melanocytic nevi,0.0041082907,0.0029012966,0.01454845,0.005544609,0.011708315,0.95663804,0.00455098
4,5,melanoma,melanocytic nevi,0.056960374,0.086687796,0.20424218,0.042832002,0.24338827,0.34185606,0.024033302
5,5,melanocytic nevi,melanocytic nevi,0.02177559,0.030744033,0.050871436,0.022886071,0.05249515,0.80955875,0.011669069
5,5,melanocytic nevi,melanocytic nevi,0.008260972,0.0045619444,0.02038912,0.0067788693,0.028015008,0.928536,0.003458018
2,2,benign keratosis-like lesions,benign keratosis-like lesions,0.127945,0.18449064,0.41417247,0.051153775,0.057834744,0.15240675,0.011996599
5,5,melanocytic nevi,melanocytic nevi,0.00047044302,0.00023245462,0.0040368135,0.0005996189,0.007634187,0.98671466,0.00031186003
5,5,melanocytic nevi,melanocytic nevi,0.007040267,0.0071586585,0.014567704,0.012036188,0.017979814,0.9074887,0.033728648
5,5,melanocytic nevi,melanocytic nevi,0.012190178,0.015344307,0.020948555,0.022323813,0.013633565,0.8392278,0.07633171
5,5,melanocytic nevi,melanocytic nevi,0.006180888,0.0054217,0.018206133,0.008978618,0.015366854,0.9370084,0.0088374615
5,5,melanocytic nevi,melanocytic nevi,0.010873731,0.011191014,0.07337487,0.008605849,0.22703093,0.6560942,0.012829345
0,0,actinic keratoses and intraepithelial carcinoma,actinic keratoses and intraepithelial carcinoma,0.5733716,0.08784485,0.2030526,0.018585106,0.099579625,0.014707759,0.002858452
5,5,melanocytic nevi,melanocytic nevi,0.0066368463,0.010507016,0.043079816,0.00867773,0.12205941,0.79418075,0.014858502
5,5,melanocytic nevi,melanocytic nevi,0.2658493,0.06372099,0.13839862,0.07366511,0.061523236,0.38526347,0.011579263
5,5,melanocytic nevi,melanocytic nevi,0.022584248,0.012505161,0.037858505,0.012105811,0.22129403,0.68825376,0.0053984676
5,5,melanocytic nevi,melanocytic nevi,0.008506195,0.0050292024,0.05778956,0.0048986403,0.26096997,0.66009635,0.0027100672
5,5,melanocytic nevi,melanocytic nevi,0.013961822,0.0104482835,0.052057095,0.0073924307,0.3797623,0.53235835,0.0040197545
2,2,benign keratosis-like lesions,benign keratosis-like lesions,0.12897193,0.105571754,0.5085317,0.049054712,0.0834993,0.11769717,0.006673399
5,5,melanocytic nevi,melanocytic nevi,0.026607292,0.043433346,0.036012866,0.028469836,0.09501942,0.6880187,0.08243856
5,1,melanocytic nevi,basal cell carcinoma,0.08016615,0.247722,0.10598281,0.056537304,0.17939174,0.24117154,0.08902839
1,5,basal cell carcinoma,melanocytic nevi,0.04860304,0.2813889,0.14507972,0.06330954,0.03370187,0.36961883,0.05829809
5,5,melanocytic nevi,melanocytic nevi,0.057948787,0.09231861,0.044772394,0.066285074,0.01925563,0.6074742,0.11194534
5,5,melanocytic nevi,melanocytic nevi,0.011575107,0.0050459867,0.030788898,0.0080895005,0.03636785,0.9045696,0.0035630197
5,5,melanocytic nevi,melanocytic nevi,0.119398154,0.22373289,0.20127474,0.06044058,0.10967394,0.24859825,0.036881547
5,5,melanocytic nevi,melanocytic nevi,0.029751098,0.022200657,0.048546392,0.03233375,0.027194876,0.8041416,0.035831634
6,5,vascular lesions,melanocytic nevi,0.030730719,0.04434852,0.030081948,0.03932085,0.028522065,0.6682689,0.15872698
0,2,actinic keratoses and intraepithelial carcinoma,benign keratosis-like lesions,0.1375348,0.2737135,0.31740645,0.066324405,0.046126723,0.14498845,0.013905662
5,5,melanocytic nevi,melanocytic nevi,0.0098251,0.0037098832,0.025743622,0.0060078707,0.030552872,0.92179346,0.0023673126
2,2,benign keratosis-like lesions,benign keratosis-like lesions,0.11083673,0.11581729,0.46500605,0.036820628,0.09260293,0.17138444,0.0075319014
4,5,melanoma,melanocytic nevi,0.06712792,0.030917069,0.11270944,0.020927876,0.37315163,0.38514158,0.010024466
4,5,melanoma,melanocytic nevi,0.004917326,0.0020574494,0.12625675,0.0017078876,0.30950925,0.5552863,0.00026501986
5,5,melanocytic nevi,melanocytic nevi,0.023597412,0.03752752,0.031018162,0.038182292,0.033602517,0.6465557,0.18951635
5,5,melanocytic nevi,melanocytic nevi,0.00155298,0.0009124285,0.007611755,0.00203614,0.0099841785,0.97620106,0.0017013901
4,0,melanoma,actinic keratoses and intraepithelial carcinoma,0.24185011,0.1966358,0.07821732,0.074659355,0.11782654,0.14208674,0.14872405
6,5,vascular lesions,melanocytic nevi,0.028754862,0.10119619,0.067060895,0.044989202,0.05503238,0.45353574,0.24943078
2,0,benign keratosis-like lesions,actinic keratoses and intraepithelial carcinoma,0.31969026,0.1704165,0.26825535,0.069252945,0.10502738,0.052207872,0.01514968
5,5,melanocytic nevi,melanocytic nevi,0.0018863685,0.00091731385,0.011771065,0.0016329316,0.050868887,0.9321194,0.00080396904
5,5,melanocytic nevi,melanocytic nevi,0.005181179,0.0029089833,0.019150982,0.004412511,0.027587382,0.9386186,0.002140397
5,5,melanocytic nevi,melanocytic nevi,0.010515368,0.032123763,0.1400766,0.014124902,0.10056383,0.68728715,0.015308432
5,5,melanocytic nevi,melanocytic nevi,0.004028755,0.005047088,0.04145289,0.00609841,0.21634422,0.71126366,0.015764985
5,5,melanocytic nevi,melanocytic nevi,0.007313389,0.0064701433,0.01549517,0.008947619,0.028573861,0.92383933,0.009360499
5,1,melanocytic nevi,basal cell carcinoma,0.18558723,0.3151442,0.16791226,0.049973752,0.082877584,0.16208746,0.03641751
4,5,melanoma,melanocytic nevi,0.0040251603,0.001778161,0.03547209,0.0032337557,0.26568374,0.6833826,0.006424507
5,5,melanocytic nevi,melanocytic nevi,0.02551896,0.011617478,0.050450984,0.016451605,0.052955806,0.83617294,0.0068322173
5,5,melanocytic nevi,melanocytic nevi,0.0063355654,0.0071975808,0.046003044,0.006398023,0.21201348,0.7142046,0.007847748
2,4,benign keratosis-like lesions,melanoma,0.12131272,0.10554662,0.27915058,0.026398143,0.3120013,0.1455755,0.010015162
5,5,melanocytic nevi,melanocytic nevi,0.007983366,0.0040909974,0.028063038,0.0057015168,0.11583927,0.8348683,0.0034534452
4,5,melanoma,melanocytic nevi,0.01981545,0.025745548,0.11961325,0.009011344,0.3214775,0.5007143,0.0036226073
3,1,dermatofibroma,basal cell carcinoma,0.19869077,0.35986954,0.106760435,0.08398047,0.0825607,0.13025749,0.037880592
5,5,melanocytic nevi,melanocytic nevi,0.0110537615,0.0109787285,0.016826898,0.018498542,0.012753749,0.8614423,0.06844609
5,5,melanocytic nevi,melanocytic nevi,0.003853739,0.002726699,0.047152717,0.0030590952,0.21067858,0.73000294,0.0025262677
5,1,melanocytic nevi,basal cell carcinoma,0.11409796,0.2706989,0.23051709,0.07197345,0.07616457,0.21460517,0.021942837
5,5,melanocytic nevi,melanocytic nevi,0.004638815,0.002464979,0.07416806,0.0033740355,0.32994804,0.5809822,0.004423856
5,5,melanocytic nevi,melanocytic nevi,0.016955812,0.020404063,0.030893372,0.027624121,0.020378934,0.83311325,0.05063053
4,4,melanoma,melanoma,0.0110617,0.0028779951,0.06873469,0.0038637605,0.5836414,0.32707185,0.002748644
5,5,melanocytic nevi,melanocytic nevi,0.027174225,0.032356642,0.040981982,0.039434917,0.022490956,0.74946874,0.088092566
3,0,dermatofibroma,actinic keratoses and intraepithelial carcinoma,0.45695287,0.20411897,0.12568875,0.073059626,0.07085243,0.055563826,0.013763571
5,5,melanocytic nevi,melanocytic nevi,0.024907919,0.06593698,0.14194173,0.04222953,0.09915033,0.60991174,0.01592177
5,1,melanocytic nevi,basal cell carcinoma,0.14873292,0.30132326,0.099246085,0.07716512,0.10532387,0.20095398,0.06725474
5,5,melanocytic nevi,melanocytic nevi,0.04063085,0.1292859,0.076106764,0.048435695,0.10258322,0.43234643,0.17061114
1,1,basal cell carcinoma,basal cell carcinoma,0.21902928,0.31455234,0.1793917,0.06178498,0.10998409,0.08745813,0.027799465
2,2,benign keratosis-like lesions,benign keratosis-like lesions,0.08434909,0.12933306,0.34255806,0.04365545,0.1568283,0.22155899,0.02171708
5,5,melanocytic nevi,melanocytic nevi,0.032734994,0.036766693,0.055274576,0.03898171,0.031200863,0.7615431,0.043498166
5,5,melanocytic nevi,melanocytic nevi,0.006464569,0.0048327637,0.017998215,0.008454221,0.018022401,0.93529254,0.008935264
5,5,melanocytic nevi,melanocytic nevi,0.004515832,0.0020695054,0.020686656,0.0037957767,0.03128298,0.9361404,0.0015088121
5,5,melanocytic nevi,melanocytic nevi,0.012248164,0.010939686,0.038766105,0.012631263,0.047193844,0.86893415,0.009286764
5,5,melanocytic nevi,melanocytic nevi,0.008826701,0.007561126,0.03374642,0.009256896,0.042087916,0.89289725,0.0056237387
5,5,melanocytic nevi,melanocytic nevi,0.0004396299,0.00013512715,0.0044106697,0.00038927956,0.017033465,0.9775095,8.230857e-05
2,2,benign keratosis-like lesions,benign keratosis-like lesions,0.14629473,0.16011715,0.42515546,0.033424262,0.06617966,0.15916187,0.009666849
5,5,melanocytic nevi,melanocytic nevi,0.0052224086,0.0035983534,0.018180514,0.007759657,0.011168904,0.947823,0.00624716
5,5,melanocytic nevi,melanocytic nevi,0.023699867,0.0381355,0.0342691,0.025867889,0.09829506,0.70056945,0.07916308
5,5,melanocytic nevi,melanocytic nevi,0.016093196,0.16767868,0.041304488,0.036265798,0.051362325,0.55520576,0.13208978
2,2,benign keratosis-like lesions,benign keratosis-like lesions,0.16096796,0.18925355,0.38057065,0.06181587,0.095134936,0.10055145,0.011705612
4,5,melanoma,melanocytic nevi,0.010768563,0.006384884,0.090370595,0.0061085126,0.3435674,0.5382065,0.0045935945
4,0,melanoma,actinic keratoses and intraepithelial carcinoma,0.42167062,0.069439135,0.21794091,0.03483943,0.2131629,0.038811762,0.004135264
5,5,melanocytic nevi,melanocytic nevi,0.0049555055,0.006116689,0.012049342,0.011147805,0.011009605,0.8982895,0.056431618
5,5,melanocytic nevi,melanocytic nevi,0.021248426,0.008127639,0.068096496,0.009344726,0.21538734,0.67523044,0.0025648733
4,4,melanoma,melanoma,0.021487132,0.00810455,0.10912158,0.006505456,0.4476801,0.40597445,0.0011266686
5,2,melanocytic nevi,benign keratosis-like lesions,0.090843424,0.08124247,0.5677017,0.025242304,0.13628057,0.095514804,0.0031748079
5,5,melanocytic nevi,melanocytic nevi,0.019067828,0.016207738,0.031095084,0.01734953,0.047512107,0.8517326,0.017035155
5,5,melanocytic nevi,melanocytic nevi,0.05437503,0.14653769,0.18554044,0.036836702,0.117171794,0.42206162,0.037476677
2,2,benign keratosis-like lesions,benign keratosis-like lesions,0.2887076,0.08205417,0.45672685,0.025113786,0.11220279,0.03222766,0.0029671297
5,5,melanocytic nevi,melanocytic nevi,0.0033558318,0.0025419632,0.014568688,0.0049045715,0.012080379,0.9582006,0.0043480424
5,5,melanocytic nevi,melanocytic nevi,0.02333734,0.017468916,0.10889489,0.012798663,0.17596024,0.6559102,0.00562979
5,5,melanocytic nevi,melanocytic nevi,0.03642577,0.04105358,0.02702046,0.047375824,0.021672605,0.6336334,0.1928183
5,5,melanocytic nevi,melanocytic nevi,0.0021815116,0.0013358901,0.010316772,0.0026483422,0.011949681,0.97007275,0.0014950982
5,5,melanocytic nevi,melanocytic nevi,0.010504356,0.006456969,0.054237656,0.00773798,0.05699542,0.863188,0.0008796191
5,5,melanocytic nevi,melanocytic nevi,0.002126177,0.0016896639,0.028218282,0.0022320682,0.2272581,0.7330231,0.0054526143
5,5,melanocytic nevi,melanocytic nevi,0.015848374,0.008143884,0.035267845,0.015269951,0.017705025,0.8995505,0.008214456
2,2,benign keratosis-like lesions,benign keratosis-like lesions,0.14907707,0.2502814,0.31310385,0.07399438,0.06005193,0.12330189,0.030189417
5,5,melanocytic nevi,melanocytic nevi,0.065335825,0.06723119,0.07609626,0.0352848,0.26839006,0.44902885,0.03863301
5,5,melanocytic nevi,melanocytic nevi,0.09909195,0.04597992,0.1386661,0.051235627,0.059945267,0.5962033,0.008877754
5,5,melanocytic nevi,melanocytic nevi,0.010108399,0.009565348,0.14567399,0.0077734184,0.12528291,0.69187194,0.009724023
5,5,melanocytic nevi,melanocytic nevi,0.0012993467,0.000861939,0.0061081355,0.0019085229,0.008725473,0.9788482,0.0022482362
5,5,melanocytic nevi,melanocytic nevi,0.03984599,0.023530148,0.06336844,0.03308263,0.023559485,0.7966667,0.019946605
5,5,melanocytic nevi,melanocytic nevi,0.046636984,0.07247162,0.2459025,0.02781179,0.22850642,0.2736083,0.105062455
5,5,melanocytic nevi,melanocytic nevi,0.016881492,0.0060687102,0.028290821,0.011774537,0.024234027,0.90734375,0.0054067085
2,1,benign keratosis-like lesions,basal cell carcinoma,0.21417946,0.32237712,0.2027844,0.09483154,0.036506735,0.08040111,0.048919633
1,5,basal cell carcinoma,melanocytic nevi,0.106258616,0.07167443,0.1377489,0.046032574,0.2683581,0.35512123,0.014806171
5,5,melanocytic nevi,melanocytic nevi,0.00801831,0.0043056444,0.023276005,0.0076733613,0.02324987,0.9289183,0.0045585465
4,0,melanoma,actinic keratoses and intraepithelial carcinoma,0.34881547,0.07667615,0.33688104,0.032590535,0.16071428,0.03992663,0.0043959203
5,5,melanocytic nevi,melanocytic nevi,0.0064985687,0.03700016,0.052333184,0.014950679,0.06686296,0.7756074,0.046747014
5,5,melanocytic nevi,melanocytic nevi,0.013910181,0.04199001,0.05901555,0.023825442,0.07917797,0.73414946,0.047931407
3,1,dermatofibroma,basal cell carcinoma,0.075955495,0.50213814,0.08010322,0.08423044,0.036642104,0.17917453,0.041756067
5,5,melanocytic nevi,melanocytic nevi,0.006713713,0.008259409,0.016028754,0.013654384,0.010800847,0.9028798,0.041663095
0,5,actinic keratoses and intraepithelial carcinoma,melanocytic nevi,0.22422028,0.11209775,0.13871267,0.06673066,0.12515378,0.31275696,0.020327838
4,5,melanoma,melanocytic nevi,0.002851499,0.0017956153,0.018216822,0.0025416217,0.059736773,0.9134671,0.0013905702
5,5,melanocytic nevi,melanocytic nevi,0.010550934,0.008066701,0.026459066,0.014039157,0.016804585,0.9073378,0.01674178
0,5,actinic keratoses and intraepithelial carcinoma,melanocytic nevi,0.181048,0.21740045,0.15597633,0.068508305,0.104883656,0.23889329,0.033289984
2,5,benign keratosis-like lesions,melanocytic nevi,0.098857224,0.23655811,0.24577928,0.06199978,0.06320066,0.25768688,0.03591811
5,5,melanocytic nevi,melanocytic nevi,0.017711934,0.011561582,0.065232255,0.011594835,0.18967864,0.69866514,0.005555593
5,5,melanocytic nevi,melanocytic nevi,0.005339344,0.006198587,0.08649544,0.005756027,0.2287257,0.6592902,0.00819472
1,5,basal cell carcinoma,melanocytic nevi,0.13101636,0.20176992,0.23137455,0.06061653,0.10494979,0.24172857,0.028544197
5,2,melanocytic nevi,benign keratosis-like lesions,0.23346068,0.12142865,0.44442537,0.050793707,0.102034345,0.041351534,0.006505709
5,5,melanocytic nevi,melanocytic nevi,0.106547266,0.025387546,0.22956324,0.027619552,0.26457638,0.34515283,0.0011531984
4,4,melanoma,melanoma,0.066985525,0.03716494,0.12159412,0.013966459,0.5342146,0.21899071,0.0070835985
5,5,melanocytic nevi,melanocytic nevi,0.0038219143,0.0031829565,0.01810099,0.0056058913,0.035758328,0.926083,0.007446944
5,5,melanocytic nevi,melanocytic nevi,0.012038381,0.006161074,0.11883271,0.0036625003,0.4052527,0.45322326,0.00082940346
5,5,melanocytic nevi,melanocytic nevi,0.004722428,0.0021426892,0.018958956,0.0044431016,0.019551838,0.94818264,0.0019983721
5,5,melanocytic nevi,melanocytic nevi,0.013247473,0.007970711,0.15104514,0.007151924,0.18384907,0.636236,0.0004996453
5,5,melanocytic nevi,melanocytic nevi,0.007102732,0.0019579607,0.032022364,0.0045131184,0.03813019,0.9153261,0.0009474999
5,5,melanocytic nevi,melanocytic nevi,0.008692481,0.008540314,0.023966098,0.013027603,0.014228904,0.9132484,0.018296078
5,5,melanocytic nevi,melanocytic nevi,0.001916102,0.001503618,0.00890051,0.0031440349,0.01114428,0.9696129,0.0037784895
3,5,dermatofibroma,melanocytic nevi,0.01730084,0.0056846333,0.04127615,0.007987321,0.046165682,0.88016784,0.0014175645
5,5,melanocytic nevi,melanocytic nevi,0.005703917,0.0061308644,0.065475926,0.005336008,0.18024945,0.73087215,0.0062316707
5,5,melanocytic nevi,melanocytic nevi,0.0014936941,0.0037505832,0.11881949,0.0024621852,0.10217099,0.7681407,0.0031623645
5,5,melanocytic nevi,melanocytic nevi,0.060504287,0.0398931,0.0960454,0.04084684,0.046556722,0.7046722,0.011481514
5,2,melanocytic nevi,benign keratosis-like lesions,0.06038882,0.1487829,0.32986665,0.05317131,0.09938286,0.29186863,0.016538864
5,1,melanocytic nevi,basal cell carcinoma,0.06971697,0.401062,0.13816741,0.07299873,0.03626778,0.2294276,0.05235949
2,1,benign keratosis-like lesions,basal cell carcinoma,0.140821,0.2531613,0.22230127,0.08505084,0.07710985,0.17192768,0.049628075
2,4,benign keratosis-like lesions,melanoma,0.29239258,0.08785917,0.13973343,0.027590735,0.36789736,0.07413681,0.010389915
5,5,melanocytic nevi,melanocytic nevi,0.00760884,0.005618588,0.022331305,0.009315186,0.016732808,0.92918617,0.009207127
0,0,actinic keratoses and intraepithelial carcinoma,actinic keratoses and intraepithelial carcinoma,0.45526692,0.10062794,0.079723075,0.033691537,0.2505354,0.070906244,0.00924881
1,1,basal cell carcinoma,basal cell carcinoma,0.09114242,0.4400268,0.12598906,0.07085495,0.040534858,0.18443559,0.047016334
4,5,melanoma,melanocytic nevi,0.0671099,0.020518804,0.18353263,0.025865592,0.18839726,0.51198286,0.002592986
4,5,melanoma,melanocytic nevi,0.03861258,0.02650457,0.08219706,0.021335227,0.27519673,0.5493758,0.006777997
2,1,benign keratosis-like lesions,basal cell carcinoma,0.23338515,0.2424936,0.21311882,0.09767283,0.056130834,0.14243507,0.014763735
5,5,melanocytic nevi,melanocytic nevi,0.021462493,0.044525206,0.078087255,0.020184942,0.15394066,0.65716976,0.024629688
5,4,melanocytic nevi,melanoma,0.061179634,0.02654412,0.2585663,0.017507324,0.3527135,0.2788347,0.004654495
2,2,benign keratosis-like lesions,benign keratosis-like lesions,0.2887908,0.13403696,0.3981091,0.05096501,0.07985882,0.039648045,0.008591347
5,4,melanocytic nevi,melanoma,0.066848755,0.03563016,0.29755646,0.02054986,0.3438168,0.23082161,0.0047763786
5,5,melanocytic nevi,melanocytic nevi,0.07985401,0.2009715,0.25539035,0.052514516,0.09126431,0.2918799,0.028125394
0,1,actinic keratoses and intraepithelial carcinoma,basal cell carcinoma,0.22745329,0.2617777,0.20162109,0.07424904,0.07845553,0.12786335,0.028580008
5,6,melanocytic nevi,vascular lesions,0.017453095,0.04188657,0.02112202,0.03512069,0.01876152,0.39806843,0.46758762
5,5,melanocytic nevi,melanocytic nevi,0.056533787,0.08334093,0.13280155,0.03785162,0.1837031,0.4700187,0.035750248
2,2,benign keratosis-like lesions,benign keratosis-like lesions,0.04886428,0.027020698,0.5852106,0.006887363,0.2643996,0.06598453,0.0016329833
5,5,melanocytic nevi,melanocytic nevi,0.0007112686,0.00043979374,0.0057903295,0.0010047518,0.010965115,0.9802846,0.00080414186
5,5,melanocytic nevi,melanocytic nevi,0.034601275,0.044919796,0.07393283,0.016309641,0.33931646,0.47104767,0.019872306
5,5,melanocytic nevi,melanocytic nevi,0.008075948,0.007509747,0.016498717,0.0132292295,0.013976777,0.9059724,0.03473729
4,1,melanoma,basal cell carcinoma,0.10193205,0.30348766,0.24124157,0.05913975,0.102647066,0.14114802,0.05040385
5,5,melanocytic nevi,melanocytic nevi,0.022028774,0.017411627,0.13030303,0.0122644855,0.23498425,0.5769082,0.0060996786
5,5,melanocytic nevi,melanocytic nevi,0.0019344931,0.0012341547,0.010944324,0.0025122047,0.018514965,0.96351063,0.0013491455
5,5,melanocytic nevi,melanocytic nevi,0.020931117,0.05136156,0.08910897,0.024563758,0.15279204,0.6362905,0.02495214
2,4,benign keratosis-like lesions,melanoma,0.0826719,0.04769018,0.25812614,0.020982683,0.37417325,0.21007228,0.0062835673
5,5,melanocytic nevi,melanocytic nevi,0.013201775,0.10788971,0.1614473,0.03002158,0.08004377,0.5797168,0.027679037
5,5,melanocytic nevi,melanocytic nevi,0.0033737896,0.0015150668,0.012537289,0.0029292877,0.021240354,0.95681965,0.00158454
5,5,melanocytic nevi,melanocytic nevi,0.036704335,0.016299633,0.07610767,0.029698605,0.02143113,0.8095276,0.010231167
2,2,benign keratosis-like lesions,benign keratosis-like lesions,0.13027494,0.06543496,0.41543245,0.019625776,0.27357873,0.09195261,0.0037005395
4,5,melanoma,melanocytic nevi,0.0073114634,0.004438811,0.046239324,0.005027151,0.29947573,0.634603,0.0029045877
5,5,melanocytic nevi,melanocytic nevi,0.012901417,0.0164656,0.019724395,0.021370681,0.013425015,0.8405852,0.07552777
5,5,melanocytic nevi,melanocytic nevi,0.015827142,0.01678736,0.029365556,0.025537303,0.013079621,0.8556616,0.043741472
4,1,melanoma,basal cell carcinoma,0.10517056,0.2755907,0.06177257,0.05843245,0.2184101,0.2256489,0.054974757
5,5,melanocytic nevi,melanocytic nevi,0.0031760973,0.0030959053,0.015264535,0.0060134255,0.009441568,0.9591464,0.0038620655
5,5,melanocytic nevi,melanocytic nevi,0.0046843416,0.0034502954,0.015528469,0.0056907106,0.01634544,0.9504855,0.003815221
4,4,melanoma,melanoma,0.1228767,0.045911256,0.13570641,0.015459148,0.54095894,0.13194746,0.0071401405
5,2,melanocytic nevi,benign keratosis-like lesions,0.13984734,0.25444755,0.2877239,0.0560017,0.07602053,0.16417281,0.021786198
5,4,melanocytic nevi,melanoma,0.053511545,0.020629479,0.22286484,0.010233643,0.37818426,0.3116508,0.0029254933
5,5,melanocytic nevi,melanocytic nevi,0.004012808,0.0039622164,0.014428411,0.0061016614,0.015436026,0.9486345,0.0074243685
5,5,melanocytic nevi,melanocytic nevi,0.107987024,0.0459583,0.12999183,0.04459921,0.11795977,0.54492813,0.008575686
5,5,melanocytic nevi,melanocytic nevi,0.017237835,0.0104387915,0.032028507,0.016322663,0.027032929,0.8851286,0.0118107665
5,5,melanocytic nevi,melanocytic nevi,0.026842037,0.021428622,0.057341993,0.01957859,0.087762155,0.7754896,0.011556989
2,0,benign keratosis-like lesions,actinic keratoses and intraepithelial carcinoma,0.4139901,0.0778685,0.41093072,0.019121934,0.06436932,0.011752763,0.0019666224
4,4,melanoma,melanoma,0.11310978,0.047130015,0.22208092,0.022965819,0.4255453,0.16406679,0.005101355
5,5,melanocytic nevi,melanocytic nevi,0.020203842,0.015811965,0.06766085,0.010922161,0.3984686,0.4710874,0.01584522
5,5,melanocytic nevi,melanocytic nevi,0.030952143,0.022565113,0.03240451,0.03174071,0.031346504,0.7933964,0.05759459
5,5,melanocytic nevi,melanocytic nevi,0.008013557,0.013856074,0.09647993,0.014030812,0.09371669,0.7531222,0.02078081
2,5,benign keratosis-like lesions,melanocytic nevi,0.12027261,0.03916598,0.22586529,0.0332146,0.19338582,0.38527018,0.002825495
1,0,basal cell carcinoma,actinic keratoses and intraepithelial carcinoma,0.37595275,0.12395779,0.31907883,0.028894853,0.1208246,0.027517142,0.0037740653
5,5,melanocytic nevi,melanocytic nevi,0.007904328,0.019045403,0.13442963,0.010741862,0.09757372,0.7097531,0.020551914
5,5,melanocytic nevi,melanocytic nevi,0.022461805,0.012796686,0.040392287,0.010971828,0.31102118,0.5964057,0.0059504784
5,5,melanocytic nevi,melanocytic nevi,0.03368548,0.15775076,0.12725875,0.061309315,0.047086965,0.54444265,0.028466145
4,5,melanoma,melanocytic nevi,0.031475127,0.01770837,0.05192694,0.022198964,0.04825129,0.8199995,0.008439805
2,5,benign keratosis-like lesions,melanocytic nevi,0.014639664,0.0071542896,0.14550732,0.005741962,0.37558135,0.44802564,0.0033498525
5,5,melanocytic nevi,melanocytic nevi,0.0035087147,0.0025550285,0.017345922,0.004204435,0.03349026,0.93453544,0.004360106
5,5,melanocytic nevi,melanocytic nevi,0.041978206,0.04533041,0.04971284,0.0366926,0.04581147,0.7382998,0.04217462
4,5,melanoma,melanocytic nevi,0.020070625,0.012830403,0.0704567,0.010920704,0.20729837,0.6711101,0.0073130913
2,5,benign keratosis-like lesions,melanocytic nevi,0.01513386,0.006548906,0.058197055,0.0066884356,0.37670848,0.5328597,0.003863532
4,5,melanoma,melanocytic nevi,0.0061924234,0.0057620015,0.034141343,0.0067013283,0.21659936,0.7185604,0.012043071
5,0,melanocytic nevi,actinic keratoses and intraepithelial carcinoma,0.3454124,0.27410617,0.120753706,0.096325666,0.04117917,0.08681637,0.035406556
5,5,melanocytic nevi,melanocytic nevi,0.06523669,0.040236004,0.044495527,0.054816436,0.031575333,0.6455371,0.118102916
5,5,melanocytic nevi,melanocytic nevi,0.009432668,0.0037604596,0.0337891,0.007848856,0.029158004,0.9132269,0.002784101
5,5,melanocytic nevi,melanocytic nevi,0.0835028,0.1803133,0.08783321,0.055604506,0.108958825,0.3621988,0.12158857
5,5,melanocytic nevi,melanocytic nevi,0.0015805111,0.0009382294,0.00930778,0.0021000083,0.00956847,0.97521585,0.001289183
5,5,melanocytic nevi,melanocytic nevi,0.069841295,0.09788292,0.2585787,0.030646287,0.07691221,0.4571174,0.00902122
5,5,melanocytic nevi,melanocytic nevi,0.0026103044,0.001432373,0.011526219,0.002949481,0.015044297,0.96498233,0.0014549101
4,5,melanoma,melanocytic nevi,0.01836724,0.049113415,0.08807547,0.019256178,0.17191923,0.58606744,0.06720104
4,5,melanoma,melanocytic nevi,0.025166856,0.022764027,0.048574083,0.02796737,0.07586811,0.747427,0.052232467
4,5,melanoma,melanocytic nevi,0.021931969,0.015884843,0.1454262,0.012049122,0.19508025,0.60460544,0.005022071
5,5,melanocytic nevi,melanocytic nevi,0.0040822476,0.0031647617,0.017595539,0.005404439,0.019292863,0.9456482,0.0048119286
1,1,basal cell carcinoma,basal cell carcinoma,0.23519787,0.33068186,0.122704,0.079472736,0.067154475,0.10525153,0.05953748
2,5,benign keratosis-like lesions,melanocytic nevi,0.05626655,0.20461749,0.08674068,0.054692797,0.08596748,0.3922905,0.11942455
2,5,benign keratosis-like lesions,melanocytic nevi,0.012372474,0.0062418394,0.019537063,0.010790694,0.020665128,0.92120934,0.009183388
1,0,basal cell carcinoma,actinic keratoses and intraepithelial carcinoma,0.2394242,0.20238198,0.2306061,0.07702062,0.071948834,0.15914743,0.019470878
5,5,melanocytic nevi,melanocytic nevi,0.21105441,0.043076757,0.12678032,0.05253206,0.117056735,0.4458844,0.0036153095
5,5,melanocytic nevi,melanocytic nevi,0.0027510526,0.0011879079,0.014662732,0.0023256144,0.031078402,0.9470765,0.0009176968
5,5,melanocytic nevi,melanocytic nevi,0.0018991889,0.0013778943,0.008980969,0.0025995376,0.010240662,0.9731626,0.0017391717
2,0,benign keratosis-like lesions,actinic keratoses and intraepithelial carcinoma,0.31427997,0.18143362,0.29637483,0.06784095,0.05650773,0.065605365,0.017957497
5,5,melanocytic nevi,melanocytic nevi,0.0024635766,0.0009960756,0.013693083,0.0021872744,0.026812376,0.9529213,0.00092633796
5,5,melanocytic nevi,melanocytic nevi,0.0032327978,0.0018604468,0.01546154,0.003358018,0.020623006,0.95366085,0.0018032757
5,5,melanocytic nevi,melanocytic nevi,0.031380568,0.03554999,0.104186505,0.023968937,0.17030543,0.6163096,0.018298965
5,5,melanocytic nevi,melanocytic nevi,0.027214982,0.024981854,0.07929883,0.019319303,0.08371088,0.7569054,0.008568894
5,5,melanocytic nevi,melanocytic nevi,0.028223308,0.016449403,0.091873795,0.019527467,0.15237094,0.6807071,0.010848035
1,2,basal cell carcinoma,benign keratosis-like lesions,0.22406872,0.18773396,0.25229064,0.03414226,0.19250141,0.095281444,0.013981595
5,5,melanocytic nevi,melanocytic nevi,0.033726238,0.011926825,0.051947027,0.018789748,0.037133917,0.84085655,0.005619726
4,5,melanoma,melanocytic nevi,0.040464945,0.21653594,0.16487356,0.04969084,0.05929655,0.43174496,0.037393186
5,5,melanocytic nevi,melanocytic nevi,0.06070982,0.08843001,0.07518725,0.07149452,0.032284766,0.51979774,0.1520959
5,5,melanocytic nevi,melanocytic nevi,0.04534262,0.069987126,0.14537096,0.03260482,0.16231373,0.53189147,0.012489236
5,5,melanocytic nevi,melanocytic nevi,0.007983776,0.0058046496,0.022720575,0.009334123,0.029720217,0.9189902,0.0054464205
5,5,melanocytic nevi,melanocytic nevi,0.0049363426,0.0040537226,0.06636733,0.0065167593,0.18785326,0.7246339,0.005638819
5,5,melanocytic nevi,melanocytic nevi,0.010986815,0.009023043,0.033514645,0.00886255,0.22570756,0.6977677,0.014137719
5,5,melanocytic nevi,melanocytic nevi,0.004717818,0.002441494,0.020922532,0.004772843,0.022882776,0.94145626,0.0028062752
5,5,melanocytic nevi,melanocytic nevi,0.033021297,0.05870229,0.051259894,0.04888474,0.05360994,0.6495378,0.104984105
5,5,melanocytic nevi,melanocytic nevi,0.012241046,0.0130547425,0.03875088,0.011537989,0.16443346,0.74671894,0.013262994
5,5,melanocytic nevi,melanocytic nevi,0.009229699,0.0037595115,0.039322257,0.005900049,0.04931154,0.8909051,0.0015718075
5,2,melanocytic nevi,benign keratosis-like lesions,0.05057716,0.06159303,0.3554015,0.03152903,0.14235212,0.34740555,0.011141596
5,5,melanocytic nevi,melanocytic nevi,0.007200089,0.0070323534,0.0271968,0.011679488,0.027116805,0.90281016,0.01696433
5,5,melanocytic nevi,melanocytic nevi,0.012234028,0.014258303,0.024396699,0.021655219,0.017925445,0.84051985,0.06901044
5,5,melanocytic nevi,melanocytic nevi,0.008593376,0.0070705656,0.100016825,0.003980392,0.27783978,0.6002586,0.0022404755
5,5,melanocytic nevi,melanocytic nevi,0.021542443,0.0925351,0.06806482,0.036015864,0.08110517,0.5646111,0.13612552
5,5,melanocytic nevi,melanocytic nevi,0.0016082975,0.0010504668,0.010952104,0.0020650288,0.022681462,0.95989823,0.0017444929
2,2,benign keratosis-like lesions,benign keratosis-like lesions,0.09244503,0.10775095,0.31087756,0.022608746,0.2817064,0.17595983,0.008651456
4,5,melanoma,melanocytic nevi,0.010396772,0.0043271333,0.05782689,0.0038231858,0.45576274,0.4661729,0.0016903029
5,5,melanocytic nevi,melanocytic nevi,0.009391263,0.0064213723,0.036197085,0.007450944,0.19705287,0.73716736,0.0063191513
5,4,melanocytic nevi,melanoma,0.09124572,0.03808514,0.1903096,0.01568279,0.44904247,0.21058454,0.005049676
5,5,melanocytic nevi,melanocytic nevi,0.036223955,0.1182837,0.06681364,0.035137907,0.16133688,0.53507805,0.047125887
5,5,melanocytic nevi,melanocytic nevi,0.025083406,0.015286616,0.045069057,0.019700192,0.038989376,0.847157,0.00871436
0,5,actinic keratoses and intraepithelial carcinoma,melanocytic nevi,0.09268154,0.06936715,0.11997593,0.024639167,0.3118344,0.37516254,0.0063392753
5,5,melanocytic nevi,melanocytic nevi,0.0041712243,0.004451156,0.020253789,0.006601522,0.037441943,0.91972,0.007360366
5,5,melanocytic nevi,melanocytic nevi,0.046542283,0.18332812,0.08260703,0.05630062,0.03241859,0.51576984,0.08303348
5,4,melanocytic nevi,melanoma,0.029555257,0.029268317,0.18176232,0.014155175,0.39431268,0.34692654,0.0040196786
5,5,melanocytic nevi,melanocytic nevi,0.05288708,0.027986322,0.107741766,0.03700634,0.037665315,0.7258324,0.010880698
5,5,melanocytic nevi,melanocytic nevi,0.001533612,0.0010695771,0.008650963,0.00214202,0.012998963,0.97137374,0.002231034
5,5,melanocytic nevi,melanocytic nevi,0.010711342,0.0018870127,0.13879858,0.003910789,0.118554875,0.72600293,0.00013447933
5,5,melanocytic nevi,melanocytic nevi,0.007842236,0.01340339,0.118565686,0.014033797,0.10938094,0.7280649,0.008709043
5,5,melanocytic nevi,melanocytic nevi,0.022461727,0.015428182,0.04048933,0.02150601,0.019731997,0.8643992,0.015983565
5,5,melanocytic nevi,melanocytic nevi,0.014335467,0.015918205,0.09575781,0.010821968,0.22231044,0.6261773,0.014678805
5,5,melanocytic nevi,melanocytic nevi,0.01865599,0.01486845,0.037113976,0.02119786,0.07518091,0.758206,0.07477675
5,5,melanocytic nevi,melanocytic nevi,0.004092649,0.0027525239,0.01694798,0.0049296813,0.021629462,0.9441661,0.005481646
5,4,melanocytic nevi,melanoma,0.07468814,0.036760777,0.11588122,0.022506151,0.44733202,0.2960547,0.0067770365
6,6,vascular lesions,vascular lesions,0.0044899294,0.03858602,0.008800104,0.0148245,0.003801857,0.09141703,0.8380805
4,5,melanoma,melanocytic nevi,0.07759348,0.11877041,0.14538877,0.040194698,0.2571849,0.3297825,0.031085245
5,5,melanocytic nevi,melanocytic nevi,0.020734258,0.029922828,0.03941111,0.028719382,0.023191223,0.79257536,0.0654458
5,5,melanocytic nevi,melanocytic nevi,0.002654275,0.001364407,0.01143615,0.0031776207,0.010300833,0.96948797,0.0015786673
5,2,melanocytic nevi,benign keratosis-like lesions,0.15085366,0.11701618,0.49348667,0.026076827,0.105894044,0.10225302,0.0044196304
5,5,melanocytic nevi,melanocytic nevi,0.008544343,0.003229824,0.051095888,0.0043776743,0.31462148,0.6164154,0.0017154283
5,5,melanocytic nevi,melanocytic nevi,0.00904073,0.013256923,0.014065957,0.019336486,0.009384672,0.77958566,0.15532963
4,5,melanoma,melanocytic nevi,0.027371727,0.025513317,0.05007013,0.020877492,0.18452902,0.6754779,0.016160391
5,5,melanocytic nevi,melanocytic nevi,0.0265335,0.029264329,0.034157988,0.03321219,0.03125606,0.7492195,0.09635646
3,5,dermatofibroma,melanocytic nevi,0.1557745,0.16468485,0.21351396,0.043655615,0.17843163,0.22384456,0.020094885
5,5,melanocytic nevi,melanocytic nevi,0.02123902,0.008164563,0.043630622,0.013356009,0.035181217,0.87279326,0.0056353
5,5,melanocytic nevi,melanocytic nevi,0.008958419,0.01172389,0.04926497,0.009424576,0.21508016,0.6744619,0.03108605
3,1,dermatofibroma,basal cell carcinoma,0.12217543,0.31137097,0.11492054,0.06539521,0.060388345,0.2565544,0.06919513
1,1,basal cell carcinoma,basal cell carcinoma,0.27295673,0.3116618,0.1707499,0.05790647,0.080979735,0.07970399,0.026041348
5,5,melanocytic nevi,melanocytic nevi,0.01084197,0.017728455,0.12581061,0.01063313,0.3586675,0.44838208,0.027936302
5,2,melanocytic nevi,benign keratosis-like lesions,0.1643618,0.1275653,0.31077534,0.07488123,0.11511276,0.19096538,0.016338233
5,5,melanocytic nevi,melanocytic nevi,0.0069201686,0.00646178,0.015833076,0.009899576,0.01697548,0.92889774,0.01501223
5,5,melanocytic nevi,melanocytic nevi,0.0034396478,0.0016759294,0.019564968,0.0030516505,0.04839361,0.92231613,0.0015580487
5,4,melanocytic nevi,melanoma,0.028873222,0.009241889,0.146723,0.0059144334,0.42651412,0.3822587,0.00047466488
5,5,melanocytic nevi,melanocytic nevi,0.002764478,0.0017388468,0.008971208,0.0034011754,0.016060004,0.9628479,0.0042163953
5,2,melanocytic nevi,benign keratosis-like lesions,0.17349252,0.15784566,0.31259537,0.052811652,0.14612907,0.1486242,0.008501546
5,1,melanocytic nevi,basal cell carcinoma,0.13883872,0.25551125,0.09046539,0.10503086,0.033943504,0.2194427,0.15676758
5,5,melanocytic nevi,melanocytic nevi,0.009382314,0.00626151,0.02696133,0.01015605,0.019625619,0.9229595,0.004653687
4,4,melanoma,melanoma,0.05250969,0.019369183,0.20381007,0.014876295,0.40515715,0.2944882,0.009789433
5,5,melanocytic nevi,melanocytic nevi,0.0010950385,0.0003790291,0.0077561815,0.0009201063,0.012965757,0.97652924,0.00035465645
5,5,melanocytic nevi,melanocytic nevi,0.023291877,0.069312446,0.07511132,0.03036293,0.104708746,0.642258,0.05495467
5,5,melanocytic nevi,melanocytic nevi,0.083961435,0.18402544,0.24288736,0.054282602,0.09983639,0.30282813,0.032178693
2,2,benign keratosis-like lesions,benign keratosis-like lesions,0.16029067,0.24533834,0.36693713,0.06800544,0.052437212,0.100653835,0.00633736
5,5,melanocytic nevi,melanocytic nevi,0.001327659,0.001217524,0.005661789,0.0026023695,0.006748346,0.97837067,0.004071612
2,0,benign keratosis-like lesions,actinic keratoses and intraepithelial carcinoma,0.2907564,0.12038652,0.1082948,0.06562522,0.16526447,0.1396612,0.11001144
2,2,benign keratosis-like lesions,benign keratosis-like lesions,0.12427638,0.1753028,0.3743956,0.06732213,0.08578634,0.16166867,0.011248062
2,0,benign keratosis-like lesions,actinic keratoses and intraepithelial carcinoma,0.31837413,0.17133565,0.27367255,0.058686323,0.09815096,0.07641059,0.0033697567
5,5,melanocytic nevi,melanocytic nevi,0.10746288,0.077689335,0.21989946,0.05722492,0.20431785,0.31532985,0.018075725
2,5,benign keratosis-like lesions,melanocytic nevi,0.029229429,0.044421416,0.22455907,0.022509223,0.1551122,0.5187527,0.005415906
5,5,melanocytic nevi,melanocytic nevi,0.036008492,0.016942704,0.06044856,0.01783838,0.14656465,0.71245974,0.009737455
2,2,benign keratosis-like lesions,benign keratosis-like lesions,0.21727595,0.08015868,0.4197701,0.062268645,0.0962506,0.12224948,0.0020265242
4,4,melanoma,melanoma,0.062435336,0.028238002,0.11872296,0.021264125,0.41482592,0.3488481,0.0056655253
4,4,melanoma,melanoma,0.007536897,0.0024031615,0.044134423,0.0025538132,0.5302571,0.41190574,0.001208862
4,5,melanoma,melanocytic nevi,0.016281625,0.008117557,0.07099451,0.008812117,0.21089414,0.6813604,0.0035395538
5,5,melanocytic nevi,melanocytic nevi,0.0022714357,0.00096146454,0.017746659,0.0013475752,0.16527328,0.8118182,0.0005813508
2,2,benign keratosis-like lesions,benign keratosis-like lesions,0.27354884,0.15140258,0.27494952,0.06606876,0.14229724,0.07019406,0.021538947
5,5,melanocytic nevi,melanocytic nevi,0.0058176336,0.007830247,0.017056052,0.0113103,0.015536669,0.9166797,0.025769535
5,5,melanocytic nevi,melanocytic nevi,0.007761089,0.005688497,0.025531497,0.009065069,0.024322974,0.9205572,0.007073584
5,5,melanocytic nevi,melanocytic nevi,0.0109804375,0.016438888,0.056124993,0.012460831,0.15537217,0.74237627,0.0062464937
5,5,melanocytic nevi,melanocytic nevi,0.0015578486,0.0008759774,0.013496079,0.001853864,0.020144522,0.96126455,0.00080720603
5,5,melanocytic nevi,melanocytic nevi,0.00019469505,0.00011560311,0.0028284586,0.00030358386,0.010880163,0.98548454,0.00019293174
2,2,benign keratosis-like lesions,benign keratosis-like lesions,0.12708376,0.09714982,0.37029636,0.056604337,0.062240887,0.28272054,0.0039042484
5,5,melanocytic nevi,melanocytic nevi,0.095755704,0.115408175,0.246387,0.077921525,0.0708349,0.38788244,0.0058101905
6,4,vascular lesions,melanoma,0.14612684,0.08011503,0.16319305,0.0505759,0.32136288,0.20435983,0.034266446
5,5,melanocytic nevi,melanocytic nevi,0.021182893,0.01333378,0.17503001,0.011926607,0.24673003,0.52731484,0.004481868
5,5,melanocytic nevi,melanocytic nevi,0.04315287,0.041754913,0.043014903,0.049026616,0.036251843,0.7350394,0.05175952
4,2,melanoma,benign keratosis-like lesions,0.05060045,0.07432562,0.40133086,0.022055544,0.15043965,0.29712334,0.004124542
5,5,melanocytic nevi,melanocytic nevi,0.0016865921,0.00077906647,0.012787996,0.001356709,0.06292995,0.9196764,0.00078318856
4,2,melanoma,benign keratosis-like lesions,0.19545786,0.18002608,0.20483772,0.05154067,0.18501298,0.15939933,0.023725374
5,5,melanocytic nevi,melanocytic nevi,0.023036143,0.010325006,0.048946153,0.017934214,0.02530149,0.86768997,0.0067670075
5,5,melanocytic nevi,melanocytic nevi,0.014905693,0.020419873,0.02272607,0.029073006,0.013543419,0.7449052,0.15442674
5,2,melanocytic nevi,benign keratosis-like lesions,0.11923722,0.17130655,0.25064015,0.085356265,0.07570959,0.24868223,0.049068008
2,2,benign keratosis-like lesions,benign keratosis-like lesions,0.19252008,0.068553865,0.4147894,0.046534754,0.1251552,0.15037689,0.0020697638
5,5,melanocytic nevi,melanocytic nevi,0.06839197,0.2730091,0.1515333,0.047846496,0.107148364,0.2869263,0.06514444
2,2,benign keratosis-like lesions,benign keratosis-like lesions,0.17403845,0.1347932,0.4401363,0.036023464,0.1302104,0.07857774,0.0062205014
5,5,melanocytic nevi,melanocytic nevi,0.05820776,0.08292572,0.09414675,0.051675644,0.090980805,0.5501721,0.07189115
5,5,melanocytic nevi,melanocytic nevi,0.005494621,0.0044974796,0.016319765,0.0071096835,0.017103357,0.94325,0.0062250607
4,4,melanoma,melanoma,0.035255067,0.0081921965,0.08860096,0.0042659594,0.68094754,0.18148178,0.0012564576
0,1,actinic keratoses and intraepithelial carcinoma,basal cell carcinoma,0.22034343,0.26369637,0.204596,0.0666147,0.094457395,0.12036508,0.029926969
2,5,benign keratosis-like lesions,melanocytic nevi,0.0319845,0.028159447,0.1658486,0.010491096,0.34859523,0.40731165,0.0076094
5,5,melanocytic nevi,melanocytic nevi,0.017379932,0.009320394,0.036345176,0.013048731,0.049841125,0.86572224,0.0083423145
5,5,melanocytic nevi,melanocytic nevi,0.0068808515,0.005685941,0.021497583,0.008103764,0.038924355,0.91178954,0.0071179164
5,5,melanocytic nevi,melanocytic nevi,0.01420522,0.032560445,0.15050453,0.015952503,0.15811127,0.6121037,0.016562294
6,5,vascular lesions,melanocytic nevi,0.027820442,0.1581911,0.050780933,0.0383451,0.043118086,0.47857198,0.20317233
0,5,actinic keratoses and intraepithelial carcinoma,melanocytic nevi,0.119183265,0.11032563,0.16161194,0.071054526,0.052592304,0.4665794,0.018652873
5,5,melanocytic nevi,melanocytic nevi,0.0045412304,0.0042161085,0.012874192,0.0070899236,0.011889507,0.94802356,0.011365567
5,5,melanocytic nevi,melanocytic nevi,0.0005437578,0.00033609997,0.0061763977,0.00075465225,0.013616555,0.9779417,0.0006308429
5,5,melanocytic nevi,melanocytic nevi,0.005799512,0.0022709817,0.0269309,0.003977537,0.048938893,0.9111988,0.00088337506
5,5,melanocytic nevi,melanocytic nevi,0.00066040066,0.00022305704,0.0064362027,0.00063086406,0.0117470985,0.98006916,0.00023324914
5,5,melanocytic nevi,melanocytic nevi,0.07152749,0.030675774,0.12409123,0.037679188,0.03607401,0.6968852,0.0030670785
2,5,benign keratosis-like lesions,melanocytic nevi,0.047148827,0.048960324,0.328705,0.047888402,0.07727332,0.44777012,0.0022540689
0,2,actinic keratoses and intraepithelial carcinoma,benign keratosis-like lesions,0.23242465,0.2426024,0.25142574,0.07884728,0.06175207,0.109881155,0.023066655
4,4,melanoma,melanoma,0.028643139,0.01152074,0.18385965,0.009675534,0.39157084,0.3697856,0.004944498
5,5,melanocytic nevi,melanocytic nevi,0.0015215304,0.0006739055,0.07323556,0.0007211324,0.3585935,0.5648028,0.0004515788
3,0,dermatofibroma,actinic keratoses and intraepithelial carcinoma,0.46615696,0.14782414,0.20748794,0.048011642,0.085234076,0.035405107,0.009880134
5,5,melanocytic nevi,melanocytic nevi,0.009426108,0.008955297,0.023231762,0.015808808,0.018623883,0.89373887,0.030215312
5,5,melanocytic nevi,melanocytic nevi,0.008202234,0.009767594,0.0831008,0.011420731,0.12247916,0.75550926,0.009520218
1,0,basal cell carcinoma,actinic keratoses and intraepithelial carcinoma,0.3817926,0.18998834,0.10331091,0.04661128,0.1754828,0.06868617,0.034127876
5,5,melanocytic nevi,melanocytic nevi,0.0004067337,0.00021722938,0.0037825187,0.0005574979,0.0070499545,0.9876357,0.0003504096
2,0,benign keratosis-like lesions,actinic keratoses and intraepithelial carcinoma,0.31532884,0.09474968,0.29882765,0.034715235,0.21069083,0.036544938,0.009142799
5,1,melanocytic nevi,basal cell carcinoma,0.21958655,0.23838964,0.11947781,0.06857267,0.1496946,0.15753846,0.04674029
5,2,melanocytic nevi,benign keratosis-like lesions,0.12242343,0.26130548,0.337938,0.069229715,0.057277665,0.13582076,0.016004955
5,5,melanocytic nevi,melanocytic nevi,0.013601747,0.012434196,0.027230287,0.020268999,0.015834892,0.8705982,0.040031716
5,2,melanocytic nevi,benign keratosis-like lesions,0.12480208,0.31475705,0.37302175,0.05957718,0.038578436,0.08256127,0.006702192
5,5,melanocytic nevi,melanocytic nevi,0.035028692,0.007754325,0.08930175,0.011847382,0.19446355,0.6601512,0.0014530882
5,5,melanocytic nevi,melanocytic nevi,0.02082948,0.014604273,0.057121526,0.015083844,0.064538844,0.82290816,0.0049137943
5,5,melanocytic nevi,melanocytic nevi,0.03606337,0.058412645,0.14566986,0.03052359,0.15746471,0.55166,0.020205807
4,0,melanoma,actinic keratoses and intraepithelial carcinoma,0.42276925,0.0965808,0.21075025,0.029036513,0.21293631,0.023176046,0.004750848
2,5,benign keratosis-like lesions,melanocytic nevi,0.04234529,0.100858845,0.20447882,0.054252274,0.1333226,0.4154866,0.049255602
4,4,melanoma,melanoma,0.21468543,0.11221655,0.179812,0.037315432,0.31165773,0.13528824,0.009024655
2,2,benign keratosis-like lesions,benign keratosis-like lesions,0.17961872,0.17650777,0.39670923,0.04092224,0.09309941,0.10391501,0.009227624
2,1,benign keratosis-like lesions,basal cell carcinoma,0.18889764,0.31072712,0.21938244,0.066884115,0.060609967,0.11961802,0.033880726
5,5,melanocytic nevi,melanocytic nevi,0.012070707,0.005740783,0.027654102,0.009569962,0.023034,0.91811675,0.003813728
5,5,melanocytic nevi,melanocytic nevi,0.016137414,0.0054770354,0.046697237,0.009140915,0.057487957,0.8636603,0.0013992151
0,2,actinic keratoses and intraepithelial carcinoma,benign keratosis-like lesions,0.26512915,0.12862043,0.3909688,0.041004784,0.09899793,0.069685765,0.005593126
5,5,melanocytic nevi,melanocytic nevi,0.013972531,0.013166173,0.025059087,0.01929778,0.021748139,0.87442124,0.032335058
4,0,melanoma,actinic keratoses and intraepithelial carcinoma,0.37047902,0.13999042,0.28833675,0.034081418,0.1306257,0.030598057,0.00588869
4,5,melanoma,melanocytic nevi,0.014134328,0.04853478,0.04180312,0.019703634,0.2625732,0.57278895,0.04046188
3,5,dermatofibroma,melanocytic nevi,0.03014313,0.040145304,0.039469164,0.041819442,0.018861875,0.7466522,0.08290889
5,5,melanocytic nevi,melanocytic nevi,0.00946165,0.008830004,0.026018426,0.012751118,0.034967333,0.90017176,0.0077997707
5,5,melanocytic nevi,melanocytic nevi,0.08547308,0.24936585,0.058750838,0.061862346,0.11675467,0.30435827,0.123435
0,1,actinic keratoses and intraepithelial carcinoma,basal cell carcinoma,0.13034913,0.29484338,0.1315962,0.06965491,0.088077925,0.22674063,0.05873787
2,2,benign keratosis-like lesions,benign keratosis-like lesions,0.12528273,0.111442216,0.29046455,0.050397187,0.19917507,0.21420395,0.00903439
5,5,melanocytic nevi,melanocytic nevi,0.013157063,0.011425747,0.030538373,0.015353555,0.020500831,0.8982312,0.010793339
5,5,melanocytic nevi,melanocytic nevi,0.005279734,0.0034735193,0.14327964,0.0040257615,0.28346264,0.55729777,0.0031809653
5,4,melanocytic nevi,melanoma,0.07881602,0.06345031,0.14941317,0.028640639,0.37296087,0.29127145,0.015447553
1,5,basal cell carcinoma,melanocytic nevi,0.057121642,0.17902806,0.10483428,0.042714458,0.12629287,0.42172593,0.068282686
5,2,melanocytic nevi,benign keratosis-like lesions,0.04164378,0.02121118,0.51201963,0.014421793,0.22175086,0.18730146,0.0016512927
2,2,benign keratosis-like lesions,benign keratosis-like lesions,0.0880986,0.13814692,0.46803635,0.0549478,0.061955,0.17503376,0.013781649
5,0,melanocytic nevi,actinic keratoses and intraepithelial carcinoma,0.35726985,0.16686207,0.28042024,0.04817555,0.06899839,0.055771258,0.022502717
2,5,benign keratosis-like lesions,melanocytic nevi,0.014264729,0.0074476786,0.08416767,0.0059239496,0.38499764,0.4998266,0.0033717114
4,5,melanoma,melanocytic nevi,0.035799194,0.038798742,0.0658258,0.021148184,0.22382541,0.5934581,0.021144565
4,5,melanoma,melanocytic nevi,0.15124917,0.2012507,0.14779332,0.08821135,0.0942843,0.23401104,0.08320011
5,2,melanocytic nevi,benign keratosis-like lesions,0.073617004,0.048241615,0.308921,0.0152210435,0.29438025,0.25429174,0.005327343
5,5,melanocytic nevi,melanocytic nevi,0.024340233,0.020821746,0.037047897,0.027617158,0.020351954,0.8286585,0.041162442
5,5,melanocytic nevi,melanocytic nevi,0.0035755464,0.0024716037,0.014243683,0.0047640023,0.014781207,0.9554493,0.0047146445
3,5,dermatofibroma,melanocytic nevi,0.031844422,0.024947016,0.036525227,0.03723363,0.02052139,0.80489016,0.044038143
5,4,melanocytic nevi,melanoma,0.19342321,0.08993114,0.12811144,0.039971583,0.3398131,0.20009223,0.008657302
5,5,melanocytic nevi,melanocytic nevi,0.005195458,0.0035312083,0.0147282425,0.0068960795,0.014490309,0.94880265,0.0063560805
5,5,melanocytic nevi,melanocytic nevi,0.035145435,0.024231076,0.061145224,0.035180166,0.0288784,0.7855655,0.029854205
2,2,benign keratosis-like lesions,benign keratosis-like lesions,0.13689138,0.1126123,0.5073655,0.02891749,0.114993446,0.09266222,0.0065576346
5,4,melanocytic nevi,melanoma,0.20949562,0.07684914,0.28919962,0.022949891,0.30628914,0.08807937,0.0071372334
2,5,benign keratosis-like lesions,melanocytic nevi,0.012063558,0.027948631,0.09911514,0.015466616,0.083234884,0.71976125,0.0424099
5,5,melanocytic nevi,melanocytic nevi,0.0014372818,0.0009940144,0.0080331545,0.0021008826,0.01068892,0.9749981,0.0017477302
1,4,basal cell carcinoma,melanoma,0.17915504,0.112908915,0.23645037,0.036097925,0.2605942,0.15939462,0.015398917
5,5,melanocytic nevi,melanocytic nevi,0.027785502,0.09730884,0.11660896,0.03005632,0.14490053,0.56459737,0.018742437
5,5,melanocytic nevi,melanocytic nevi,0.013700529,0.01185197,0.035924815,0.012993296,0.03868399,0.8794698,0.0073756827
5,2,melanocytic nevi,benign keratosis-like lesions,0.2517331,0.11753383,0.31686667,0.04838757,0.16403218,0.09518365,0.006263044
5,5,melanocytic nevi,melanocytic nevi,0.07378816,0.07168459,0.27300492,0.02876401,0.20997529,0.33202606,0.01075689
5,5,melanocytic nevi,melanocytic nevi,0.042259816,0.071153186,0.057391543,0.049184047,0.020371543,0.66066384,0.09897601
5,5,melanocytic nevi,melanocytic nevi,0.029623918,0.049473684,0.04505394,0.04231782,0.04739866,0.6080997,0.17803228
5,5,melanocytic nevi,melanocytic nevi,0.00012222583,3.2555417e-05,0.0023508572,9.642376e-05,0.017026413,0.9803418,2.9766747e-05
1,0,basal cell carcinoma,actinic keratoses and intraepithelial carcinoma,0.24821503,0.16946305,0.14733243,0.09601366,0.107090235,0.2211721,0.010713545
5,5,melanocytic nevi,melanocytic nevi,0.0044442015,0.0038005968,0.0348142,0.004229828,0.17860089,0.7680251,0.006085317
4,5,melanoma,melanocytic nevi,0.0071815792,0.0037991183,0.036244918,0.003671241,0.4534207,0.4908889,0.004793524
5,5,melanocytic nevi,melanocytic nevi,0.0034549078,0.0075060437,0.052094493,0.0055733067,0.13339458,0.7336035,0.0643732
6,5,vascular lesions,melanocytic nevi,0.041592922,0.08978223,0.071823485,0.061824154,0.02766807,0.5866546,0.12065453
5,5,melanocytic nevi,melanocytic nevi,0.08034665,0.10392281,0.069045365,0.07262901,0.039704856,0.5300761,0.10427523
2,2,benign keratosis-like lesions,benign keratosis-like lesions,0.21658984,0.1102817,0.29870376,0.04336584,0.22140065,0.099318534,0.010339635
5,5,melanocytic nevi,melanocytic nevi,0.01072288,0.015084636,0.0772913,0.011965431,0.15983313,0.71123666,0.013865975
5,5,melanocytic nevi,melanocytic nevi,0.008891436,0.0072594294,0.017046196,0.012787598,0.018857732,0.90182155,0.033336043
2,1,benign keratosis-like lesions,basal cell carcinoma,0.120727606,0.26854512,0.2445338,0.04491045,0.1200661,0.18299024,0.018226668
1,0,basal cell carcinoma,actinic keratoses and intraepithelial carcinoma,0.5050168,0.10689578,0.14640515,0.022425884,0.18435219,0.030097848,0.0048063737
5,5,melanocytic nevi,melanocytic nevi,0.0014975765,0.0006394603,0.008375312,0.0012408443,0.031049998,0.9564716,0.00072521943
5,5,melanocytic nevi,melanocytic nevi,0.0372677,0.01914564,0.11472629,0.026326427,0.06668848,0.731244,0.004601363
2,2,benign keratosis-like lesions,benign keratosis-like lesions,0.12808336,0.20420738,0.36942998,0.053557247,0.06909489,0.15622994,0.019397197
5,5,melanocytic nevi,melanocytic nevi,0.029387422,0.03349926,0.031720158,0.040373325,0.015985046,0.75305873,0.09597605
5,5,melanocytic nevi,melanocytic nevi,0.0010870524,0.0006285664,0.008122955,0.0012613148,0.017005512,0.971067,0.0008276143
2,2,benign keratosis-like lesions,benign keratosis-like lesions,0.14106408,0.16816339,0.24917625,0.045682043,0.19964796,0.1712606,0.025005717
5,2,melanocytic nevi,benign keratosis-like lesions,0.12126871,0.1742854,0.39488542,0.043286853,0.10547767,0.14890179,0.011894114
5,5,melanocytic nevi,melanocytic nevi,0.0028464631,0.0018355395,0.09963392,0.002369298,0.2234778,0.6679379,0.001899103
5,5,melanocytic nevi,melanocytic nevi,0.021753969,0.03548123,0.041937593,0.030278286,0.020020915,0.7751108,0.07541718
5,5,melanocytic nevi,melanocytic nevi,0.026212571,0.032944825,0.033988878,0.022737922,0.12882246,0.72475815,0.030535182
5,5,melanocytic nevi,melanocytic nevi,0.044848036,0.05246808,0.07775342,0.048385106,0.035908062,0.6894833,0.05115397
5,5,melanocytic nevi,melanocytic nevi,0.008588854,0.009308592,0.08311478,0.009755832,0.14725678,0.7336166,0.008358533
4,5,melanoma,melanocytic nevi,0.01302229,0.009817134,0.034908976,0.006383117,0.37366205,0.556377,0.0058293985
5,5,melanocytic nevi,melanocytic nevi,0.014763842,0.0033399817,0.1901188,0.009816331,0.18821067,0.5927437,0.0010067348
5,5,melanocytic nevi,melanocytic nevi,0.037856,0.038315434,0.050711695,0.044853047,0.030108128,0.7203785,0.07777721
0,1,actinic keratoses and intraepithelial carcinoma,basal cell carcinoma,0.24519192,0.27930775,0.14350134,0.063353665,0.10641279,0.12432044,0.0379121
5,5,melanocytic nevi,melanocytic nevi,0.06338321,0.07783037,0.15614477,0.042836722,0.14437334,0.5002113,0.015220277
0,4,actinic keratoses and intraepithelial carcinoma,melanoma,0.023662098,0.011363379,0.05426964,0.0068328874,0.6239621,0.27485362,0.005056255
5,5,melanocytic nevi,melanocytic nevi,0.019702034,0.020577999,0.08100738,0.018149221,0.18907605,0.6638423,0.0076449984
5,5,melanocytic nevi,melanocytic nevi,0.1048557,0.06748834,0.1814881,0.04927076,0.19695832,0.38875744,0.011181405
5,5,melanocytic nevi,melanocytic nevi,0.0055235643,0.006657396,0.017298948,0.010793637,0.010127719,0.9259184,0.023680361
4,5,melanoma,melanocytic nevi,0.036234792,0.03117885,0.24537377,0.017408738,0.24957451,0.41411418,0.006115228
1,1,basal cell carcinoma,basal cell carcinoma,0.111748554,0.4940391,0.089833826,0.08755699,0.033456154,0.14538746,0.037977856
5,5,melanocytic nevi,melanocytic nevi,0.011683739,0.005329514,0.15296106,0.0053661377,0.331792,0.49004558,0.0028220282
5,5,melanocytic nevi,melanocytic nevi,0.012767859,0.008462927,0.04651952,0.0116127245,0.042915896,0.87182736,0.0058937366
2,5,benign keratosis-like lesions,melanocytic nevi,0.030186271,0.06259684,0.3655375,0.03090464,0.08331219,0.4232163,0.004246127
4,4,melanoma,melanoma,0.05233205,0.012371073,0.03338153,0.008668692,0.59927684,0.2899737,0.003996074
2,1,benign keratosis-like lesions,basal cell carcinoma,0.12344271,0.25979343,0.20978697,0.0640897,0.11373668,0.21053882,0.01861169
5,5,melanocytic nevi,melanocytic nevi,0.00031902167,0.00024436554,0.00257004,0.0006897726,0.0046564094,0.9909616,0.0005587227
5,5,melanocytic nevi,melanocytic nevi,0.055976164,0.13112539,0.17612816,0.042368177,0.08935402,0.4751726,0.029875392
5,5,melanocytic nevi,melanocytic nevi,0.015005785,0.026113952,0.01753707,0.030473491,0.011312632,0.6506383,0.24891879
5,5,melanocytic nevi,melanocytic nevi,0.027078226,0.03934009,0.09971004,0.01574255,0.19405432,0.61270636,0.011368423
5,5,melanocytic nevi,melanocytic nevi,0.0384489,0.014281589,0.038160976,0.018139593,0.066385105,0.81777036,0.0068135406
5,5,melanocytic nevi,melanocytic nevi,0.009758871,0.008745127,0.016244601,0.015235685,0.009274062,0.9133617,0.027380059
4,5,melanoma,melanocytic nevi,0.13688572,0.14038464,0.072022334,0.059918195,0.10434058,0.449682,0.036766555
5,5,melanocytic nevi,melanocytic nevi,0.09871608,0.23493683,0.065801375,0.084627725,0.036217127,0.2525553,0.2271456
5,5,melanocytic nevi,melanocytic nevi,0.0030665374,0.0020161194,0.014544876,0.004034289,0.014347355,0.9595327,0.0024581715
5,5,melanocytic nevi,melanocytic nevi,0.018833682,0.061494723,0.041820455,0.024771787,0.100655496,0.67256546,0.07985845
5,5,melanocytic nevi,melanocytic nevi,0.0068020658,0.022739979,0.048981003,0.016377535,0.0675802,0.8022669,0.03525229
1,5,basal cell carcinoma,melanocytic nevi,0.08772157,0.18286064,0.08837602,0.08985895,0.044867974,0.41555408,0.09076075
2,2,benign keratosis-like lesions,benign keratosis-like lesions,0.080098905,0.045239028,0.5799488,0.021956846,0.17046574,0.09777378,0.0045169126
5,5,melanocytic nevi,melanocytic nevi,0.0089183925,0.008358988,0.026738964,0.008023945,0.11706677,0.8204718,0.01042119
5,2,melanocytic nevi,benign keratosis-like lesions,0.11048343,0.043726932,0.35343927,0.021155542,0.3185781,0.14991497,0.002701752
5,5,melanocytic nevi,melanocytic nevi,0.006228192,0.003121964,0.022916466,0.005712408,0.0353228,0.9239116,0.0027865316
4,4,melanoma,melanoma,0.0126865385,0.006454711,0.09671175,0.0044209394,0.59896284,0.27822405,0.0025391376
1,0,basal cell carcinoma,actinic keratoses and intraepithelial carcinoma,0.30799106,0.28110707,0.088005856,0.074840434,0.09872961,0.09244728,0.056878667
5,5,melanocytic nevi,melanocytic nevi,0.016038643,0.017558508,0.03845123,0.023776606,0.02048928,0.8448722,0.038813595
4,5,melanoma,melanocytic nevi,0.09140108,0.12754583,0.2308396,0.03526928,0.21354601,0.2787527,0.02264547
4,5,melanoma,melanocytic nevi,0.008998434,0.02546304,0.06657676,0.014385001,0.07588564,0.7060737,0.102617465
5,4,melanocytic nevi,melanoma,0.04729838,0.020245453,0.03863066,0.010919078,0.5955889,0.2760091,0.011308351
4,0,melanoma,actinic keratoses and intraepithelial carcinoma,0.3814484,0.08443122,0.20710202,0.023257243,0.26798582,0.03204933,0.0037259688
5,5,melanocytic nevi,melanocytic nevi,0.013661254,0.006425825,0.07438935,0.009861077,0.04453352,0.8497943,0.0013347127
5,5,melanocytic nevi,melanocytic nevi,0.035343044,0.060688924,0.1183139,0.024596062,0.19870906,0.537181,0.025167983
0,0,actinic keratoses and intraepithelial carcinoma,actinic keratoses and intraepithelial carcinoma,0.30615515,0.20529284,0.23399286,0.04767606,0.104248546,0.08438697,0.018247623
2,2,benign keratosis-like lesions,benign keratosis-like lesions,0.19955605,0.15059696,0.4185379,0.038633563,0.0823191,0.10241787,0.007938554
4,5,melanoma,melanocytic nevi,0.0060321805,0.0044636796,0.056657366,0.004899918,0.26204756,0.65930486,0.0065943943
5,5,melanocytic nevi,melanocytic nevi,0.011458449,0.0066875755,0.042389214,0.008137631,0.21686648,0.7078742,0.0065864567
5,5,melanocytic nevi,melanocytic nevi,0.035396837,0.0538247,0.13280593,0.026637685,0.1912073,0.5416095,0.01851801
5,5,melanocytic nevi,melanocytic nevi,0.0009065691,0.0003253954,0.007108522,0.00085697,0.016839886,0.97367406,0.0002886216
5,5,melanocytic nevi,melanocytic nevi,0.015036567,0.018343367,0.045266155,0.022999477,0.037472233,0.83526534,0.02561687
3,1,dermatofibroma,basal cell carcinoma,0.25521657,0.30770436,0.16244009,0.0780578,0.057612877,0.10458705,0.034381256
5,5,melanocytic nevi,melanocytic nevi,0.02278216,0.017978149,0.13162984,0.012845048,0.23103052,0.5773743,0.006359972
5,5,melanocytic nevi,melanocytic nevi,0.003596486,0.0010869359,0.014242168,0.0024967156,0.024587281,0.95308447,0.00090588955
0,1,actinic keratoses and intraepithelial carcinoma,basal cell carcinoma,0.17945321,0.30122453,0.13789125,0.08985879,0.057072394,0.17716359,0.05733621
2,2,benign keratosis-like lesions,benign keratosis-like lesions,0.10046416,0.21786807,0.34506536,0.053263932,0.06676049,0.19156477,0.025013192
2,2,benign keratosis-like lesions,benign keratosis-like lesions,0.21722884,0.16270906,0.43279418,0.04236071,0.090519056,0.04743244,0.0069557317
5,5,melanocytic nevi,melanocytic nevi,0.001665937,0.001162129,0.008069301,0.002368682,0.017344074,0.96653605,0.0028538506
5,5,melanocytic nevi,melanocytic nevi,0.07139703,0.053659312,0.08241178,0.05902015,0.03298015,0.67611563,0.02441592
1,4,basal cell carcinoma,melanoma,0.12838027,0.17191632,0.17800163,0.06529953,0.19047205,0.16807643,0.097853765
5,5,melanocytic nevi,melanocytic nevi,0.08434375,0.16987683,0.08319925,0.07031632,0.1266214,0.43784854,0.027793912
5,5,melanocytic nevi,melanocytic nevi,0.0062864637,0.004686154,0.017790554,0.009384619,0.011693965,0.93748695,0.012671261
5,5,melanocytic nevi,melanocytic nevi,0.037511133,0.08081263,0.14197274,0.052216165,0.106167465,0.51243,0.068889886
2,5,benign keratosis-like lesions,melanocytic nevi,0.053765614,0.031919405,0.19712012,0.037059702,0.13129953,0.5405516,0.008284029
5,5,melanocytic nevi,melanocytic nevi,0.24963023,0.0732537,0.12114197,0.047997214,0.14687748,0.35857645,0.0025229894
5,5,melanocytic nevi,melanocytic nevi,0.111405216,0.071001664,0.08646715,0.028107231,0.28960884,0.3987288,0.014681072
4,0,melanoma,actinic keratoses and intraepithelial carcinoma,0.34894451,0.1280055,0.2966331,0.048731018,0.11351506,0.056050558,0.008120289
5,5,melanocytic nevi,melanocytic nevi,0.061034236,0.06317419,0.14486492,0.047976706,0.058639206,0.6144122,0.009898578
0,5,actinic keratoses and intraepithelial carcinoma,melanocytic nevi,0.05183655,0.26658472,0.19966075,0.072164625,0.051392872,0.26868036,0.08968016
1,1,basal cell carcinoma,basal cell carcinoma,0.15354516,0.4139002,0.16066194,0.087244965,0.045411028,0.11030088,0.028935889
5,5,melanocytic nevi,melanocytic nevi,0.0010738831,0.00071517925,0.006847614,0.0014555745,0.01148012,0.9772509,0.0011767963
5,5,melanocytic nevi,melanocytic nevi,0.012053675,0.01430999,0.030205239,0.018645486,0.020888545,0.87806374,0.02583339
5,5,melanocytic nevi,melanocytic nevi,0.025468426,0.011106159,0.06039009,0.016402613,0.044693783,0.8376244,0.0043145507
5,5,melanocytic nevi,melanocytic nevi,0.0069239615,0.0061191856,0.087862425,0.005897241,0.23994415,0.6426787,0.010574362
4,5,melanoma,melanocytic nevi,0.048465967,0.019356579,0.19662125,0.022457018,0.23352355,0.4712374,0.008338158
1,1,basal cell carcinoma,basal cell carcinoma,0.15203227,0.3882276,0.15838225,0.07367287,0.048020978,0.13798001,0.04168406
5,5,melanocytic nevi,melanocytic nevi,0.0014814957,0.00073270494,0.008695441,0.0016928145,0.009248321,0.977487,0.0006621817
5,5,melanocytic nevi,melanocytic nevi,0.011750425,0.012617949,0.03214124,0.015339202,0.028216314,0.8857937,0.014141206
5,5,melanocytic nevi,melanocytic nevi,0.0071367393,0.0052613406,0.028767651,0.0059120273,0.21149665,0.733838,0.0075876107
5,5,melanocytic nevi,melanocytic nevi,0.0068971366,0.005060209,0.024321146,0.009000723,0.022490103,0.92338395,0.0088468045
5,5,melanocytic nevi,melanocytic nevi,0.032847807,0.03694384,0.05191849,0.0330683,0.029561367,0.77304155,0.042618636
5,5,melanocytic nevi,melanocytic nevi,0.047698677,0.017936362,0.09180508,0.017505614,0.2933014,0.5267459,0.0050068754
2,2,benign keratosis-like lesions,benign keratosis-like lesions,0.1090278,0.15399642,0.3526075,0.082203254,0.07329133,0.2130168,0.015856922
2,2,benign keratosis-like lesions,benign keratosis-like lesions,0.12211738,0.055234205,0.6350318,0.015635524,0.11738301,0.052637752,0.0019602915
5,5,melanocytic nevi,melanocytic nevi,0.0036650107,0.0026492367,0.012163401,0.0044829147,0.021279097,0.9492812,0.0064790286
5,5,melanocytic nevi,melanocytic nevi,0.013683181,0.010998042,0.11142081,0.008947859,0.20967364,0.64169866,0.0035778398
5,5,melanocytic nevi,melanocytic nevi,0.021155113,0.11205237,0.057387125,0.030788362,0.0644074,0.60541034,0.10879924
2,5,benign keratosis-like lesions,melanocytic nevi,0.020012833,0.023561308,0.27236208,0.014600849,0.20194915,0.46243358,0.0050802217
5,5,melanocytic nevi,melanocytic nevi,0.0011215019,0.0007378605,0.010885593,0.0011656454,0.077959955,0.9070298,0.0010996497
5,5,melanocytic nevi,melanocytic nevi,0.015433363,0.014895394,0.0363532,0.019912267,0.020565037,0.8775026,0.015338128
5,5,melanocytic nevi,melanocytic nevi,0.01808444,0.02598635,0.029615847,0.03022841,0.02462289,0.7438242,0.12763782
5,5,melanocytic nevi,melanocytic nevi,0.019334618,0.03685757,0.25392404,0.014270904,0.10505686,0.5556641,0.014891885
5,5,melanocytic nevi,melanocytic nevi,0.058709282,0.22808002,0.07261329,0.08176192,0.03503311,0.39874783,0.12505451
0,5,actinic keratoses and intraepithelial carcinoma,melanocytic nevi,0.07916548,0.2840576,0.105048135,0.10366053,0.024885701,0.31633735,0.0868452
5,5,melanocytic nevi,melanocytic nevi,0.13953072,0.076876014,0.07404415,0.06999395,0.05138101,0.54239386,0.04578029
4,0,melanoma,actinic keratoses and intraepithelial carcinoma,0.49350077,0.10669958,0.18049894,0.047910884,0.12678061,0.039287593,0.0053215623
5,5,melanocytic nevi,melanocytic nevi,0.04177564,0.025917115,0.048233707,0.030388694,0.039506525,0.79122627,0.022952026
2,5,benign keratosis-like lesions,melanocytic nevi,0.006886967,0.002913458,0.11005969,0.0025714268,0.41458014,0.46208367,0.000904715
2,2,benign keratosis-like lesions,benign keratosis-like lesions,0.25296432,0.2359197,0.25490788,0.07551593,0.07595469,0.083678015,0.021059483
1,1,basal cell carcinoma,basal cell carcinoma,0.15257251,0.38779932,0.12507676,0.0718999,0.06984701,0.14587733,0.046927255
5,5,melanocytic nevi,melanocytic nevi,0.0003631158,0.00028032507,0.0039160615,0.00063573103,0.009625089,0.9845687,0.00061108044
4,5,melanoma,melanocytic nevi,0.019646568,0.01883523,0.032644004,0.019616125,0.037366256,0.8585001,0.013391599
5,5,melanocytic nevi,melanocytic nevi,0.027913969,0.09178871,0.08689771,0.035847068,0.12054693,0.61032784,0.026677694
5,1,melanocytic nevi,basal cell carcinoma,0.11973475,0.34974054,0.13896684,0.08432728,0.05234224,0.20444022,0.050448213
5,5,melanocytic nevi,melanocytic nevi,0.02622838,0.082168505,0.10750366,0.034408767,0.065743595,0.6214105,0.062536575
0,5,actinic keratoses and intraepithelial carcinoma,melanocytic nevi,0.12595676,0.102997154,0.106808856,0.064616665,0.089939095,0.47549906,0.034182444
5,5,melanocytic nevi,melanocytic nevi,0.014170632,0.015510796,0.1176771,0.008679183,0.31759474,0.5173442,0.0090233395
5,5,melanocytic nevi,melanocytic nevi,0.011394114,0.010099086,0.15410116,0.0072520613,0.27119988,0.5392817,0.006671931
2,1,benign keratosis-like lesions,basal cell carcinoma,0.1067366,0.3761623,0.22483616,0.08422177,0.0336524,0.14998013,0.024410646
5,5,melanocytic nevi,melanocytic nevi,0.010643984,0.006106747,0.037699375,0.0091647785,0.03632021,0.89697134,0.003093629
5,5,melanocytic nevi,melanocytic nevi,0.011791535,0.009702259,0.03238771,0.013449638,0.021050965,0.9025381,0.0090798605
0,0,actinic keratoses and intraepithelial carcinoma,actinic keratoses and intraepithelial carcinoma,0.26089847,0.20701228,0.22374392,0.041647077,0.14935713,0.10235266,0.014988511
5,5,melanocytic nevi,melanocytic nevi,0.016495993,0.07856602,0.049335726,0.029759647,0.07868448,0.560799,0.18635914
5,5,melanocytic nevi,melanocytic nevi,0.030832779,0.09999602,0.0981938,0.035571225,0.14089951,0.33623067,0.25827605
5,5,melanocytic nevi,melanocytic nevi,0.012978604,0.007414036,0.10040267,0.0076329275,0.22284122,0.6445107,0.0042199083
5,5,melanocytic nevi,melanocytic nevi,0.010911479,0.009881715,0.019437747,0.01538878,0.02839628,0.8812598,0.034724142
5,5,melanocytic nevi,melanocytic nevi,0.003154475,0.0015260644,0.017961744,0.0030870843,0.023002528,0.94955593,0.0017121576
5,5,melanocytic nevi,melanocytic nevi,0.027092978,0.103223965,0.19068599,0.028253429,0.10393382,0.5206729,0.026136877
5,5,melanocytic nevi,melanocytic nevi,0.0016523713,0.0012879244,0.009690847,0.0027790412,0.01203954,0.9696741,0.00287621
5,5,melanocytic nevi,melanocytic nevi,0.017259615,0.19094467,0.075355284,0.031003956,0.041129775,0.55190915,0.09239756
5,5,melanocytic nevi,melanocytic nevi,0.010396831,0.013869343,0.019931773,0.022120938,0.01737451,0.7763158,0.13999084
5,5,melanocytic nevi,melanocytic nevi,0.007676347,0.0069963653,0.027380515,0.008519543,0.07343842,0.8720344,0.003954489
5,5,melanocytic nevi,melanocytic nevi,0.05711477,0.11821168,0.13557722,0.033161964,0.15030798,0.46325767,0.04236873
5,5,melanocytic nevi,melanocytic nevi,0.02765077,0.29478794,0.06790746,0.04984879,0.060562536,0.36473498,0.13450754
5,5,melanocytic nevi,melanocytic nevi,0.0034113429,0.0018683393,0.022197869,0.003540567,0.027695391,0.9391237,0.0021627527
5,5,melanocytic nevi,melanocytic nevi,0.0012260696,0.00064506824,0.009676191,0.0013392128,0.01939198,0.9666354,0.0010860418
4,4,melanoma,melanoma,0.07535251,0.06357344,0.2584529,0.018566692,0.390899,0.18922761,0.0039279037
5,5,melanocytic nevi,melanocytic nevi,0.114797965,0.23376648,0.12717341,0.07636584,0.11229579,0.30070662,0.03489394
5,5,melanocytic nevi,melanocytic nevi,0.001986272,0.0006055837,0.012089281,0.0015234149,0.022343514,0.96095836,0.0004936323
5,5,melanocytic nevi,melanocytic nevi,0.01275777,0.011316125,0.03170901,0.015340072,0.028522179,0.8833999,0.016954936
5,5,melanocytic nevi,melanocytic nevi,0.018896718,0.06160853,0.037909158,0.027730793,0.08258993,0.68885356,0.08241123
5,5,melanocytic nevi,melanocytic nevi,0.011283708,0.015848475,0.02545334,0.020189103,0.020228047,0.8584447,0.048552673
5,5,melanocytic nevi,melanocytic nevi,0.0052610324,0.0012891545,0.04909019,0.003254792,0.07791037,0.86274546,0.00044891355
5,6,melanocytic nevi,vascular lesions,0.019485077,0.027314754,0.014247833,0.030418806,0.015476094,0.39863205,0.49442545
5,5,melanocytic nevi,melanocytic nevi,0.04443618,0.057683893,0.11709447,0.025678033,0.2705739,0.4739817,0.0105517525
4,4,melanoma,melanoma,0.17490548,0.19675525,0.062307887,0.03771795,0.27004513,0.198315,0.059953295
5,5,melanocytic nevi,melanocytic nevi,0.0072727883,0.0075778733,0.02211521,0.011815584,0.013882597,0.9226384,0.014697532
5,5,melanocytic nevi,melanocytic nevi,0.0068988274,0.006396359,0.15428184,0.00780433,0.11540464,0.70547813,0.0037358196
2,2,benign keratosis-like lesions,benign keratosis-like lesions,0.12618732,0.15275635,0.27983284,0.07705294,0.08263652,0.269445,0.012089061
5,5,melanocytic nevi,melanocytic nevi,0.07281052,0.0813238,0.07076696,0.05353936,0.067806184,0.60811394,0.045639224
5,4,melanocytic nevi,melanoma,0.039894313,0.02834885,0.09540829,0.0150426375,0.43802005,0.3686863,0.01459954
4,0,melanoma,actinic keratoses and intraepithelial carcinoma,0.28470016,0.17709228,0.22322191,0.034351908,0.180892,0.093640044,0.006101709
5,5,melanocytic nevi,melanocytic nevi,0.017624311,0.01931632,0.042184845,0.025690347,0.028946526,0.8208731,0.045364518
5,5,melanocytic nevi,melanocytic nevi,0.023185957,0.032548703,0.1411648,0.019751372,0.22073692,0.5274089,0.035203334
5,5,melanocytic nevi,melanocytic nevi,0.007130332,0.005349348,0.10913853,0.0059622526,0.295098,0.57209414,0.0052274563
5,5,melanocytic nevi,melanocytic nevi,0.001419818,0.0008644533,0.011658758,0.0017327857,0.02231128,0.9606334,0.0013795882
6,5,vascular lesions,melanocytic nevi,0.046969593,0.0780537,0.08678388,0.058033366,0.049485065,0.5353152,0.14535917
5,5,melanocytic nevi,melanocytic nevi,0.007845972,0.01018184,0.024605945,0.009587163,0.055559702,0.879427,0.012792414
2,5,benign keratosis-like lesions,melanocytic nevi,0.03965182,0.058049697,0.036939226,0.054424796,0.018459862,0.6278518,0.16462287
6,5,vascular lesions,melanocytic nevi,0.04656035,0.088039614,0.035693634,0.054601304,0.046957716,0.37749642,0.350651
5,5,melanocytic nevi,melanocytic nevi,0.022902824,0.01131198,0.03818511,0.019550145,0.016950285,0.8855274,0.005572241
1,2,basal cell carcinoma,benign keratosis-like lesions,0.08547948,0.2940191,0.30092278,0.048857078,0.049733624,0.20503177,0.015956158
5,5,melanocytic nevi,melanocytic nevi,0.03813918,0.008135893,0.18083112,0.012257829,0.2564231,0.50353694,0.00067593454
5,5,melanocytic nevi,melanocytic nevi,0.023777168,0.11319534,0.07906626,0.03823059,0.08550815,0.6020132,0.05820936
2,2,benign keratosis-like lesions,benign keratosis-like lesions,0.029379986,0.031022137,0.46571806,0.011088269,0.1796783,0.27873343,0.0043798336
1,5,basal cell carcinoma,melanocytic nevi,0.10951848,0.14274594,0.19933206,0.043534577,0.23033704,0.24815042,0.026381418
4,2,melanoma,benign keratosis-like lesions,0.09312172,0.17764537,0.29752862,0.062096003,0.10401548,0.24455659,0.021036241
2,4,benign keratosis-like lesions,melanoma,0.015365139,0.007813762,0.097768895,0.00616006,0.53858685,0.32848373,0.0058215745
4,2,melanoma,benign keratosis-like lesions,0.10035729,0.10465213,0.28560865,0.05673084,0.19972192,0.18800542,0.06492372
5,5,melanocytic nevi,melanocytic nevi,0.0077021876,0.0021041632,0.031094234,0.00392837,0.043455347,0.91093594,0.00077976135
5,5,melanocytic nevi,melanocytic nevi,0.0022500611,0.0012909387,0.010057586,0.0028627825,0.015211775,0.9656075,0.0027193087
5,5,melanocytic nevi,melanocytic nevi,0.015712464,0.0681438,0.079407394,0.040826898,0.03893623,0.64160585,0.11536739
2,5,benign keratosis-like lesions,melanocytic nevi,0.026627863,0.09258044,0.21499054,0.034447826,0.093976445,0.4719868,0.06539004
4,4,melanoma,melanoma,0.04346576,0.025385875,0.050402433,0.019736854,0.473398,0.37663132,0.010979721
2,5,benign keratosis-like lesions,melanocytic nevi,0.02407041,0.005107283,0.1105481,0.010580902,0.04758502,0.80168754,0.00042077227
5,2,melanocytic nevi,benign keratosis-like lesions,0.14727628,0.13363877,0.2696112,0.03868813,0.2122644,0.1838738,0.014647418
5,5,melanocytic nevi,melanocytic nevi,0.08457044,0.030508047,0.08736631,0.038308673,0.043292906,0.70315015,0.012803477
2,5,benign keratosis-like lesions,melanocytic nevi,0.046418305,0.07278307,0.063175865,0.05703891,0.025319556,0.6654044,0.06985996
5,4,melanocytic nevi,melanoma,0.026654273,0.012947999,0.3001419,0.008936114,0.4246182,0.22284597,0.0038555108
5,5,melanocytic nevi,melanocytic nevi,0.002882858,0.0014157855,0.009814373,0.003532305,0.008368407,0.9710736,0.0029126722
5,4,melanocytic nevi,melanoma,0.07186455,0.051024634,0.19947001,0.019711245,0.32642928,0.32615754,0.0053427285
5,5,melanocytic nevi,melanocytic nevi,0.06393426,0.08907008,0.16813937,0.041217253,0.1719752,0.45153737,0.014126459
4,5,melanoma,melanocytic nevi,0.017559389,0.009866513,0.07398831,0.013161645,0.14376397,0.7372931,0.004366988
2,5,benign keratosis-like lesions,melanocytic nevi,0.005779483,0.0044586887,0.07546436,0.0028487206,0.3744042,0.5348656,0.0021789046
5,5,melanocytic nevi,melanocytic nevi,0.010370958,0.0064373063,0.03100687,0.009923694,0.02340502,0.91389936,0.004956701
5,5,melanocytic nevi,melanocytic nevi,0.004357782,0.004096839,0.016633766,0.0064915908,0.020055486,0.9409364,0.0074281516
5,5,melanocytic nevi,melanocytic nevi,0.018378153,0.022624983,0.049890783,0.012082301,0.26403034,0.6169273,0.01606614
5,5,melanocytic nevi,melanocytic nevi,0.013877647,0.0062130853,0.04894386,0.005659099,0.4090169,0.5147249,0.0015645202
5,5,melanocytic nevi,melanocytic nevi,0.0023511539,0.0010390877,0.020853415,0.001591195,0.081147,0.8922192,0.0007990676
5,5,melanocytic nevi,melanocytic nevi,0.007944503,0.0067679617,0.02331488,0.009047487,0.02449637,0.9217174,0.0067113237
5,5,melanocytic nevi,melanocytic nevi,0.018533865,0.004884636,0.03125777,0.009044069,0.026441162,0.9081857,0.0016527749
2,2,benign keratosis-like lesions,benign keratosis-like lesions,0.12410446,0.057331607,0.6278421,0.03706184,0.075667985,0.07523931,0.0027526526
4,5,melanoma,melanocytic nevi,0.015758032,0.022698645,0.08991143,0.015073301,0.2587421,0.5766932,0.021123271
5,5,melanocytic nevi,melanocytic nevi,0.012244996,0.016998151,0.060202416,0.017493557,0.16372174,0.702275,0.027064139
5,5,melanocytic nevi,melanocytic nevi,0.00070459204,0.00032151202,0.0052532167,0.0008634661,0.010590639,0.98175967,0.0005069764
5,4,melanocytic nevi,melanoma,0.01129133,0.002069788,0.11890183,0.002872983,0.51074964,0.35343456,0.0006799449
5,5,melanocytic nevi,melanocytic nevi,0.011826518,0.012373837,0.054099325,0.00898046,0.26058897,0.639439,0.012691907
1,1,basal cell carcinoma,basal cell carcinoma,0.12236237,0.51573336,0.05461424,0.102139466,0.02795337,0.10032921,0.07686799
5,5,melanocytic nevi,melanocytic nevi,0.027488176,0.04003834,0.04236066,0.032114837,0.06599821,0.71140957,0.08059024
5,5,melanocytic nevi,melanocytic nevi,0.00950946,0.005013947,0.033684995,0.0085991435,0.028530192,0.9111291,0.003533065
5,5,melanocytic nevi,melanocytic nevi,0.005928635,0.015461249,0.037759364,0.011917786,0.103404336,0.79444444,0.031084163
5,5,melanocytic nevi,melanocytic nevi,0.0034423524,0.0022850805,0.015614411,0.0037294982,0.020362645,0.9529068,0.0016592928
5,5,melanocytic nevi,melanocytic nevi,0.008688782,0.0106929615,0.013152843,0.017292507,0.013209199,0.68504167,0.251922
5,5,melanocytic nevi,melanocytic nevi,0.017552674,0.025851306,0.100429885,0.019941647,0.1344534,0.67980766,0.021963382
5,5,melanocytic nevi,melanocytic nevi,0.019858172,0.01001589,0.033769105,0.018256672,0.028120881,0.87641037,0.013568893
5,5,melanocytic nevi,melanocytic nevi,0.034145463,0.023563262,0.041280456,0.026383277,0.030138234,0.8294763,0.015012957
5,5,melanocytic nevi,melanocytic nevi,0.012809596,0.014852931,0.020002544,0.02255625,0.020692458,0.75357294,0.15551333
0,0,actinic keratoses and intraepithelial carcinoma,actinic keratoses and intraepithelial carcinoma,0.30392677,0.21293181,0.18727872,0.08228589,0.07503663,0.114381276,0.024158897
6,6,vascular lesions,vascular lesions,0.021536263,0.13488266,0.032266658,0.042066798,0.026289662,0.27179134,0.47116655
5,5,melanocytic nevi,melanocytic nevi,0.022431964,0.014020639,0.045868967,0.016928889,0.04242691,0.8517462,0.006576441
5,5,melanocytic nevi,melanocytic nevi,0.0028565596,0.0018384049,0.012621396,0.0036835151,0.010797978,0.96624607,0.0019561723
5,4,melanocytic nevi,melanoma,0.0064948634,0.0035074383,0.07639292,0.0037516754,0.5031369,0.40042952,0.006286773
5,5,melanocytic nevi,melanocytic nevi,0.11076512,0.1923781,0.08894288,0.05835249,0.10694624,0.3870823,0.055532828
5,5,melanocytic nevi,melanocytic nevi,0.004841396,0.0022314142,0.015460542,0.004260711,0.017839106,0.9531834,0.0021834248
4,5,melanoma,melanocytic nevi,0.01858562,0.024740394,0.057106014,0.023763914,0.10540059,0.7258776,0.044525877
5,4,melanocytic nevi,melanoma,0.19932055,0.087471716,0.108449064,0.037089027,0.37098756,0.18031044,0.016371645
5,2,melanocytic nevi,benign keratosis-like lesions,0.1675047,0.1661352,0.2345674,0.039300434,0.22159512,0.14547557,0.025421519
5,5,melanocytic nevi,melanocytic nevi,0.017438425,0.012529423,0.037186697,0.018126683,0.027779944,0.8690225,0.017916203
4,2,melanoma,benign keratosis-like lesions,0.21655092,0.079986945,0.47900492,0.024625875,0.13771783,0.059359793,0.0027537567
5,5,melanocytic nevi,melanocytic nevi,0.0050245724,0.0046666926,0.016271131,0.006015676,0.056886796,0.90200686,0.009128322
5,5,melanocytic nevi,melanocytic nevi,0.0053831623,0.0051501705,0.020925106,0.008421089,0.020849103,0.9294395,0.0098318
5,5,melanocytic nevi,melanocytic nevi,0.01621464,0.0131664425,0.036528993,0.016153963,0.039200157,0.86974025,0.008995567
5,5,melanocytic nevi,melanocytic nevi,0.016282175,0.027087418,0.041072562,0.01991289,0.03411961,0.8401092,0.021416062
5,5,melanocytic nevi,melanocytic nevi,0.010860811,0.0061013545,0.035514634,0.005782274,0.36645085,0.5720836,0.0032064414
5,5,melanocytic nevi,melanocytic nevi,0.0015645402,0.000923926,0.007974392,0.0018655374,0.014014079,0.9718793,0.0017781697
5,1,melanocytic nevi,basal cell carcinoma,0.21487899,0.29568216,0.24490905,0.056072336,0.078790985,0.09370077,0.015965698
5,5,melanocytic nevi,melanocytic nevi,0.010823407,0.007828265,0.08583791,0.007765971,0.2889196,0.5904322,0.008392606
5,5,melanocytic nevi,melanocytic nevi,0.032286696,0.037961572,0.039374895,0.03976601,0.026504435,0.7522182,0.071888156
5,5,melanocytic nevi,melanocytic nevi,0.020330856,0.013963061,0.053751603,0.017668758,0.058325425,0.82635915,0.009601121
5,5,melanocytic nevi,melanocytic nevi,0.007503124,0.00257332,0.046499718,0.0041150684,0.12670584,0.8115621,0.0010408075
5,2,melanocytic nevi,benign keratosis-like lesions,0.01483401,0.013366843,0.68815684,0.013583087,0.055090822,0.21374756,0.0012208723
5,5,melanocytic nevi,melanocytic nevi,0.022294711,0.017510174,0.03569087,0.025088979,0.041841976,0.81956536,0.038007937
5,5,melanocytic nevi,melanocytic nevi,0.0035151558,0.004272784,0.009774598,0.007896421,0.008100992,0.9354174,0.031022783
5,5,melanocytic nevi,melanocytic nevi,0.01275343,0.010468083,0.03702135,0.014143564,0.055143226,0.85389507,0.016575262
5,5,melanocytic nevi,melanocytic nevi,0.003790875,0.0023711992,0.014083327,0.0046514748,0.0147581585,0.95652616,0.0038188098
5,2,melanocytic nevi,benign keratosis-like lesions,0.16473746,0.059119485,0.28774545,0.043536324,0.20620379,0.23346256,0.0051949117
4,4,melanoma,melanoma,0.17942736,0.062062908,0.10269854,0.035948224,0.37086004,0.23713166,0.0118712215
2,2,benign keratosis-like lesions,benign keratosis-like lesions,0.02975075,0.05095348,0.3305087,0.01588953,0.312829,0.2480437,0.0120248385
4,5,melanoma,melanocytic nevi,0.0059445794,0.0026586931,0.058770187,0.003941525,0.2492028,0.67502093,0.004461286
5,5,melanocytic nevi,melanocytic nevi,0.020969432,0.020966202,0.04263306,0.029046986,0.0168834,0.83197373,0.03752722
2,2,benign keratosis-like lesions,benign keratosis-like lesions,0.062257845,0.07718247,0.37080804,0.02657144,0.20607908,0.23093808,0.02616308
4,1,melanoma,basal cell carcinoma,0.1700691,0.21330178,0.19810697,0.05316329,0.17604007,0.11831998,0.07099874
5,5,melanocytic nevi,melanocytic nevi,0.0067836996,0.006459638,0.012452217,0.0119290855,0.012428228,0.89683205,0.053115055
5,5,melanocytic nevi,melanocytic nevi,0.010351678,0.010620029,0.35534412,0.009935962,0.1694525,0.4431787,0.0011169182
5,5,melanocytic nevi,melanocytic nevi,0.09999451,0.23080179,0.23424971,0.06471113,0.07151389,0.2424239,0.05630495
5,5,melanocytic nevi,melanocytic nevi,0.0204929,0.0118241785,0.1083381,0.01462014,0.19625969,0.6449463,0.003518739
5,5,melanocytic nevi,melanocytic nevi,0.014974365,0.009437519,0.058886085,0.012904629,0.29493043,0.5981806,0.010686413
4,5,melanoma,melanocytic nevi,0.020466758,0.092160076,0.14784327,0.035395425,0.083379924,0.5504452,0.07030931
5,5,melanocytic nevi,melanocytic nevi,0.035158847,0.044931415,0.18021294,0.027121058,0.2305192,0.4674712,0.014585245
0,1,actinic keratoses and intraepithelial carcinoma,basal cell carcinoma,0.23441407,0.29247215,0.20195583,0.06798774,0.070616074,0.10433099,0.0282231
5,5,melanocytic nevi,melanocytic nevi,0.03777779,0.027727002,0.12127649,0.012080964,0.31900525,0.4750616,0.007070867
1,2,basal cell carcinoma,benign keratosis-like lesions,0.086869985,0.18402807,0.30119827,0.058428243,0.10227254,0.23989673,0.027306128
5,5,melanocytic nevi,melanocytic nevi,0.006324981,0.00530317,0.019051207,0.008621964,0.016173368,0.9373247,0.007200651
5,5,melanocytic nevi,melanocytic nevi,0.0017780798,0.0014377306,0.014165616,0.0022927416,0.04756399,0.93041134,0.002350504
5,5,melanocytic nevi,melanocytic nevi,0.0013364773,0.0006399583,0.0075217197,0.001375975,0.017091427,0.9713391,0.0006953094
5,5,melanocytic nevi,melanocytic nevi,0.038704205,0.06839401,0.056047868,0.0497476,0.024745708,0.69611585,0.0662448
0,0,actinic keratoses and intraepithelial carcinoma,actinic keratoses and intraepithelial carcinoma,0.4086049,0.18216576,0.17220044,0.047810677,0.11940165,0.058515485,0.011301153
5,5,melanocytic nevi,melanocytic nevi,0.018888606,0.005031422,0.15789491,0.0063918107,0.20923507,0.6021313,0.00042692228
4,4,melanoma,melanoma,0.14346956,0.053819157,0.16702051,0.031164708,0.36642146,0.23491928,0.0031853742
5,5,melanocytic nevi,melanocytic nevi,0.0080141,0.014922342,0.08804616,0.009735896,0.2187306,0.6484287,0.012122187
5,5,melanocytic nevi,melanocytic nevi,0.05575821,0.08109001,0.05660641,0.03949493,0.11210839,0.6315294,0.023412663
5,5,melanocytic nevi,melanocytic nevi,0.17022994,0.104766466,0.17080131,0.05797261,0.1743197,0.31137124,0.010538766
5,5,melanocytic nevi,melanocytic nevi,0.004886275,0.0014333968,0.02815988,0.0029798157,0.030066505,0.9320058,0.00046833383
5,5,melanocytic nevi,melanocytic nevi,0.04212676,0.03239626,0.09607384,0.024317294,0.3053481,0.4823258,0.01741191
5,5,melanocytic nevi,melanocytic nevi,0.013048421,0.013694346,0.03416173,0.019095132,0.022189189,0.8702988,0.027512282
4,4,melanoma,melanoma,0.118832454,0.06821494,0.26127797,0.027506841,0.34425786,0.17411359,0.0057962886
2,2,benign keratosis-like lesions,benign keratosis-like lesions,0.058255628,0.043918274,0.48604196,0.031480532,0.12705904,0.23590308,0.01734151
2,0,benign keratosis-like lesions,actinic keratoses and intraepithelial carcinoma,0.55076075,0.082964405,0.2137627,0.027808173,0.10073612,0.021018304,0.0029495293
2,2,benign keratosis-like lesions,benign keratosis-like lesions,0.23721659,0.22514729,0.37329137,0.031446084,0.07901348,0.04397472,0.009910496
5,1,melanocytic nevi,basal cell carcinoma,0.07290635,0.29819903,0.13201998,0.07044901,0.042155355,0.25700986,0.1272604
5,5,melanocytic nevi,melanocytic nevi,0.01822215,0.024554191,0.07588697,0.020243442,0.050662626,0.79757905,0.0128515605
5,5,melanocytic nevi,melanocytic nevi,0.02518003,0.026793314,0.0316543,0.024773166,0.04706824,0.8120105,0.032520443
5,5,melanocytic nevi,melanocytic nevi,0.0073670964,0.008079536,0.015336683,0.0118404925,0.017509101,0.9055852,0.034281857
5,0,melanocytic nevi,actinic keratoses and intraepithelial carcinoma,0.39307508,0.07644556,0.17595822,0.032379076,0.2740061,0.044527184,0.0036088417
5,4,melanocytic nevi,melanoma,0.1205449,0.09745101,0.16080603,0.022519559,0.34500808,0.23099986,0.022670595
5,5,melanocytic nevi,melanocytic nevi,0.00053039595,0.00031352864,0.0039795307,0.00064533605,0.011278493,0.98280925,0.00044353146
4,0,melanoma,actinic keratoses and intraepithelial carcinoma,0.30227384,0.16991115,0.24868573,0.054370143,0.14907652,0.06270901,0.012973641
5,5,melanocytic nevi,melanocytic nevi,0.0094732875,0.010531413,0.030516231,0.014522437,0.03908628,0.8691131,0.026757408
5,2,melanocytic nevi,benign keratosis-like lesions,0.14243652,0.08801639,0.37877443,0.037098818,0.21293668,0.12833266,0.012404457
5,5,melanocytic nevi,melanocytic nevi,0.013603364,0.015076477,0.022856906,0.02275141,0.01612099,0.8307921,0.078798704
5,5,melanocytic nevi,melanocytic nevi,0.016181773,0.056280617,0.116763294,0.025072645,0.08011463,0.6579529,0.047634132
5,5,melanocytic nevi,melanocytic nevi,0.009273401,0.041379318,0.087959334,0.015740143,0.10682616,0.70939624,0.029425416
4,5,melanoma,melanocytic nevi,0.10576503,0.027961144,0.0449347,0.021776104,0.30687857,0.4816475,0.011036908
4,4,melanoma,melanoma,0.08231513,0.043585803,0.22329423,0.025588598,0.31336963,0.30769798,0.004148647
5,5,melanocytic nevi,melanocytic nevi,0.017860075,0.016039634,0.039848324,0.019125683,0.040517163,0.8428101,0.02379896
5,5,melanocytic nevi,melanocytic nevi,0.04350574,0.008340616,0.0650117,0.015039876,0.04839319,0.81709826,0.0026105866
0,4,actinic keratoses and intraepithelial carcinoma,melanoma,0.20228708,0.013332342,0.08954528,0.008611357,0.62385076,0.06144116,0.0009320696
5,5,melanocytic nevi,melanocytic nevi,0.008120807,0.008656616,0.022267507,0.013309311,0.01684976,0.90919465,0.021601357
5,2,melanocytic nevi,benign keratosis-like lesions,0.09622782,0.0572319,0.35818088,0.024382258,0.14458112,0.3092823,0.010113729
5,5,melanocytic nevi,melanocytic nevi,0.0027914825,0.0023240403,0.009799241,0.0042153425,0.011359342,0.96398413,0.0055263843
0,0,actinic keratoses and intraepithelial carcinoma,actinic keratoses and intraepithelial carcinoma,0.43165123,0.12750128,0.14374912,0.045035243,0.20091942,0.044163305,0.0069804494
2,2,benign keratosis-like lesions,benign keratosis-like lesions,0.11649853,0.05911873,0.46198052,0.041788712,0.15556948,0.16185477,0.003189257
2,2,benign keratosis-like lesions,benign keratosis-like lesions,0.18821484,0.17526823,0.37466705,0.06926186,0.08614814,0.09716277,0.009277088
2,2,benign keratosis-like lesions,benign keratosis-like lesions,0.12241641,0.21637613,0.43803853,0.054182656,0.050669894,0.10768995,0.010626445
3,5,dermatofibroma,melanocytic nevi,0.023679113,0.037672393,0.024106268,0.03993852,0.012698106,0.5959628,0.26594272
5,5,melanocytic nevi,melanocytic nevi,0.019921372,0.009332042,0.029345559,0.0129958335,0.035427064,0.884276,0.00870214
5,2,melanocytic nevi,benign keratosis-like lesions,0.118984215,0.16781774,0.2633185,0.044794645,0.1503843,0.22968885,0.025011808
4,5,melanoma,melanocytic nevi,0.0028408926,0.002804085,0.016043913,0.0047738748,0.025857687,0.9405394,0.0071401815
4,4,melanoma,melanoma,0.2220721,0.1118062,0.23006542,0.051255982,0.2530564,0.122986935,0.008756993
5,5,melanocytic nevi,melanocytic nevi,0.00097234687,0.0002735687,0.01333485,0.00074318313,0.022092327,0.9624758,0.000108014225
5,5,melanocytic nevi,melanocytic nevi,0.0046508317,0.0033639225,0.016802859,0.006146306,0.018572083,0.9435893,0.006874735
5,5,melanocytic nevi,melanocytic nevi,0.005626183,0.0022157803,0.03472765,0.003891936,0.0621391,0.8901143,0.0012851103
5,5,melanocytic nevi,melanocytic nevi,0.035846926,0.060216464,0.08103943,0.023340382,0.15549502,0.61467403,0.029387759
0,2,actinic keratoses and intraepithelial carcinoma,benign keratosis-like lesions,0.1508298,0.064711995,0.35189295,0.024822583,0.21378872,0.19173247,0.0022215496
5,5,melanocytic nevi,melanocytic nevi,0.03733228,0.017287971,0.0592674,0.023697512,0.02646807,0.83137167,0.0045750807
5,5,melanocytic nevi,melanocytic nevi,0.09213251,0.19645728,0.25077218,0.07274593,0.053059556,0.3257952,0.009037356
5,5,melanocytic nevi,melanocytic nevi,0.050305426,0.15940928,0.08183888,0.06293443,0.08067499,0.5128465,0.05199039
5,5,melanocytic nevi,melanocytic nevi,0.04734596,0.041715752,0.04356822,0.049962968,0.023415856,0.7104391,0.083552115
4,5,melanoma,melanocytic nevi,0.022203775,0.007473475,0.044513732,0.0049286685,0.45826268,0.4612084,0.0014092659
2,4,benign keratosis-like lesions,melanoma,0.15197767,0.12485501,0.23229317,0.034635343,0.2368283,0.19899105,0.020419512
1,1,basal cell carcinoma,basal cell carcinoma,0.17931661,0.36200172,0.16780853,0.06636997,0.05891151,0.13623819,0.029353518
5,5,melanocytic nevi,melanocytic nevi,0.015133547,0.11998431,0.08694001,0.03105664,0.06492157,0.6503102,0.031653613
5,5,melanocytic nevi,melanocytic nevi,0.032180052,0.112236954,0.24701147,0.049063157,0.062386535,0.4830034,0.014118353
5,5,melanocytic nevi,melanocytic nevi,0.011780379,0.009760452,0.036636658,0.013098818,0.027744781,0.89375526,0.007223597
5,5,melanocytic nevi,melanocytic nevi,0.012682578,0.0053791623,0.037011378,0.009441494,0.026397662,0.90707827,0.0020095315
5,5,melanocytic nevi,melanocytic nevi,0.0021922595,0.0012184127,0.015584101,0.002124071,0.023839654,0.9539693,0.0010721106
5,5,melanocytic nevi,melanocytic nevi,0.0031906813,0.0023494838,0.013436198,0.00419196,0.019975511,0.9525307,0.00432558
5,5,melanocytic nevi,melanocytic nevi,0.006230293,0.0028532343,0.022389079,0.0044370117,0.046092544,0.9162572,0.0017405946
5,5,melanocytic nevi,melanocytic nevi,0.024398446,0.027085591,0.047882028,0.028393848,0.06357961,0.7706713,0.037989162
1,5,basal cell carcinoma,melanocytic nevi,0.024719054,0.05924211,0.08056781,0.032120112,0.12825629,0.63904965,0.036044914
5,5,melanocytic nevi,melanocytic nevi,0.046307817,0.013608638,0.21598719,0.01786952,0.18182784,0.5239505,0.0004485539
2,5,benign keratosis-like lesions,melanocytic nevi,0.03405975,0.032023154,0.26957604,0.010459823,0.3235558,0.32450166,0.0058238367
5,5,melanocytic nevi,melanocytic nevi,0.007353547,0.00477115,0.020492693,0.0090559395,0.01823932,0.9308933,0.009193989
5,5,melanocytic nevi,melanocytic nevi,0.0067695854,0.0057205134,0.016069297,0.008046284,0.020504497,0.9341351,0.008754714
2,5,benign keratosis-like lesions,melanocytic nevi,0.13288364,0.13934536,0.1908831,0.052110866,0.20236875,0.25588202,0.026526248
5,5,melanocytic nevi,melanocytic nevi,0.008791316,0.002717523,0.027298992,0.0038915025,0.105110735,0.85118854,0.0010013802
5,5,melanocytic nevi,melanocytic nevi,0.013902191,0.082009435,0.084785655,0.04076852,0.06298282,0.6571199,0.058431458
1,0,basal cell carcinoma,actinic keratoses and intraepithelial carcinoma,0.36532897,0.15223515,0.26019952,0.030546421,0.1332691,0.05088429,0.0075365417
5,5,melanocytic nevi,melanocytic nevi,0.017548366,0.0114103425,0.023960365,0.0176748,0.032650907,0.87336165,0.023393575
4,5,melanoma,melanocytic nevi,0.026299471,0.024671633,0.23155412,0.01545225,0.16777498,0.5229591,0.011288454
0,2,actinic keratoses and intraepithelial carcinoma,benign keratosis-like lesions,0.24914163,0.12994869,0.33037636,0.026708093,0.20760204,0.050271526,0.005951711
5,5,melanocytic nevi,melanocytic nevi,0.013756437,0.01019407,0.028275438,0.01764207,0.020400293,0.88411826,0.025613392
5,2,melanocytic nevi,benign keratosis-like lesions,0.049673706,0.14547038,0.36016607,0.03489739,0.08802125,0.30003497,0.02173617
5,0,melanocytic nevi,actinic keratoses and intraepithelial carcinoma,0.35146576,0.18586616,0.15440457,0.06845418,0.13424814,0.08611715,0.019443933
5,4,melanocytic nevi,melanoma,0.03988835,0.013486538,0.12605017,0.008902667,0.50092316,0.3090429,0.0017062575
5,5,melanocytic nevi,melanocytic nevi,0.06719917,0.035155542,0.1142899,0.04479543,0.045281656,0.6781695,0.015108823
5,5,melanocytic nevi,melanocytic nevi,0.0015604125,0.00075522054,0.010485498,0.0014834304,0.02404081,0.9607648,0.00090980605
5,5,melanocytic nevi,melanocytic nevi,0.014525782,0.0056941914,0.035013195,0.0072915265,0.064790286,0.87114275,0.0015422602
5,5,melanocytic nevi,melanocytic nevi,0.052343156,0.048805542,0.06292644,0.023786098,0.2196575,0.5779846,0.01449662
1,5,basal cell carcinoma,melanocytic nevi,0.074707404,0.17056142,0.13611947,0.035197753,0.20914298,0.33297563,0.041295387
5,4,melanocytic nevi,melanoma,0.03432066,0.0052890377,0.12929715,0.0070737223,0.43930748,0.38424152,0.00047040216
5,5,melanocytic nevi,melanocytic nevi,0.06701267,0.18416129,0.058455512,0.06227438,0.055911124,0.4046856,0.16749936
5,5,melanocytic nevi,melanocytic nevi,0.01594146,0.020902285,0.12913536,0.009625135,0.24166061,0.577797,0.004938127
5,5,melanocytic nevi,melanocytic nevi,0.022998491,0.013277029,0.049602322,0.019121738,0.043366313,0.8424457,0.009188441
5,5,melanocytic nevi,melanocytic nevi,0.0064843153,0.006942435,0.015460376,0.011972903,0.011879061,0.9191446,0.028116435
5,5,melanocytic nevi,melanocytic nevi,0.016869077,0.006671092,0.02652555,0.007222349,0.049613778,0.89062744,0.002470689
5,5,melanocytic nevi,melanocytic nevi,0.0087190345,0.0030006045,0.03656393,0.0066304705,0.028585697,0.91493946,0.0015607871
5,5,melanocytic nevi,melanocytic nevi,0.017445948,0.010067422,0.032342467,0.013034382,0.054465752,0.865711,0.0069330325
4,5,melanoma,melanocytic nevi,0.03815795,0.05978846,0.06692465,0.04324217,0.13898176,0.5863034,0.06660153
5,5,melanocytic nevi,melanocytic nevi,0.006926134,0.0070138406,0.024092361,0.01096617,0.018959615,0.91654617,0.015495616
5,5,melanocytic nevi,melanocytic nevi,0.05699697,0.09445061,0.07031483,0.063765235,0.02624601,0.5565943,0.13163203
5,5,melanocytic nevi,melanocytic nevi,0.05339274,0.082410686,0.119337164,0.034737132,0.12694642,0.5438754,0.03930054
2,5,benign keratosis-like lesions,melanocytic nevi,0.022885323,0.050057434,0.1491789,0.024350615,0.12574908,0.6093715,0.018407041
5,5,melanocytic nevi,melanocytic nevi,0.0038828657,0.0023579153,0.011909708,0.0049837106,0.012537582,0.95934,0.0049882946
5,5,melanocytic nevi,melanocytic nevi,0.012354918,0.012549377,0.022125075,0.019028893,0.0153801,0.87078923,0.047772456
4,5,melanoma,melanocytic nevi,0.01154966,0.007918903,0.0750496,0.007994621,0.27236298,0.62109524,0.004028925
5,4,melanocytic nevi,melanoma,0.19252244,0.13436222,0.07587203,0.039130285,0.34292072,0.1851325,0.030059816
5,5,melanocytic nevi,melanocytic nevi,0.10963458,0.08389087,0.054455034,0.07665256,0.03676832,0.59255,0.046048682
5,5,melanocytic nevi,melanocytic nevi,0.013946687,0.014215266,0.031153519,0.01917783,0.022908071,0.87154543,0.02705324
2,4,benign keratosis-like lesions,melanoma,0.1927627,0.09532293,0.13381748,0.04510288,0.33534813,0.1794912,0.018154714
5,5,melanocytic nevi,melanocytic nevi,0.0044057295,0.0035878466,0.019492414,0.005315409,0.031593096,0.93288517,0.002720384
5,1,melanocytic nevi,basal cell carcinoma,0.14361928,0.29129288,0.16999581,0.06921518,0.060981598,0.2126174,0.052277874
5,5,melanocytic nevi,melanocytic nevi,0.016145667,0.0242132,0.018046439,0.022687953,0.03581545,0.8078691,0.075222224
4,0,melanoma,actinic keratoses and intraepithelial carcinoma,0.37667593,0.07580358,0.20043996,0.032848556,0.2345055,0.07722732,0.0024991615
6,5,vascular lesions,melanocytic nevi,0.035184026,0.0950118,0.10165751,0.058435246,0.08008956,0.5213542,0.10826771
5,5,melanocytic nevi,melanocytic nevi,0.031032812,0.042295612,0.046291962,0.044446733,0.022103095,0.6771654,0.13666442
5,5,melanocytic nevi,melanocytic nevi,0.00061934104,0.00015786645,0.0046496317,0.0004271595,0.008727614,0.9853533,6.5049215e-05
2,5,benign keratosis-like lesions,melanocytic nevi,0.020120287,0.018981043,0.0398393,0.021445619,0.03311098,0.85010755,0.016395235
5,5,melanocytic nevi,melanocytic nevi,0.0015224492,0.0010026942,0.010068759,0.001796245,0.014470199,0.9703203,0.0008194001
4,5,melanoma,melanocytic nevi,0.04879967,0.014414277,0.11099181,0.013473276,0.3810192,0.4295524,0.0017493183
5,5,melanocytic nevi,melanocytic nevi,0.0020303752,0.001154233,0.02074746,0.0019104377,0.07086591,0.90234727,0.00094444805
6,4,vascular lesions,melanoma,0.1311736,0.040399928,0.12799534,0.01824627,0.5444674,0.12666781,0.011049638
5,5,melanocytic nevi,melanocytic nevi,0.0022320559,0.0015914176,0.012010395,0.0031315212,0.014713338,0.9641089,0.0022123922
5,5,melanocytic nevi,melanocytic nevi,0.034501802,0.03013689,0.06036211,0.03648326,0.03211012,0.76722026,0.039185483
5,5,melanocytic nevi,melanocytic nevi,0.012755,0.0093692,0.05910608,0.0058418643,0.29998899,0.6072212,0.0057176375
5,5,melanocytic nevi,melanocytic nevi,0.028113337,0.06581253,0.057510626,0.03880685,0.06844202,0.662256,0.07905865
4,5,melanoma,melanocytic nevi,0.005210704,0.0018364652,0.023860602,0.0035215383,0.05443483,0.9099034,0.0012324448
5,5,melanocytic nevi,melanocytic nevi,0.013395443,0.036577143,0.35124463,0.009092499,0.11255637,0.47270566,0.0044283457
5,6,melanocytic nevi,vascular lesions,0.048030432,0.17872967,0.050055075,0.056737997,0.038262155,0.19049282,0.43769178
4,2,melanoma,benign keratosis-like lesions,0.18749061,0.14416519,0.40366212,0.04052622,0.13825643,0.07880886,0.0070906244
5,5,melanocytic nevi,melanocytic nevi,0.04046578,0.071554415,0.06280653,0.050616827,0.031779587,0.633327,0.10944987
5,5,melanocytic nevi,melanocytic nevi,0.0054964097,0.0071286852,0.01902586,0.0072516985,0.1859425,0.7347263,0.040428586
5,5,melanocytic nevi,melanocytic nevi,0.012597679,0.013723388,0.023868572,0.020793429,0.01461024,0.85704833,0.057358287
5,5,melanocytic nevi,melanocytic nevi,0.089350015,0.07081269,0.17218037,0.03895121,0.28589326,0.33626112,0.006551287
1,2,basal cell carcinoma,benign keratosis-like lesions,0.23796721,0.1064079,0.24280219,0.059298534,0.12289482,0.22670662,0.003922642
5,5,melanocytic nevi,melanocytic nevi,0.015741982,0.019511504,0.02405719,0.028812284,0.014471118,0.7851649,0.112241015
5,5,melanocytic nevi,melanocytic nevi,0.12009207,0.24435776,0.23414312,0.07529694,0.051859677,0.24483308,0.029417306
5,5,melanocytic nevi,melanocytic nevi,0.04896579,0.039998088,0.102248,0.042222135,0.0760799,0.67059743,0.019888729
5,5,melanocytic nevi,melanocytic nevi,0.0015691699,0.00084932946,0.08005427,0.0011259032,0.31976807,0.59500045,0.0016328094
5,5,melanocytic nevi,melanocytic nevi,0.0066076457,0.004752691,0.023841526,0.0076816906,0.01723373,0.9366189,0.003263945
2,2,benign keratosis-like lesions,benign keratosis-like lesions,0.09923936,0.070561804,0.32811022,0.050578453,0.18217148,0.23315491,0.036183797
5,5,melanocytic nevi,melanocytic nevi,0.050007805,0.014171236,0.14730762,0.012668335,0.30584604,0.46836895,0.0016299501
0,4,actinic keratoses and intraepithelial carcinoma,melanoma,0.13343251,0.035555203,0.12645127,0.031460226,0.39079562,0.27707288,0.0052323886
1,0,basal cell carcinoma,actinic keratoses and intraepithelial carcinoma,0.32804692,0.12563495,0.18886146,0.05278488,0.19279124,0.104914695,0.0069659045
5,5,melanocytic nevi,melanocytic nevi,0.019184506,0.0059536854,0.06419706,0.0065608094,0.21445076,0.68892634,0.0007268532
4,5,melanoma,melanocytic nevi,0.03167483,0.018611012,0.09471788,0.016247543,0.38544753,0.43522707,0.018074134
5,5,melanocytic nevi,melanocytic nevi,0.008884024,0.005940091,0.023626562,0.01081393,0.01616362,0.92556363,0.009008188
5,5,melanocytic nevi,melanocytic nevi,0.010095494,0.00748298,0.04511599,0.008662505,0.17457964,0.74541306,0.008650275
5,5,melanocytic nevi,melanocytic nevi,0.02390767,0.012642177,0.039338738,0.019247143,0.028817711,0.8678945,0.008152044
5,5,melanocytic nevi,melanocytic nevi,0.028921114,0.018597582,0.052498326,0.021783309,0.037261117,0.8318071,0.009131449
5,5,melanocytic nevi,melanocytic nevi,0.03524741,0.021225441,0.070719555,0.027376026,0.033455532,0.8043346,0.007641589
5,5,melanocytic nevi,melanocytic nevi,0.028706104,0.015230032,0.0628177,0.020021575,0.05106932,0.8143255,0.0078297565
5,5,melanocytic nevi,melanocytic nevi,0.0019498296,0.0014243746,0.010193293,0.0027880988,0.011280908,0.9702139,0.002149715
5,5,melanocytic nevi,melanocytic nevi,0.0054438286,0.0049755285,0.010172559,0.008707646,0.016175367,0.92996967,0.024555331
5,5,melanocytic nevi,melanocytic nevi,0.0052773682,0.0040075285,0.019417292,0.0064547407,0.02277601,0.9361244,0.0059426446
5,5,melanocytic nevi,melanocytic nevi,0.018889003,0.009068635,0.05064104,0.010686243,0.27001244,0.63510346,0.0055991216
4,4,melanoma,melanoma,0.07356922,0.079885125,0.13863687,0.020485148,0.46022448,0.19130795,0.035891246
5,5,melanocytic nevi,melanocytic nevi,0.026991313,0.1208051,0.0642934,0.030744376,0.11419577,0.44558898,0.19738111
5,5,melanocytic nevi,melanocytic nevi,0.026195578,0.016723894,0.046242505,0.015614166,0.06708781,0.8226711,0.005464962
5,5,melanocytic nevi,melanocytic nevi,0.049973838,0.035142615,0.08820057,0.04208138,0.028227037,0.73598576,0.020388762
2,5,benign keratosis-like lesions,melanocytic nevi,0.22376783,0.03681383,0.245825,0.059799638,0.04492796,0.38648117,0.0023846545
4,4,melanoma,melanoma,0.105785206,0.034351077,0.24584618,0.011848297,0.45499283,0.14341274,0.0037637458
5,5,melanocytic nevi,melanocytic nevi,0.0036859997,0.0028304225,0.015413378,0.0052744523,0.015061785,0.95224833,0.0054855803
2,2,benign keratosis-like lesions,benign keratosis-like lesions,0.21580975,0.14896049,0.41379157,0.045854125,0.09183276,0.07615819,0.007593066
5,5,melanocytic nevi,melanocytic nevi,0.07094566,0.026156496,0.1644176,0.026421167,0.21345481,0.49691418,0.0016901292
5,5,melanocytic nevi,melanocytic nevi,0.013662726,0.010464637,0.15040354,0.012425729,0.22979432,0.570588,0.012661004
4,2,melanoma,benign keratosis-like lesions,0.10562027,0.20085467,0.25375253,0.050800562,0.121697254,0.24906704,0.018207684
4,5,melanoma,melanocytic nevi,0.0286006,0.032041423,0.07693135,0.024923533,0.13592346,0.67764926,0.02393038
5,6,melanocytic nevi,vascular lesions,0.014296021,0.02818017,0.01007046,0.026841259,0.007002562,0.19632731,0.7172822
4,4,melanoma,melanoma,0.010153475,0.0065570846,0.06973715,0.003245822,0.48130548,0.4281035,0.00089738553
2,5,benign keratosis-like lesions,melanocytic nevi,0.13979441,0.15181293,0.16189869,0.07785527,0.14912188,0.29611647,0.023400292
4,4,melanoma,melanoma,0.005854078,0.002798415,0.097697906,0.0025015327,0.51192,0.37717202,0.0020560909
5,5,melanocytic nevi,melanocytic nevi,0.021091256,0.06866301,0.09964822,0.03741466,0.05465808,0.67467403,0.043850753
5,5,melanocytic nevi,melanocytic nevi,0.028098702,0.05523937,0.06898239,0.04607049,0.063470505,0.64492404,0.09321449
5,5,melanocytic nevi,melanocytic nevi,0.010974845,0.013405016,0.02594558,0.01883472,0.014405615,0.87326825,0.043165993
4,2,melanoma,benign keratosis-like lesions,0.04816566,0.050998952,0.4206749,0.024526319,0.25484058,0.18525079,0.01554278
5,5,melanocytic nevi,melanocytic nevi,0.0009327225,0.00056792004,0.0074367877,0.0013198216,0.011519993,0.9772868,0.00093591027
5,1,melanocytic nevi,basal cell carcinoma,0.21241257,0.3019705,0.130746,0.08761239,0.059405096,0.14311056,0.06474287
5,1,melanocytic nevi,basal cell carcinoma,0.13376501,0.310144,0.12612619,0.055517707,0.109584615,0.20664887,0.058213554
4,5,melanoma,melanocytic nevi,0.0018275809,0.0010003168,0.03582714,0.0010397705,0.2800356,0.67926574,0.0010038676
1,2,basal cell carcinoma,benign keratosis-like lesions,0.094104744,0.11704797,0.43408036,0.049312472,0.11088287,0.18707313,0.0074985013
2,5,benign keratosis-like lesions,melanocytic nevi,0.036086366,0.008291145,0.24347903,0.01101838,0.28434265,0.41646054,0.00032187943
5,2,melanocytic nevi,benign keratosis-like lesions,0.0952171,0.066544615,0.37919137,0.04014239,0.2102381,0.18655738,0.02210909
5,5,melanocytic nevi,melanocytic nevi,0.0046299463,0.0028129928,0.013859861,0.005644707,0.012411718,0.95571,0.0049306275
5,5,melanocytic nevi,melanocytic nevi,0.004321943,0.0022742918,0.12115452,0.0022302775,0.35191545,0.51729554,0.0008079079
5,5,melanocytic nevi,melanocytic nevi,0.03185573,0.026590157,0.0919608,0.022309398,0.11648377,0.70545,0.005350197
5,5,melanocytic nevi,melanocytic nevi,0.036934756,0.13443583,0.083805814,0.028359814,0.08069145,0.5602212,0.0755511
5,5,melanocytic nevi,melanocytic nevi,0.0032802864,0.0018424015,0.021068893,0.0028532844,0.042749193,0.92721236,0.0009936693
5,5,melanocytic nevi,melanocytic nevi,0.02438985,0.0047184755,0.08584466,0.0059872894,0.41553682,0.46284124,0.00068162975
1,5,basal cell carcinoma,melanocytic nevi,0.13684437,0.08012673,0.22813766,0.036386933,0.24618687,0.2636245,0.0086929565
5,5,melanocytic nevi,melanocytic nevi,0.01256897,0.013825418,0.03222714,0.018861484,0.02157602,0.87427187,0.026669152
2,5,benign keratosis-like lesions,melanocytic nevi,0.04296601,0.1003964,0.07195845,0.045971833,0.08268939,0.52012223,0.13589574
2,0,benign keratosis-like lesions,actinic keratoses and intraepithelial carcinoma,0.3723523,0.094461076,0.3356498,0.01940346,0.15396336,0.021587662,0.0025823654
5,2,melanocytic nevi,benign keratosis-like lesions,0.10537007,0.09538668,0.33680317,0.032805648,0.2278423,0.19117063,0.010621497
5,5,melanocytic nevi,melanocytic nevi,0.032333054,0.029119669,0.04193672,0.019273639,0.24130137,0.615972,0.020063577
5,5,melanocytic nevi,melanocytic nevi,0.00633167,0.0043873424,0.023906471,0.006185436,0.059639864,0.8969746,0.002574617
5,5,melanocytic nevi,melanocytic nevi,0.006183061,0.011395748,0.023017282,0.012963856,0.03685873,0.8819647,0.027616553
4,0,melanoma,actinic keratoses and intraepithelial carcinoma,0.34120527,0.22211073,0.19673744,0.050887156,0.10420468,0.06893536,0.015919397
5,2,melanocytic nevi,benign keratosis-like lesions,0.07076201,0.20591234,0.29142436,0.048694406,0.070415825,0.29093227,0.021858774
5,5,melanocytic nevi,melanocytic nevi,0.03578269,0.04681198,0.16251911,0.03517497,0.115968846,0.50178516,0.10195721
5,5,melanocytic nevi,melanocytic nevi,0.0054711998,0.0056307553,0.013225514,0.007414241,0.026015451,0.92892057,0.013322362
5,5,melanocytic nevi,melanocytic nevi,0.00091501046,0.00036888142,0.007350808,0.0009874335,0.010988286,0.97901434,0.00037521505
5,5,melanocytic nevi,melanocytic nevi,0.010696992,0.0059491396,0.14058198,0.0059125186,0.32954478,0.5052264,0.0020882539
5,5,melanocytic nevi,melanocytic nevi,0.0024921088,0.0015148842,0.007750232,0.002583106,0.011589074,0.97266304,0.0014075367
5,5,melanocytic nevi,melanocytic nevi,0.0045011607,0.0044145887,0.012704598,0.0075511425,0.010799334,0.9461653,0.013863856
5,2,melanocytic nevi,benign keratosis-like lesions,0.05923333,0.03506886,0.47085094,0.018677749,0.20846106,0.20549054,0.002217458
1,1,basal cell carcinoma,basal cell carcinoma,0.1609771,0.29378647,0.10250345,0.09493304,0.050822694,0.21603496,0.08094233
5,5,melanocytic nevi,melanocytic nevi,0.022730427,0.009380049,0.10785589,0.0069723725,0.37388092,0.4779162,0.0012641804
4,4,melanoma,melanoma,0.018406773,0.008941197,0.113533735,0.0067457394,0.44565108,0.40419862,0.002522744
5,5,melanocytic nevi,melanocytic nevi,0.0015841376,0.0015855371,0.0075481078,0.0033896412,0.007323357,0.9725625,0.006006667
5,5,melanocytic nevi,melanocytic nevi,0.023387715,0.061959963,0.054344706,0.031133424,0.07473158,0.6499749,0.10446777
2,5,benign keratosis-like lesions,melanocytic nevi,0.011398618,0.0039625824,0.054321986,0.008346243,0.04490562,0.87474,0.0023250284
0,0,actinic keratoses and intraepithelial carcinoma,actinic keratoses and intraepithelial carcinoma,0.23928201,0.15071361,0.22614437,0.07372086,0.09918302,0.19697377,0.01398237
5,5,melanocytic nevi,melanocytic nevi,0.008140857,0.0064966846,0.01958764,0.009313826,0.020568307,0.9255944,0.01029825
5,5,melanocytic nevi,melanocytic nevi,0.024043582,0.007917126,0.044406798,0.01328237,0.042125937,0.86442316,0.0038010054
5,5,melanocytic nevi,melanocytic nevi,0.041522518,0.01607464,0.070763215,0.025732731,0.031138375,0.80844116,0.0063273385
5,5,melanocytic nevi,melanocytic nevi,0.023229774,0.011930678,0.06058353,0.014968719,0.05853554,0.82706326,0.003688508
5,5,melanocytic nevi,melanocytic nevi,0.01266269,0.08412805,0.069046564,0.022562178,0.07854533,0.66892874,0.06412643
6,6,vascular lesions,vascular lesions,0.014990328,0.14281027,0.058765016,0.034142647,0.016513277,0.33127174,0.40150675
4,5,melanoma,melanocytic nevi,0.010955604,0.003711733,0.105819054,0.0028623259,0.4296545,0.4455794,0.0014174379
1,1,basal cell carcinoma,basal cell carcinoma,0.16701151,0.36842534,0.111780375,0.1134323,0.034072634,0.17381716,0.031460665
5,5,melanocytic nevi,melanocytic nevi,0.017287683,0.017000115,0.039418064,0.01863485,0.03446342,0.86168087,0.011515019
5,5,melanocytic nevi,melanocytic nevi,0.02066859,0.025745558,0.028484283,0.03189337,0.020179307,0.76231825,0.110710636
2,2,benign keratosis-like lesions,benign keratosis-like lesions,0.12064013,0.17920244,0.23813128,0.037786562,0.22641994,0.1799404,0.017879274
5,5,melanocytic nevi,melanocytic nevi,0.016960528,0.019921925,0.04345175,0.01148567,0.28866488,0.5997908,0.01972444
5,5,melanocytic nevi,melanocytic nevi,0.009832801,0.006874903,0.0410707,0.0098811705,0.06915815,0.85583466,0.0073475563
5,5,melanocytic nevi,melanocytic nevi,0.010604301,0.0036901163,0.026031673,0.007281338,0.036220934,0.9130732,0.003098474
0,1,actinic keratoses and intraepithelial carcinoma,basal cell carcinoma,0.13789241,0.26050222,0.13221069,0.05771197,0.15466899,0.215273,0.04174077
5,5,melanocytic nevi,melanocytic nevi,0.0011847628,0.0007032041,0.010959931,0.0013856777,0.027811922,0.95704633,0.0009080397
5,5,melanocytic nevi,melanocytic nevi,0.07032994,0.053835303,0.116494566,0.042790107,0.116270505,0.57398194,0.026297709
4,0,melanoma,actinic keratoses and intraepithelial carcinoma,0.3353632,0.11100999,0.24201186,0.0298414,0.22397192,0.050039325,0.007762279
5,5,melanocytic nevi,melanocytic nevi,0.005120314,0.0041265874,0.014591884,0.008181457,0.025181998,0.9265601,0.0162376
5,5,melanocytic nevi,melanocytic nevi,0.01467689,0.009582787,0.049104474,0.008697807,0.3538147,0.55802053,0.006102865
4,4,melanoma,melanoma,0.03582695,0.045802664,0.055437922,0.018460501,0.4095862,0.40210536,0.032780398
5,5,melanocytic nevi,melanocytic nevi,0.015582886,0.012728546,0.24468769,0.008151569,0.21523055,0.5009532,0.002665572
5,2,melanocytic nevi,benign keratosis-like lesions,0.124222524,0.26295832,0.2935311,0.0508298,0.0989686,0.1577804,0.011709235
5,5,melanocytic nevi,melanocytic nevi,0.021478612,0.009150744,0.058251996,0.014159712,0.042368542,0.85139066,0.0031997345
5,5,melanocytic nevi,melanocytic nevi,0.007759074,0.0057609617,0.148996,0.0053496803,0.22866122,0.6021,0.0013730241
5,5,melanocytic nevi,melanocytic nevi,0.010507463,0.008245365,0.03750074,0.01344203,0.017452799,0.90417904,0.008672531
5,5,melanocytic nevi,melanocytic nevi,0.003850556,0.0020193758,0.013766186,0.0036978202,0.018883517,0.95533264,0.0024498275
5,5,melanocytic nevi,melanocytic nevi,0.005978931,0.0046670665,0.020917235,0.007507131,0.022723101,0.931533,0.0066735744
5,5,melanocytic nevi,melanocytic nevi,0.0041119857,0.003951037,0.072666675,0.0038285581,0.23055083,0.6826881,0.0022027607
5,5,melanocytic nevi,melanocytic nevi,0.0029265357,0.0021461998,0.012380156,0.0045697237,0.01252569,0.96028733,0.005164431
5,2,melanocytic nevi,benign keratosis-like lesions,0.1447505,0.14372121,0.34857738,0.04381617,0.14951964,0.15233007,0.017284991
4,2,melanoma,benign keratosis-like lesions,0.18610327,0.19211796,0.24480675,0.056182507,0.14586362,0.16224682,0.012679067
4,4,melanoma,melanoma,0.27221522,0.07684741,0.16350411,0.03622574,0.3405194,0.10442482,0.0062632607
5,5,melanocytic nevi,melanocytic nevi,0.035274036,0.012984775,0.0762157,0.020212602,0.072587036,0.77823967,0.004486203
5,5,melanocytic nevi,melanocytic nevi,0.0044300305,0.001686988,0.026412953,0.0028947394,0.27629504,0.68640494,0.0018753152
2,2,benign keratosis-like lesions,benign keratosis-like lesions,0.26414227,0.083182335,0.49964032,0.031324264,0.08647352,0.031763386,0.0034738614
5,1,melanocytic nevi,basal cell carcinoma,0.07156007,0.28406808,0.064865984,0.0843539,0.02027325,0.24796735,0.22691138
5,5,melanocytic nevi,melanocytic nevi,0.06353301,0.070354566,0.1381633,0.034697637,0.17825545,0.4893862,0.025609827
2,5,benign keratosis-like lesions,melanocytic nevi,0.05387009,0.01113624,0.14075553,0.01737982,0.34378803,0.42898098,0.004089323
5,5,melanocytic nevi,melanocytic nevi,0.038860485,0.037427746,0.071807355,0.024890725,0.0882415,0.7313615,0.007410616
4,5,melanoma,melanocytic nevi,0.03535189,0.0082123205,0.08245633,0.008299488,0.37938607,0.48563308,0.0006607493
5,5,melanocytic nevi,melanocytic nevi,0.05273539,0.06384172,0.17531395,0.030436588,0.21186452,0.458704,0.0071038348
5,5,melanocytic nevi,melanocytic nevi,0.022911506,0.020534294,0.03569627,0.030434541,0.018760432,0.82212055,0.049542364
5,5,melanocytic nevi,melanocytic nevi,0.00085741543,0.00039672907,0.008032768,0.00085859624,0.013937669,0.97561294,0.0003039351
4,5,melanoma,melanocytic nevi,0.011578992,0.003939285,0.07549892,0.004187081,0.39533165,0.50866294,0.0008011087
5,5,melanocytic nevi,melanocytic nevi,0.0012336656,0.0006143788,0.007523744,0.0016076128,0.009253237,0.9787102,0.0010571369
5,5,melanocytic nevi,melanocytic nevi,0.07018956,0.18239643,0.13453902,0.04627814,0.09981988,0.4178771,0.048899904
5,5,melanocytic nevi,melanocytic nevi,0.036734793,0.028021337,0.058458973,0.034033913,0.033241402,0.7724613,0.037048325
1,1,basal cell carcinoma,basal cell carcinoma,0.24487552,0.29517397,0.088198304,0.059284195,0.12847517,0.1298391,0.054153692
5,5,melanocytic nevi,melanocytic nevi,0.020383347,0.018824961,0.039674673,0.024874631,0.026107807,0.84431165,0.025822941
5,5,melanocytic nevi,melanocytic nevi,0.02736021,0.025942523,0.04966874,0.0282134,0.031235265,0.81723773,0.02034215
5,5,melanocytic nevi,melanocytic nevi,0.019515712,0.016270485,0.037387162,0.02481985,0.0143906865,0.8585118,0.029104333
4,4,melanoma,melanoma,0.024538092,0.021226697,0.18575639,0.01184321,0.4179994,0.33217466,0.0064615733
5,5,melanocytic nevi,melanocytic nevi,0.03956276,0.050338224,0.06696626,0.055250328,0.03570484,0.65759915,0.09457845
4,2,melanoma,benign keratosis-like lesions,0.058093533,0.187224,0.3621438,0.06419581,0.061721213,0.25432736,0.012294293
5,5,melanocytic nevi,melanocytic nevi,0.0823575,0.27719572,0.13050263,0.06129004,0.062205605,0.34493482,0.0415137
2,2,benign keratosis-like lesions,benign keratosis-like lesions,0.12955917,0.043845017,0.53280604,0.026644316,0.11878035,0.14733484,0.0010302123
5,2,melanocytic nevi,benign keratosis-like lesions,0.08900158,0.1840445,0.30929175,0.06535668,0.09682481,0.24636462,0.009116045
5,5,melanocytic nevi,melanocytic nevi,0.0029155354,0.0017890051,0.011717985,0.0028227284,0.04413991,0.934536,0.0020788717
5,5,melanocytic nevi,melanocytic nevi,0.07149324,0.051851824,0.18003288,0.045018993,0.21049912,0.4370713,0.004032703
5,5,melanocytic nevi,melanocytic nevi,0.025832018,0.027433421,0.0648626,0.01905991,0.21863373,0.6238666,0.020311682
5,5,melanocytic nevi,melanocytic nevi,0.009282437,0.0066642733,0.022807296,0.012493476,0.018149963,0.9124781,0.01812455
5,5,melanocytic nevi,melanocytic nevi,0.009995551,0.006968592,0.025779702,0.010790661,0.01972826,0.9183204,0.008416797
5,5,melanocytic nevi,melanocytic nevi,0.0006344329,0.0002518433,0.0044182516,0.0006000967,0.016729904,0.977103,0.00026252924
5,2,melanocytic nevi,benign keratosis-like lesions,0.19875903,0.1577464,0.41729555,0.036378197,0.10755713,0.076041415,0.006222256
5,4,melanocytic nevi,melanoma,0.024839785,0.0039530485,0.048258897,0.002930996,0.73435843,0.18448028,0.0011785646
5,5,melanocytic nevi,melanocytic nevi,0.014289502,0.020547861,0.021921929,0.027919982,0.013927277,0.6863597,0.2150337
1,5,basal cell carcinoma,melanocytic nevi,0.019567434,0.28710955,0.13233769,0.047673162,0.031002533,0.45785835,0.024451233
4,5,melanoma,melanocytic nevi,0.005828114,0.0024517556,0.045259856,0.002220607,0.4112813,0.5307887,0.0021696633
5,5,melanocytic nevi,melanocytic nevi,0.0025489265,0.0008886906,0.017923329,0.0019717338,0.02561301,0.9503829,0.00067137537
5,5,melanocytic nevi,melanocytic nevi,0.0032227905,0.001012332,0.08253716,0.0015049371,0.40125087,0.50956756,0.00090431515
5,5,melanocytic nevi,melanocytic nevi,0.14584523,0.108419955,0.20270678,0.06364559,0.198598,0.2723376,0.008446819
5,5,melanocytic nevi,melanocytic nevi,0.026617276,0.014804296,0.06112257,0.021204907,0.03900457,0.82878155,0.008464829
5,5,melanocytic nevi,melanocytic nevi,0.07056987,0.16813494,0.2899067,0.050530285,0.08989039,0.3053423,0.02562553
5,5,melanocytic nevi,melanocytic nevi,0.0116093615,0.03606413,0.16176441,0.010835005,0.1496918,0.60696244,0.023072826
5,5,melanocytic nevi,melanocytic nevi,0.01962241,0.020906635,0.027695654,0.030635957,0.013813191,0.8000312,0.087295
5,5,melanocytic nevi,melanocytic nevi,0.060589377,0.057916798,0.10312538,0.03966773,0.1429617,0.58374166,0.011997333
5,5,melanocytic nevi,melanocytic nevi,0.004547591,0.003826349,0.012854446,0.007754134,0.01353066,0.9410893,0.016397586
5,5,melanocytic nevi,melanocytic nevi,0.018296208,0.016982911,0.030696495,0.022278087,0.02334536,0.8656269,0.02277409
0,0,actinic keratoses and intraepithelial carcinoma,actinic keratoses and intraepithelial carcinoma,0.25504443,0.21608676,0.120313406,0.07438195,0.11245082,0.18354326,0.038179405
2,5,benign keratosis-like lesions,melanocytic nevi,0.018195873,0.018204039,0.020711172,0.02252389,0.016557744,0.8728998,0.030907404
5,5,melanocytic nevi,melanocytic nevi,0.010915715,0.010866106,0.026422866,0.015419074,0.022567153,0.8908311,0.022978034
0,0,actinic keratoses and intraepithelial carcinoma,actinic keratoses and intraepithelial carcinoma,0.2733421,0.22382997,0.25691563,0.07521705,0.07762648,0.073574275,0.019494453
5,5,melanocytic nevi,melanocytic nevi,0.016901566,0.1707034,0.084167965,0.04589519,0.024448102,0.52627593,0.13160786
5,2,melanocytic nevi,benign keratosis-like lesions,0.121541046,0.114880525,0.37030512,0.05277741,0.10077838,0.23043498,0.009282577
4,4,melanoma,melanoma,0.027500708,0.013557398,0.12467686,0.008182153,0.4452676,0.37837276,0.002442526
4,4,melanoma,melanoma,0.043568425,0.013965479,0.053869233,0.008114408,0.5584304,0.3192146,0.0028375178
6,6,vascular lesions,vascular lesions,0.02407891,0.064323746,0.019861227,0.037429795,0.011621136,0.22249809,0.6201871
5,5,melanocytic nevi,melanocytic nevi,0.009300601,0.091637954,0.05718572,0.029080817,0.03965808,0.63488734,0.13824943
5,5,melanocytic nevi,melanocytic nevi,0.00779876,0.019899057,0.078265205,0.012272799,0.09726619,0.7587708,0.025727231
5,5,melanocytic nevi,melanocytic nevi,0.031703755,0.022242712,0.06918682,0.0205013,0.095322356,0.75665236,0.0043907682
5,5,melanocytic nevi,melanocytic nevi,0.006914401,0.010504537,0.02476899,0.007825495,0.116170704,0.8158429,0.017972937
5,5,melanocytic nevi,melanocytic nevi,0.01946083,0.024320647,0.03303338,0.03218162,0.01870738,0.76393634,0.10835979
5,2,melanocytic nevi,benign keratosis-like lesions,0.055050652,0.10298907,0.31945762,0.026841452,0.20657037,0.2839534,0.005137403
1,5,basal cell carcinoma,melanocytic nevi,0.16367295,0.14838532,0.13684963,0.056542005,0.23087178,0.24072692,0.022951316
0,0,actinic keratoses and intraepithelial carcinoma,actinic keratoses and intraepithelial carcinoma,0.32162973,0.22469017,0.19999021,0.074423335,0.07451779,0.08773981,0.017008938
4,5,melanoma,melanocytic nevi,0.0602278,0.18604872,0.14372794,0.039816022,0.18687233,0.3568596,0.02644759
5,5,melanocytic nevi,melanocytic nevi,0.061362263,0.07576343,0.098477714,0.03409022,0.18007766,0.5117785,0.038450226
5,5,melanocytic nevi,melanocytic nevi,0.017217036,0.008156471,0.04175269,0.015067638,0.022076525,0.88829106,0.0074384743
1,5,basal cell carcinoma,melanocytic nevi,0.033329103,0.17447475,0.15246978,0.033482406,0.098545015,0.4651503,0.04254872
5,5,melanocytic nevi,melanocytic nevi,0.00073926494,0.0003067732,0.005514866,0.00078134413,0.0141500095,0.97818995,0.0003176328
5,5,melanocytic nevi,melanocytic nevi,0.0018769656,0.0009297442,0.009425187,0.0017945917,0.022659197,0.9625203,0.000794019
5,5,melanocytic nevi,melanocytic nevi,0.0045364783,0.00084159564,0.028170044,0.0018049717,0.04094343,0.92351073,0.00019269579
5,4,melanocytic nevi,melanoma,0.2799485,0.13326733,0.15908672,0.04009135,0.30024529,0.073115416,0.014245352
5,5,melanocytic nevi,melanocytic nevi,0.002289721,0.0023218405,0.0068379827,0.004787648,0.0071635614,0.9620794,0.014519798
1,1,basal cell carcinoma,basal cell carcinoma,0.08696507,0.29173502,0.04177063,0.075315386,0.026339965,0.20526448,0.27260944
5,5,melanocytic nevi,melanocytic nevi,0.00093029137,0.00026354947,0.01210436,0.0005814541,0.048758358,0.9372249,0.00013711446
5,5,melanocytic nevi,melanocytic nevi,0.0011758201,0.0005424432,0.057759948,0.00081769895,0.28985676,0.64875966,0.0010876985
5,5,melanocytic nevi,melanocytic nevi,0.0062814225,0.0025927948,0.121439464,0.0030370962,0.35031605,0.5154452,0.00088809576
4,4,melanoma,melanoma,0.01914082,0.010143224,0.09756084,0.0061801663,0.5114851,0.35160348,0.0038863628
5,5,melanocytic nevi,melanocytic nevi,0.00320127,0.0014528764,0.017690906,0.0032827882,0.017722104,0.95522934,0.0014206519
5,5,melanocytic nevi,melanocytic nevi,0.0033098946,0.0011557688,0.0122781405,0.002786581,0.011852142,0.9676404,0.000977008
6,5,vascular lesions,melanocytic nevi,0.013248159,0.011591119,0.06526631,0.008156871,0.3260906,0.56174445,0.013902449
5,5,melanocytic nevi,melanocytic nevi,0.006057565,0.005712281,0.016501281,0.010190182,0.017891858,0.92138803,0.022258837
2,2,benign keratosis-like lesions,benign keratosis-like lesions,0.2372079,0.17360128,0.38076258,0.051132318,0.09394687,0.051934887,0.01141416
6,2,vascular lesions,benign keratosis-like lesions,0.080667086,0.24211913,0.25172055,0.05420778,0.07909412,0.24724142,0.04494993
4,5,melanoma,melanocytic nevi,0.056044813,0.04969496,0.25201994,0.021700732,0.22620296,0.37795335,0.016383195
5,5,melanocytic nevi,melanocytic nevi,0.004406247,0.0039667552,0.015632335,0.0066995835,0.018638698,0.9428737,0.0077825817
5,5,melanocytic nevi,melanocytic nevi,0.07482652,0.2212981,0.12869376,0.07193417,0.06073167,0.3357217,0.10679408
5,5,melanocytic nevi,melanocytic nevi,0.0015275035,0.0020835157,0.0073472857,0.0027289006,0.025394522,0.9563702,0.004548144
5,5,melanocytic nevi,melanocytic nevi,0.0038527143,0.0026242402,0.016360255,0.0042057456,0.026858142,0.94289535,0.0032035501
5,5,melanocytic nevi,melanocytic nevi,0.0300202,0.02359519,0.05721703,0.03025126,0.055135015,0.76112664,0.042654656
4,2,melanoma,benign keratosis-like lesions,0.24155924,0.19269507,0.3415602,0.059545003,0.07652842,0.077010706,0.011101322
5,1,melanocytic nevi,basal cell carcinoma,0.16967744,0.33237773,0.24788699,0.07302047,0.044372525,0.11007427,0.02259055
0,0,actinic keratoses and intraepithelial carcinoma,actinic keratoses and intraepithelial carcinoma,0.32642424,0.22603136,0.20926642,0.06343164,0.10597877,0.060594343,0.008273238
5,6,melanocytic nevi,vascular lesions,0.10725674,0.17703193,0.03879165,0.07221448,0.04794046,0.18211968,0.37464505
5,5,melanocytic nevi,melanocytic nevi,0.022663856,0.014187207,0.037302606,0.024340875,0.023723803,0.85169005,0.026091618
2,5,benign keratosis-like lesions,melanocytic nevi,0.040165953,0.0474147,0.27792844,0.022955742,0.28457862,0.3096055,0.017351061
5,5,melanocytic nevi,melanocytic nevi,0.03475731,0.044892088,0.1178933,0.03216729,0.08794046,0.65079933,0.031550217
0,5,actinic keratoses and intraepithelial carcinoma,melanocytic nevi,0.022752814,0.07495111,0.14991647,0.02748556,0.12738152,0.54694223,0.050570305
2,2,benign keratosis-like lesions,benign keratosis-like lesions,0.2025959,0.08275544,0.39360163,0.035395343,0.17008868,0.11143042,0.0041325716
5,5,melanocytic nevi,melanocytic nevi,0.040952254,0.0278962,0.070868134,0.028312204,0.12889159,0.687744,0.015335585
5,5,melanocytic nevi,melanocytic nevi,0.0010705171,0.00034065038,0.08818723,0.00046796544,0.3520584,0.5576685,0.00020673964
5,5,melanocytic nevi,melanocytic nevi,0.0009043772,0.00056260225,0.007983716,0.0013498076,0.010872023,0.97719806,0.0011293665
5,5,melanocytic nevi,melanocytic nevi,0.009517371,0.0030355097,0.09065223,0.0032651694,0.30506775,0.58772576,0.00073618785
5,5,melanocytic nevi,melanocytic nevi,0.0005312254,0.00019983004,0.0073709227,0.0005918121,0.011135319,0.97998524,0.0001856081
5,5,melanocytic nevi,melanocytic nevi,0.022122769,0.01085004,0.12112664,0.008694149,0.28127146,0.5535595,0.0023754837
5,5,melanocytic nevi,melanocytic nevi,0.034644417,0.042273972,0.059425414,0.035342425,0.04405201,0.7557643,0.02849751
5,5,melanocytic nevi,melanocytic nevi,0.015375384,0.0070473775,0.054187216,0.007240249,0.44243425,0.47026786,0.0034476116
5,5,melanocytic nevi,melanocytic nevi,0.0058415467,0.0025941588,0.19275863,0.0025600302,0.32698992,0.46836373,0.00089203083
4,5,melanoma,melanocytic nevi,0.0026383654,0.0010081806,0.013969191,0.0019866866,0.0647861,0.91396475,0.0016467398
4,4,melanoma,melanoma,0.0064207,0.002757315,0.02330708,0.0029886544,0.52240485,0.43893266,0.0031887006
2,4,benign keratosis-like lesions,melanoma,0.012153262,0.006465918,0.0828128,0.0037279984,0.576415,0.31643292,0.0019920806
5,5,melanocytic nevi,melanocytic nevi,0.04791647,0.06927101,0.060114015,0.036906146,0.14770192,0.56424683,0.07384366
5,5,melanocytic nevi,melanocytic nevi,0.0027692276,0.0027963766,0.008840831,0.0055044233,0.012169825,0.9533767,0.014542548
5,5,melanocytic nevi,melanocytic nevi,0.0061797807,0.0058003142,0.020333575,0.009613083,0.012285913,0.9343025,0.011484771
5,5,melanocytic nevi,melanocytic nevi,0.007632746,0.0033502749,0.016849855,0.0031177853,0.34606594,0.61941504,0.0035683578
5,5,melanocytic nevi,melanocytic nevi,0.001442927,0.0009347862,0.008705819,0.0022390431,0.008192002,0.97676224,0.0017231909
2,5,benign keratosis-like lesions,melanocytic nevi,0.018394941,0.016820962,0.18072087,0.008650221,0.35888502,0.41134968,0.0051782345
2,4,benign keratosis-like lesions,melanoma,0.021872003,0.0052503985,0.092784576,0.007409136,0.44452974,0.42721185,0.00094225357
5,5,melanocytic nevi,melanocytic nevi,0.0005944526,0.00035119627,0.008640071,0.0008645194,0.017001137,0.9718807,0.00066799525
2,5,benign keratosis-like lesions,melanocytic nevi,0.022494582,0.07565503,0.13342856,0.025521621,0.104095146,0.60488725,0.033917785
5,5,melanocytic nevi,melanocytic nevi,0.0044683414,0.0092135295,0.0775921,0.005591684,0.29714984,0.5898408,0.016143715
6,6,vascular lesions,vascular lesions,0.0055232635,0.048621003,0.005891138,0.016721772,0.0037986725,0.098065004,0.82137924
5,5,melanocytic nevi,melanocytic nevi,0.02630566,0.01915255,0.05611665,0.0237589,0.038275156,0.82105434,0.0153367575
5,5,melanocytic nevi,melanocytic nevi,0.06431525,0.027845183,0.13388637,0.024281207,0.2891078,0.4578218,0.002742453
5,5,melanocytic nevi,melanocytic nevi,0.013778232,0.0049269777,0.044204663,0.008903,0.046141263,0.88009465,0.0019512228
5,5,melanocytic nevi,melanocytic nevi,0.037603553,0.022230484,0.23144284,0.022022082,0.24027798,0.44392583,0.0024973173
4,5,melanoma,melanocytic nevi,0.0056294072,0.0032068666,0.055717304,0.0023490908,0.35270026,0.57927036,0.0011266725
2,5,benign keratosis-like lesions,melanocytic nevi,0.012951601,0.013833772,0.094646946,0.010956802,0.27061406,0.575993,0.02100386
0,0,actinic keratoses and intraepithelial carcinoma,actinic keratoses and intraepithelial carcinoma,0.4108194,0.1710029,0.17528395,0.06447345,0.10134337,0.07308514,0.003991704
5,0,melanocytic nevi,actinic keratoses and intraepithelial carcinoma,0.32929078,0.0503045,0.18940039,0.03963662,0.2538171,0.13646409,0.001086531
5,5,melanocytic nevi,melanocytic nevi,0.01278633,0.010959008,0.027080137,0.016286975,0.015030042,0.90000266,0.017854823
5,5,melanocytic nevi,melanocytic nevi,0.027162455,0.055970438,0.05770222,0.03856692,0.103341326,0.6630926,0.054164
5,5,melanocytic nevi,melanocytic nevi,0.0022010757,0.0021306565,0.00876227,0.0041688415,0.007939353,0.9690689,0.005728924
5,5,melanocytic nevi,melanocytic nevi,0.04621322,0.034836058,0.04472899,0.026811667,0.2481648,0.56740844,0.031836815
2,2,benign keratosis-like lesions,benign keratosis-like lesions,0.19271648,0.103761494,0.45374796,0.031592462,0.14499572,0.06807475,0.005111194
5,5,melanocytic nevi,melanocytic nevi,0.017868554,0.011208542,0.04284484,0.012579564,0.06181426,0.848537,0.0051472797
5,5,melanocytic nevi,melanocytic nevi,0.005451741,0.0046027773,0.057278764,0.0042820154,0.20439817,0.71818197,0.0058046053
4,4,melanoma,melanoma,0.011582786,0.006678836,0.07226977,0.0054296195,0.45307776,0.44733232,0.0036289315
4,5,melanoma,melanocytic nevi,0.02694948,0.055819187,0.10725088,0.030004183,0.13894702,0.599467,0.041562185
5,5,melanocytic nevi,melanocytic nevi,0.091711655,0.109211504,0.10104564,0.0792136,0.050587952,0.47420892,0.09402065
5,5,melanocytic nevi,melanocytic nevi,0.0058848634,0.0049608336,0.0248937,0.008019317,0.027821893,0.9202193,0.008200139
5,5,melanocytic nevi,melanocytic nevi,0.06679239,0.11882174,0.20338023,0.05716848,0.08642554,0.45350677,0.0139049
5,5,melanocytic nevi,melanocytic nevi,0.022596456,0.07405849,0.110017754,0.025156124,0.14422187,0.5982484,0.025700962
5,5,melanocytic nevi,melanocytic nevi,0.03880054,0.06833502,0.21252888,0.029183121,0.1733256,0.45412728,0.023699608
5,5,melanocytic nevi,melanocytic nevi,0.06458183,0.12402893,0.059933323,0.07981377,0.017929401,0.4100325,0.24368022
2,2,benign keratosis-like lesions,benign keratosis-like lesions,0.17897779,0.052485295,0.33867863,0.04683841,0.18445417,0.19704661,0.0015191642
5,5,melanocytic nevi,melanocytic nevi,0.012859329,0.015873987,0.08255506,0.013029959,0.23000842,0.62366366,0.022009509
5,5,melanocytic nevi,melanocytic nevi,0.06955792,0.10667227,0.17930573,0.0709202,0.042254984,0.5117011,0.019587826
5,5,melanocytic nevi,melanocytic nevi,0.001776345,0.0009913872,0.0100832,0.0018778393,0.019467443,0.96462184,0.0011820777
5,5,melanocytic nevi,melanocytic nevi,0.004304129,0.0043160617,0.017567137,0.007638414,0.013032969,0.94244945,0.01069186
4,5,melanoma,melanocytic nevi,0.015918076,0.0106810955,0.065147884,0.010908477,0.3023735,0.58557224,0.009398764
5,5,melanocytic nevi,melanocytic nevi,0.0014980476,0.0009455013,0.008474264,0.0021090047,0.020878898,0.96371675,0.0023775217
4,5,melanoma,melanocytic nevi,0.0023692392,0.0018998333,0.044484712,0.002470587,0.25408092,0.69007283,0.0046218173
5,5,melanocytic nevi,melanocytic nevi,0.0017505519,0.0013436258,0.009968796,0.0029185496,0.009946279,0.9714342,0.0026380743
5,5,melanocytic nevi,melanocytic nevi,0.019363213,0.013476344,0.04163127,0.017769895,0.027838059,0.86968756,0.010233654
5,5,melanocytic nevi,melanocytic nevi,0.00952129,0.049172074,0.041558478,0.021831851,0.06557876,0.63972133,0.1726162
2,5,benign keratosis-like lesions,melanocytic nevi,0.07807602,0.087561466,0.19079413,0.0339936,0.2621158,0.32173967,0.02571928
5,5,melanocytic nevi,melanocytic nevi,0.014650202,0.00870877,0.032911606,0.014515332,0.019572271,0.9021778,0.007463976
2,4,benign keratosis-like lesions,melanoma,0.06520149,0.014847303,0.06634275,0.008121222,0.6498837,0.19221997,0.0033835329
4,4,melanoma,melanoma,0.007887231,0.0016850671,0.05623582,0.001993093,0.6819376,0.24880275,0.001458459
2,2,benign keratosis-like lesions,benign keratosis-like lesions,0.15953985,0.21418093,0.37750533,0.07020205,0.061163835,0.10539873,0.012009212
5,5,melanocytic nevi,melanocytic nevi,0.0041500586,0.0022445053,0.013583131,0.0036515465,0.032582615,0.9414056,0.0023825634
0,0,actinic keratoses and intraepithelial carcinoma,actinic keratoses and intraepithelial carcinoma,0.301795,0.2462606,0.10684507,0.07428026,0.16840945,0.0930694,0.009340229
5,5,melanocytic nevi,melanocytic nevi,0.0011854592,0.0010298475,0.013711449,0.0015936268,0.04181155,0.9391112,0.0015569377
5,5,melanocytic nevi,melanocytic nevi,0.0058234185,0.0058404435,0.014409367,0.009131059,0.022475835,0.92025447,0.022065442
4,4,melanoma,melanoma,0.07371872,0.022085138,0.17170396,0.021383407,0.45001557,0.24972579,0.01136743
2,0,benign keratosis-like lesions,actinic keratoses and intraepithelial carcinoma,0.34688267,0.14256261,0.22905058,0.04665739,0.1600418,0.063231364,0.011573621
5,5,melanocytic nevi,melanocytic nevi,0.029762335,0.01024425,0.07876065,0.018037908,0.036347102,0.8245896,0.0022581907
5,2,melanocytic nevi,benign keratosis-like lesions,0.123873085,0.22472951,0.3025616,0.057613876,0.07364402,0.19623436,0.021343596
5,5,melanocytic nevi,melanocytic nevi,0.007960079,0.009415673,0.019695036,0.01354573,0.01736911,0.9058511,0.026163219
5,1,melanocytic nevi,basal cell carcinoma,0.09221091,0.36967313,0.122946836,0.097560115,0.043363906,0.19845551,0.07578963
5,5,melanocytic nevi,melanocytic nevi,0.058263287,0.028067542,0.070183426,0.036776986,0.052049685,0.74227214,0.012386991
5,5,melanocytic nevi,melanocytic nevi,0.0017855013,0.0012246238,0.012124809,0.0024959934,0.010940004,0.96971333,0.0017156365
5,5,melanocytic nevi,melanocytic nevi,0.01265022,0.008547179,0.033904508,0.013562233,0.0257108,0.89700925,0.008615741
5,5,melanocytic nevi,melanocytic nevi,0.0008324442,0.00051326834,0.0057772114,0.0012639925,0.0073473207,0.9832318,0.0010340475
5,5,melanocytic nevi,melanocytic nevi,0.010652525,0.056264624,0.07015952,0.019371284,0.072875164,0.70576423,0.06491265
5,5,melanocytic nevi,melanocytic nevi,0.0032033324,0.0014549519,0.013037187,0.0024246757,0.049719766,0.92921364,0.00094647275
5,5,melanocytic nevi,melanocytic nevi,0.024831554,0.010271218,0.08982216,0.016512785,0.051868144,0.8039909,0.0027031985
4,4,melanoma,melanoma,0.16140193,0.17473733,0.20551462,0.035078894,0.24570835,0.16510569,0.012453119
2,4,benign keratosis-like lesions,melanoma,0.008004328,0.0028026483,0.09472802,0.0019514282,0.6785965,0.21055165,0.0033654112
5,5,melanocytic nevi,melanocytic nevi,0.1549832,0.1655205,0.11451055,0.08310099,0.10526962,0.36325392,0.013361291
2,2,benign keratosis-like lesions,benign keratosis-like lesions,0.067559,0.05446573,0.51892066,0.017670672,0.1750744,0.16260627,0.0037032338
5,5,melanocytic nevi,melanocytic nevi,0.006956339,0.0020746787,0.042785194,0.0022827573,0.4384575,0.50655234,0.00089119247
5,5,melanocytic nevi,melanocytic nevi,0.0017126022,0.00083859876,0.011563528,0.0016272257,0.022702698,0.96075064,0.0008046345
5,5,melanocytic nevi,melanocytic nevi,0.005549383,0.0019392436,0.024700804,0.003675466,0.037771937,0.9251147,0.001248444
5,4,melanocytic nevi,melanoma,0.0021440915,0.0009935441,0.15761149,0.0010657293,0.41941422,0.41788578,0.0008852082
2,5,benign keratosis-like lesions,melanocytic nevi,0.053595424,0.052237146,0.23109765,0.01964973,0.29587585,0.33896238,0.008581804
4,6,melanoma,vascular lesions,0.0954694,0.16538462,0.14164479,0.07312554,0.12386341,0.13917542,0.2613368
0,0,actinic keratoses and intraepithelial carcinoma,actinic keratoses and intraepithelial carcinoma,0.27117577,0.15603057,0.22641341,0.072262086,0.101107955,0.15663956,0.016370634
5,5,melanocytic nevi,melanocytic nevi,0.059454057,0.03195587,0.06990181,0.026932694,0.19100234,0.61265904,0.008094274
5,5,melanocytic nevi,melanocytic nevi,0.0051987767,0.0036045988,0.06072192,0.0030980466,0.30950952,0.6147884,0.003078702
2,2,benign keratosis-like lesions,benign keratosis-like lesions,0.05028983,0.19620861,0.39082068,0.07481329,0.041508205,0.23325025,0.013109111
3,2,dermatofibroma,benign keratosis-like lesions,0.31438795,0.14837877,0.37013105,0.044076823,0.08538517,0.031548616,0.0060916897
4,5,melanoma,melanocytic nevi,0.0011422231,0.00044077946,0.032826643,0.00061657996,0.38158885,0.5828547,0.0005302007
5,5,melanocytic nevi,melanocytic nevi,0.001139964,0.00083705847,0.0076081166,0.0017887732,0.011696838,0.9749713,0.0019578645
5,5,melanocytic nevi,melanocytic nevi,0.0046224743,0.0033322826,0.014880822,0.00620477,0.013262392,0.9529686,0.0047286917
2,2,benign keratosis-like lesions,benign keratosis-like lesions,0.059448034,0.093997814,0.4123696,0.026071236,0.12514414,0.2704049,0.012564265
5,5,melanocytic nevi,melanocytic nevi,0.043295678,0.04765532,0.18315089,0.018563055,0.16977231,0.5251255,0.012437302
5,5,melanocytic nevi,melanocytic nevi,0.007450158,0.0102464305,0.014874837,0.015858766,0.010679255,0.8535843,0.087306276
2,2,benign keratosis-like lesions,benign keratosis-like lesions,0.27805033,0.08186823,0.4873997,0.02100859,0.10150757,0.027339902,0.0028256292
1,5,basal cell carcinoma,melanocytic nevi,0.06480639,0.21636723,0.17968978,0.05302713,0.031348094,0.4086778,0.046083614
4,0,melanoma,actinic keratoses and intraepithelial carcinoma,0.4090666,0.19857657,0.19619553,0.062005162,0.073980674,0.05805225,0.0021232406
5,5,melanocytic nevi,melanocytic nevi,0.024983665,0.0230436,0.053130858,0.027089354,0.027165668,0.8248238,0.019763015
5,5,melanocytic nevi,melanocytic nevi,0.014447203,0.01423396,0.030078169,0.018962547,0.021867326,0.87806076,0.02234998
2,2,benign keratosis-like lesions,benign keratosis-like lesions,0.2916419,0.026338411,0.56254536,0.009428172,0.0965897,0.012909331,0.0005472346
1,5,basal cell carcinoma,melanocytic nevi,0.03465843,0.06421415,0.09927215,0.039489735,0.15144713,0.5862054,0.024713
5,5,melanocytic nevi,melanocytic nevi,0.0031970674,0.0018505891,0.015601641,0.0039321994,0.018173583,0.95426655,0.0029783156
4,4,melanoma,melanoma,0.14390182,0.03580412,0.079667844,0.012563813,0.64830714,0.07302245,0.0067327367
2,5,benign keratosis-like lesions,melanocytic nevi,0.04997762,0.23536964,0.26757076,0.04926283,0.055597037,0.32322207,0.01900001
1,5,basal cell carcinoma,melanocytic nevi,0.04619333,0.12527102,0.060068633,0.0484635,0.10329312,0.4645357,0.15217477
5,5,melanocytic nevi,melanocytic nevi,0.0548166,0.016622625,0.08086705,0.02699408,0.09199028,0.72187257,0.0068368074
5,5,melanocytic nevi,melanocytic nevi,0.0063344343,0.0024334192,0.088657685,0.0029237852,0.25230956,0.64631784,0.0010232524
2,2,benign keratosis-like lesions,benign keratosis-like lesions,0.096750125,0.03840079,0.36102822,0.04348984,0.10394541,0.35499248,0.0013931526
5,5,melanocytic nevi,melanocytic nevi,0.015459586,0.016875895,0.03643379,0.02193605,0.022268055,0.8559456,0.031081093
5,5,melanocytic nevi,melanocytic nevi,0.033287063,0.17748396,0.13560216,0.052347507,0.084473096,0.42772928,0.08907685
4,2,melanoma,benign keratosis-like lesions,0.15585177,0.14250667,0.26320463,0.042813975,0.19789214,0.17833546,0.019395364
5,5,melanocytic nevi,melanocytic nevi,0.0061779995,0.010325281,0.026415596,0.010283144,0.034125138,0.89170456,0.020968312
5,5,melanocytic nevi,melanocytic nevi,0.0073679453,0.037556857,0.021678768,0.02038098,0.050035495,0.5743078,0.28867218
2,2,benign keratosis-like lesions,benign keratosis-like lesions,0.25491947,0.14060484,0.29971132,0.058474552,0.1458962,0.075979896,0.024413679
1,1,basal cell carcinoma,basal cell carcinoma,0.13941698,0.4010706,0.12019339,0.059919525,0.06643724,0.16436791,0.048594404
5,5,melanocytic nevi,melanocytic nevi,0.0029301902,0.0024759476,0.07308663,0.0024177013,0.20142075,0.7146514,0.0030173992
1,5,basal cell carcinoma,melanocytic nevi,0.09860372,0.24129824,0.0728902,0.086647026,0.050837815,0.29518884,0.15453416
4,0,melanoma,actinic keratoses and intraepithelial carcinoma,0.3677116,0.08930976,0.30837107,0.03498841,0.16377185,0.031086655,0.00476068
5,5,melanocytic nevi,melanocytic nevi,0.012404002,0.014550185,0.023296276,0.021781944,0.029033186,0.8271626,0.07177174
0,0,actinic keratoses and intraepithelial carcinoma,actinic keratoses and intraepithelial carcinoma,0.51334816,0.10600602,0.17484877,0.027721051,0.1506807,0.022971785,0.0044235312
5,5,melanocytic nevi,melanocytic nevi,0.011338385,0.018741205,0.038904995,0.012477594,0.19656253,0.6960586,0.02591677
5,5,melanocytic nevi,melanocytic nevi,0.021427745,0.051319495,0.1431501,0.0471558,0.07176678,0.62571865,0.03946134
2,2,benign keratosis-like lesions,benign keratosis-like lesions,0.2506858,0.059685007,0.33892933,0.0414607,0.19946879,0.10864802,0.0011224386
5,5,melanocytic nevi,melanocytic nevi,0.033346225,0.015519801,0.055196833,0.019178411,0.050286286,0.81961316,0.0068592653
5,5,melanocytic nevi,melanocytic nevi,0.007638085,0.008217634,0.020243747,0.014076651,0.011740694,0.9084207,0.029662464
5,5,melanocytic nevi,melanocytic nevi,0.00207985,0.0018096849,0.010249474,0.0027657922,0.026474386,0.95389587,0.0027249467
5,5,melanocytic nevi,melanocytic nevi,0.014136375,0.013233124,0.024285289,0.020760426,0.023170754,0.8443059,0.060108174
5,5,melanocytic nevi,melanocytic nevi,0.048775293,0.030473461,0.19386078,0.021844935,0.23294435,0.46901777,0.0030833695
5,2,melanocytic nevi,benign keratosis-like lesions,0.08471303,0.16430683,0.31476027,0.047150727,0.13729192,0.23439388,0.017383333
5,5,melanocytic nevi,melanocytic nevi,0.06257985,0.033324797,0.09048141,0.0410821,0.039882243,0.72147197,0.011177632
4,5,melanoma,melanocytic nevi,0.011835109,0.0019251843,0.084541194,0.0027051677,0.42121726,0.47741014,0.00036583468
5,4,melanocytic nevi,melanoma,0.0039178636,0.0016190019,0.071815155,0.001814921,0.58464164,0.33364314,0.002548244
2,2,benign keratosis-like lesions,benign keratosis-like lesions,0.22488713,0.10726088,0.25914928,0.069646485,0.13091236,0.20148307,0.006660756
4,4,melanoma,melanoma,0.09144099,0.084118046,0.18433902,0.031307276,0.3253015,0.2627987,0.020694518
5,5,melanocytic nevi,melanocytic nevi,0.015098359,0.015546132,0.14715672,0.011437065,0.2782805,0.52533364,0.007147586
5,5,melanocytic nevi,melanocytic nevi,0.019628486,0.021143349,0.038147245,0.022741254,0.03248291,0.83314013,0.032716703
5,2,melanocytic nevi,benign keratosis-like lesions,0.18908079,0.2089345,0.3387831,0.044665847,0.10224822,0.103482686,0.012804869
0,1,actinic keratoses and intraepithelial carcinoma,basal cell carcinoma,0.21942474,0.24465165,0.24456635,0.07237219,0.08768228,0.10376149,0.027541284
4,5,melanoma,melanocytic nevi,0.008304429,0.003559948,0.029806426,0.0034523553,0.47181895,0.47583023,0.007227671
5,5,melanocytic nevi,melanocytic nevi,0.0017885333,0.002404169,0.005343721,0.0036892442,0.010513704,0.9712433,0.0050172596
2,2,benign keratosis-like lesions,benign keratosis-like lesions,0.10204251,0.064122304,0.5456054,0.021407712,0.14285226,0.12073299,0.0032367634
5,5,melanocytic nevi,melanocytic nevi,0.007423729,0.0073734038,0.019241307,0.012775932,0.010737718,0.9182811,0.024166785
5,2,melanocytic nevi,benign keratosis-like lesions,0.18000308,0.13641465,0.47465745,0.056007776,0.078658395,0.0679039,0.006354757
2,4,benign keratosis-like lesions,melanoma,0.029730631,0.024572186,0.15478979,0.01145568,0.43187875,0.34236115,0.0052117994
5,5,melanocytic nevi,melanocytic nevi,0.0037457317,0.0040834085,0.009633265,0.0077479607,0.0072644167,0.9482397,0.019285565
5,5,melanocytic nevi,melanocytic nevi,0.0072662197,0.009097265,0.022875566,0.0085339425,0.044604596,0.8940625,0.013559843
2,2,benign keratosis-like lesions,benign keratosis-like lesions,0.1191482,0.17242643,0.39193523,0.050332088,0.090240106,0.16020986,0.015708026
5,5,melanocytic nevi,melanocytic nevi,0.0040985662,0.0027060844,0.011858078,0.0053468025,0.018661747,0.9482429,0.009085915
0,0,actinic keratoses and intraepithelial carcinoma,actinic keratoses and intraepithelial carcinoma,0.51101106,0.16109557,0.17963372,0.04572909,0.06479459,0.026399251,0.011336697
2,5,benign keratosis-like lesions,melanocytic nevi,0.016834999,0.08620264,0.08984598,0.033447087,0.08700579,0.61581683,0.070846595
5,1,melanocytic nevi,basal cell carcinoma,0.06253812,0.42524043,0.080337524,0.062717244,0.046949707,0.23852791,0.08368907
5,5,melanocytic nevi,melanocytic nevi,0.009457485,0.008155,0.01756277,0.011742506,0.03143789,0.8975079,0.024136432
5,5,melanocytic nevi,melanocytic nevi,0.00076205225,0.00053282053,0.0062985294,0.0012011437,0.011173208,0.9788862,0.001146067
5,5,melanocytic nevi,melanocytic nevi,0.015619045,0.012197522,0.032505933,0.01791181,0.019023605,0.88537765,0.017364437
5,5,melanocytic nevi,melanocytic nevi,0.011860392,0.012136406,0.025195412,0.0077021793,0.3321141,0.59431815,0.016673429
1,2,basal cell carcinoma,benign keratosis-like lesions,0.121828094,0.25587544,0.31801045,0.06077756,0.08192658,0.14788154,0.0137002915
5,5,melanocytic nevi,melanocytic nevi,0.0017385936,0.0010176105,0.008029613,0.0024846438,0.010285269,0.9745798,0.0018645503
5,5,melanocytic nevi,melanocytic nevi,0.0021336223,0.0016343759,0.007488393,0.0032968326,0.009697917,0.97204685,0.0037020086
5,5,melanocytic nevi,melanocytic nevi,0.02933625,0.020553468,0.23453505,0.02069615,0.21419774,0.47354943,0.0071318694
5,5,melanocytic nevi,melanocytic nevi,0.037447523,0.0082185725,0.23275185,0.013590739,0.2357343,0.4719167,0.00034025908
5,5,melanocytic nevi,melanocytic nevi,0.021546558,0.031839162,0.025655894,0.033474963,0.016830876,0.7670131,0.10363948
2,0,benign keratosis-like lesions,actinic keratoses and intraepithelial carcinoma,0.3943642,0.25151002,0.18551435,0.053037632,0.0691096,0.033954713,0.012509567
5,5,melanocytic nevi,melanocytic nevi,0.082430266,0.18688355,0.2146046,0.059221108,0.0611852,0.3660253,0.02964993
5,4,melanocytic nevi,melanoma,0.14492206,0.21009906,0.12996016,0.04219897,0.24257398,0.20559819,0.024647653
2,2,benign keratosis-like lesions,benign keratosis-like lesions,0.21707478,0.13196087,0.33062938,0.034128368,0.19346724,0.0835509,0.009188497
5,5,melanocytic nevi,melanocytic nevi,0.025810122,0.060462866,0.05578353,0.021022964,0.21318878,0.5783035,0.045428146
1,4,basal cell carcinoma,melanoma,0.04754194,0.09302916,0.08844394,0.033168882,0.36112615,0.32697982,0.04971011
4,2,melanoma,benign keratosis-like lesions,0.17690401,0.18095054,0.29918832,0.04673338,0.19846962,0.08132789,0.016426194
5,5,melanocytic nevi,melanocytic nevi,0.039459597,0.040724218,0.048052296,0.04199509,0.040171385,0.75680286,0.032794587
5,5,melanocytic nevi,melanocytic nevi,0.002834548,0.0020163467,0.0141197415,0.0031728272,0.026293656,0.9495367,0.0020262375
5,5,melanocytic nevi,melanocytic nevi,0.055533607,0.17690958,0.08535537,0.044663824,0.099915765,0.46715176,0.07047002
5,5,melanocytic nevi,melanocytic nevi,0.006973698,0.011120417,0.06589932,0.010439345,0.12818514,0.7609202,0.01646187
1,2,basal cell carcinoma,benign keratosis-like lesions,0.19036455,0.22097692,0.26110038,0.04324845,0.15044351,0.12114323,0.012722965
5,5,melanocytic nevi,melanocytic nevi,0.08891043,0.20202738,0.12893389,0.05335844,0.11739425,0.36797717,0.04139847
5,5,melanocytic nevi,melanocytic nevi,0.013410188,0.0046708877,0.044082996,0.008513249,0.056401752,0.87071234,0.0022086068
2,5,benign keratosis-like lesions,melanocytic nevi,0.042650502,0.080698,0.13199973,0.032807134,0.2247194,0.46041375,0.026711354
4,4,melanoma,melanoma,0.08030503,0.029667173,0.18675852,0.011674367,0.48195717,0.20151341,0.00812431
5,5,melanocytic nevi,melanocytic nevi,0.01137894,0.0049241707,0.029258212,0.007872067,0.047701582,0.8961273,0.002737703
5,5,melanocytic nevi,melanocytic nevi,0.0314292,0.0047393246,0.14516589,0.007894487,0.24865782,0.5617636,0.0003496847
5,5,melanocytic nevi,melanocytic nevi,0.02823045,0.18112268,0.10567662,0.04965816,0.08240223,0.48517412,0.0677358
5,5,melanocytic nevi,melanocytic nevi,0.039619148,0.13693377,0.1603121,0.068287455,0.08484342,0.4422982,0.067705855
5,5,melanocytic nevi,melanocytic nevi,0.008963312,0.005194352,0.06250032,0.0035289216,0.2558609,0.6624141,0.0015381479
4,0,melanoma,actinic keratoses and intraepithelial carcinoma,0.3367206,0.13499503,0.25581607,0.035973497,0.15827367,0.067614794,0.010606352
5,5,melanocytic nevi,melanocytic nevi,0.006367754,0.0055530397,0.019004915,0.009687302,0.020436428,0.9226734,0.016277255
5,5,melanocytic nevi,melanocytic nevi,0.0743733,0.09744215,0.26812816,0.03319441,0.21654487,0.29511693,0.015200175
5,5,melanocytic nevi,melanocytic nevi,0.011495903,0.032911483,0.048708547,0.018305482,0.13336147,0.6534134,0.10180373
5,5,melanocytic nevi,melanocytic nevi,0.0143693825,0.005765326,0.07103588,0.006062708,0.26332876,0.637184,0.0022540109
5,5,melanocytic nevi,melanocytic nevi,0.015078027,0.016133636,0.05787707,0.01488738,0.16347174,0.71609837,0.016453752
4,5,melanoma,melanocytic nevi,0.0082714,0.010859314,0.055180978,0.008099273,0.32622552,0.58385414,0.0075094714
5,5,melanocytic nevi,melanocytic nevi,0.056306355,0.094693914,0.277786,0.035563715,0.1781476,0.33394518,0.02355733
5,5,melanocytic nevi,melanocytic nevi,0.011142268,0.013675181,0.014868822,0.020114733,0.013728828,0.788389,0.13808109
4,4,melanoma,melanoma,0.18479355,0.059182946,0.11482596,0.0369674,0.38566393,0.20626983,0.01229635
5,5,melanocytic nevi,melanocytic nevi,0.006349571,0.0039903736,0.01954115,0.0068450533,0.020031983,0.9371332,0.0061088013
5,4,melanocytic nevi,melanoma,0.15629187,0.056330264,0.10183363,0.03781548,0.34961292,0.28975812,0.008357662
6,5,vascular lesions,melanocytic nevi,0.09133957,0.0760484,0.108474,0.058433536,0.13444406,0.39110035,0.14016005
1,1,basal cell carcinoma,basal cell carcinoma,0.19871105,0.36243922,0.15552466,0.060090363,0.064906836,0.13111895,0.027208932
5,0,melanocytic nevi,actinic keratoses and intraepithelial carcinoma,0.31976664,0.11652361,0.25372538,0.043628313,0.19833629,0.061301935,0.0067178267
5,5,melanocytic nevi,melanocytic nevi,0.0047020963,0.0041496884,0.019589175,0.0072544534,0.024826927,0.9286537,0.0108239725
4,5,melanoma,melanocytic nevi,0.04197509,0.029920977,0.23390444,0.017347218,0.27201888,0.39806694,0.006766385
5,5,melanocytic nevi,melanocytic nevi,0.014574347,0.009024347,0.03157096,0.012715876,0.032859556,0.8908041,0.00845079
1,1,basal cell carcinoma,basal cell carcinoma,0.18045592,0.33998093,0.204696,0.07976182,0.05465799,0.11224706,0.028200278
5,5,melanocytic nevi,melanocytic nevi,0.007479899,0.0070392373,0.028613163,0.009637852,0.038709797,0.89951175,0.009008302
0,0,actinic keratoses and intraepithelial carcinoma,actinic keratoses and intraepithelial carcinoma,0.32697117,0.11412237,0.24913208,0.043787744,0.18755552,0.07133673,0.007094397
5,5,melanocytic nevi,melanocytic nevi,0.027952306,0.19144964,0.09122799,0.04088843,0.05915441,0.50283474,0.08649246
5,5,melanocytic nevi,melanocytic nevi,0.012149746,0.021014793,0.01815454,0.022723671,0.022363236,0.82104075,0.08255318
5,5,melanocytic nevi,melanocytic nevi,0.14290434,0.20969985,0.11868463,0.08517654,0.111040495,0.2152375,0.11725664
5,0,melanocytic nevi,actinic keratoses and intraepithelial carcinoma,0.44941327,0.08334741,0.21027233,0.04244525,0.14510852,0.06834124,0.0010720439
5,5,melanocytic nevi,melanocytic nevi,0.031680293,0.098079816,0.21200186,0.03613429,0.114488326,0.47275808,0.03485729
5,5,melanocytic nevi,melanocytic nevi,0.010173581,0.005804775,0.022220973,0.011592623,0.022978254,0.91558427,0.011645477
5,5,melanocytic nevi,melanocytic nevi,0.012210127,0.0065456047,0.071234316,0.0049213017,0.3863381,0.516494,0.0022565909
4,4,melanoma,melanoma,0.14530393,0.021137059,0.2215469,0.01817972,0.40251973,0.19006105,0.0012516754
5,5,melanocytic nevi,melanocytic nevi,0.012302893,0.057860002,0.04530098,0.029863117,0.057358872,0.6340644,0.16324978
5,4,melanocytic nevi,melanoma,0.05815637,0.015619609,0.06110143,0.011065891,0.5421716,0.30691215,0.0049728863
5,5,melanocytic nevi,melanocytic nevi,0.049159925,0.025870742,0.073202655,0.015057658,0.35348237,0.47807822,0.005148523
4,2,melanoma,benign keratosis-like lesions,0.1671917,0.18693893,0.21474896,0.06808686,0.15045434,0.1795747,0.033004526
4,5,melanoma,melanocytic nevi,0.025428763,0.015007727,0.06141793,0.01030964,0.3129615,0.5697101,0.0051643117
6,6,vascular lesions,vascular lesions,0.0025269077,0.03408648,0.00855139,0.012410754,0.008195501,0.25943458,0.67479444
5,5,melanocytic nevi,melanocytic nevi,0.010240874,0.0051228027,0.02121417,0.008994856,0.02331639,0.9242643,0.0068466333
5,5,melanocytic nevi,melanocytic nevi,0.0007606791,0.0004261346,0.008307854,0.0008930652,0.025570218,0.96334577,0.00069613307
4,2,melanoma,benign keratosis-like lesions,0.11031479,0.23655406,0.3209582,0.048534837,0.121330485,0.13443625,0.027871443
4,5,melanoma,melanocytic nevi,0.009944282,0.004082838,0.05641537,0.0028168426,0.4021412,0.5232888,0.0013106833
4,4,melanoma,melanoma,0.024092898,0.007826469,0.13773781,0.0076632462,0.48311883,0.33778927,0.0017714264
2,0,benign keratosis-like lesions,actinic keratoses and intraepithelial carcinoma,0.2504372,0.24963243,0.12975398,0.0673506,0.15906863,0.090318605,0.053438574
5,5,melanocytic nevi,melanocytic nevi,0.030595003,0.018079925,0.050127152,0.014254037,0.13756242,0.7376764,0.011705125
1,1,basal cell carcinoma,basal cell carcinoma,0.20564263,0.30346873,0.14502616,0.080056295,0.09539949,0.14914604,0.021260671
5,5,melanocytic nevi,melanocytic nevi,0.007889889,0.0043597734,0.027730705,0.007229813,0.040602684,0.9070103,0.0051768627
5,5,melanocytic nevi,melanocytic nevi,0.02118295,0.009548932,0.05184083,0.00823592,0.3621003,0.5440434,0.003047639
4,5,melanoma,melanocytic nevi,0.07484676,0.10270495,0.19857618,0.024414103,0.26796174,0.31210172,0.01939456
5,5,melanocytic nevi,melanocytic nevi,0.032266468,0.017677864,0.03314018,0.026213339,0.024757165,0.84327,0.022674972
5,5,melanocytic nevi,melanocytic nevi,0.0084745735,0.004535939,0.027488783,0.008056985,0.021395423,0.9253881,0.0046602045
5,5,melanocytic nevi,melanocytic nevi,0.017933046,0.0051207533,0.10110711,0.008489428,0.12753399,0.7388774,0.00093831436
5,5,melanocytic nevi,melanocytic nevi,0.003253257,0.0016842718,0.025952753,0.0032821703,0.037565637,0.9270717,0.0011902722
2,4,benign keratosis-like lesions,melanoma,0.12137367,0.0475686,0.29126033,0.018698566,0.40294576,0.1121927,0.0059603737
5,5,melanocytic nevi,melanocytic nevi,0.03974828,0.07702845,0.050223995,0.057018645,0.028089432,0.47805777,0.26983348
5,5,melanocytic nevi,melanocytic nevi,0.004068529,0.0038819108,0.012557734,0.0066737714,0.023711026,0.9386393,0.010467729
5,5,melanocytic nevi,melanocytic nevi,0.0007308699,0.00031492146,0.006617469,0.00079356745,0.010336986,0.9808998,0.00030639282
5,1,melanocytic nevi,basal cell carcinoma,0.08124359,0.296275,0.15199852,0.054311812,0.0954894,0.27228752,0.04839412
