y_true,y_pred,true_class,pred_class,prob_0_actinic_keratoses_and_intraepithelial_carcinoma,prob_1_basal_cell_carcinoma,prob_2_benign_keratosis-like_lesions,prob_3_dermatofibroma,prob_4_melanoma,prob_5_melanocytic_nevi,prob_6_vascular_lesions
5,5,melanocytic nevi,melanocytic nevi,0.0005375824,0.00041347792,0.008435638,0.0022494409,0.0072594425,0.98083925,0.0002652021
3,1,dermatofibroma,basal cell carcinoma,0.27734268,0.3874235,0.113948114,0.10598236,0.032144815,0.05618169,0.02697681
4,2,melanoma,benign keratosis-like lesions,0.30515188,0.03437089,0.35604173,0.020309823,0.24479295,0.03861974,0.0007129878
0,2,actinic keratoses and intraepithelial carcinoma,benign keratosis-like lesions,0.3389343,0.064561285,0.4015788,0.03493275,0.118481256,0.039780043,0.0017315922
5,5,melanocytic nevi,melanocytic nevi,0.0045136954,0.0037975071,0.096646845,0.0036695544,0.21189846,0.67737216,0.0021017597
5,5,melanocytic nevi,melanocytic nevi,0.00060535886,0.00046666784,0.0035137092,0.001905724,0.017437132,0.9751949,0.000876572
5,5,melanocytic nevi,melanocytic nevi,9.7443975e-05,4.6626785e-05,0.12119237,6.778246e-05,0.28247988,0.59608597,2.9998644e-05
4,4,melanoma,melanoma,0.0007849234,0.00019732134,0.017782547,0.00031144984,0.6396868,0.34105292,0.00018402687
5,5,melanocytic nevi,melanocytic nevi,0.00010145308,0.0001983869,0.0010951954,0.0010762225,0.0003430304,0.99695396,0.00023172003
2,2,benign keratosis-like lesions,benign keratosis-like lesions,0.044857193,0.08377976,0.5761709,0.018780783,0.10758481,0.1631311,0.0056955223
1,1,basal cell carcinoma,basal cell carcinoma,0.02556623,0.50533694,0.13868734,0.08318668,0.02238172,0.21049987,0.01434125
5,5,melanocytic nevi,melanocytic nevi,6.189071e-05,7.895533e-05,0.0011006104,0.0005977498,0.00064820924,0.997422,9.062708e-05
4,4,melanoma,melanoma,0.10535057,0.040148538,0.26617864,0.0239413,0.42034107,0.14009474,0.00394514
5,5,melanocytic nevi,melanocytic nevi,0.00049767544,0.0008472772,0.005175704,0.0033706166,0.0009821058,0.9886242,0.00050248386
5,5,melanocytic nevi,melanocytic nevi,0.009201312,0.01850928,0.117306486,0.009032417,0.27822745,0.5304828,0.037240252
4,4,melanoma,melanoma,0.012566428,0.006448738,0.043214135,0.007086529,0.4648765,0.4623034,0.0035042777
4,4,melanoma,melanoma,0.003062035,0.00084477186,0.08239724,0.0016217013,0.46788567,0.44379935,0.00038925096
2,2,benign keratosis-like lesions,benign keratosis-like lesions,0.020667301,0.009629914,0.41669166,0.014759313,0.14523625,0.3926658,0.00034977542
5,5,melanocytic nevi,melanocytic nevi,0.027135475,0.057621308,0.040960357,0.046823766,0.05717527,0.72951657,0.040767305
2,5,benign keratosis-like lesions,melanocytic nevi,0.0015351273,0.001016847,0.170368,0.0010776857,0.3550439,0.4706797,0.00027871825
5,5,melanocytic nevi,melanocytic nevi,0.004563491,0.038805787,0.10334035,0.02135607,0.06407464,0.7527474,0.015112209
5,5,melanocytic nevi,melanocytic nevi,0.035145793,0.010891717,0.25510782,0.013061521,0.3354829,0.3496861,0.00062420405
5,2,melanocytic nevi,benign keratosis-like lesions,0.02262344,0.041032765,0.49794573,0.032343164,0.08305775,0.32206514,0.00093198556
5,5,melanocytic nevi,melanocytic nevi,0.0010465926,0.0004506796,0.016597368,0.0024738626,0.017124077,0.96213776,0.00016969795
5,5,melanocytic nevi,melanocytic nevi,0.03222486,0.082018934,0.063095294,0.026991697,0.21009494,0.5635639,0.022010406
5,4,melanocytic nevi,melanoma,0.010542179,0.004004864,0.06192438,0.003173564,0.62943745,0.2890734,0.0018442001
5,5,melanocytic nevi,melanocytic nevi,0.0006274256,0.0015173286,0.0042260652,0.0055307127,0.0014245489,0.98421824,0.0024557796
5,5,melanocytic nevi,melanocytic nevi,0.011674948,0.0067825424,0.083938904,0.010383437,0.28566617,0.5991164,0.0024375762
5,5,melanocytic nevi,melanocytic nevi,0.0011650531,0.00032646046,0.018600484,0.00123768,0.21288544,0.7654141,0.00037076086
2,2,benign keratosis-like lesions,benign keratosis-like lesions,0.09124233,0.11305882,0.36816627,0.04098971,0.20652781,0.14464384,0.035371155
5,5,melanocytic nevi,melanocytic nevi,4.2197607e-05,0.00011268717,0.00056204485,0.0007767566,0.00030980448,0.9978277,0.00036878383
5,5,melanocytic nevi,melanocytic nevi,0.0007131696,0.0007084127,0.011873403,0.0025511163,0.004206856,0.9797885,0.00015849828
4,4,melanoma,melanoma,0.11261417,0.03214043,0.20080806,0.022306168,0.4881742,0.14143002,0.0025269242
5,5,melanocytic nevi,melanocytic nevi,0.040100504,0.014609889,0.18472907,0.020190291,0.3000582,0.43860295,0.001709076
2,2,benign keratosis-like lesions,benign keratosis-like lesions,0.044694383,0.14332534,0.596312,0.030041564,0.050007056,0.1312377,0.004382053
2,2,benign keratosis-like lesions,benign keratosis-like lesions,0.30293885,0.103028476,0.34977385,0.045928262,0.15322717,0.04240594,0.0026974427
2,2,benign keratosis-like lesions,benign keratosis-like lesions,0.08100725,0.14253928,0.4916325,0.045958694,0.11700234,0.11508511,0.0067748036
5,5,melanocytic nevi,melanocytic nevi,0.00078486797,0.00046713036,0.008298848,0.002176185,0.009083514,0.97897696,0.0002124817
2,0,benign keratosis-like lesions,actinic keratoses and intraepithelial carcinoma,0.50005484,0.07617926,0.2782604,0.022096617,0.11020135,0.010952446,0.0022550707
1,1,basal cell carcinoma,basal cell carcinoma,0.045820076,0.3539476,0.15910003,0.07352433,0.086962886,0.2609803,0.019664722
5,4,melanocytic nevi,melanoma,0.0689448,0.056318663,0.20025294,0.022599025,0.38956,0.25291702,0.009407514
5,5,melanocytic nevi,melanocytic nevi,0.0026958913,0.0007289428,0.04567041,0.00375711,0.09522569,0.85167253,0.0002494154
5,5,melanocytic nevi,melanocytic nevi,8.382414e-05,2.926086e-05,0.0046189427,0.00016195445,0.10983172,0.8852438,3.0488609e-05
5,5,melanocytic nevi,melanocytic nevi,0.0005914849,0.0004546884,0.0043513216,0.0013343263,0.047006782,0.9455766,0.0006848558
5,5,melanocytic nevi,melanocytic nevi,1.5495456e-05,1.2621731e-05,0.00077719166,0.0001753754,0.00034411318,0.9986656,9.6230815e-06
1,2,basal cell carcinoma,benign keratosis-like lesions,0.14800298,0.17960912,0.44465166,0.055171683,0.081385516,0.08737202,0.0038070304
5,5,melanocytic nevi,melanocytic nevi,0.0014899536,0.005789576,0.005706423,0.012369321,0.004753899,0.9582251,0.011665764
5,5,melanocytic nevi,melanocytic nevi,0.088810116,0.17056634,0.17184569,0.045766655,0.19147933,0.31515232,0.016379535
5,5,melanocytic nevi,melanocytic nevi,0.00049436465,0.0015628119,0.003176114,0.005247172,0.002987011,0.97812647,0.00840607
5,5,melanocytic nevi,melanocytic nevi,0.006704227,0.0039426326,0.25007492,0.0048348224,0.24352546,0.49049786,0.00042008812
5,5,melanocytic nevi,melanocytic nevi,0.005724303,0.004674355,0.020292975,0.013808681,0.010530914,0.94266987,0.0022989165
5,4,melanocytic nevi,melanoma,0.0021941059,0.0011184845,0.031849597,0.0013668919,0.5660452,0.3967815,0.0006441893
5,5,melanocytic nevi,melanocytic nevi,0.0005600959,0.00038937115,0.008898119,0.0022301301,0.0063113095,0.98141646,0.0001944821
5,5,melanocytic nevi,melanocytic nevi,0.0078705875,0.007274426,0.12130525,0.0120833665,0.14231919,0.70753294,0.0016141935
5,4,melanocytic nevi,melanoma,0.0005206045,9.05393e-05,0.24490276,0.00023847811,0.41156334,0.3426587,2.5610756e-05
2,5,benign keratosis-like lesions,melanocytic nevi,0.015098881,0.008799832,0.1970671,0.011012625,0.30501,0.46138054,0.0016310759
3,0,dermatofibroma,actinic keratoses and intraepithelial carcinoma,0.36630484,0.19851816,0.10537764,0.077532455,0.1482574,0.086954,0.017055571
2,2,benign keratosis-like lesions,benign keratosis-like lesions,0.06951467,0.08642938,0.5868851,0.045395676,0.07961404,0.13085237,0.0013087846
5,5,melanocytic nevi,melanocytic nevi,3.2200103e-05,0.00010145765,0.00031037573,0.00063818693,0.00024258083,0.9981919,0.000483279
5,0,melanocytic nevi,actinic keratoses and intraepithelial carcinoma,0.2933771,0.18794616,0.08900133,0.0709023,0.2199906,0.11998516,0.018797357
5,5,melanocytic nevi,melanocytic nevi,0.00039183532,0.0003607201,0.0051429705,0.0018141053,0.007136791,0.9848941,0.00025953946
5,6,melanocytic nevi,vascular lesions,0.04261836,0.24777882,0.027872972,0.047419358,0.019896872,0.14275675,0.47165698
0,0,actinic keratoses and intraepithelial carcinoma,actinic keratoses and intraepithelial carcinoma,0.4649105,0.10887451,0.20994839,0.037269123,0.14107801,0.031893644,0.0060257944
5,5,melanocytic nevi,melanocytic nevi,0.0009936694,0.002436598,0.10994324,0.002526374,0.07943711,0.8029437,0.0017193464
5,4,melanocytic nevi,melanoma,0.009512938,0.0023235558,0.105122805,0.0045936215,0.47340816,0.40449604,0.0005428091
5,1,melanocytic nevi,basal cell carcinoma,0.049445827,0.575711,0.070581324,0.06223782,0.04614316,0.15965769,0.036223114
4,4,melanoma,melanoma,0.003978648,0.00091646286,0.04656971,0.0020507092,0.48594388,0.460123,0.00041754512
5,5,melanocytic nevi,melanocytic nevi,0.00033571184,0.0009259592,0.015761582,0.0012423182,0.088593476,0.89110684,0.002034031
4,5,melanoma,melanocytic nevi,0.016721973,0.005552032,0.11015021,0.011308051,0.29593197,0.5582918,0.0020439595
5,5,melanocytic nevi,melanocytic nevi,0.020604217,0.086156845,0.035393246,0.05710053,0.025398903,0.6467753,0.12857094
5,5,melanocytic nevi,melanocytic nevi,0.00030943635,0.00024510265,0.0051983288,0.0015837526,0.0031648723,0.9893255,0.0001729645
5,5,melanocytic nevi,melanocytic nevi,0.0001855238,0.00020816912,0.0021838793,0.0010922381,0.001741764,0.99446,0.0001285185
1,1,basal cell carcinoma,basal cell carcinoma,0.26086232,0.5021853,0.07709856,0.054277584,0.037479207,0.03652138,0.031575646
3,5,dermatofibroma,melanocytic nevi,0.01642319,0.059018284,0.01656829,0.058473267,0.015471438,0.69711185,0.13693367
4,1,melanoma,basal cell carcinoma,0.14002219,0.50908935,0.122337475,0.07106478,0.058943,0.085354455,0.013188776
5,5,melanocytic nevi,melanocytic nevi,0.0010347491,0.0011442667,0.0062861545,0.004962918,0.002411855,0.98316586,0.000994257
5,4,melanocytic nevi,melanoma,0.002074915,0.0003708133,0.1474489,0.0005173097,0.53782904,0.3116261,0.00013292492
4,4,melanoma,melanoma,0.0046019834,0.00078712526,0.19630982,0.0015948913,0.4665554,0.32999265,0.00015811776
5,5,melanocytic nevi,melanocytic nevi,0.00067344663,0.00082374306,0.0057120835,0.0035653978,0.0015678008,0.98710084,0.0005566755
5,5,melanocytic nevi,melanocytic nevi,0.00019950578,4.138185e-05,0.012339933,0.00036331976,0.089523874,0.89750224,2.972303e-05
5,5,melanocytic nevi,melanocytic nevi,0.00016451711,0.0003699934,0.0014485647,0.0016911464,0.0012520626,0.99391395,0.0011597971
5,5,melanocytic nevi,melanocytic nevi,8.500935e-05,4.0484185e-05,0.019432025,8.4934145e-05,0.35559642,0.6247203,4.0900817e-05
5,5,melanocytic nevi,melanocytic nevi,0.0032344633,0.0014964867,0.035884574,0.007277557,0.008671109,0.94318265,0.0002531954
5,1,melanocytic nevi,basal cell carcinoma,0.06395206,0.37011403,0.3004744,0.06996288,0.04882145,0.13908473,0.0075904974
5,5,melanocytic nevi,melanocytic nevi,0.0024502703,0.0010852244,0.033909634,0.004816311,0.05531419,0.9018737,0.0005506837
5,5,melanocytic nevi,melanocytic nevi,0.0020716868,0.0036536367,0.007813086,0.009824589,0.0036612947,0.96879816,0.004177579
4,4,melanoma,melanoma,0.027074357,0.0062241214,0.2664124,0.004517667,0.522131,0.17328897,0.0003514917
5,4,melanocytic nevi,melanoma,7.0289265e-05,1.3352348e-05,0.012271454,3.982403e-05,0.52574897,0.46184045,1.5632228e-05
5,5,melanocytic nevi,melanocytic nevi,0.0017550227,0.00095523,0.028465554,0.0031095026,0.03580379,0.92954457,0.00036643576
5,5,melanocytic nevi,melanocytic nevi,0.1100337,0.0891229,0.063883334,0.06348848,0.25527963,0.39838454,0.019807434
5,5,melanocytic nevi,melanocytic nevi,0.00073350634,0.017280785,0.015737481,0.011191946,0.020761842,0.881564,0.052730404
5,5,melanocytic nevi,melanocytic nevi,0.01135787,0.013343659,0.041960455,0.02019446,0.061086994,0.84399295,0.0080636125
1,2,basal cell carcinoma,benign keratosis-like lesions,0.063329,0.08311279,0.67396605,0.037626773,0.057941172,0.08276703,0.0012571934
5,5,melanocytic nevi,melanocytic nevi,0.0049180454,0.007878998,0.07359717,0.003855676,0.27589315,0.6298344,0.0040225354
5,5,melanocytic nevi,melanocytic nevi,0.03516197,0.04871812,0.07149312,0.02830836,0.23970234,0.5667451,0.00987096
5,5,melanocytic nevi,melanocytic nevi,0.018122818,0.15836169,0.03809747,0.046399277,0.049275566,0.387666,0.3020773
4,5,melanoma,melanocytic nevi,0.014042483,0.012616513,0.060953233,0.0128512615,0.357085,0.5381108,0.004340794
5,5,melanocytic nevi,melanocytic nevi,0.009808289,0.046771765,0.14357536,0.023642391,0.08366217,0.6395012,0.053038824
5,0,melanocytic nevi,actinic keratoses and intraepithelial carcinoma,0.32911077,0.32274598,0.11869568,0.06487218,0.08883154,0.058651894,0.017091937
5,5,melanocytic nevi,melanocytic nevi,0.00022524603,0.00038868393,0.0018197559,0.0016258225,0.0018536948,0.9935597,0.0005269665
4,4,melanoma,melanoma,0.00269483,0.0005146662,0.03998655,0.0004525464,0.77862465,0.17747182,0.0002549085
5,1,melanocytic nevi,basal cell carcinoma,0.095452644,0.31754693,0.12261031,0.10262882,0.08364858,0.26696748,0.011145202
5,5,melanocytic nevi,melanocytic nevi,0.025790565,0.09962361,0.09056249,0.033307895,0.17067666,0.532463,0.047575787
5,5,melanocytic nevi,melanocytic nevi,0.06193366,0.020695422,0.2951707,0.044080894,0.039034512,0.5383078,0.00077705306
5,2,melanocytic nevi,benign keratosis-like lesions,0.09221955,0.13759182,0.35887635,0.04320557,0.17253348,0.1893191,0.0062541678
2,5,benign keratosis-like lesions,melanocytic nevi,0.0030081943,0.0024059622,0.3751168,0.0024574632,0.1863466,0.43043944,0.00022551906
5,5,melanocytic nevi,melanocytic nevi,0.0020573891,0.0029594859,0.016338255,0.0032136007,0.21253206,0.74800384,0.014895351
5,5,melanocytic nevi,melanocytic nevi,1.6554168e-05,1.260212e-05,0.00079676457,0.00013517361,0.0015180495,0.9975067,1.4200639e-05
5,2,melanocytic nevi,benign keratosis-like lesions,0.013117284,0.02332407,0.42600906,0.010538364,0.16709457,0.35850877,0.0014078704
5,5,melanocytic nevi,melanocytic nevi,0.0031693531,0.0042410507,0.051576566,0.0035698332,0.19262785,0.7404793,0.0043360717
5,5,melanocytic nevi,melanocytic nevi,5.8593312e-05,0.0002336593,0.00043997949,0.0012623054,0.00019875942,0.996473,0.0013337035
3,1,dermatofibroma,basal cell carcinoma,0.21041286,0.4447466,0.15159467,0.08608376,0.027443312,0.06674758,0.012971167
5,5,melanocytic nevi,melanocytic nevi,0.0005938093,0.0005315375,0.0068118665,0.003014635,0.002197799,0.98652273,0.0003276479
5,4,melanocytic nevi,melanoma,0.002928332,0.00079932174,0.099277474,0.0019354927,0.45952195,0.4352794,0.00025807405
1,1,basal cell carcinoma,basal cell carcinoma,0.08880202,0.63363874,0.06884841,0.076611385,0.014138544,0.08504499,0.032915927
5,5,melanocytic nevi,melanocytic nevi,0.008785831,0.006842151,0.08562768,0.014366547,0.05990462,0.82270414,0.0017690384
5,5,melanocytic nevi,melanocytic nevi,0.0004320755,0.00013048625,0.004872088,0.0008755576,0.039950974,0.9536188,0.00011993062
5,5,melanocytic nevi,melanocytic nevi,0.0070348415,0.008091725,0.066356614,0.0120295035,0.062131178,0.83990884,0.0044473754
2,1,benign keratosis-like lesions,basal cell carcinoma,0.24766493,0.39445356,0.066147976,0.10999089,0.036416586,0.11343702,0.031889018
5,5,melanocytic nevi,melanocytic nevi,0.00051062886,0.0016658987,0.002023318,0.0061994623,0.0006717849,0.9838561,0.0050728726
4,4,melanoma,melanoma,0.07225146,0.10101732,0.15063423,0.049287744,0.32089862,0.24867634,0.057234313
5,5,melanocytic nevi,melanocytic nevi,0.00064370345,0.0028530683,0.0023564182,0.009007211,0.0012769925,0.96812505,0.015737534
5,5,melanocytic nevi,melanocytic nevi,0.018987874,0.033711288,0.05400303,0.029809423,0.1064881,0.7402274,0.016772894
5,5,melanocytic nevi,melanocytic nevi,5.2615887e-06,1.333624e-06,0.00077314425,1.8154567e-05,0.03822627,0.96097124,4.6079476e-06
5,5,melanocytic nevi,melanocytic nevi,0.00024531147,0.00029698404,0.0027734688,0.0017038648,0.0015049179,0.9931445,0.00033098785
4,5,melanoma,melanocytic nevi,0.007356577,0.042384133,0.23449625,0.017323863,0.13695106,0.5517544,0.009733663
5,5,melanocytic nevi,melanocytic nevi,0.003341156,0.010390817,0.01641844,0.017699562,0.0037940573,0.9357422,0.012613854
2,2,benign keratosis-like lesions,benign keratosis-like lesions,0.01865209,0.006309805,0.51652104,0.009999723,0.15601963,0.29219794,0.00029986267
4,4,melanoma,melanoma,0.019223284,0.01795599,0.23606288,0.009926035,0.38402146,0.32172036,0.011089977
5,5,melanocytic nevi,melanocytic nevi,0.0018611244,0.0016528188,0.014456999,0.0054075955,0.010235921,0.9653463,0.0010391433
4,5,melanoma,melanocytic nevi,0.00062624755,0.0003222684,0.021726483,0.0012159743,0.12612319,0.849771,0.00021484763
2,4,benign keratosis-like lesions,melanoma,0.022812955,0.034880813,0.24894793,0.009480059,0.39284265,0.25623947,0.03479611
1,2,basal cell carcinoma,benign keratosis-like lesions,0.018780697,0.05555303,0.5137247,0.027371205,0.07412997,0.30809873,0.0023416828
5,4,melanocytic nevi,melanoma,0.011683453,0.005895541,0.047124624,0.0052693738,0.5131867,0.41198888,0.0048514106
5,4,melanocytic nevi,melanoma,0.1240833,0.060133714,0.31303233,0.028958129,0.31673273,0.15110649,0.0059533617
5,5,melanocytic nevi,melanocytic nevi,0.0003339531,0.000117598865,0.0067413147,0.00072439853,0.033327732,0.9586724,8.2602295e-05
5,5,melanocytic nevi,melanocytic nevi,0.0005127762,0.0003000246,0.008579903,0.0018179365,0.00389745,0.984791,0.000100902165
4,4,melanoma,melanoma,0.003589347,0.000554799,0.110737436,0.0014371093,0.46377057,0.4197743,0.00013646856
5,5,melanocytic nevi,melanocytic nevi,0.0045235255,0.0059422986,0.040957678,0.004458775,0.33531103,0.602607,0.006199666
2,2,benign keratosis-like lesions,benign keratosis-like lesions,0.1836419,0.06650994,0.3056471,0.06883203,0.1288981,0.2426261,0.0038447897
4,4,melanoma,melanoma,0.044108532,0.038442824,0.040977456,0.015084983,0.58550423,0.2472406,0.02864132
5,5,melanocytic nevi,melanocytic nevi,2.7204602e-05,7.1389084e-05,0.0005461239,0.00050523883,0.00022156334,0.9985025,0.0001259289
5,5,melanocytic nevi,melanocytic nevi,0.01709928,0.008940963,0.095366895,0.021663228,0.039555114,0.81594115,0.0014333418
2,2,benign keratosis-like lesions,benign keratosis-like lesions,0.0025056812,0.0015237358,0.42988583,0.0017068345,0.1398995,0.424292,0.00018640283
5,5,melanocytic nevi,melanocytic nevi,0.0010108232,0.015844578,0.025350625,0.009501082,0.04025477,0.88377,0.024268072
2,2,benign keratosis-like lesions,benign keratosis-like lesions,0.2587614,0.06423198,0.46333057,0.035634313,0.13351722,0.04219724,0.0023272717
5,5,melanocytic nevi,melanocytic nevi,0.0012587023,0.00073794444,0.03192882,0.0010785777,0.2570655,0.7074676,0.00046282157
5,5,melanocytic nevi,melanocytic nevi,0.00023007319,0.00041347227,0.0019012254,0.0015867982,0.0053562047,0.98909855,0.0014136747
5,5,melanocytic nevi,melanocytic nevi,0.000843986,0.00030600076,0.043303315,0.000506459,0.44327372,0.5112143,0.0005521783
5,5,melanocytic nevi,melanocytic nevi,0.00011963968,0.00022935434,0.0012947791,0.0011125371,0.0006850741,0.9963198,0.00023883946
5,5,melanocytic nevi,melanocytic nevi,0.0036861722,0.0038129294,0.0570812,0.0031794945,0.36909106,0.56214654,0.0010025499
5,5,melanocytic nevi,melanocytic nevi,4.0947867e-05,4.2323827e-05,0.0013905251,0.00040841027,0.0007672072,0.99729294,5.7725374e-05
5,5,melanocytic nevi,melanocytic nevi,9.249758e-05,0.00019361598,0.00093454093,0.0010574108,0.00031103822,0.9971175,0.00029332188
5,5,melanocytic nevi,melanocytic nevi,0.0019551096,0.00071789674,0.024345817,0.004304578,0.013269001,0.95517766,0.00022992518
4,5,melanoma,melanocytic nevi,0.002062523,0.0025694915,0.057459366,0.002063378,0.18390138,0.75047565,0.0014682071
5,1,melanocytic nevi,basal cell carcinoma,0.12980376,0.2792798,0.12098297,0.11390198,0.061630182,0.2758477,0.018553594
5,5,melanocytic nevi,melanocytic nevi,0.00018187909,0.00059480115,0.0010181377,0.0028839242,0.00056071265,0.9915377,0.003222877
5,5,melanocytic nevi,melanocytic nevi,0.0009834012,0.00785533,0.023522094,0.006460448,0.05216185,0.8920716,0.016945245
4,0,melanoma,actinic keratoses and intraepithelial carcinoma,0.30002955,0.22984013,0.24013522,0.08574259,0.07799579,0.058915704,0.0073409867
2,2,benign keratosis-like lesions,benign keratosis-like lesions,0.03981179,0.006068399,0.87353116,0.004151673,0.059202418,0.017191771,4.2802512e-05
5,5,melanocytic nevi,melanocytic nevi,0.00029253142,0.0004406032,0.004238812,0.0017640573,0.0018683324,0.9911839,0.00021179419
1,5,basal cell carcinoma,melanocytic nevi,0.039826784,0.18305874,0.0468154,0.04414923,0.14500265,0.42474204,0.116405204
5,5,melanocytic nevi,melanocytic nevi,0.01653693,0.07071701,0.08647087,0.0206198,0.20310697,0.5276077,0.074940704
2,4,benign keratosis-like lesions,melanoma,0.042436518,0.011950861,0.28844255,0.01084012,0.4093573,0.23595388,0.0010187998
5,0,melanocytic nevi,actinic keratoses and intraepithelial carcinoma,0.34180465,0.1832925,0.25833258,0.056921553,0.091866255,0.057261962,0.010520506
2,2,benign keratosis-like lesions,benign keratosis-like lesions,0.023262385,0.079578996,0.42695922,0.036774036,0.047474902,0.38454312,0.0014073108
5,5,melanocytic nevi,melanocytic nevi,0.0003565495,0.0002847618,0.08322087,0.0003493944,0.25158936,0.66400546,0.00019360968
5,5,melanocytic nevi,melanocytic nevi,0.0005975065,0.0001397617,0.016573459,0.00058270484,0.32131645,0.6606253,0.00016482832
0,0,actinic keratoses and intraepithelial carcinoma,actinic keratoses and intraepithelial carcinoma,0.48684,0.2431504,0.116570696,0.056808226,0.06450805,0.020460952,0.011661647
1,1,basal cell carcinoma,basal cell carcinoma,0.110264026,0.58313036,0.049265273,0.096112296,0.03678006,0.08952049,0.034927495
4,5,melanoma,melanocytic nevi,0.0016929578,0.00034744942,0.062472183,0.00089503464,0.41306785,0.52141607,0.00010852017
5,5,melanocytic nevi,melanocytic nevi,0.023495086,0.011386039,0.08326193,0.032759458,0.010002363,0.83766806,0.0014270523
5,5,melanocytic nevi,melanocytic nevi,0.00017203693,0.00019464691,0.0028521628,0.0013183418,0.0010256438,0.9942503,0.00018692733
5,5,melanocytic nevi,melanocytic nevi,0.00018745367,0.0001422013,0.0020157476,0.00071923883,0.018867817,0.9776831,0.00038442368
5,5,melanocytic nevi,melanocytic nevi,0.00010258976,0.00013353267,0.0011764256,0.00088250526,0.0023622855,0.9948862,0.00045640173
6,5,vascular lesions,melanocytic nevi,0.015453655,0.035991605,0.19671254,0.01858685,0.20414883,0.51568997,0.013416555
5,5,melanocytic nevi,melanocytic nevi,0.00023113308,0.00020408884,0.003542469,0.0013405724,0.0025691204,0.99188846,0.00022408768
4,4,melanoma,melanoma,0.018134115,0.004421178,0.11207687,0.0059635066,0.5904809,0.26809862,0.0008248162
2,2,benign keratosis-like lesions,benign keratosis-like lesions,0.07517794,0.10155601,0.44424564,0.037599225,0.14631276,0.191403,0.0037053935
1,4,basal cell carcinoma,melanoma,0.113481924,0.10425751,0.13130166,0.0392076,0.37942857,0.21997139,0.0123514235
5,5,melanocytic nevi,melanocytic nevi,0.00046794023,0.0004352101,0.004691532,0.002055386,0.005289772,0.9866502,0.00040991447
5,5,melanocytic nevi,melanocytic nevi,0.00012765598,0.00027369132,0.0012514554,0.0013753561,0.00040618965,0.9962226,0.0003429954
2,0,benign keratosis-like lesions,actinic keratoses and intraepithelial carcinoma,0.48349717,0.07310721,0.33671942,0.018157922,0.074802935,0.012910698,0.00080463017
5,1,melanocytic nevi,basal cell carcinoma,0.09342749,0.3586513,0.2260617,0.11377016,0.023977539,0.17379414,0.010317638
5,5,melanocytic nevi,melanocytic nevi,0.038863245,0.027090602,0.15892915,0.046563666,0.031820353,0.6938553,0.0028777444
5,5,melanocytic nevi,melanocytic nevi,0.0004599567,0.00038210434,0.25256294,0.000543035,0.123969205,0.6220304,5.2362026e-05
5,5,melanocytic nevi,melanocytic nevi,6.752022e-05,1.8384002e-05,0.0053146537,0.0002450845,0.010207759,0.98413324,1.3336283e-05
2,1,benign keratosis-like lesions,basal cell carcinoma,0.053316336,0.52231604,0.12786175,0.096419886,0.023728905,0.1280883,0.048268806
2,2,benign keratosis-like lesions,benign keratosis-like lesions,0.02749008,0.019497495,0.80721784,0.007923842,0.07415571,0.06338731,0.00032770608
0,4,actinic keratoses and intraepithelial carcinoma,melanoma,0.18715143,0.03601202,0.11564753,0.026966266,0.5155609,0.114073396,0.0045884424
5,5,melanocytic nevi,melanocytic nevi,0.0020690234,0.0035484813,0.010020432,0.010405419,0.0022583555,0.9694249,0.0022733393
4,5,melanoma,melanocytic nevi,0.00055498286,0.0002556956,0.060921896,0.00036647284,0.35386232,0.583693,0.00034555944
2,2,benign keratosis-like lesions,benign keratosis-like lesions,0.0035350753,0.0016609255,0.4275835,0.002087627,0.25378072,0.31117153,0.00018059608
5,5,melanocytic nevi,melanocytic nevi,0.002126837,0.0014941343,0.20074134,0.0010365786,0.38919607,0.40496317,0.0004419229
4,5,melanoma,melanocytic nevi,0.004719146,0.006776417,0.12156931,0.0046661994,0.22326103,0.63697296,0.0020349647
5,5,melanocytic nevi,melanocytic nevi,0.010197621,0.116053,0.04594417,0.04520556,0.026954424,0.51403844,0.24160676
5,2,melanocytic nevi,benign keratosis-like lesions,0.2407512,0.07590236,0.30834928,0.0809734,0.04160202,0.24929805,0.0031236743
5,5,melanocytic nevi,melanocytic nevi,0.0007630863,0.0003933685,0.12656568,0.00064234505,0.23040308,0.6411844,4.804897e-05
5,5,melanocytic nevi,melanocytic nevi,0.0004655803,0.00033979458,0.0048869634,0.0015703912,0.013628043,0.9787289,0.00038030662
0,6,actinic keratoses and intraepithelial carcinoma,vascular lesions,0.066663764,0.19569583,0.020562043,0.07019104,0.03145149,0.15692002,0.45851585
5,5,melanocytic nevi,melanocytic nevi,0.0019878491,0.01837946,0.038883768,0.010623852,0.057911497,0.784502,0.08771154
5,5,melanocytic nevi,melanocytic nevi,0.0005073517,0.00058118696,0.07798553,0.0006204219,0.21753989,0.7021584,0.0006072842
5,5,melanocytic nevi,melanocytic nevi,0.017650833,0.26200998,0.10747948,0.04809244,0.040464066,0.46870142,0.055601817
5,5,melanocytic nevi,melanocytic nevi,0.00040356914,0.00015641456,0.04704613,0.00028026258,0.21776468,0.7342885,6.0379436e-05
2,5,benign keratosis-like lesions,melanocytic nevi,0.015803477,0.009481173,0.15777943,0.012364761,0.16478215,0.6314709,0.008318176
5,5,melanocytic nevi,melanocytic nevi,0.0005655227,0.0002636259,0.009494114,0.0018173195,0.0048969574,0.9828667,9.565543e-05
5,2,melanocytic nevi,benign keratosis-like lesions,0.04465461,0.07935889,0.523217,0.0275233,0.091442846,0.23041177,0.0033915683
5,5,melanocytic nevi,melanocytic nevi,0.00065422535,0.00030052834,0.008589197,0.0017772455,0.013150466,0.9753361,0.00019219474
5,5,melanocytic nevi,melanocytic nevi,0.0001596132,0.00020179152,0.0022741333,0.0010312767,0.002132603,0.9940029,0.0001977346
4,4,melanoma,melanoma,0.052278135,0.03047852,0.032520443,0.021227857,0.5362595,0.30686164,0.020373922
4,5,melanoma,melanocytic nevi,0.04959219,0.04273295,0.037337285,0.044679135,0.1042945,0.6785632,0.04280078
5,4,melanocytic nevi,melanoma,0.10281794,0.023148252,0.18013708,0.01624085,0.53062534,0.14563467,0.0013958447
5,5,melanocytic nevi,melanocytic nevi,0.0898663,0.10432322,0.27722925,0.072789475,0.108632825,0.3349612,0.01219764
5,5,melanocytic nevi,melanocytic nevi,0.000111610054,0.0001218109,0.0019396929,0.0007193361,0.002073796,0.9948973,0.00013647886
1,1,basal cell carcinoma,basal cell carcinoma,0.08706947,0.5762429,0.13203804,0.08070387,0.023933027,0.087720044,0.012292639
0,4,actinic keratoses and intraepithelial carcinoma,melanoma,0.18891595,0.04655241,0.2543695,0.026401762,0.3602094,0.12104673,0.0025042135
5,5,melanocytic nevi,melanocytic nevi,0.007212105,0.011719148,0.07879753,0.006504879,0.38593167,0.4412041,0.06863053
5,2,melanocytic nevi,benign keratosis-like lesions,0.15155917,0.09367005,0.32268617,0.051388457,0.19205639,0.18450944,0.0041302945
6,6,vascular lesions,vascular lesions,0.0039648945,0.037899345,0.0052264356,0.020676313,0.006309268,0.12216606,0.80375767
5,5,melanocytic nevi,melanocytic nevi,0.0004245885,0.00033955727,0.003870973,0.001976927,0.0033048294,0.98976773,0.00031541561
5,5,melanocytic nevi,melanocytic nevi,0.00066125154,0.0003189184,0.04313084,0.0007104572,0.17512101,0.77967584,0.00038169298
2,1,benign keratosis-like lesions,basal cell carcinoma,0.17654231,0.34648368,0.23581882,0.046815135,0.09294733,0.08110129,0.020291412
2,5,benign keratosis-like lesions,melanocytic nevi,0.0012406517,0.0009998919,0.24878222,0.0014735542,0.13541996,0.6119989,8.476965e-05
5,5,melanocytic nevi,melanocytic nevi,0.0004500999,0.00020114667,0.008459555,0.0014965861,0.005192943,0.98411,8.954119e-05
5,5,melanocytic nevi,melanocytic nevi,0.0077902107,0.011485637,0.035275515,0.02371497,0.009507826,0.907972,0.004253769
5,5,melanocytic nevi,melanocytic nevi,0.0002436255,0.00038773695,0.0024249812,0.002145592,0.0005662437,0.99386024,0.00037144287
5,5,melanocytic nevi,melanocytic nevi,0.0026909648,0.0038336115,0.014774153,0.011193,0.0031682511,0.9629972,0.0013428141
5,4,melanocytic nevi,melanoma,0.22476889,0.14227678,0.17462072,0.040151116,0.31494737,0.09019234,0.013042812
5,5,melanocytic nevi,melanocytic nevi,0.0028694142,0.0014326827,0.032933105,0.0033944747,0.19165163,0.76684964,0.0008690916
5,5,melanocytic nevi,melanocytic nevi,0.00035860174,0.00010487683,0.04950449,0.00021537764,0.41433316,0.53536534,0.00011812396
5,4,melanocytic nevi,melanoma,0.00026031223,0.0001091708,0.024183467,0.00019095653,0.49093384,0.48419318,0.00012910586
5,5,melanocytic nevi,melanocytic nevi,0.00074334955,0.0013466408,0.0034965866,0.0049204524,0.0013708253,0.986767,0.001355183
5,5,melanocytic nevi,melanocytic nevi,0.0024098542,0.0013880905,0.020059338,0.005650795,0.01567577,0.95439833,0.0004177782
5,4,melanocytic nevi,melanoma,0.008529769,0.0019251943,0.07333187,0.0046073496,0.47654498,0.43435737,0.00070352555
4,2,melanoma,benign keratosis-like lesions,0.26359838,0.24022426,0.2781344,0.05064002,0.10318907,0.06017703,0.00403679
2,2,benign keratosis-like lesions,benign keratosis-like lesions,0.03514735,0.0068441923,0.4718963,0.0054660277,0.36153144,0.118843414,0.00027132276
5,5,melanocytic nevi,melanocytic nevi,0.0012577432,0.00070467533,0.010888834,0.0034506905,0.00887959,0.97444564,0.0003727517
4,4,melanoma,melanoma,0.033880703,0.0051071183,0.1346735,0.00786083,0.56448495,0.25335672,0.0006361615
5,1,melanocytic nevi,basal cell carcinoma,0.05660601,0.36452392,0.06273625,0.07553005,0.040249433,0.2673547,0.13299958
5,5,melanocytic nevi,melanocytic nevi,9.146983e-06,5.064979e-06,0.0005315822,6.540132e-05,0.0018932052,0.9974879,7.662661e-06
5,5,melanocytic nevi,melanocytic nevi,9.224091e-05,0.00010211667,0.0011521392,0.0006737496,0.0010016371,0.9968534,0.00012470057
5,5,melanocytic nevi,melanocytic nevi,0.0024414791,0.0026778996,0.017254176,0.008515531,0.01102113,0.9567196,0.0013702296
4,5,melanoma,melanocytic nevi,0.0014235502,0.0014199123,0.102062024,0.0011475964,0.4227232,0.4704699,0.00075376
5,5,melanocytic nevi,melanocytic nevi,0.00023384068,0.00015231503,0.0037080478,0.0005459188,0.09075468,0.90430975,0.00029540982
0,5,actinic keratoses and intraepithelial carcinoma,melanocytic nevi,0.13409647,0.12310795,0.084616914,0.10279952,0.069335274,0.44372383,0.042319976
5,5,melanocytic nevi,melanocytic nevi,0.0007923698,0.0001722893,0.03802357,0.0010724906,0.1265195,0.8333545,6.526431e-05
5,5,melanocytic nevi,melanocytic nevi,0.0025858628,0.0016205437,0.011762551,0.005686053,0.028735753,0.9479192,0.0016900186
5,5,melanocytic nevi,melanocytic nevi,0.00055978785,0.00056162523,0.0066463114,0.0025522648,0.004127574,0.98524,0.0003123963
4,2,melanoma,benign keratosis-like lesions,0.24885406,0.027736828,0.47739547,0.012059345,0.21134035,0.021760823,0.00085313414
1,5,basal cell carcinoma,melanocytic nevi,0.18997912,0.20169805,0.06690854,0.0727249,0.17889549,0.2680634,0.021730507
5,5,melanocytic nevi,melanocytic nevi,0.0037388275,0.0022810912,0.03563586,0.0030267858,0.38507435,0.5657402,0.0045028753
2,1,benign keratosis-like lesions,basal cell carcinoma,0.2523197,0.3776878,0.15242076,0.08053245,0.05010147,0.07399186,0.012945995
5,5,melanocytic nevi,melanocytic nevi,0.011202651,0.0070614154,0.047091957,0.01882664,0.033774905,0.87888956,0.0031528438
5,5,melanocytic nevi,melanocytic nevi,8.010694e-05,1.7945345e-05,0.005146042,0.00026018044,0.014115701,0.98036927,1.0750263e-05
5,5,melanocytic nevi,melanocytic nevi,0.00045196453,0.00020670965,0.07807987,0.00039705948,0.27363396,0.6471232,0.00010716553
4,5,melanoma,melanocytic nevi,0.0018563527,0.0009944432,0.046795875,0.0015687448,0.2217821,0.7266553,0.00034710186
5,5,melanocytic nevi,melanocytic nevi,0.0005145954,0.00025120453,0.008428417,0.0014987173,0.009855801,0.9793261,0.00012505468
5,5,melanocytic nevi,melanocytic nevi,6.832644e-05,2.0931058e-05,0.0017605812,0.00028035886,0.005837945,0.9920101,2.169736e-05
5,5,melanocytic nevi,melanocytic nevi,0.00023107401,4.8228605e-05,0.009942134,0.0005087375,0.023406968,0.9658337,2.9053705e-05
2,2,benign keratosis-like lesions,benign keratosis-like lesions,0.03669076,0.02027633,0.70296085,0.00878123,0.15313165,0.07767339,0.00048579427
5,5,melanocytic nevi,melanocytic nevi,6.512199e-05,0.00017041952,0.00065084954,0.0009372627,0.0003040317,0.9973966,0.0004757026
1,0,basal cell carcinoma,actinic keratoses and intraepithelial carcinoma,0.41288283,0.05601132,0.23730645,0.01425139,0.2518842,0.025545359,0.002118535
4,4,melanoma,melanoma,0.010566693,0.0027349244,0.053371537,0.00463933,0.5309891,0.39628312,0.0014152782
2,5,benign keratosis-like lesions,melanocytic nevi,0.004814567,0.019307673,0.108089745,0.0069613624,0.09311137,0.76207197,0.0056433002
5,5,melanocytic nevi,melanocytic nevi,0.021769894,0.22077718,0.26803073,0.054219898,0.070325196,0.3513788,0.0134983435
5,5,melanocytic nevi,melanocytic nevi,0.00431151,0.0049838577,0.090652384,0.004126152,0.16107607,0.7325496,0.0023004094
4,4,melanoma,melanoma,0.00014490905,2.7150903e-05,0.015225911,7.072076e-05,0.5959023,0.38859454,3.4387547e-05
5,5,melanocytic nevi,melanocytic nevi,0.0001321082,0.00043816093,0.0012021599,0.0018834934,0.00053609186,0.99470323,0.0011047452
5,5,melanocytic nevi,melanocytic nevi,0.0004219664,0.0007218602,0.0030628482,0.0027816498,0.001946178,0.99021167,0.00085377897
0,0,actinic keratoses and intraepithelial carcinoma,actinic keratoses and intraepithelial carcinoma,0.38362372,0.1794562,0.13030711,0.06643121,0.1660079,0.061220422,0.012953504
5,5,melanocytic nevi,melanocytic nevi,0.00085022434,0.00072434975,0.010820855,0.0034597206,0.005737009,0.9779954,0.00041250602
5,5,melanocytic nevi,melanocytic nevi,0.00061163947,0.0016576773,0.0025693101,0.0063531636,0.0008627864,0.98347235,0.0044730557
5,5,melanocytic nevi,melanocytic nevi,0.004583575,0.0050534043,0.028962027,0.00803304,0.11874077,0.82520646,0.009420711
1,4,basal cell carcinoma,melanoma,0.27944636,0.07466563,0.18833469,0.05894444,0.2934418,0.09901004,0.006157002
5,5,melanocytic nevi,melanocytic nevi,2.506849e-05,3.880914e-05,0.00072140124,0.00030229936,0.0003353209,0.99854565,3.1407148e-05
5,4,melanocytic nevi,melanoma,0.00014741495,4.0516425e-05,0.026031904,5.4633445e-05,0.65805435,0.31561586,5.527323e-05
4,4,melanoma,melanoma,0.0019389226,0.00070876424,0.033908587,0.0011415613,0.5673216,0.394339,0.0006415817
5,4,melanocytic nevi,melanoma,0.00047284973,0.00021718306,0.051835258,0.00016971448,0.6340268,0.31252867,0.0007494506
5,5,melanocytic nevi,melanocytic nevi,0.057530664,0.043157455,0.07447032,0.03652886,0.267298,0.5074666,0.01354806
5,5,melanocytic nevi,melanocytic nevi,5.2247517e-05,0.00014241273,0.00055117026,0.0007167853,0.000406591,0.99783736,0.00029341018
5,5,melanocytic nevi,melanocytic nevi,0.001707528,0.00087162945,0.010195362,0.0030562514,0.034134496,0.94935036,0.00068426726
5,4,melanocytic nevi,melanoma,0.0636906,0.07570731,0.102083765,0.024314752,0.4416136,0.25293517,0.039654702
5,5,melanocytic nevi,melanocytic nevi,0.00048635845,0.0011721036,0.0033390126,0.004090517,0.0012971283,0.9880514,0.0015634407
5,5,melanocytic nevi,melanocytic nevi,0.014630744,0.006857482,0.08025114,0.021682117,0.019162128,0.85650665,0.0009097588
5,5,melanocytic nevi,melanocytic nevi,0.00058848865,0.00021556174,0.252713,0.0005483526,0.15064251,0.59525925,3.2785734e-05
4,5,melanoma,melanocytic nevi,0.003815067,0.0030590442,0.077510364,0.003211244,0.15015694,0.7610611,0.0011862385
6,1,vascular lesions,basal cell carcinoma,0.13357413,0.32347745,0.21908294,0.07748534,0.07892859,0.08785383,0.07959778
5,5,melanocytic nevi,melanocytic nevi,0.00059911585,0.0001725801,0.019743389,0.0014613211,0.017177567,0.960771,7.503207e-05
4,5,melanoma,melanocytic nevi,0.0029481957,0.0014620413,0.012210978,0.0023405415,0.45595485,0.52243245,0.0026509026
5,5,melanocytic nevi,melanocytic nevi,0.0070574894,0.0027386236,0.055268563,0.009648556,0.119206734,0.8048419,0.0012380871
4,5,melanoma,melanocytic nevi,0.00016249316,9.3990384e-05,0.10729675,0.00013098735,0.30475202,0.5875199,4.392153e-05
5,5,melanocytic nevi,melanocytic nevi,0.0031196238,0.0016559067,0.020004557,0.0034808388,0.28893575,0.68038785,0.002415461
5,5,melanocytic nevi,melanocytic nevi,0.0001306383,0.00034157815,0.0010194504,0.0013779765,0.0005841526,0.99608994,0.00045625653
1,1,basal cell carcinoma,basal cell carcinoma,0.08317739,0.625246,0.07136757,0.07459964,0.017759914,0.08828577,0.039563783
2,1,benign keratosis-like lesions,basal cell carcinoma,0.23451747,0.40014887,0.092207454,0.07176979,0.040194687,0.06788136,0.093280315
5,5,melanocytic nevi,melanocytic nevi,0.0014613954,0.0010089342,0.014119644,0.0052276724,0.0063677887,0.9713094,0.00050512713
2,1,benign keratosis-like lesions,basal cell carcinoma,0.07354129,0.32988816,0.09971647,0.0773598,0.13493502,0.26853958,0.016019749
0,1,actinic keratoses and intraepithelial carcinoma,basal cell carcinoma,0.07065947,0.29069453,0.24101657,0.06587585,0.05978735,0.26080525,0.011161002
5,2,melanocytic nevi,benign keratosis-like lesions,0.07521207,0.090437904,0.46584228,0.04169957,0.100781865,0.22348,0.002546305
5,5,melanocytic nevi,melanocytic nevi,0.0017715578,0.001015292,0.1312913,0.0010350266,0.39831367,0.46615374,0.0004193311
2,4,benign keratosis-like lesions,melanoma,0.024151172,0.0039313976,0.05563522,0.004572824,0.7077873,0.20329455,0.00062754366
5,5,melanocytic nevi,melanocytic nevi,2.2917351e-05,2.5694011e-05,0.0009177556,0.0002500176,0.0005137948,0.9982462,2.3667544e-05
1,5,basal cell carcinoma,melanocytic nevi,0.041851237,0.12641428,0.31169656,0.0713369,0.059630584,0.38278633,0.00628414
5,5,melanocytic nevi,melanocytic nevi,0.0057821036,0.003532211,0.03413964,0.01340467,0.0041719084,0.938351,0.00061856786
2,2,benign keratosis-like lesions,benign keratosis-like lesions,0.18091877,0.010901345,0.578732,0.0054195826,0.20622848,0.01766118,0.00013866914
5,4,melanocytic nevi,melanoma,0.130778,0.05400116,0.14462624,0.039210163,0.4397168,0.18721887,0.004448826
5,5,melanocytic nevi,melanocytic nevi,0.0026238472,0.011161356,0.0051815435,0.028806496,0.0020082395,0.85256994,0.09764851
5,5,melanocytic nevi,melanocytic nevi,8.504045e-05,0.00032204707,0.00070911663,0.0014677615,0.0002081784,0.9963774,0.000830497
5,5,melanocytic nevi,melanocytic nevi,0.017552286,0.005299534,0.08130825,0.008385393,0.29712728,0.5895887,0.00073857844
5,5,melanocytic nevi,melanocytic nevi,0.0075183418,0.021016415,0.026065968,0.023191718,0.045302138,0.6889695,0.1879359
4,4,melanoma,melanoma,0.0121775605,0.012462255,0.04674559,0.0059274933,0.561487,0.30563462,0.055565413
5,5,melanocytic nevi,melanocytic nevi,0.0016192078,0.0015060469,0.1447999,0.0017328822,0.12086166,0.72916037,0.000319935
0,0,actinic keratoses and intraepithelial carcinoma,actinic keratoses and intraepithelial carcinoma,0.39949226,0.07032827,0.14060262,0.025698202,0.31592798,0.0443917,0.003558904
5,4,melanocytic nevi,melanoma,0.000112735645,2.1152022e-05,0.010487661,6.153045e-05,0.5552588,0.4340244,3.3721466e-05
5,5,melanocytic nevi,melanocytic nevi,0.0004755545,0.0021203298,0.0018529699,0.00637655,0.0007892106,0.97943807,0.00894733
1,2,basal cell carcinoma,benign keratosis-like lesions,0.025424758,0.107294716,0.43119696,0.050886504,0.07736973,0.30135876,0.006468602
2,2,benign keratosis-like lesions,benign keratosis-like lesions,0.2131525,0.076074414,0.38536733,0.038612083,0.22183391,0.063313864,0.0016458967
5,5,melanocytic nevi,melanocytic nevi,0.00048218796,0.0015296643,0.0025645373,0.006129797,0.00051159604,0.9844936,0.004288599
5,5,melanocytic nevi,melanocytic nevi,0.018618772,0.13917093,0.037300047,0.037130702,0.09846183,0.44324282,0.226075
5,4,melanocytic nevi,melanoma,0.10712676,0.01089614,0.17063475,0.011498151,0.58616924,0.11291135,0.0007636365
5,5,melanocytic nevi,melanocytic nevi,7.1231825e-06,4.4766375e-06,0.0003696683,7.089591e-05,0.000859685,0.9986816,6.395302e-06
4,2,melanoma,benign keratosis-like lesions,0.028914409,0.008322992,0.46112156,0.007922065,0.3525867,0.14078438,0.00034795114
5,5,melanocytic nevi,melanocytic nevi,0.005666063,0.00972635,0.0146923475,0.023172552,0.005368198,0.9349647,0.006409759
2,1,benign keratosis-like lesions,basal cell carcinoma,0.17485373,0.41070417,0.08229743,0.10371465,0.05791052,0.149492,0.02102756
5,1,melanocytic nevi,basal cell carcinoma,0.044321265,0.4204765,0.083597586,0.065253355,0.050535988,0.29543126,0.04038403
4,5,melanoma,melanocytic nevi,0.003599361,0.008268455,0.22654548,0.00458063,0.19879396,0.54917765,0.009034539
5,5,melanocytic nevi,melanocytic nevi,0.004845824,0.008807711,0.023545736,0.016717972,0.016198099,0.92095196,0.008932682
5,5,melanocytic nevi,melanocytic nevi,0.00020909024,0.00028210809,0.0025013257,0.0013131041,0.0016526202,0.9938775,0.00016424754
2,2,benign keratosis-like lesions,benign keratosis-like lesions,0.09004178,0.016309183,0.49136496,0.013173252,0.3083516,0.08020726,0.00055202853
2,2,benign keratosis-like lesions,benign keratosis-like lesions,0.030511586,0.0039398223,0.8840553,0.004837882,0.04414895,0.032457538,4.8945705e-05
5,5,melanocytic nevi,melanocytic nevi,0.0015344622,0.0011699642,0.0153678125,0.0052876226,0.0035223684,0.9727816,0.00033619598
5,5,melanocytic nevi,melanocytic nevi,0.00035659794,0.00034957752,0.0041357134,0.001814355,0.007575575,0.98484415,0.0009240397
5,5,melanocytic nevi,melanocytic nevi,0.0004082468,0.00014152673,0.010691701,0.0011722739,0.008331274,0.9792077,4.726098e-05
1,1,basal cell carcinoma,basal cell carcinoma,0.11959418,0.52505153,0.07787455,0.113415025,0.01572417,0.10954901,0.038791537
5,5,melanocytic nevi,melanocytic nevi,0.0017942351,0.011368772,0.03511124,0.010598716,0.0920813,0.77910376,0.06994194
1,5,basal cell carcinoma,melanocytic nevi,0.07104314,0.20459296,0.06379473,0.07755534,0.06897957,0.49209663,0.0219376
5,5,melanocytic nevi,melanocytic nevi,0.0006407093,0.00032790878,0.20288202,0.00056178,0.2108884,0.58465236,4.6804977e-05
5,5,melanocytic nevi,melanocytic nevi,0.01849198,0.013863894,0.039338812,0.025869511,0.03523567,0.86495245,0.0022476905
5,5,melanocytic nevi,melanocytic nevi,0.00029308334,0.0002835405,0.0039228327,0.0013008676,0.0048210635,0.9892464,0.000132211
5,6,melanocytic nevi,vascular lesions,0.011582696,0.17688,0.037692945,0.036540784,0.030988168,0.27370632,0.43260905
2,2,benign keratosis-like lesions,benign keratosis-like lesions,0.013445372,0.069805026,0.4986083,0.019415168,0.07015578,0.32598552,0.0025848432
4,4,melanoma,melanoma,0.00012700436,3.4303263e-05,0.03628758,7.37596e-05,0.549601,0.41379002,8.6324384e-05
5,5,melanocytic nevi,melanocytic nevi,0.0036133996,0.0010206763,0.11478262,0.00482668,0.09511432,0.78040767,0.00023462126
5,4,melanocytic nevi,melanoma,0.0021055005,0.0012473126,0.07548995,0.0011575932,0.46337652,0.45457178,0.0020513409
0,0,actinic keratoses and intraepithelial carcinoma,actinic keratoses and intraepithelial carcinoma,0.3581747,0.16215664,0.14565167,0.07640659,0.13212655,0.114678554,0.010805192
2,2,benign keratosis-like lesions,benign keratosis-like lesions,0.051844824,0.0057406696,0.82030237,0.004404085,0.094139494,0.023501506,6.698132e-05
6,5,vascular lesions,melanocytic nevi,0.0072710593,0.038622025,0.17458397,0.012865592,0.10280838,0.65554285,0.008306087
5,5,melanocytic nevi,melanocytic nevi,0.0366099,0.029348593,0.040956978,0.04633648,0.02549085,0.8096668,0.011590466
5,5,melanocytic nevi,melanocytic nevi,3.5792782e-05,2.2023216e-05,0.0009299671,0.00016527339,0.0054719653,0.99334186,3.3130644e-05
4,4,melanoma,melanoma,0.0064771143,0.0012478011,0.17650102,0.0020963335,0.5229733,0.2903998,0.00030468663
5,5,melanocytic nevi,melanocytic nevi,0.0015011667,0.00044741592,0.101225324,0.0010870248,0.3510801,0.54453474,0.00012427798
2,5,benign keratosis-like lesions,melanocytic nevi,0.07842599,0.04365005,0.17712343,0.03897743,0.21297128,0.44619852,0.0026533566
2,2,benign keratosis-like lesions,benign keratosis-like lesions,0.15278228,0.11455198,0.58690184,0.027013453,0.081752956,0.034064453,0.0029330528
5,5,melanocytic nevi,melanocytic nevi,0.0059229247,0.016462564,0.13296738,0.008070406,0.22543652,0.604285,0.0068552378
5,5,melanocytic nevi,melanocytic nevi,0.0017237755,0.0015746814,0.07427361,0.0016516924,0.16570199,0.7545881,0.0004860932
5,5,melanocytic nevi,melanocytic nevi,0.0031849865,0.0011609702,0.042452574,0.005979546,0.012945138,0.9340752,0.00020169231
0,0,actinic keratoses and intraepithelial carcinoma,actinic keratoses and intraepithelial carcinoma,0.5079417,0.21785386,0.09063761,0.0482722,0.09201926,0.030431615,0.012843745
5,5,melanocytic nevi,melanocytic nevi,0.00065796624,0.0024893486,0.0024511113,0.0069303582,0.0016156065,0.9777339,0.008121614
5,5,melanocytic nevi,melanocytic nevi,0.04776106,0.15891172,0.116334215,0.060748123,0.09504416,0.48978412,0.031416617
5,5,melanocytic nevi,melanocytic nevi,0.046372972,0.100367896,0.15068251,0.026243018,0.19001244,0.4635383,0.022782896
4,4,melanoma,melanoma,0.0004494475,0.000108138855,0.022375556,0.00023024566,0.59926087,0.37744802,0.0001277208
5,5,melanocytic nevi,melanocytic nevi,0.00022239819,0.00016530998,0.0037352433,0.0012028444,0.002576669,0.9919749,0.0001225666
1,1,basal cell carcinoma,basal cell carcinoma,0.050335057,0.5550303,0.103522606,0.0634233,0.023918577,0.16490988,0.038860355
5,5,melanocytic nevi,melanocytic nevi,0.012890385,0.0041022007,0.09439216,0.010818931,0.12453867,0.7521011,0.0011565428
5,5,melanocytic nevi,melanocytic nevi,0.0044065635,0.0049689976,0.0137677295,0.014839823,0.0038079156,0.9547152,0.00349377
5,5,melanocytic nevi,melanocytic nevi,0.00026615884,0.0002844533,0.0034779385,0.0012972405,0.0052100816,0.98927313,0.00019097074
5,5,melanocytic nevi,melanocytic nevi,0.003226309,0.012112005,0.005390528,0.023644825,0.0039175064,0.87873137,0.07297744
5,0,melanocytic nevi,actinic keratoses and intraepithelial carcinoma,0.3271265,0.08238688,0.2547917,0.03471654,0.22292903,0.0758762,0.002173178
6,6,vascular lesions,vascular lesions,0.01870354,0.10837326,0.014775011,0.045234725,0.017236026,0.120469786,0.6752077
4,4,melanoma,melanoma,0.015162469,0.0019154715,0.18045762,0.0048536477,0.5149307,0.28248107,0.00019902307
1,1,basal cell carcinoma,basal cell carcinoma,0.16330442,0.24189073,0.06852711,0.04860732,0.108143985,0.14477451,0.22475196
4,5,melanoma,melanocytic nevi,0.0012824562,0.0012536994,0.05459223,0.0009634235,0.4118394,0.5268254,0.0032432328
4,2,melanoma,benign keratosis-like lesions,0.08720002,0.005436282,0.6041218,0.003306995,0.27968457,0.020167293,8.30658e-05
5,5,melanocytic nevi,melanocytic nevi,0.0053038723,0.008994862,0.016143233,0.020083753,0.005166051,0.9402849,0.0040233782
5,5,melanocytic nevi,melanocytic nevi,0.002268396,0.0037208647,0.055480186,0.0044908314,0.10953238,0.81941044,0.005096882
5,5,melanocytic nevi,melanocytic nevi,7.55042e-05,8.206645e-06,0.007083351,8.8424844e-05,0.19897887,0.79375935,6.3559955e-06
1,5,basal cell carcinoma,melanocytic nevi,0.06381435,0.24082728,0.093421966,0.067471474,0.12353102,0.2878113,0.123122565
5,5,melanocytic nevi,melanocytic nevi,0.004674175,0.022469055,0.06997163,0.01071487,0.17255616,0.70854133,0.011072743
5,5,melanocytic nevi,melanocytic nevi,0.0016626356,0.0006683754,0.013399919,0.0014679291,0.2712482,0.71073496,0.0008179276
5,5,melanocytic nevi,melanocytic nevi,6.97254e-05,0.0001391493,0.0011829529,0.0007114816,0.0011945971,0.9964014,0.00030072563
5,5,melanocytic nevi,melanocytic nevi,0.0039765183,0.0016928471,0.045249484,0.008394968,0.009306873,0.93109137,0.00028788447
6,5,vascular lesions,melanocytic nevi,0.043945108,0.27087277,0.06363728,0.09774191,0.04152706,0.3544532,0.12782265
5,5,melanocytic nevi,melanocytic nevi,0.00013014319,0.00015875179,0.0017065099,0.0008965393,0.002531725,0.994379,0.0001973971
5,5,melanocytic nevi,melanocytic nevi,0.05584899,0.019956632,0.090657845,0.02031497,0.39918205,0.41033795,0.003701534
5,5,melanocytic nevi,melanocytic nevi,0.005916892,0.0020977254,0.063339576,0.005197454,0.13447496,0.7880546,0.0009188095
5,5,melanocytic nevi,melanocytic nevi,2.8604654e-05,1.2459926e-05,0.0010205944,9.133206e-05,0.024989733,0.9738265,3.0718238e-05
5,5,melanocytic nevi,melanocytic nevi,0.014523346,0.010186317,0.16980252,0.0076228394,0.24081008,0.5545448,0.0025100182
5,5,melanocytic nevi,melanocytic nevi,0.029172372,0.16420151,0.04795438,0.03720006,0.0591318,0.41494355,0.24739638
2,5,benign keratosis-like lesions,melanocytic nevi,0.18429644,0.20296769,0.081086166,0.12415593,0.04098432,0.3010181,0.06549132
1,1,basal cell carcinoma,basal cell carcinoma,0.045851305,0.41320148,0.09218251,0.051428974,0.07510346,0.2344871,0.08774516
4,4,melanoma,melanoma,0.0074582263,0.0047278106,0.051222596,0.004117724,0.5067061,0.42160213,0.004165444
5,5,melanocytic nevi,melanocytic nevi,0.0024802657,0.0029775992,0.010723744,0.00782211,0.013330212,0.95988643,0.002779597
5,5,melanocytic nevi,melanocytic nevi,0.0020890292,0.002929644,0.013468474,0.008487897,0.0045605623,0.9673623,0.0011020643
5,5,melanocytic nevi,melanocytic nevi,0.00056407,0.001113849,0.002716779,0.0036489184,0.004200166,0.9854181,0.0023381435
5,5,melanocytic nevi,melanocytic nevi,0.08088096,0.0778118,0.17369707,0.057464473,0.12822294,0.4749292,0.0069935145
5,5,melanocytic nevi,melanocytic nevi,0.0038930795,0.0076409033,0.01179909,0.020574138,0.0032537002,0.9447048,0.00813441
5,5,melanocytic nevi,melanocytic nevi,0.00014819107,0.00014606552,0.0022357788,0.00083176116,0.0026625989,0.993842,0.00013348197
5,5,melanocytic nevi,melanocytic nevi,0.008572851,0.019183952,0.3265368,0.013994121,0.11430886,0.48696935,0.030434104
5,5,melanocytic nevi,melanocytic nevi,0.0006258321,0.0003742178,0.01109359,0.0020465963,0.009959733,0.9757775,0.00012254372
1,1,basal cell carcinoma,basal cell carcinoma,0.24800281,0.51251554,0.064771764,0.075735584,0.0358946,0.037856705,0.025223
5,5,melanocytic nevi,melanocytic nevi,0.028346784,0.3329555,0.114692375,0.060858104,0.05386928,0.38903162,0.020246388
5,5,melanocytic nevi,melanocytic nevi,0.00015601417,5.090967e-05,0.0041345344,0.00048639983,0.009071563,0.9860744,2.6184296e-05
4,5,melanoma,melanocytic nevi,0.041501332,0.16026686,0.12321259,0.04556738,0.13565928,0.4505646,0.043228053
5,5,melanocytic nevi,melanocytic nevi,0.002141815,0.007125918,0.00800044,0.013963299,0.013636808,0.91915303,0.035978798
5,5,melanocytic nevi,melanocytic nevi,0.0032138256,0.0029011397,0.32687336,0.003557067,0.13742197,0.52517104,0.00086160563
1,2,basal cell carcinoma,benign keratosis-like lesions,0.20533983,0.14995664,0.4398592,0.048785,0.095741026,0.058138017,0.0021802536
5,5,melanocytic nevi,melanocytic nevi,0.0024617321,0.004607796,0.008363075,0.0089642545,0.021696923,0.9386735,0.015232687
2,2,benign keratosis-like lesions,benign keratosis-like lesions,0.2290222,0.09614976,0.5255426,0.03067539,0.080637775,0.035646208,0.0023260491
0,1,actinic keratoses and intraepithelial carcinoma,basal cell carcinoma,0.18954082,0.37378585,0.1495961,0.09600998,0.075814866,0.09859721,0.01665517
5,5,melanocytic nevi,melanocytic nevi,0.0048585203,0.002193638,0.03784796,0.004450116,0.41954467,0.52932054,0.0017845437
5,5,melanocytic nevi,melanocytic nevi,0.00357031,0.00060335954,0.032981,0.0029088766,0.15824391,0.8015288,0.00016367488
1,6,basal cell carcinoma,vascular lesions,0.008078629,0.033008926,0.005315375,0.029766368,0.006493085,0.10728949,0.8100482
5,5,melanocytic nevi,melanocytic nevi,0.0032020314,0.005065395,0.071101375,0.0038937458,0.13309592,0.78130704,0.002334487
5,5,melanocytic nevi,melanocytic nevi,0.0048659807,0.009092939,0.012187911,0.019412922,0.019198501,0.91512436,0.020117428
5,5,melanocytic nevi,melanocytic nevi,0.011821781,0.011587584,0.03197924,0.015719775,0.13268733,0.78171015,0.014494182
5,5,melanocytic nevi,melanocytic nevi,0.0014535896,0.0009023474,0.15157956,0.0014987149,0.16772112,0.67663634,0.0002083284
2,2,benign keratosis-like lesions,benign keratosis-like lesions,0.20457312,0.09244998,0.3533587,0.051343825,0.2119664,0.077389345,0.008918609
5,5,melanocytic nevi,melanocytic nevi,0.00036161128,0.0015712704,0.0018293177,0.0052803485,0.00068313954,0.9832788,0.0069955657
1,0,basal cell carcinoma,actinic keratoses and intraepithelial carcinoma,0.28757292,0.26335785,0.09392031,0.11368264,0.049632978,0.13450426,0.05732908
5,5,melanocytic nevi,melanocytic nevi,0.0695552,0.05302206,0.16937861,0.06218201,0.023739846,0.6182575,0.0038646678
5,5,melanocytic nevi,melanocytic nevi,5.6020323e-05,0.00019243413,0.0006405057,0.0009931824,0.0001538004,0.99761474,0.00034933427
5,5,melanocytic nevi,melanocytic nevi,0.0018338164,0.0006741873,0.026678158,0.0015153332,0.3492176,0.6190837,0.0009972294
4,0,melanoma,actinic keratoses and intraepithelial carcinoma,0.24941199,0.14918184,0.2133478,0.071251124,0.16630681,0.1436577,0.0068427525
2,2,benign keratosis-like lesions,benign keratosis-like lesions,0.07001085,0.2561318,0.30960953,0.04659357,0.09120768,0.20469107,0.021755496
5,5,melanocytic nevi,melanocytic nevi,0.0011375657,0.0018399108,0.008019671,0.006364525,0.002951043,0.97802097,0.0016663618
5,5,melanocytic nevi,melanocytic nevi,0.0017876915,0.00017440868,0.02090376,0.0011111822,0.2151611,0.76078653,7.532565e-05
5,5,melanocytic nevi,melanocytic nevi,5.7326826e-05,1.3801358e-05,0.004318595,9.3422925e-05,0.2067997,0.78869,2.713597e-05
5,5,melanocytic nevi,melanocytic nevi,0.0016435436,0.0028905435,0.08223548,0.001990539,0.20137264,0.70656323,0.0033040463
2,1,benign keratosis-like lesions,basal cell carcinoma,0.17425527,0.27260506,0.19813418,0.094758146,0.062979944,0.18244423,0.014823174
5,5,melanocytic nevi,melanocytic nevi,0.0005312555,0.0015144263,0.0022077996,0.0063815024,0.001891267,0.9761203,0.011353378
4,0,melanoma,actinic keratoses and intraepithelial carcinoma,0.41214252,0.28779313,0.1070473,0.064183824,0.08254424,0.027114628,0.01917435
5,5,melanocytic nevi,melanocytic nevi,0.047626577,0.034090683,0.124600545,0.028988656,0.3314299,0.42752695,0.005736721
5,5,melanocytic nevi,melanocytic nevi,0.010146921,0.021114469,0.1591781,0.011661727,0.18921497,0.60621476,0.00246911
5,5,melanocytic nevi,melanocytic nevi,9.5873664e-05,9.1553375e-05,0.0021702098,0.00071492867,0.00095643627,0.9959193,5.1755385e-05
5,4,melanocytic nevi,melanoma,0.016488612,0.006622522,0.079403386,0.006689119,0.5166698,0.37109756,0.003028991
3,2,dermatofibroma,benign keratosis-like lesions,0.1404823,0.19081539,0.2606364,0.06765768,0.14611417,0.18097207,0.013322062
1,1,basal cell carcinoma,basal cell carcinoma,0.118747525,0.546896,0.1763764,0.059570238,0.035139006,0.054488827,0.0087820245
5,5,melanocytic nevi,melanocytic nevi,0.0018505498,0.0042768694,0.006187329,0.012414286,0.0019193819,0.96619564,0.0071559525
5,5,melanocytic nevi,melanocytic nevi,0.00013496804,0.00011914614,0.0026636363,0.00082316087,0.0021496774,0.99400264,0.00010668586
1,6,basal cell carcinoma,vascular lesions,0.032022774,0.22769496,0.034957744,0.043307144,0.021076959,0.1337628,0.5071776
5,5,melanocytic nevi,melanocytic nevi,0.00023815355,0.00025504816,0.002485308,0.0012229492,0.0016893141,0.9939797,0.00012956967
5,5,melanocytic nevi,melanocytic nevi,0.003647773,0.0007634409,0.10166788,0.0017819185,0.386238,0.5055977,0.00030319925
5,4,melanocytic nevi,melanoma,0.14938618,0.0786988,0.24877276,0.02745611,0.3855489,0.10130711,0.00883015
2,2,benign keratosis-like lesions,benign keratosis-like lesions,0.10118094,0.03282503,0.7437134,0.019529594,0.065921694,0.036377646,0.0004516766
5,5,melanocytic nevi,melanocytic nevi,0.0060551325,0.0066740145,0.42274433,0.0062561464,0.10128155,0.45632,0.00066879136
5,5,melanocytic nevi,melanocytic nevi,0.00194902,0.005975279,0.053428978,0.0041125873,0.18550487,0.7412098,0.007819495
5,0,melanocytic nevi,actinic keratoses and intraepithelial carcinoma,0.40695435,0.12385794,0.16429836,0.04968436,0.20459986,0.043500297,0.0071048522
5,5,melanocytic nevi,melanocytic nevi,0.0012212369,0.0029418843,0.005487242,0.008942714,0.0017188792,0.97576785,0.0039201807
5,5,melanocytic nevi,melanocytic nevi,0.008682536,0.003111649,0.05653464,0.005335567,0.22392496,0.701498,0.0009126638
6,6,vascular lesions,vascular lesions,0.0025194176,0.011207993,0.0033130795,0.016354965,0.0037171491,0.07451352,0.88837385
5,4,melanocytic nevi,melanoma,0.00037866156,0.00017605873,0.08025173,0.00018454772,0.53274435,0.38613907,0.00012558553
3,4,dermatofibroma,melanoma,0.27947918,0.054380395,0.17820674,0.037098996,0.3505736,0.0950403,0.0052206926
1,1,basal cell carcinoma,basal cell carcinoma,0.24746494,0.5216443,0.09340041,0.060215037,0.03277145,0.0312408,0.013263097
1,5,basal cell carcinoma,melanocytic nevi,0.017722694,0.07044973,0.061577998,0.06689168,0.015888374,0.74034595,0.027123567
5,5,melanocytic nevi,melanocytic nevi,0.0020137434,0.0017732142,0.027294438,0.0021148766,0.30762094,0.6565491,0.0026337001
5,5,melanocytic nevi,melanocytic nevi,3.271119e-05,2.184755e-05,0.0008471543,0.00016412359,0.0073816646,0.9915167,3.5729914e-05
5,5,melanocytic nevi,melanocytic nevi,0.0021273883,0.022869444,0.034465097,0.017046854,0.052683268,0.82207364,0.048734315
2,2,benign keratosis-like lesions,benign keratosis-like lesions,0.15044777,0.10495576,0.50827307,0.05680666,0.082993574,0.09260198,0.0039211493
5,5,melanocytic nevi,melanocytic nevi,0.0055413917,0.030866193,0.084901296,0.020387502,0.09315462,0.7520906,0.01305838
5,5,melanocytic nevi,melanocytic nevi,0.015032164,0.17768866,0.043299217,0.05961803,0.04063228,0.51891196,0.14481772
5,5,melanocytic nevi,melanocytic nevi,0.007454941,0.003101393,0.04776596,0.007874595,0.15473923,0.77770257,0.0013612569
4,5,melanoma,melanocytic nevi,0.0017202661,0.00189789,0.04060801,0.0017074194,0.45377114,0.49268994,0.0076052123
5,5,melanocytic nevi,melanocytic nevi,0.00019668322,0.00011106944,0.0032237258,0.0007960424,0.006311147,0.98929965,6.165913e-05
5,5,melanocytic nevi,melanocytic nevi,0.00030026698,0.0009829182,0.0013300512,0.0038600957,0.0006399552,0.98878646,0.004100212
2,2,benign keratosis-like lesions,benign keratosis-like lesions,0.054151565,0.015018392,0.5450927,0.01007815,0.29048368,0.0846563,0.0005191818
5,5,melanocytic nevi,melanocytic nevi,0.00032663278,0.0009229546,0.0021643161,0.0034003004,0.0006393617,0.99108714,0.0014593886
5,5,melanocytic nevi,melanocytic nevi,0.00084864174,0.0031975384,0.0026458364,0.009694381,0.0013315347,0.9656412,0.016640963
5,5,melanocytic nevi,melanocytic nevi,0.00039106442,0.00015194678,0.18779282,0.00029790789,0.19965744,0.61168456,2.4281659e-05
5,5,melanocytic nevi,melanocytic nevi,6.611349e-05,0.00013318585,0.0010297544,0.0007398322,0.0005167056,0.9973525,0.00016193227
5,5,melanocytic nevi,melanocytic nevi,0.0032218953,0.016171293,0.009126552,0.02539358,0.0055379863,0.8994528,0.041095942
6,6,vascular lesions,vascular lesions,0.008551344,0.08639764,0.009585485,0.04600075,0.0068701888,0.19443706,0.64815754
5,5,melanocytic nevi,melanocytic nevi,0.005897057,0.011109106,0.06249108,0.0058508334,0.24619369,0.66548216,0.002975965
5,5,melanocytic nevi,melanocytic nevi,0.0006311772,0.00024545283,0.19814065,0.00045387392,0.36511746,0.43531007,0.00010127807
4,4,melanoma,melanoma,0.12110717,0.119195715,0.24060705,0.0361351,0.29038936,0.17271248,0.019853178
5,5,melanocytic nevi,melanocytic nevi,0.00013446457,0.000166024,0.13914298,0.00017791503,0.14474973,0.71549124,0.00013760041
5,5,melanocytic nevi,melanocytic nevi,0.00040915213,0.0009293371,0.0020716607,0.0040997434,0.0015303559,0.9873459,0.0036138278
2,2,benign keratosis-like lesions,benign keratosis-like lesions,0.13190317,0.17363457,0.49260744,0.033941258,0.08684688,0.07818135,0.0028853975
5,5,melanocytic nevi,melanocytic nevi,0.00066999573,0.0017930614,0.010484675,0.003996927,0.006255341,0.97426516,0.002534803
5,2,melanocytic nevi,benign keratosis-like lesions,0.023068074,0.17736104,0.3403232,0.054440837,0.040359043,0.33122295,0.033224903
5,5,melanocytic nevi,melanocytic nevi,0.0022668827,0.016492268,0.07049456,0.010596241,0.049934313,0.84190786,0.008307842
2,5,benign keratosis-like lesions,melanocytic nevi,0.011534669,0.0044224155,0.3174501,0.009958941,0.18375292,0.47253948,0.00034150953
5,5,melanocytic nevi,melanocytic nevi,0.0038960073,0.0009635994,0.021620786,0.0053577204,0.016296836,0.95170957,0.00015551061
5,0,melanocytic nevi,actinic keratoses and intraepithelial carcinoma,0.34856346,0.155933,0.14718054,0.051702615,0.20461169,0.08219861,0.009810051
5,5,melanocytic nevi,melanocytic nevi,0.00013863915,7.710451e-05,0.004324037,0.0004352732,0.02143163,0.97353214,6.113008e-05
5,5,melanocytic nevi,melanocytic nevi,0.0017240563,0.0010889821,0.05185713,0.0015446155,0.41574425,0.52705985,0.000981142
5,2,melanocytic nevi,benign keratosis-like lesions,0.119192444,0.24482793,0.3995318,0.07520885,0.04440135,0.10903465,0.007802961
5,5,melanocytic nevi,melanocytic nevi,0.06343146,0.130298,0.10322343,0.046574317,0.25218078,0.35858038,0.045711663
2,4,benign keratosis-like lesions,melanoma,0.00925383,0.0010267154,0.16201626,0.0019850302,0.6256689,0.1999263,0.00012300268
5,5,melanocytic nevi,melanocytic nevi,0.00033983626,0.00040259375,0.0033614929,0.002126784,0.0017276375,0.9917086,0.0003331466
1,4,basal cell carcinoma,melanoma,0.123487495,0.051000256,0.3432836,0.014209298,0.3613997,0.103756756,0.002862882
5,5,melanocytic nevi,melanocytic nevi,0.004358398,0.002385766,0.09258845,0.0033334766,0.33856648,0.55680555,0.0019618657
5,5,melanocytic nevi,melanocytic nevi,0.001250431,0.0009897599,0.07280427,0.0012954309,0.3551329,0.5677009,0.00082619727
5,5,melanocytic nevi,melanocytic nevi,0.00069307827,0.0013014876,0.005566991,0.0042123105,0.00706399,0.9780447,0.0031173578
4,4,melanoma,melanoma,0.06855077,0.055396672,0.14439802,0.02493433,0.3574667,0.3444263,0.0048271026
5,5,melanocytic nevi,melanocytic nevi,0.0013007153,0.009557633,0.039848126,0.009749998,0.052052867,0.81718886,0.070301756
4,5,melanoma,melanocytic nevi,0.00031578727,0.00014709188,0.053225417,0.0002097749,0.4047273,0.5412912,8.34391e-05
5,5,melanocytic nevi,melanocytic nevi,1.4316587e-05,1.7816907e-05,0.00033609048,0.0001776366,0.00038768537,0.9990374,2.9023664e-05
5,5,melanocytic nevi,melanocytic nevi,0.026783379,0.048666976,0.047827903,0.048121747,0.032708637,0.7805586,0.015332738
5,2,melanocytic nevi,benign keratosis-like lesions,0.05705578,0.039801512,0.38264015,0.022817424,0.19737458,0.29789656,0.0024140095
5,5,melanocytic nevi,melanocytic nevi,0.0066948626,0.002903107,0.0520057,0.011324588,0.035957824,0.89024806,0.000865929
5,5,melanocytic nevi,melanocytic nevi,0.00024218409,0.00046574682,0.0014091147,0.0022264135,0.0008698434,0.9937453,0.0010413124
5,5,melanocytic nevi,melanocytic nevi,0.032218404,0.009998685,0.13418092,0.025132785,0.04648364,0.7511716,0.0008139314
5,5,melanocytic nevi,melanocytic nevi,0.0039373296,0.0014499131,0.09780334,0.0027566154,0.30200484,0.5916935,0.0003544981
5,5,melanocytic nevi,melanocytic nevi,0.0005661267,0.0014384976,0.052251514,0.0014948804,0.071230784,0.8713446,0.0016735247
5,5,melanocytic nevi,melanocytic nevi,8.622458e-05,2.6794505e-05,0.039776806,6.107611e-05,0.36255357,0.59747845,1.705903e-05
5,5,melanocytic nevi,melanocytic nevi,7.40855e-05,0.00011379311,0.0014478655,0.0006694552,0.00046920194,0.9971559,6.9748254e-05
5,5,melanocytic nevi,melanocytic nevi,0.002409974,0.0020287023,0.09653307,0.001790993,0.33355668,0.56296045,0.0007202715
5,5,melanocytic nevi,melanocytic nevi,2.9330751e-05,6.244174e-06,0.009245325,1.9193796e-05,0.37498203,0.6157076,1.0313022e-05
5,5,melanocytic nevi,melanocytic nevi,0.006125725,0.0031093615,0.047394656,0.010796611,0.00926436,0.92293286,0.00037647
1,1,basal cell carcinoma,basal cell carcinoma,0.06970441,0.5780055,0.12850364,0.09927178,0.01865228,0.090068124,0.015794229
5,5,melanocytic nevi,melanocytic nevi,0.14246199,0.14625897,0.16624969,0.06715022,0.110513404,0.3602761,0.007089634
5,5,melanocytic nevi,melanocytic nevi,0.00014162231,0.00020086937,0.0015922394,0.0011541484,0.0007346032,0.995952,0.0002244485
4,5,melanoma,melanocytic nevi,0.00025980658,6.415036e-05,0.01652884,0.00015698346,0.4598049,0.52305096,0.00013427764
5,5,melanocytic nevi,melanocytic nevi,0.006161661,0.029109556,0.03994918,0.024110919,0.059125535,0.80567724,0.03586591
5,0,melanocytic nevi,actinic keratoses and intraepithelial carcinoma,0.34970933,0.20901294,0.27522418,0.032583237,0.0992942,0.029688615,0.004487497
5,5,melanocytic nevi,melanocytic nevi,0.0072056144,0.008910476,0.35195526,0.010313655,0.0954118,0.5254755,0.0007277433
5,5,melanocytic nevi,melanocytic nevi,0.0024250078,0.005144786,0.008745477,0.008186505,0.013665486,0.95920384,0.0026289253
5,5,melanocytic nevi,melanocytic nevi,0.0025427055,0.0017914411,0.022182621,0.004329474,0.10487036,0.86202407,0.0022593657
5,6,melanocytic nevi,vascular lesions,0.0023320632,0.036418173,0.005221101,0.014173622,0.007964289,0.10156064,0.8323301
5,5,melanocytic nevi,melanocytic nevi,0.0076472894,0.020224003,0.10083439,0.012339657,0.17856817,0.6742772,0.0061092903
5,5,melanocytic nevi,melanocytic nevi,0.051843572,0.07515001,0.14586768,0.043142084,0.09683161,0.5549767,0.03218832
5,5,melanocytic nevi,melanocytic nevi,0.049728133,0.04510487,0.18764922,0.043903656,0.16113211,0.50814545,0.0043365895
0,0,actinic keratoses and intraepithelial carcinoma,actinic keratoses and intraepithelial carcinoma,0.34229332,0.24109937,0.098895274,0.05150184,0.16854008,0.07107224,0.026597874
5,5,melanocytic nevi,melanocytic nevi,0.00096263445,0.0008007443,0.017130315,0.0014429813,0.26975048,0.7082031,0.0017097669
5,5,melanocytic nevi,melanocytic nevi,0.00028021718,0.0002537903,0.13701053,0.00025770025,0.21111116,0.6507778,0.00030879353
5,5,melanocytic nevi,melanocytic nevi,0.03125813,0.093510665,0.07178127,0.02283007,0.21257183,0.37337232,0.19467577
2,5,benign keratosis-like lesions,melanocytic nevi,0.0015851832,0.0008656623,0.060585164,0.0019073326,0.22006196,0.71362746,0.0013672903
3,2,dermatofibroma,benign keratosis-like lesions,0.2265433,0.12734152,0.23027189,0.098116405,0.10633181,0.20404635,0.00734871
5,5,melanocytic nevi,melanocytic nevi,0.021997344,0.008020763,0.15805262,0.017021777,0.21278127,0.58045286,0.0016733534
5,4,melanocytic nevi,melanoma,0.0033171978,0.0008769228,0.1767958,0.0016042618,0.49242827,0.3247046,0.0002729765
5,5,melanocytic nevi,melanocytic nevi,0.022069179,0.06577088,0.14639674,0.01417266,0.14061385,0.586328,0.024648622
2,5,benign keratosis-like lesions,melanocytic nevi,0.072854415,0.08708508,0.12034506,0.07551336,0.056705482,0.576158,0.011338609
2,5,benign keratosis-like lesions,melanocytic nevi,0.05347618,0.033876326,0.056110535,0.043928303,0.20584364,0.59401757,0.012747452
5,5,melanocytic nevi,melanocytic nevi,0.014229462,0.0728361,0.045623835,0.036425233,0.04656025,0.6722211,0.11210404
5,5,melanocytic nevi,melanocytic nevi,0.0022510213,0.00047675235,0.07988961,0.0033728967,0.0324402,0.88147527,9.4297866e-05
2,2,benign keratosis-like lesions,benign keratosis-like lesions,0.06992513,0.028160695,0.55605155,0.010555068,0.2644044,0.069925226,0.0009779369
2,2,benign keratosis-like lesions,benign keratosis-like lesions,0.024880396,0.008536354,0.35890746,0.012570966,0.24657959,0.34763813,0.000887096
2,1,benign keratosis-like lesions,basal cell carcinoma,0.25709048,0.46981254,0.09724609,0.082154095,0.031144317,0.0495075,0.01304493
5,5,melanocytic nevi,melanocytic nevi,0.00078073627,0.0010183493,0.0058689425,0.0044494113,0.0038256736,0.9825518,0.00150508
0,2,actinic keratoses and intraepithelial carcinoma,benign keratosis-like lesions,0.12248692,0.24151447,0.31453976,0.077731535,0.038693108,0.1916158,0.013418334
5,5,melanocytic nevi,melanocytic nevi,0.054502614,0.18631981,0.1119144,0.081332065,0.07776466,0.4625394,0.025627054
1,0,basal cell carcinoma,actinic keratoses and intraepithelial carcinoma,0.4012355,0.2901893,0.097529724,0.06684988,0.08246335,0.037258666,0.024473503
2,0,benign keratosis-like lesions,actinic keratoses and intraepithelial carcinoma,0.46726444,0.12893699,0.1911894,0.029601108,0.15016215,0.026744166,0.0061017354
2,2,benign keratosis-like lesions,benign keratosis-like lesions,0.17193155,0.12974344,0.49815783,0.052583992,0.07176035,0.07369053,0.0021323182
1,1,basal cell carcinoma,basal cell carcinoma,0.20368092,0.42619315,0.20735194,0.04782279,0.05262095,0.046867564,0.015462698
5,5,melanocytic nevi,melanocytic nevi,8.2866274e-05,0.00029411583,0.0007593856,0.0011675602,0.00035014036,0.9967662,0.00057980086
5,5,melanocytic nevi,melanocytic nevi,0.011772253,0.013421397,0.13105583,0.012062973,0.12941964,0.699479,0.0027889805
5,2,melanocytic nevi,benign keratosis-like lesions,0.0030315837,0.007651328,0.47215155,0.010000568,0.03541721,0.47028536,0.0014623691
5,5,melanocytic nevi,melanocytic nevi,0.0044671516,0.002757835,0.029859742,0.010237672,0.0058566723,0.94624996,0.00057087775
5,5,melanocytic nevi,melanocytic nevi,0.002683515,0.0009662796,0.14751743,0.0019043131,0.3532288,0.49353847,0.00016117151
4,2,melanoma,benign keratosis-like lesions,0.023408426,0.02005276,0.585073,0.017103124,0.11089707,0.24277773,0.0006878647
5,5,melanocytic nevi,melanocytic nevi,0.0060195182,0.0024924811,0.116907075,0.009677681,0.030849151,0.8337831,0.0002710525
5,5,melanocytic nevi,melanocytic nevi,0.005280684,0.0048877345,0.06397465,0.003784262,0.38145855,0.53606904,0.004545014
2,5,benign keratosis-like lesions,melanocytic nevi,0.0015609373,0.00096196926,0.10624255,0.00087016437,0.22134171,0.66870034,0.00032227786
5,5,melanocytic nevi,melanocytic nevi,0.0013125439,0.00042582772,0.01466752,0.0015685485,0.190928,0.79072857,0.00036901765
5,5,melanocytic nevi,melanocytic nevi,0.0009883179,0.0012994284,0.008115974,0.0038695848,0.017282164,0.96685636,0.00158827
1,1,basal cell carcinoma,basal cell carcinoma,0.080651134,0.48270258,0.21223572,0.07275825,0.027709305,0.115887284,0.008055772
5,5,melanocytic nevi,melanocytic nevi,0.001196319,0.0016435503,0.007419993,0.0063199783,0.0019214052,0.9802526,0.0012460279
5,5,melanocytic nevi,melanocytic nevi,0.0018906143,0.0005715802,0.05169281,0.0014073529,0.33867672,0.60549504,0.00026583127
5,5,melanocytic nevi,melanocytic nevi,0.014482009,0.056720015,0.039334863,0.029191978,0.073484555,0.7561836,0.03060289
5,5,melanocytic nevi,melanocytic nevi,0.17042722,0.18373895,0.16412465,0.08138387,0.13441594,0.2525853,0.01332407
5,5,melanocytic nevi,melanocytic nevi,0.019559499,0.10038573,0.34157363,0.04756344,0.051981788,0.43722907,0.0017068335
2,2,benign keratosis-like lesions,benign keratosis-like lesions,0.07442117,0.011813838,0.7823297,0.010056094,0.09366987,0.027570514,0.00013890518
2,0,benign keratosis-like lesions,actinic keratoses and intraepithelial carcinoma,0.48507357,0.13925448,0.14807613,0.057257053,0.12104403,0.03628695,0.013007811
5,5,melanocytic nevi,melanocytic nevi,0.0014025925,0.001099101,0.004639396,0.0037097596,0.030620292,0.9557077,0.0028212029
5,5,melanocytic nevi,melanocytic nevi,0.024519041,0.12871103,0.06855022,0.053792156,0.045679692,0.5544421,0.12430577
1,1,basal cell carcinoma,basal cell carcinoma,0.11186139,0.5856662,0.16030285,0.048231542,0.030195175,0.047795925,0.015946906
1,1,basal cell carcinoma,basal cell carcinoma,0.14033352,0.6229381,0.09571315,0.06806369,0.017359266,0.040226277,0.015365997
5,5,melanocytic nevi,melanocytic nevi,0.0030440276,0.0020976705,0.08631933,0.002540062,0.24827754,0.65697974,0.00074161106
2,2,benign keratosis-like lesions,benign keratosis-like lesions,0.023622476,0.008950175,0.5367676,0.008742477,0.22944762,0.19206583,0.00040380607
5,5,melanocytic nevi,melanocytic nevi,0.0014864543,0.0046173427,0.0041689454,0.01572161,0.0026176532,0.9406165,0.030771593
5,5,melanocytic nevi,melanocytic nevi,0.002367476,0.0018863846,0.013181783,0.006143923,0.016632225,0.95851564,0.0012725199
5,5,melanocytic nevi,melanocytic nevi,0.10958023,0.037185255,0.10201057,0.0618371,0.07071728,0.6152718,0.0033977788
2,2,benign keratosis-like lesions,benign keratosis-like lesions,0.16128923,0.15737091,0.43476337,0.027906412,0.13296604,0.08146282,0.0042412058
5,1,melanocytic nevi,basal cell carcinoma,0.063056685,0.45630524,0.07874727,0.08630034,0.033333626,0.23335817,0.04889859
5,5,melanocytic nevi,melanocytic nevi,1.753506e-05,1.5635513e-05,0.00054323935,0.00016510795,0.0006796407,0.9985638,1.5074936e-05
5,5,melanocytic nevi,melanocytic nevi,0.05033533,0.11482614,0.047398806,0.045898285,0.14394988,0.38917795,0.20841362
5,4,melanocytic nevi,melanoma,0.013692799,0.006657306,0.054071162,0.0048835212,0.50820005,0.41018265,0.0023124896
1,1,basal cell carcinoma,basal cell carcinoma,0.071502335,0.636932,0.105007164,0.07750144,0.01964098,0.0742609,0.015155148
5,5,melanocytic nevi,melanocytic nevi,0.0010600361,0.00080045266,0.018979175,0.0029376617,0.027218692,0.9487873,0.00021669769
5,5,melanocytic nevi,melanocytic nevi,0.013385881,0.005108491,0.052453216,0.007259287,0.42809477,0.49143484,0.0022635146
5,5,melanocytic nevi,melanocytic nevi,0.0026767259,0.0032151444,0.009223922,0.009295711,0.008549309,0.9636746,0.003364724
5,5,melanocytic nevi,melanocytic nevi,0.0014336153,0.00394254,0.06314361,0.004146599,0.058223296,0.86691236,0.0021980307
2,2,benign keratosis-like lesions,benign keratosis-like lesions,0.20852447,0.030177485,0.5721638,0.009055168,0.16499566,0.014717245,0.00036617237
5,5,melanocytic nevi,melanocytic nevi,0.0038937523,0.0010883836,0.07159515,0.0058609582,0.037180915,0.8801833,0.00019755737
5,5,melanocytic nevi,melanocytic nevi,0.004394274,0.0044223256,0.019825479,0.012518306,0.004719433,0.95307535,0.0010447862
0,2,actinic keratoses and intraepithelial carcinoma,benign keratosis-like lesions,0.023185592,0.03740892,0.369506,0.01730211,0.24554063,0.29375163,0.013305115
5,5,melanocytic nevi,melanocytic nevi,0.002914709,0.0018714246,0.1398568,0.0034045803,0.1575755,0.6941307,0.00024623814
5,5,melanocytic nevi,melanocytic nevi,0.0011504125,0.0016376032,0.0063196947,0.006502971,0.0009259583,0.98259014,0.0008732235
5,5,melanocytic nevi,melanocytic nevi,0.011441891,0.32088295,0.13155216,0.05016124,0.027679352,0.42911536,0.029167077
4,4,melanoma,melanoma,0.0519088,0.07477303,0.09070158,0.016152613,0.501273,0.18399715,0.08119385
5,5,melanocytic nevi,melanocytic nevi,0.011986689,0.12320863,0.050542332,0.029567521,0.080348484,0.65988374,0.044462577
5,5,melanocytic nevi,melanocytic nevi,0.00079853024,0.00074653496,0.0077021713,0.0039183404,0.0021985,0.9841138,0.000522148
5,5,melanocytic nevi,melanocytic nevi,0.0111500565,0.012451728,0.21809816,0.008131654,0.292633,0.45654356,0.0009918831
5,5,melanocytic nevi,melanocytic nevi,0.0011100554,0.00049098686,0.05133042,0.0005650677,0.41947243,0.5267242,0.00030692838
4,5,melanoma,melanocytic nevi,0.009698712,0.0062297727,0.182674,0.0054292316,0.29439428,0.50072265,0.0008513206
5,5,melanocytic nevi,melanocytic nevi,0.008700398,0.04193645,0.015448359,0.04030323,0.013637807,0.7554273,0.124546535
5,5,melanocytic nevi,melanocytic nevi,0.0003962398,7.5624695e-05,0.03963198,0.00014486503,0.42758593,0.53213596,2.9356272e-05
4,5,melanoma,melanocytic nevi,0.0031851642,0.005571039,0.10518721,0.0035168992,0.16355225,0.71771705,0.0012703469
4,5,melanoma,melanocytic nevi,0.00022806578,6.629122e-05,0.020080592,0.0001348791,0.489267,0.49013263,9.0476715e-05
3,6,dermatofibroma,vascular lesions,0.02475693,0.08759602,0.021613708,0.052082613,0.011531833,0.11326091,0.6891579
2,1,benign keratosis-like lesions,basal cell carcinoma,0.058717918,0.51998836,0.16793332,0.06540573,0.042323425,0.12895842,0.016672792
4,5,melanoma,melanocytic nevi,0.002351989,0.0066893613,0.06466234,0.0038283668,0.15756741,0.7506824,0.01421814
5,5,melanocytic nevi,melanocytic nevi,0.0024967445,0.002596263,0.09291907,0.0034675635,0.13640265,0.7616192,0.0004985174
4,2,melanoma,benign keratosis-like lesions,0.16276754,0.011374167,0.67439026,0.008623929,0.12441134,0.018308556,0.00012420304
2,0,benign keratosis-like lesions,actinic keratoses and intraepithelial carcinoma,0.2651879,0.20345494,0.21409562,0.08266321,0.13649763,0.09118975,0.0069109807
5,2,melanocytic nevi,benign keratosis-like lesions,0.095874764,0.2476772,0.3588921,0.066319026,0.073700525,0.14925289,0.008283446
2,5,benign keratosis-like lesions,melanocytic nevi,0.0016115855,0.0040356745,0.34701994,0.005243561,0.032343257,0.6094059,0.00034006723
5,5,melanocytic nevi,melanocytic nevi,0.005534162,0.01645646,0.07160385,0.008406648,0.1519796,0.73873216,0.0072871
4,5,melanoma,melanocytic nevi,0.00062522694,0.00013493244,0.061093874,0.00029063775,0.45977312,0.47801933,6.2861596e-05
2,2,benign keratosis-like lesions,benign keratosis-like lesions,0.04951698,0.07967418,0.38088602,0.054745384,0.0861316,0.34650055,0.002545249
4,1,melanoma,basal cell carcinoma,0.07679322,0.3938028,0.059095126,0.08499779,0.052537315,0.25172558,0.08104819
5,5,melanocytic nevi,melanocytic nevi,0.07293126,0.19580938,0.08960576,0.11605387,0.042076983,0.39545447,0.08806828
1,1,basal cell carcinoma,basal cell carcinoma,0.09995727,0.5269775,0.13448726,0.07439669,0.05093096,0.10140753,0.011842777
5,5,melanocytic nevi,melanocytic nevi,0.007587075,0.007076768,0.10903721,0.0054196604,0.4110489,0.45745966,0.002370833
5,5,melanocytic nevi,melanocytic nevi,0.0008411979,0.0008761538,0.007986124,0.0034537695,0.0058729,0.9804975,0.00047230732
2,5,benign keratosis-like lesions,melanocytic nevi,0.008830521,0.0039705876,0.1889844,0.0058946474,0.31464934,0.47689626,0.00077419815
5,5,melanocytic nevi,melanocytic nevi,0.0024477395,0.0033601979,0.012868481,0.00954067,0.0078319,0.962159,0.0017919824
5,2,melanocytic nevi,benign keratosis-like lesions,0.047260843,0.13133936,0.46081084,0.05753853,0.056103207,0.24466272,0.0022844705
4,4,melanoma,melanoma,0.011072478,0.0037917998,0.12922207,0.004928278,0.44091988,0.40933755,0.000727947
5,5,melanocytic nevi,melanocytic nevi,0.002300167,0.00087440404,0.02681066,0.004663221,0.012583772,0.95256853,0.0001993025
5,5,melanocytic nevi,melanocytic nevi,0.00023675254,0.0009022149,0.0013282123,0.00400223,0.00059095694,0.9874334,0.0055063134
5,5,melanocytic nevi,melanocytic nevi,0.0036427488,0.029114401,0.09470227,0.013214475,0.058712557,0.7716158,0.0289977
5,5,melanocytic nevi,melanocytic nevi,0.0011070092,0.001500256,0.13621734,0.0015318642,0.2914844,0.5675279,0.0006312929
5,5,melanocytic nevi,melanocytic nevi,0.002019875,0.005172394,0.029829476,0.005043977,0.17604136,0.76646733,0.015425631
5,5,melanocytic nevi,melanocytic nevi,0.00019101905,7.998638e-05,0.0627069,0.00019321895,0.24242783,0.6943647,3.639229e-05
2,2,benign keratosis-like lesions,benign keratosis-like lesions,0.045488898,0.06458443,0.6209985,0.023400985,0.082919545,0.1605389,0.0020687704
5,5,melanocytic nevi,melanocytic nevi,0.002224402,0.004713696,0.0059030876,0.0079640895,0.010561386,0.96306145,0.005571858
5,5,melanocytic nevi,melanocytic nevi,0.0022033502,0.00091945875,0.023745544,0.0043911594,0.015062659,0.95340854,0.00026926957
5,5,melanocytic nevi,melanocytic nevi,0.0005166619,0.00015383695,0.064233154,0.0004425642,0.22987475,0.7047161,6.2917214e-05
5,5,melanocytic nevi,melanocytic nevi,0.0018741878,0.0020924392,0.008696803,0.007919836,0.0042657866,0.97309655,0.0020544392
6,1,vascular lesions,basal cell carcinoma,0.035094783,0.40295792,0.05189687,0.077649936,0.01739351,0.14868951,0.26631743
5,5,melanocytic nevi,melanocytic nevi,0.00035192622,0.0005302734,0.0027434311,0.002244331,0.0024763937,0.991004,0.0006496027
5,5,melanocytic nevi,melanocytic nevi,0.0020914758,0.007630689,0.004446805,0.020704783,0.0031231802,0.8853093,0.07669382
5,4,melanocytic nevi,melanoma,0.13891646,0.027188847,0.12297015,0.019917881,0.59006464,0.09679131,0.0041507245
5,5,melanocytic nevi,melanocytic nevi,0.07293053,0.0146213705,0.31715938,0.03212927,0.15717141,0.40481988,0.0011681867
5,5,melanocytic nevi,melanocytic nevi,0.0003755172,0.00012889074,0.031912547,0.0003443047,0.3644829,0.6026717,8.418998e-05
5,2,melanocytic nevi,benign keratosis-like lesions,0.25459367,0.096128866,0.35820308,0.06594544,0.08383376,0.13705803,0.004237191
5,5,melanocytic nevi,melanocytic nevi,0.00038972503,0.00031516966,0.043352097,0.00048471705,0.28477216,0.6696446,0.0010415394
1,5,basal cell carcinoma,melanocytic nevi,0.031871103,0.16550633,0.035160746,0.036585204,0.14595513,0.44022524,0.14469618
0,0,actinic keratoses and intraepithelial carcinoma,actinic keratoses and intraepithelial carcinoma,0.47091728,0.083510354,0.18979497,0.042100392,0.16893144,0.03955814,0.0051874737
2,5,benign keratosis-like lesions,melanocytic nevi,0.0024218536,0.0018218402,0.42108744,0.0021900018,0.14968652,0.42263907,0.00015330558
5,2,melanocytic nevi,benign keratosis-like lesions,0.21262988,0.051302765,0.5183574,0.020677626,0.1326367,0.06272905,0.0016665345
5,5,melanocytic nevi,melanocytic nevi,0.101048596,0.051862188,0.19817805,0.07684019,0.03983428,0.5286451,0.0035915978
5,5,melanocytic nevi,melanocytic nevi,0.010197197,0.02945781,0.051337335,0.029550351,0.08889626,0.6429728,0.14758822
1,1,basal cell carcinoma,basal cell carcinoma,0.19625238,0.3831735,0.14746192,0.06206456,0.08312058,0.09349298,0.034434136
5,5,melanocytic nevi,melanocytic nevi,0.0028472845,0.0016309876,0.025457526,0.007034627,0.015281464,0.9470763,0.00067188224
5,5,melanocytic nevi,melanocytic nevi,3.2381144e-05,4.3747805e-05,0.0008660196,0.00035625798,0.00038630614,0.998285,3.0164041e-05
5,5,melanocytic nevi,melanocytic nevi,0.03201831,0.09759656,0.16523379,0.018165564,0.2649326,0.3479661,0.074087024
5,5,melanocytic nevi,melanocytic nevi,0.00012265341,0.00019564979,0.0020746647,0.0009706034,0.0014361986,0.99506205,0.00013831916
5,5,melanocytic nevi,melanocytic nevi,0.00011095767,0.00014548103,0.0013016469,0.0008590354,0.0013677996,0.9960525,0.00016253619
1,1,basal cell carcinoma,basal cell carcinoma,0.20968993,0.54124403,0.10031566,0.08264689,0.019482316,0.03513691,0.011484262
2,2,benign keratosis-like lesions,benign keratosis-like lesions,0.072038464,0.07943573,0.6699331,0.028732453,0.06717092,0.08162722,0.0010620776
3,5,dermatofibroma,melanocytic nevi,0.08129227,0.14019339,0.18479596,0.088154435,0.056862395,0.43995464,0.008746964
1,1,basal cell carcinoma,basal cell carcinoma,0.07920189,0.62518114,0.1168944,0.05731777,0.021232042,0.087413065,0.012759707
5,5,melanocytic nevi,melanocytic nevi,0.022884268,0.08935778,0.024351507,0.093940444,0.016639771,0.519772,0.23305428
5,5,melanocytic nevi,melanocytic nevi,0.0030833497,0.002728035,0.0069815144,0.0058711804,0.039946765,0.9390723,0.0023169054
5,4,melanocytic nevi,melanoma,0.17908324,0.0900257,0.27902037,0.048256125,0.28233567,0.1158788,0.0054000774
5,5,melanocytic nevi,melanocytic nevi,0.00055132376,0.00027590146,0.010775799,0.0016485212,0.013983134,0.97260576,0.00015953326
5,5,melanocytic nevi,melanocytic nevi,0.0007770152,0.0013771006,0.007472083,0.005399548,0.0015038187,0.98230064,0.0011697375
5,5,melanocytic nevi,melanocytic nevi,0.00031971472,0.00024070556,0.11806993,0.00037835378,0.20182382,0.6787477,0.00041976475
1,1,basal cell carcinoma,basal cell carcinoma,0.20930795,0.43713954,0.06536837,0.05885774,0.07640301,0.10765721,0.045266178
5,5,melanocytic nevi,melanocytic nevi,0.0008678318,0.0021076512,0.0039540157,0.0061789514,0.0042091403,0.9778191,0.0048633902
5,5,melanocytic nevi,melanocytic nevi,0.0013304985,0.0018580207,0.0077639786,0.0056703193,0.0073220073,0.9744743,0.0015808998
4,5,melanoma,melanocytic nevi,0.0047723474,0.0077887643,0.10365473,0.0045285723,0.20248558,0.6692781,0.0074919634
5,5,melanocytic nevi,melanocytic nevi,0.0031963114,0.024341248,0.078288205,0.015528751,0.06436799,0.79622716,0.018050369
5,5,melanocytic nevi,melanocytic nevi,0.00019020261,0.00029921276,0.002089626,0.0014409855,0.00097056874,0.99470913,0.00030029335
5,5,melanocytic nevi,melanocytic nevi,0.0033507515,0.033716764,0.092807814,0.012183881,0.06717836,0.7813037,0.00945879
5,6,melanocytic nevi,vascular lesions,0.015252687,0.21116428,0.0380419,0.046179358,0.026266351,0.23652902,0.42656642
5,5,melanocytic nevi,melanocytic nevi,0.00047369034,0.0010394573,0.0029670233,0.004070845,0.0014046744,0.98833746,0.0017068944
5,5,melanocytic nevi,melanocytic nevi,0.017428529,0.024906967,0.07402958,0.022841135,0.14245403,0.7129095,0.005430304
5,5,melanocytic nevi,melanocytic nevi,0.00014929414,0.00034017905,0.0012487336,0.0015115169,0.0008775466,0.99519944,0.0006732189
5,5,melanocytic nevi,melanocytic nevi,0.00030661,0.00010176038,0.0135829,0.00063961116,0.023272544,0.96207345,2.3153e-05
5,5,melanocytic nevi,melanocytic nevi,0.006643983,0.012827467,0.1036309,0.0055703125,0.36565062,0.4684875,0.037189223
4,5,melanoma,melanocytic nevi,0.03973621,0.16250211,0.038309503,0.03116255,0.23130682,0.28759888,0.20938396
0,2,actinic keratoses and intraepithelial carcinoma,benign keratosis-like lesions,0.13322614,0.23341738,0.26511595,0.060284767,0.12823732,0.16938028,0.010338132
5,5,melanocytic nevi,melanocytic nevi,5.8129415e-05,3.5763685e-05,0.0014233236,0.0003091129,0.0036899971,0.9944378,4.5777015e-05
5,5,melanocytic nevi,melanocytic nevi,0.00083997915,0.0010877292,0.008708265,0.003369344,0.0069227736,0.9785392,0.0005326167
4,5,melanoma,melanocytic nevi,0.022302046,0.044696208,0.13448955,0.01775544,0.24091157,0.5356488,0.0041963123
5,5,melanocytic nevi,melanocytic nevi,0.0066506085,0.005376328,0.020433363,0.009772326,0.060567018,0.89555883,0.0016414945
5,5,melanocytic nevi,melanocytic nevi,0.00072622945,0.00032455163,0.06078231,0.00065967545,0.2295399,0.70782405,0.00014333702
2,5,benign keratosis-like lesions,melanocytic nevi,0.058625676,0.05718525,0.36771193,0.0657715,0.045557193,0.400647,0.004501379
5,5,melanocytic nevi,melanocytic nevi,0.018699722,0.033469122,0.19218074,0.016440583,0.2599069,0.47638768,0.002915171
5,5,melanocytic nevi,melanocytic nevi,0.00016945215,0.00029255095,0.0013418423,0.0011777078,0.0026971896,0.99367684,0.0006444007
0,1,actinic keratoses and intraepithelial carcinoma,basal cell carcinoma,0.24957108,0.44103548,0.1052141,0.07836886,0.046948183,0.055719458,0.02314279
5,5,melanocytic nevi,melanocytic nevi,2.9461095e-05,2.6070658e-05,0.0008188388,0.00025126277,0.00067905936,0.99817514,2.0125219e-05
1,1,basal cell carcinoma,basal cell carcinoma,0.13984,0.5799266,0.06662663,0.08769611,0.023574138,0.07198523,0.03035121
5,5,melanocytic nevi,melanocytic nevi,0.00020993195,6.321293e-05,0.057324074,0.00013728587,0.30639037,0.63584656,2.8544737e-05
1,1,basal cell carcinoma,basal cell carcinoma,0.2440441,0.45590964,0.113349974,0.054685693,0.055843897,0.041654125,0.03451256
5,5,melanocytic nevi,melanocytic nevi,0.00012535714,4.6607616e-05,0.0042007742,0.0003408969,0.033620164,0.9616215,4.466772e-05
2,2,benign keratosis-like lesions,benign keratosis-like lesions,0.279485,0.17071815,0.35857987,0.061799146,0.08053132,0.045655012,0.0032315333
5,5,melanocytic nevi,melanocytic nevi,0.017617466,0.007374057,0.21154568,0.0153608145,0.11117965,0.63643384,0.00048852904
4,5,melanoma,melanocytic nevi,0.00062651734,0.00024952614,0.16558386,0.00047152003,0.28097433,0.552059,3.5205307e-05
5,5,melanocytic nevi,melanocytic nevi,0.00077934354,0.002183977,0.0040968535,0.007591738,0.0008247389,0.9807257,0.0037975998
0,1,actinic keratoses and intraepithelial carcinoma,basal cell carcinoma,0.28182337,0.33755973,0.14031193,0.07455207,0.07691701,0.07554153,0.013294306
5,5,melanocytic nevi,melanocytic nevi,0.00024900088,0.00019517035,0.0029178765,0.00080077624,0.025292298,0.9701521,0.00039275683
5,5,melanocytic nevi,melanocytic nevi,0.00024226602,0.00013690563,0.00436795,0.00078865996,0.012530023,0.98185754,7.661678e-05
5,4,melanocytic nevi,melanoma,0.0008788305,0.00044692817,0.031658635,0.0006338459,0.4848795,0.48092538,0.0005769346
5,5,melanocytic nevi,melanocytic nevi,0.0027153562,0.0025010332,0.013306572,0.009182248,0.007680599,0.962727,0.0018873175
5,5,melanocytic nevi,melanocytic nevi,0.038626242,0.01927575,0.0887083,0.01973294,0.3686228,0.45412943,0.010904486
5,5,melanocytic nevi,melanocytic nevi,2.994136e-05,2.2294964e-05,0.0006145189,0.00016406192,0.002411063,0.9967271,3.0876985e-05
5,5,melanocytic nevi,melanocytic nevi,0.0009964409,0.0011321529,0.006710199,0.0049042637,0.0039742286,0.98081297,0.0014696495
0,1,actinic keratoses and intraepithelial carcinoma,basal cell carcinoma,0.08450232,0.6181347,0.092975885,0.081609674,0.022699924,0.074308984,0.025768533
0,1,actinic keratoses and intraepithelial carcinoma,basal cell carcinoma,0.23382394,0.3319595,0.15988639,0.08193729,0.0765376,0.08423615,0.031619113
5,1,melanocytic nevi,basal cell carcinoma,0.061299834,0.47731903,0.07172884,0.08846095,0.051596943,0.22088128,0.028713157
5,2,melanocytic nevi,benign keratosis-like lesions,0.36352158,0.04834689,0.3984699,0.016127706,0.14533195,0.027487688,0.00071437686
5,5,melanocytic nevi,melanocytic nevi,0.0001237242,5.6137345e-05,0.0028915165,0.0004204581,0.008466662,0.9880056,3.5883757e-05
6,6,vascular lesions,vascular lesions,0.004253144,0.028544968,0.01008569,0.038837254,0.004452401,0.31854573,0.5952808
5,5,melanocytic nevi,melanocytic nevi,5.2594478e-05,2.0152016e-05,0.002841244,0.00018119682,0.0105989855,0.98629147,1.4461675e-05
5,5,melanocytic nevi,melanocytic nevi,5.3642074e-05,6.2625964e-05,0.0006651871,0.00044871017,0.0007287708,0.9979724,6.866811e-05
3,1,dermatofibroma,basal cell carcinoma,0.22638664,0.28543988,0.17346574,0.062056784,0.13499203,0.10397461,0.01368429
0,2,actinic keratoses and intraepithelial carcinoma,benign keratosis-like lesions,0.25062177,0.18984692,0.35338748,0.06430192,0.072247274,0.06572352,0.0038711617
5,5,melanocytic nevi,melanocytic nevi,0.00017116827,4.9579914e-05,0.0319752,0.00011559535,0.25387025,0.713797,2.119806e-05
5,5,melanocytic nevi,melanocytic nevi,0.00030955853,0.0012531318,0.0013008005,0.004823906,0.0005918012,0.98543566,0.0062851175
5,5,melanocytic nevi,melanocytic nevi,0.0004566447,0.0014798992,0.0017065048,0.0049554682,0.0015177346,0.982973,0.006910695
5,5,melanocytic nevi,melanocytic nevi,0.002160367,0.0034220703,0.07198958,0.0035477367,0.1183269,0.7989408,0.0016125699
5,5,melanocytic nevi,melanocytic nevi,0.0011158995,0.000496961,0.021161165,0.00258951,0.024775071,0.9495963,0.00026521322
5,5,melanocytic nevi,melanocytic nevi,0.0021156874,0.00084708125,0.029289825,0.004743405,0.01186714,0.95095015,0.00018671418
5,5,melanocytic nevi,melanocytic nevi,0.00020211318,0.00013935074,0.0037482665,0.0009109708,0.0037749542,0.99109787,0.00012656476
5,5,melanocytic nevi,melanocytic nevi,0.00095918396,0.0014229749,0.005710502,0.00496457,0.0019857776,0.98402137,0.0009356134
5,5,melanocytic nevi,melanocytic nevi,4.469997e-05,0.00011401611,0.00045641037,0.0006371352,0.0005932021,0.99751735,0.00063717924
5,5,melanocytic nevi,melanocytic nevi,0.0017338796,0.0006705731,0.024653262,0.0033646256,0.0154706,0.9539527,0.00015435583
5,5,melanocytic nevi,melanocytic nevi,0.0006887583,0.0002582399,0.011828098,0.0016451243,0.01668306,0.9687942,0.0001024862
5,5,melanocytic nevi,melanocytic nevi,0.0005278555,0.0004180828,0.05677845,0.0005884501,0.15511261,0.7864225,0.00015201293
4,2,melanoma,benign keratosis-like lesions,0.0072271237,0.0025679008,0.6567469,0.0034551686,0.16506456,0.16472436,0.00021397807
5,5,melanocytic nevi,melanocytic nevi,0.004684221,0.02084169,0.14743656,0.021332731,0.05079989,0.7270905,0.027814401
5,5,melanocytic nevi,melanocytic nevi,0.01046792,0.07217613,0.080951594,0.023079043,0.07905392,0.7108217,0.023449706
5,5,melanocytic nevi,melanocytic nevi,0.0070020705,0.026850699,0.07400119,0.014001547,0.15143897,0.53800267,0.18870278
5,5,melanocytic nevi,melanocytic nevi,0.000611342,0.0006130212,0.004010577,0.0019763284,0.030352399,0.96067476,0.001761593
5,4,melanocytic nevi,melanoma,0.0036984405,0.0009351702,0.07498822,0.0013938355,0.55364615,0.36482376,0.0005143723
5,5,melanocytic nevi,melanocytic nevi,0.0002802359,8.2220526e-05,0.030084781,0.00022908143,0.28297687,0.68629205,5.4839882e-05
5,5,melanocytic nevi,melanocytic nevi,0.0007517479,0.0012689614,0.0031978642,0.0044888877,0.001910573,0.9862622,0.0021197181
5,5,melanocytic nevi,melanocytic nevi,0.005369624,0.0035159215,0.06930498,0.011494698,0.0280079,0.881111,0.0011958489
4,4,melanoma,melanoma,0.00043187386,7.4722375e-05,0.025989216,0.00014414162,0.65232974,0.32097328,5.6970555e-05
5,5,melanocytic nevi,melanocytic nevi,0.0035672823,0.005767295,0.0104830265,0.015571728,0.006462441,0.95345783,0.004690457
2,2,benign keratosis-like lesions,benign keratosis-like lesions,0.13204224,0.19964436,0.460224,0.053238187,0.06833474,0.08139138,0.0051250756
1,1,basal cell carcinoma,basal cell carcinoma,0.12056614,0.48958647,0.12846433,0.09069426,0.043491323,0.10456919,0.022628179
5,5,melanocytic nevi,melanocytic nevi,0.00010328499,0.00015320053,0.0016429865,0.00092193356,0.0007671512,0.99627626,0.00013520816
5,5,melanocytic nevi,melanocytic nevi,0.00016234262,0.00047434642,0.0011374357,0.0022588156,0.00023917295,0.9948197,0.00090819865
0,1,actinic keratoses and intraepithelial carcinoma,basal cell carcinoma,0.1457439,0.23891398,0.12787399,0.050147954,0.19745779,0.21308446,0.026777856
5,5,melanocytic nevi,melanocytic nevi,0.00024263495,6.817964e-05,0.024210678,0.00018813157,0.30401886,0.67121726,5.4328008e-05
5,5,melanocytic nevi,melanocytic nevi,0.0063976627,0.010674274,0.036364686,0.005565778,0.40853587,0.5249244,0.0075374227
4,5,melanoma,melanocytic nevi,0.00746397,0.0021320344,0.07444095,0.0028307994,0.36789516,0.54480517,0.0004319143
5,5,melanocytic nevi,melanocytic nevi,3.732685e-05,7.795322e-05,0.00061473035,0.0005376715,0.00020393817,0.9984137,0.0001147346
5,5,melanocytic nevi,melanocytic nevi,0.0015319227,0.0009482312,0.014590884,0.00456715,0.0080111725,0.9699526,0.00039793504
2,4,benign keratosis-like lesions,melanoma,0.0048100855,0.00079777214,0.14238414,0.0012349581,0.6519295,0.1986556,0.00018791897
4,5,melanoma,melanocytic nevi,0.0047566267,0.002338841,0.07928738,0.0027974434,0.33247072,0.57729197,0.0010569413
1,1,basal cell carcinoma,basal cell carcinoma,0.07600771,0.46569425,0.050938237,0.06671007,0.061020564,0.16948855,0.11014057
5,5,melanocytic nevi,melanocytic nevi,0.0014525992,0.0004062716,0.018071536,0.002216864,0.05126121,0.9264114,0.00018000875
5,5,melanocytic nevi,melanocytic nevi,1.9977362e-05,1.8606448e-05,0.0006816277,0.00014460822,0.003013723,0.99609154,2.982125e-05
5,5,melanocytic nevi,melanocytic nevi,6.999521e-05,0.00021155294,0.00069011765,0.0010996013,0.00021163425,0.997269,0.000448169
4,5,melanoma,melanocytic nevi,0.02944057,0.068216614,0.055391904,0.0620907,0.04939008,0.68000674,0.055463348
5,5,melanocytic nevi,melanocytic nevi,0.00358069,0.0032836406,0.018005697,0.008465439,0.0209193,0.9440206,0.0017245951
5,5,melanocytic nevi,melanocytic nevi,0.056447394,0.12332586,0.23923819,0.037817225,0.20566651,0.32141942,0.016085407
5,5,melanocytic nevi,melanocytic nevi,0.032173052,0.013888513,0.09704386,0.033650294,0.020847924,0.8012485,0.0011478257
1,5,basal cell carcinoma,melanocytic nevi,0.019236432,0.1405203,0.07224344,0.078926675,0.025980527,0.5588392,0.10425342
2,0,benign keratosis-like lesions,actinic keratoses and intraepithelial carcinoma,0.37610376,0.17013735,0.19636258,0.05643425,0.14438444,0.047627717,0.008949857
6,6,vascular lesions,vascular lesions,0.0018964062,0.01219812,0.0034162763,0.0230867,0.0033475922,0.40848333,0.5475716
3,5,dermatofibroma,melanocytic nevi,0.14786772,0.10786604,0.17217769,0.12851422,0.030399716,0.39277908,0.02039561
5,5,melanocytic nevi,melanocytic nevi,5.8053763e-05,1.5406089e-05,0.040691618,5.140238e-05,0.15587106,0.8032988,1.3669556e-05
2,0,benign keratosis-like lesions,actinic keratoses and intraepithelial carcinoma,0.3722092,0.22391112,0.20110019,0.07129476,0.073382735,0.047472928,0.010629085
4,5,melanoma,melanocytic nevi,0.0027448607,0.0005437722,0.12631813,0.0014187136,0.3267253,0.5421454,0.00010383584
2,2,benign keratosis-like lesions,benign keratosis-like lesions,0.06742175,0.05416136,0.51084423,0.026223958,0.22825913,0.11135841,0.0017311319
5,5,melanocytic nevi,melanocytic nevi,0.026616681,0.15388332,0.049730856,0.034400802,0.11761141,0.53495663,0.0828003
5,5,melanocytic nevi,melanocytic nevi,0.015337881,0.0037941912,0.043551676,0.0077819084,0.3724993,0.5551933,0.0018417257
1,0,basal cell carcinoma,actinic keratoses and intraepithelial carcinoma,0.32656932,0.10889054,0.2901836,0.032123905,0.19988494,0.037064802,0.0052828747
5,5,melanocytic nevi,melanocytic nevi,0.001112181,0.0026654645,0.003357034,0.008580527,0.0018601092,0.9728075,0.009617014
5,5,melanocytic nevi,melanocytic nevi,0.0014860166,0.0009168673,0.023360131,0.0021689858,0.13164157,0.83958703,0.00083942444
5,5,melanocytic nevi,melanocytic nevi,0.0031538527,0.0012449484,0.1425294,0.00211586,0.25250727,0.59818393,0.0002647028
5,5,melanocytic nevi,melanocytic nevi,0.005213783,0.0021369578,0.113251686,0.0040088766,0.29451433,0.5804725,0.00040186205
5,5,melanocytic nevi,melanocytic nevi,0.00035289337,0.00024037574,0.0049588857,0.0014977758,0.005823091,0.98685026,0.0002766708
4,4,melanoma,melanoma,0.016957052,0.008845766,0.052454345,0.0068289167,0.63498443,0.27320066,0.0067287944
5,5,melanocytic nevi,melanocytic nevi,0.0020270944,0.0087513365,0.0049881665,0.022398924,0.0019391475,0.903675,0.056220327
5,5,melanocytic nevi,melanocytic nevi,7.455902e-05,9.677194e-05,0.001180305,0.00068568427,0.00048648645,0.9973961,8.000228e-05
4,5,melanoma,melanocytic nevi,0.014050275,0.034026444,0.15416479,0.0204833,0.23615226,0.53303236,0.0080905855
5,5,melanocytic nevi,melanocytic nevi,0.0017979342,0.0031456104,0.007819067,0.0076722787,0.008408237,0.96897495,0.0021819638
5,5,melanocytic nevi,melanocytic nevi,0.0006541862,0.0004830927,0.004517556,0.0023426337,0.0060816836,0.9856317,0.000289053
2,2,benign keratosis-like lesions,benign keratosis-like lesions,0.042317435,0.15270223,0.5550853,0.038997572,0.043609113,0.16444577,0.0028425162
5,5,melanocytic nevi,melanocytic nevi,8.720152e-06,4.599468e-06,0.00047310357,6.602691e-05,0.0009356929,0.99850756,4.2426627e-06
5,5,melanocytic nevi,melanocytic nevi,0.00055867335,0.0011538507,0.0027145247,0.004705487,0.0042160563,0.98064685,0.0060046692
5,5,melanocytic nevi,melanocytic nevi,0.00013750343,0.0005710414,0.0008358243,0.0025286737,0.0002799658,0.99304175,0.0026051684
5,5,melanocytic nevi,melanocytic nevi,0.00010847454,0.00021790821,0.0013430768,0.0010896372,0.000415992,0.9966619,0.0001630999
5,5,melanocytic nevi,melanocytic nevi,0.0017038661,0.00061655906,0.08792085,0.0010555895,0.35109144,0.55705065,0.00056107785
0,0,actinic keratoses and intraepithelial carcinoma,actinic keratoses and intraepithelial carcinoma,0.47689342,0.026011365,0.27478293,0.009867307,0.19870992,0.012986864,0.0007481352
5,5,melanocytic nevi,melanocytic nevi,0.0010036795,0.0010889788,0.04683635,0.0016255165,0.14547212,0.8029914,0.000982019
5,5,melanocytic nevi,melanocytic nevi,0.108326375,0.030801661,0.20720384,0.058996934,0.067755125,0.52377504,0.0031410547
5,5,melanocytic nevi,melanocytic nevi,0.000610164,0.00017213025,0.023093728,0.00064474135,0.2893061,0.68603736,0.0001357692
5,5,melanocytic nevi,melanocytic nevi,0.00031851072,8.243104e-05,0.031592578,0.00022179783,0.37406644,0.59366405,5.423051e-05
5,5,melanocytic nevi,melanocytic nevi,0.00029917754,0.00011531534,0.027619751,0.00021558188,0.4001528,0.57153714,6.029408e-05
2,2,benign keratosis-like lesions,benign keratosis-like lesions,0.0283068,0.01333411,0.8059697,0.012435586,0.05629941,0.083419316,0.00023509418
5,5,melanocytic nevi,melanocytic nevi,0.008960206,0.013185958,0.03368381,0.010705426,0.18010418,0.7404547,0.012905711
5,1,melanocytic nevi,basal cell carcinoma,0.08406518,0.4445512,0.053512137,0.06893873,0.08130975,0.105107315,0.1625157
1,1,basal cell carcinoma,basal cell carcinoma,0.044371873,0.5664354,0.14452155,0.0626218,0.016867293,0.14046492,0.024717135
5,5,melanocytic nevi,melanocytic nevi,0.016098717,0.056404702,0.018066293,0.062400717,0.010628094,0.7918175,0.044583973
5,5,melanocytic nevi,melanocytic nevi,0.0016187989,0.0007808078,0.02072778,0.004141474,0.010818993,0.9615882,0.00032387403
5,5,melanocytic nevi,melanocytic nevi,0.05631273,0.12765612,0.22443137,0.043774296,0.16676548,0.3668317,0.01422831
5,5,melanocytic nevi,melanocytic nevi,0.0026280228,0.0043808217,0.010316116,0.013676706,0.0023895344,0.96289515,0.0037135945
6,5,vascular lesions,melanocytic nevi,0.002647798,0.013515224,0.003647783,0.024241343,0.004529257,0.8337756,0.11764296
0,2,actinic keratoses and intraepithelial carcinoma,benign keratosis-like lesions,0.041468598,0.2723469,0.4201147,0.050949328,0.025736613,0.18603523,0.0033485885
5,5,melanocytic nevi,melanocytic nevi,0.0013776291,0.00057497947,0.016544152,0.0033960482,0.012502416,0.96538705,0.00021773553
2,2,benign keratosis-like lesions,benign keratosis-like lesions,0.09614962,0.06257557,0.6071973,0.027209224,0.093550816,0.11203182,0.0012855689
4,4,melanoma,melanoma,0.014184552,0.0044184406,0.082101054,0.0054896115,0.5236506,0.36821705,0.0019386957
4,5,melanoma,melanocytic nevi,0.0019643367,0.0010134743,0.18362845,0.0011549795,0.33606902,0.47604102,0.00012864707
5,5,melanocytic nevi,melanocytic nevi,0.008611158,0.036971595,0.0097304145,0.050265197,0.0072749797,0.701282,0.18586461
5,5,melanocytic nevi,melanocytic nevi,0.0001377646,0.0001108326,0.0019182847,0.0008379526,0.001746096,0.9951196,0.00012952715
4,1,melanoma,basal cell carcinoma,0.2934926,0.3337232,0.0969307,0.08032858,0.057074282,0.06027838,0.07817232
6,6,vascular lesions,vascular lesions,0.014609132,0.08991485,0.024515416,0.045638945,0.030187344,0.3713921,0.42374215
2,0,benign keratosis-like lesions,actinic keratoses and intraepithelial carcinoma,0.5110214,0.13413273,0.21209751,0.04363087,0.07869106,0.01674548,0.0036809733
5,5,melanocytic nevi,melanocytic nevi,0.0006528572,0.00030965894,0.0072577153,0.0012272218,0.08225718,0.9079532,0.00034214868
5,5,melanocytic nevi,melanocytic nevi,0.00046483317,0.00036652273,0.0054949583,0.0018422056,0.0068195034,0.9847691,0.00024280166
5,5,melanocytic nevi,melanocytic nevi,0.00488353,0.014378386,0.2247569,0.00848172,0.115473814,0.62885857,0.0031670972
5,5,melanocytic nevi,melanocytic nevi,0.00034969556,0.00034779447,0.030853814,0.0006647941,0.22322011,0.74319696,0.0013668153
5,5,melanocytic nevi,melanocytic nevi,0.002457473,0.0018074741,0.011724491,0.005492753,0.03587549,0.9404506,0.0021916935
5,1,melanocytic nevi,basal cell carcinoma,0.08714418,0.39573985,0.10330376,0.04791737,0.08668167,0.2447577,0.034455422
4,5,melanoma,melanocytic nevi,0.0006207087,0.00019742332,0.03818163,0.0004093274,0.42295954,0.5372547,0.00037663308
5,5,melanocytic nevi,melanocytic nevi,0.0029619955,0.0017688014,0.026205976,0.007996527,0.012517324,0.9478395,0.00070998055
5,5,melanocytic nevi,melanocytic nevi,0.002056247,0.001538909,0.06627682,0.0021415066,0.2805832,0.64619386,0.0012094949
2,2,benign keratosis-like lesions,benign keratosis-like lesions,0.057242904,0.0580949,0.3506907,0.019916868,0.30196384,0.20872763,0.0033631707
5,5,melanocytic nevi,melanocytic nevi,0.0029921785,0.0010210527,0.019243583,0.0026184404,0.3199787,0.6531532,0.000992824
4,5,melanoma,melanocytic nevi,0.0054135406,0.0057939123,0.08977859,0.004370629,0.26897785,0.6246923,0.00097315846
3,1,dermatofibroma,basal cell carcinoma,0.18337354,0.48035672,0.073691875,0.092475235,0.062689446,0.086081564,0.021331629
5,5,melanocytic nevi,melanocytic nevi,0.0013913907,0.004005935,0.0051093563,0.013137942,0.0015031098,0.96479565,0.010056695
5,5,melanocytic nevi,melanocytic nevi,0.00017627575,6.8692956e-05,0.0574738,0.0001689596,0.19796532,0.7441143,3.2681022e-05
5,1,melanocytic nevi,basal cell carcinoma,0.10317039,0.41734648,0.18083152,0.08221927,0.077267,0.12285881,0.016306562
5,5,melanocytic nevi,melanocytic nevi,0.00052024005,0.0001861767,0.11804512,0.00037012558,0.3463022,0.53438234,0.00019380242
5,5,melanocytic nevi,melanocytic nevi,0.00036968786,0.0011045982,0.0020965335,0.004067666,0.0006133826,0.98957765,0.00217056
4,4,melanoma,melanoma,0.00048248505,0.00012262937,0.047906693,0.00030780912,0.5163458,0.4346743,0.00016030502
5,5,melanocytic nevi,melanocytic nevi,0.0006534022,0.0021365257,0.0025135167,0.006906251,0.0009464836,0.9813067,0.005537146
3,0,dermatofibroma,actinic keratoses and intraepithelial carcinoma,0.47345054,0.27596173,0.076441884,0.07994174,0.042690575,0.037084024,0.014429414
5,5,melanocytic nevi,melanocytic nevi,0.024199754,0.06875689,0.24586266,0.048490398,0.046080958,0.56242377,0.0041855336
5,1,melanocytic nevi,basal cell carcinoma,0.122469194,0.53553694,0.057955872,0.08032764,0.043855797,0.10758901,0.05226556
5,5,melanocytic nevi,melanocytic nevi,0.015325077,0.08625853,0.040430203,0.031132402,0.12528762,0.40935135,0.29221475
1,1,basal cell carcinoma,basal cell carcinoma,0.1354264,0.6281122,0.059773467,0.06118531,0.042845357,0.04718737,0.025469894
2,2,benign keratosis-like lesions,benign keratosis-like lesions,0.011258397,0.016216753,0.5864591,0.011098761,0.12056556,0.25334677,0.0010546496
5,5,melanocytic nevi,melanocytic nevi,0.0009951404,0.0020766987,0.006901269,0.006178558,0.0023403338,0.9799131,0.0015947851
5,5,melanocytic nevi,melanocytic nevi,0.00025404218,0.00041488276,0.0021835552,0.001959062,0.0010739464,0.9936261,0.00048838026
5,5,melanocytic nevi,melanocytic nevi,0.0004260605,0.00017276831,0.008242556,0.0011702745,0.0153965065,0.9744957,9.619903e-05
5,5,melanocytic nevi,melanocytic nevi,0.0015179837,0.001431292,0.013207283,0.0041889437,0.035886362,0.94248104,0.0012871572
5,5,melanocytic nevi,melanocytic nevi,0.00058827706,0.000444412,0.0072990917,0.0015107068,0.03432375,0.95541,0.00042379793
5,5,melanocytic nevi,melanocytic nevi,2.2726925e-05,6.3043076e-06,0.00089331134,9.166404e-05,0.0054763877,0.99350387,5.8061446e-06
2,2,benign keratosis-like lesions,benign keratosis-like lesions,0.1396289,0.123568505,0.5480345,0.025503034,0.051900394,0.10610163,0.0052630627
5,5,melanocytic nevi,melanocytic nevi,0.00046745405,0.0004409424,0.005040347,0.0024085294,0.0008695577,0.9906267,0.00014651839
5,5,melanocytic nevi,melanocytic nevi,0.0076668933,0.009784994,0.029550362,0.010215152,0.1149942,0.81634206,0.011446364
5,5,melanocytic nevi,melanocytic nevi,0.008436288,0.12773828,0.028710261,0.031844463,0.07462429,0.61839443,0.110251896
2,2,benign keratosis-like lesions,benign keratosis-like lesions,0.21390437,0.20035616,0.37729266,0.0711513,0.06577871,0.06698042,0.0045363395
4,5,melanoma,melanocytic nevi,0.0007295885,0.00037767136,0.11035245,0.0005314951,0.2896153,0.5982112,0.0001822647
4,4,melanoma,melanoma,0.25821647,0.025368284,0.2531349,0.028058395,0.3669132,0.06670177,0.0016070699
5,5,melanocytic nevi,melanocytic nevi,0.00023560486,0.0008052167,0.0017213369,0.0041576265,0.0007874788,0.9870809,0.0052119233
5,5,melanocytic nevi,melanocytic nevi,0.0055141672,0.0013032486,0.09137526,0.0034038634,0.30178684,0.5961938,0.00042281047
4,5,melanoma,melanocytic nevi,0.0030373244,0.0008185898,0.074229665,0.0015002079,0.41065753,0.50952786,0.0002287845
5,2,melanocytic nevi,benign keratosis-like lesions,0.032335322,0.02394383,0.69950277,0.014524419,0.13133264,0.09782479,0.0005362606
5,5,melanocytic nevi,melanocytic nevi,0.0021923345,0.001266247,0.016450094,0.0038775988,0.04451047,0.93075913,0.0009441716
5,5,melanocytic nevi,melanocytic nevi,0.003145337,0.015433434,0.08212371,0.0064941966,0.10934898,0.77596647,0.0074878247
2,2,benign keratosis-like lesions,benign keratosis-like lesions,0.11915119,0.011197587,0.7666976,0.0053267875,0.08605491,0.0114937695,7.813661e-05
5,5,melanocytic nevi,melanocytic nevi,0.00029415995,0.0005425155,0.002866102,0.0024706356,0.0012881338,0.99195755,0.0005808984
5,5,melanocytic nevi,melanocytic nevi,0.003646049,0.0018394977,0.11315001,0.0026248023,0.1729956,0.7053873,0.00035671055
5,5,melanocytic nevi,melanocytic nevi,0.0047141146,0.015305095,0.006404748,0.030640181,0.0029241657,0.9030653,0.036946356
5,5,melanocytic nevi,melanocytic nevi,4.1802658e-05,4.0916006e-05,0.0012553256,0.00035926665,0.0008751504,0.9973984,2.9193567e-05
5,5,melanocytic nevi,melanocytic nevi,0.0009632116,0.0004347845,0.031331338,0.0021376917,0.027458135,0.93760127,7.34689e-05
5,5,melanocytic nevi,melanocytic nevi,0.00024751338,0.0001134714,0.029058952,0.0002994191,0.34037024,0.6296781,0.00023228569
5,5,melanocytic nevi,melanocytic nevi,0.0025588686,0.0016694785,0.02266467,0.0077494895,0.0031790591,0.9618426,0.0003359389
2,1,benign keratosis-like lesions,basal cell carcinoma,0.24462306,0.28886813,0.2874035,0.066267125,0.05215775,0.050358105,0.010322387
5,4,melanocytic nevi,melanoma,0.016488347,0.011529259,0.04280657,0.0077952356,0.46399847,0.44616756,0.011214615
5,5,melanocytic nevi,melanocytic nevi,0.07037791,0.035291642,0.23405777,0.054469608,0.096169785,0.5063075,0.0033258295
5,2,melanocytic nevi,benign keratosis-like lesions,0.0028103986,0.0020935482,0.5418075,0.0021260132,0.0909032,0.3598387,0.0004206468
5,5,melanocytic nevi,melanocytic nevi,3.5023837e-05,4.7712834e-05,0.00069110445,0.0003904498,0.00035163664,0.998434,5.0145743e-05
5,5,melanocytic nevi,melanocytic nevi,0.0059360187,0.004441584,0.02972957,0.013868869,0.0073012435,0.93757206,0.0011506312
5,4,melanocytic nevi,melanoma,0.011234246,0.017046252,0.14235747,0.008188652,0.40196347,0.3747436,0.044466328
5,5,melanocytic nevi,melanocytic nevi,0.0014282676,0.00086927356,0.010691004,0.0045274324,0.004106587,0.97800326,0.00037415363
2,1,benign keratosis-like lesions,basal cell carcinoma,0.12606637,0.32329232,0.2608993,0.070855625,0.036914118,0.14242654,0.039545737
1,4,basal cell carcinoma,melanoma,0.11264839,0.06179812,0.210482,0.04676961,0.28906476,0.27401578,0.0052213413
5,5,melanocytic nevi,melanocytic nevi,0.0005676984,0.0004924701,0.0053027943,0.0024561214,0.0028681047,0.9880242,0.0002886057
4,2,melanoma,benign keratosis-like lesions,0.2910099,0.022891928,0.43038723,0.014366422,0.21455862,0.026280506,0.0005052907
5,5,melanocytic nevi,melanocytic nevi,0.0029058075,0.025166642,0.09674228,0.010234815,0.06909667,0.7815981,0.014255648
5,5,melanocytic nevi,melanocytic nevi,0.0018954118,0.005179092,0.043427624,0.0058017983,0.0823914,0.85497415,0.006330415
3,1,dermatofibroma,basal cell carcinoma,0.032740872,0.58755183,0.056786034,0.07982489,0.02651006,0.18142325,0.03516303
5,5,melanocytic nevi,melanocytic nevi,7.4748925e-05,0.00032550714,0.00060098205,0.001627366,0.000193935,0.9957675,0.0014100551
0,0,actinic keratoses and intraepithelial carcinoma,actinic keratoses and intraepithelial carcinoma,0.27997282,0.09123255,0.18428078,0.066815704,0.12115919,0.25150856,0.005030387
4,5,melanoma,melanocytic nevi,0.00092060416,0.00023559811,0.01755708,0.0008563782,0.32534888,0.6548566,0.00022483148
5,5,melanocytic nevi,melanocytic nevi,0.00034737072,0.00045704216,0.0039484263,0.0022836707,0.00088306505,0.9917378,0.00034265907
0,1,actinic keratoses and intraepithelial carcinoma,basal cell carcinoma,0.26907024,0.31332567,0.17540523,0.06439663,0.079817526,0.08367056,0.014314148
2,2,benign keratosis-like lesions,benign keratosis-like lesions,0.05365272,0.18548077,0.3632717,0.04140163,0.056980856,0.29191616,0.007296135
5,5,melanocytic nevi,melanocytic nevi,0.000709886,0.00028979426,0.028224267,0.0009040388,0.14229877,0.8273666,0.0002066365
5,5,melanocytic nevi,melanocytic nevi,0.0011464393,0.001466472,0.09365296,0.0016439348,0.29707336,0.6040738,0.00094300654
1,1,basal cell carcinoma,basal cell carcinoma,0.102699794,0.34195316,0.12313186,0.095852636,0.06065298,0.22851828,0.04719131
5,2,melanocytic nevi,benign keratosis-like lesions,0.12590595,0.028854983,0.6359652,0.015621322,0.15553558,0.037615594,0.0005013501
5,5,melanocytic nevi,melanocytic nevi,0.01893111,0.005487752,0.17632632,0.012553656,0.2647932,0.52115744,0.00075052894
4,4,melanoma,melanoma,0.018126488,0.0060429275,0.08699595,0.004162665,0.684522,0.19877855,0.0013714338
5,5,melanocytic nevi,melanocytic nevi,0.00014488318,7.6401746e-05,0.0041679065,0.00041618772,0.03137024,0.9636963,0.00012808267
5,5,melanocytic nevi,melanocytic nevi,0.00028740198,0.000104738654,0.13125041,0.00018688948,0.2870513,0.5811062,1.3085586e-05
5,5,melanocytic nevi,melanocytic nevi,0.00040953336,0.0002480766,0.008378656,0.0017484156,0.002812338,0.9863036,9.945095e-05
5,5,melanocytic nevi,melanocytic nevi,0.0022231715,0.0012677299,0.19303884,0.002340989,0.14462276,0.65640604,0.00010045075
5,5,melanocytic nevi,melanocytic nevi,0.002984348,0.0012742673,0.04387841,0.00685191,0.011084682,0.9336389,0.00028761278
5,5,melanocytic nevi,melanocytic nevi,0.00030079728,0.00049757806,0.0026196952,0.0020883074,0.00089963735,0.99316037,0.00043354457
5,5,melanocytic nevi,melanocytic nevi,9.877806e-05,0.0001148596,0.0012696453,0.0006785265,0.0017835039,0.99589914,0.00015562987
3,5,dermatofibroma,melanocytic nevi,0.015333418,0.0045330683,0.08719292,0.014961816,0.021748822,0.85589397,0.00033589522
5,5,melanocytic nevi,melanocytic nevi,0.0010827798,0.000956565,0.11320064,0.0010746921,0.18068296,0.70257807,0.00042429587
5,5,melanocytic nevi,melanocytic nevi,0.0007965039,0.0026894957,0.15061688,0.0016324398,0.14931026,0.6934671,0.001487314
5,5,melanocytic nevi,melanocytic nevi,0.03158759,0.028871248,0.122212,0.05044686,0.020617064,0.7439844,0.002280874
5,2,melanocytic nevi,benign keratosis-like lesions,0.027324388,0.066633046,0.4179701,0.03133134,0.12147445,0.3329222,0.0023445226
5,1,melanocytic nevi,basal cell carcinoma,0.058290135,0.5870157,0.1490529,0.0673211,0.02173819,0.08887095,0.027711045
2,1,benign keratosis-like lesions,basal cell carcinoma,0.12293158,0.42471254,0.18991214,0.08059527,0.057078075,0.10393467,0.02083568
2,4,benign keratosis-like lesions,melanoma,0.299875,0.07788503,0.13573773,0.03349673,0.3767791,0.06678437,0.0094419895
5,5,melanocytic nevi,melanocytic nevi,0.00028599985,0.0003639006,0.0023081384,0.0017370647,0.0016204916,0.9933407,0.00034373437
0,0,actinic keratoses and intraepithelial carcinoma,actinic keratoses and intraepithelial carcinoma,0.36415914,0.2952474,0.07075827,0.0842127,0.09478569,0.052578833,0.038257964
1,1,basal cell carcinoma,basal cell carcinoma,0.09928242,0.61800516,0.07112965,0.08662826,0.02176246,0.07680242,0.026389638
4,5,melanoma,melanocytic nevi,0.02345786,0.006272476,0.20789523,0.01217177,0.27501583,0.4742143,0.0009725254
4,5,melanoma,melanocytic nevi,0.007822589,0.0039999248,0.03790427,0.007102945,0.23133512,0.71000737,0.0018277918
2,1,benign keratosis-like lesions,basal cell carcinoma,0.22142294,0.36568815,0.17530572,0.09909156,0.04132388,0.085260406,0.011907312
5,5,melanocytic nevi,melanocytic nevi,0.0037350203,0.00697789,0.06770394,0.0049183783,0.15990636,0.7523781,0.004380274
5,5,melanocytic nevi,melanocytic nevi,0.0072028907,0.0035046283,0.28710598,0.004111129,0.31260484,0.38499534,0.00047507923
2,2,benign keratosis-like lesions,benign keratosis-like lesions,0.23516127,0.03605516,0.64561105,0.01567598,0.05451015,0.012615753,0.00037062372
5,4,melanocytic nevi,melanoma,0.015565121,0.0043507824,0.2821329,0.005901121,0.4297823,0.2617024,0.0005654316
5,2,melanocytic nevi,benign keratosis-like lesions,0.033163093,0.1117773,0.39653966,0.039245803,0.098007396,0.313967,0.007299792
0,1,actinic keratoses and intraepithelial carcinoma,basal cell carcinoma,0.31456503,0.34187993,0.12104851,0.088224225,0.052851003,0.052420128,0.029011166
5,6,melanocytic nevi,vascular lesions,0.0064420886,0.028065281,0.01219383,0.03851721,0.015980821,0.36455655,0.5342442
5,5,melanocytic nevi,melanocytic nevi,0.011236835,0.019630244,0.07035495,0.012787622,0.20119755,0.67599446,0.008798399
2,2,benign keratosis-like lesions,benign keratosis-like lesions,0.055871442,0.052901298,0.5033108,0.012785949,0.3053317,0.067043595,0.0027551947
5,5,melanocytic nevi,melanocytic nevi,4.6265242e-05,4.3616466e-05,0.0008993049,0.00037704073,0.002654186,0.99581784,0.00016188275
5,5,melanocytic nevi,melanocytic nevi,0.0027292469,0.0022631106,0.034045562,0.0021602272,0.41788384,0.53893495,0.0019830072
5,5,melanocytic nevi,melanocytic nevi,0.00018568542,0.0005176627,0.0012793333,0.0025191384,0.0005045732,0.993226,0.0017676463
4,1,melanoma,basal cell carcinoma,0.06689349,0.3089511,0.1989606,0.041921187,0.16679521,0.1737468,0.04273159
5,5,melanocytic nevi,melanocytic nevi,0.00792978,0.004415568,0.20477669,0.0059109875,0.2685119,0.50729614,0.0011590255
5,5,melanocytic nevi,melanocytic nevi,0.00015727972,0.00022218697,0.00250162,0.0012128678,0.001366999,0.9943509,0.00018820273
5,5,melanocytic nevi,melanocytic nevi,0.02797532,0.048377663,0.12652165,0.027467106,0.17127742,0.59044284,0.00793793
2,4,benign keratosis-like lesions,melanoma,0.029165039,0.008255042,0.2993209,0.007263928,0.47076496,0.1844417,0.0007884367
5,5,melanocytic nevi,melanocytic nevi,0.0054247575,0.06628628,0.14943792,0.025700578,0.09646828,0.6439885,0.012693704
5,5,melanocytic nevi,melanocytic nevi,0.00024621974,0.00021320903,0.0031121266,0.0012971603,0.0028525502,0.9920476,0.00023100973
5,5,melanocytic nevi,melanocytic nevi,0.017372992,0.0070966505,0.08419941,0.025067128,0.0063657626,0.85924035,0.0006577411
2,2,benign keratosis-like lesions,benign keratosis-like lesions,0.0138229625,0.0024274027,0.5563809,0.002362989,0.3297367,0.09518185,8.721602e-05
4,5,melanoma,melanocytic nevi,0.00041111567,0.00018145813,0.035253227,0.00032442177,0.4272624,0.5364072,0.00016026641
5,5,melanocytic nevi,melanocytic nevi,0.0004510409,0.0016098456,0.0017552675,0.005402849,0.0009384157,0.9831882,0.0066543925
5,5,melanocytic nevi,melanocytic nevi,0.0011598435,0.0024187844,0.0055564437,0.0074031567,0.0010824022,0.98067206,0.0017073847
4,1,melanoma,basal cell carcinoma,0.080035634,0.3687791,0.0545914,0.08212555,0.13789935,0.21935233,0.05721659
5,5,melanocytic nevi,melanocytic nevi,0.00072844443,0.0014559033,0.005863288,0.0051737223,0.0010207152,0.98497874,0.00077918224
5,5,melanocytic nevi,melanocytic nevi,0.00013153926,0.0001452552,0.0020126582,0.0008740979,0.0015606417,0.9951762,9.96081e-05
4,4,melanoma,melanoma,0.015066471,0.0021276632,0.09244329,0.0017794498,0.7659128,0.12229432,0.00037599116
5,2,melanocytic nevi,benign keratosis-like lesions,0.048558813,0.20368817,0.3298632,0.040645435,0.0924284,0.27098635,0.013829665
5,5,melanocytic nevi,melanocytic nevi,0.0038572417,0.0010731064,0.17461044,0.0015257612,0.36463463,0.45409513,0.00020374714
5,5,melanocytic nevi,melanocytic nevi,2.3936718e-05,5.2515767e-05,0.0003598881,0.00035496365,0.0002869251,0.99881494,0.00010693015
5,5,melanocytic nevi,melanocytic nevi,0.12109283,0.050479423,0.18740302,0.067611896,0.1120767,0.4563762,0.0049598822
5,5,melanocytic nevi,melanocytic nevi,0.0010701143,0.0010024873,0.007866812,0.004333261,0.0041401195,0.98099583,0.0005915157
5,5,melanocytic nevi,melanocytic nevi,0.0035512038,0.0021207037,0.021889113,0.0040343986,0.1128145,0.8545459,0.001044179
2,0,benign keratosis-like lesions,actinic keratoses and intraepithelial carcinoma,0.43901595,0.009951279,0.424774,0.003672515,0.11739183,0.0051271124,6.727941e-05
4,4,melanoma,melanoma,0.22008847,0.13549058,0.18697032,0.054273434,0.27944165,0.1086019,0.015133667
5,4,melanocytic nevi,melanoma,0.0010951571,0.00043605943,0.02190728,0.00048420118,0.55631685,0.41891462,0.0008457805
5,5,melanocytic nevi,melanocytic nevi,0.012055137,0.019812709,0.01626635,0.04238316,0.012848565,0.84932697,0.047307003
5,5,melanocytic nevi,melanocytic nevi,0.0007495079,0.0012382931,0.17165259,0.0022388299,0.06320783,0.7600745,0.0008385138
2,5,benign keratosis-like lesions,melanocytic nevi,0.061719414,0.022721704,0.30274177,0.033169303,0.16838442,0.4096293,0.001634051
1,0,basal cell carcinoma,actinic keratoses and intraepithelial carcinoma,0.4462633,0.07623463,0.2775407,0.018783627,0.1606559,0.019299664,0.0012221569
5,5,melanocytic nevi,melanocytic nevi,0.0034632836,0.012209346,0.1463646,0.0073993523,0.082316115,0.74334085,0.0049063955
5,5,melanocytic nevi,melanocytic nevi,0.0009249028,0.00032229736,0.013015222,0.00071562413,0.42884472,0.5558061,0.00037117663
5,5,melanocytic nevi,melanocytic nevi,0.032679386,0.24379349,0.25161514,0.077167556,0.030950809,0.3513526,0.012440984
4,5,melanoma,melanocytic nevi,0.01214569,0.0057252226,0.04151857,0.015861161,0.047497887,0.87575406,0.0014974684
2,5,benign keratosis-like lesions,melanocytic nevi,0.000590334,0.00017112786,0.17840596,0.0003347517,0.27609247,0.5443598,4.551785e-05
5,5,melanocytic nevi,melanocytic nevi,0.00037750058,0.00036722003,0.005625321,0.0015119858,0.017224757,0.9743857,0.0005076261
5,5,melanocytic nevi,melanocytic nevi,0.0055946247,0.010047292,0.010050818,0.016255045,0.011975584,0.93907386,0.007002798
4,5,melanoma,melanocytic nevi,0.00092146517,0.00027088326,0.04792064,0.0005660037,0.3319798,0.6180746,0.00026658925
2,4,benign keratosis-like lesions,melanoma,0.00397918,0.0010222874,0.059716187,0.0016636327,0.5344214,0.39862734,0.0005699983
4,5,melanoma,melanocytic nevi,0.0002377897,0.0001787166,0.022559166,0.0003530593,0.21366629,0.76277435,0.00023062738
5,1,melanocytic nevi,basal cell carcinoma,0.34901083,0.3726094,0.09217624,0.08172786,0.029012054,0.04358645,0.031877063
5,5,melanocytic nevi,melanocytic nevi,0.025877863,0.04636042,0.032569896,0.07660086,0.010303154,0.7607879,0.0474999
5,5,melanocytic nevi,melanocytic nevi,0.0015301228,0.0008322926,0.020087216,0.004481886,0.005333828,0.96753144,0.00020322291
5,5,melanocytic nevi,melanocytic nevi,0.06160067,0.17547956,0.07643298,0.033300124,0.17924337,0.3080062,0.16593704
5,5,melanocytic nevi,melanocytic nevi,7.392538e-05,6.437281e-05,0.0023586974,0.0004423644,0.001652419,0.9953727,3.5506877e-05
5,5,melanocytic nevi,melanocytic nevi,0.044649947,0.11182948,0.21492942,0.033363376,0.055714205,0.5256091,0.013904479
5,5,melanocytic nevi,melanocytic nevi,0.00017678508,0.00011714796,0.003365878,0.0008597645,0.0027651137,0.9926596,5.559072e-05
4,5,melanoma,melanocytic nevi,0.0028415138,0.01005951,0.058124814,0.0047089807,0.21974017,0.68768704,0.016837936
4,5,melanoma,melanocytic nevi,0.0101892715,0.014944064,0.04315091,0.024371576,0.051241536,0.8331272,0.022975398
4,5,melanoma,melanocytic nevi,0.00123193,0.0008239756,0.10245127,0.0011774052,0.112095624,0.78201276,0.00020697387
5,5,melanocytic nevi,melanocytic nevi,8.354257e-05,0.00011378487,0.001373417,0.00075258047,0.0008499858,0.99670345,0.0001231988
1,1,basal cell carcinoma,basal cell carcinoma,0.23125151,0.48764592,0.08822158,0.056256592,0.0320929,0.059849877,0.0446816
2,5,benign keratosis-like lesions,melanocytic nevi,0.031121565,0.22099602,0.073499516,0.05178878,0.07572448,0.45785338,0.08901619
2,5,benign keratosis-like lesions,melanocytic nevi,0.0067907474,0.0042107007,0.025519505,0.014563107,0.008967138,0.93809557,0.0018531632
1,2,basal cell carcinoma,benign keratosis-like lesions,0.0867265,0.19353871,0.41974235,0.056328576,0.0713519,0.16681653,0.0054953406
5,5,melanocytic nevi,melanocytic nevi,0.02835588,0.0057071857,0.072739184,0.019548893,0.07992328,0.79289615,0.00082946505
5,5,melanocytic nevi,melanocytic nevi,0.00012108966,0.000113148715,0.0024507109,0.0007658085,0.0026519438,0.99379915,9.811958e-05
5,5,melanocytic nevi,melanocytic nevi,2.3579874e-05,3.231475e-05,0.0006488508,0.00028113977,0.0003599088,0.99862385,3.0359039e-05
2,0,benign keratosis-like lesions,actinic keratoses and intraepithelial carcinoma,0.38267595,0.16097678,0.3357936,0.042190608,0.04461804,0.028614044,0.0051310207
5,5,melanocytic nevi,melanocytic nevi,0.0002036937,5.0507722e-05,0.0059756455,0.00050156296,0.022389613,0.9708454,3.35696e-05
5,5,melanocytic nevi,melanocytic nevi,0.00011061412,6.609665e-05,0.0030983055,0.0005014841,0.0044280873,0.99175805,3.7374317e-05
5,5,melanocytic nevi,melanocytic nevi,0.016407298,0.016495707,0.1247036,0.01247263,0.18174966,0.6448894,0.0032817137
5,5,melanocytic nevi,melanocytic nevi,0.008638268,0.0138096865,0.028979726,0.019803463,0.027724966,0.8898285,0.011215343
5,5,melanocytic nevi,melanocytic nevi,0.0020212028,0.0007605538,0.050355293,0.0018279639,0.1529112,0.7916304,0.00049350463
1,2,basal cell carcinoma,benign keratosis-like lesions,0.18056749,0.12128615,0.34166148,0.02527268,0.2584315,0.06702003,0.0057606106
5,5,melanocytic nevi,melanocytic nevi,0.015272852,0.0056924527,0.0658574,0.019462818,0.021143302,0.871568,0.0010031527
4,1,melanoma,basal cell carcinoma,0.035457682,0.32036814,0.2270888,0.059467748,0.047602933,0.30131784,0.00869684
5,5,melanocytic nevi,melanocytic nevi,0.0023754274,0.007979668,0.0109144,0.01346347,0.003769972,0.95314056,0.008356529
5,5,melanocytic nevi,melanocytic nevi,0.029396355,0.067082785,0.22468023,0.03206911,0.14192869,0.50136495,0.0034778714
5,5,melanocytic nevi,melanocytic nevi,0.0006133686,0.0004997491,0.0077152895,0.002353659,0.0070201894,0.9815755,0.00022214408
5,5,melanocytic nevi,melanocytic nevi,0.000612753,0.00031992854,0.0569544,0.0007926187,0.2614346,0.67947257,0.00041311941
5,5,melanocytic nevi,melanocytic nevi,0.0008027437,0.0004164834,0.039476052,0.0009380766,0.2507105,0.70724744,0.0004087209
5,5,melanocytic nevi,melanocytic nevi,0.00037454642,0.00020834425,0.006509268,0.0014128456,0.0041479724,0.9872376,0.000109517605
5,5,melanocytic nevi,melanocytic nevi,0.0065543037,0.025270063,0.016940225,0.036618862,0.00859834,0.87307423,0.032943938
5,5,melanocytic nevi,melanocytic nevi,0.0038220233,0.004851761,0.01878209,0.0084386375,0.09324259,0.8623909,0.008471987
5,5,melanocytic nevi,melanocytic nevi,0.0019140311,0.0005404669,0.030631715,0.0031437054,0.017236652,0.9464229,0.000110618705
5,2,melanocytic nevi,benign keratosis-like lesions,0.025802998,0.028451735,0.5536106,0.020732293,0.124173895,0.24602878,0.0011996923
5,5,melanocytic nevi,melanocytic nevi,0.00027717446,0.00043242914,0.0030001593,0.0018958045,0.0033158592,0.9901084,0.00097019196
5,5,melanocytic nevi,melanocytic nevi,0.00017147946,0.00044693504,0.0014373269,0.0022606386,0.000764119,0.9929168,0.002002617
5,5,melanocytic nevi,melanocytic nevi,0.00014418477,5.0300645e-05,0.06995371,9.47515e-05,0.20851588,0.7212207,2.047102e-05
5,5,melanocytic nevi,melanocytic nevi,0.0014863849,0.009016929,0.033686403,0.006488601,0.061349113,0.85690683,0.03106572
5,5,melanocytic nevi,melanocytic nevi,0.00020605912,7.778337e-05,0.006314288,0.0004562092,0.05123802,0.941635,7.272311e-05
2,2,benign keratosis-like lesions,benign keratosis-like lesions,0.0409664,0.04371657,0.4592225,0.010483671,0.29351485,0.15022387,0.0018721004
4,4,melanoma,melanoma,8.4633e-05,1.6560423e-05,0.012960652,5.1544135e-05,0.56274766,0.42411876,2.0197123e-05
5,5,melanocytic nevi,melanocytic nevi,0.0031123508,0.0013153584,0.033470914,0.002401835,0.40475184,0.5539499,0.000997835
5,4,melanocytic nevi,melanoma,0.01266639,0.0028259498,0.16395514,0.003104945,0.5938607,0.22316143,0.00042548537
5,5,melanocytic nevi,melanocytic nevi,0.02205126,0.0745493,0.08261182,0.026854752,0.23899375,0.5384184,0.016520735
5,5,melanocytic nevi,melanocytic nevi,0.0058435993,0.0028557389,0.032660495,0.008025629,0.06310417,0.8865662,0.000944107
0,5,actinic keratoses and intraepithelial carcinoma,melanocytic nevi,0.07397905,0.07750312,0.1470458,0.05430999,0.19722815,0.44364774,0.006286154
5,5,melanocytic nevi,melanocytic nevi,0.0009744815,0.0014402495,0.008316269,0.003251427,0.023299452,0.9610894,0.0016287327
5,1,melanocytic nevi,basal cell carcinoma,0.06830817,0.39344877,0.12666626,0.08300474,0.035764698,0.247732,0.045075353
5,4,melanocytic nevi,melanoma,0.006021305,0.0034804016,0.19478603,0.0037534784,0.40895095,0.38252315,0.00048469155
5,5,melanocytic nevi,melanocytic nevi,0.04759064,0.024660643,0.2225863,0.046427086,0.05273452,0.60348016,0.0025207778
5,5,melanocytic nevi,melanocytic nevi,6.248342e-05,9.1665555e-05,0.000936324,0.0005988626,0.0013533024,0.99668044,0.0002768369
5,5,melanocytic nevi,melanocytic nevi,0.0058670067,0.002109447,0.19930236,0.0072319014,0.08814053,0.69708455,0.00026413644
5,5,melanocytic nevi,melanocytic nevi,0.0015006483,0.0021960605,0.14493032,0.0033372364,0.14684576,0.6998007,0.0013892832
5,5,melanocytic nevi,melanocytic nevi,0.001312061,0.0014078817,0.009653797,0.005066472,0.002033357,0.9800757,0.0004507142
5,5,melanocytic nevi,melanocytic nevi,0.0034362348,0.0025866374,0.11253688,0.0024870788,0.29752716,0.58003587,0.0013901339
5,5,melanocytic nevi,melanocytic nevi,0.01196986,0.0111414585,0.04101632,0.018019,0.07500509,0.8018194,0.041028824
5,5,melanocytic nevi,melanocytic nevi,8.903903e-05,0.0001560883,0.0012889885,0.0009494477,0.0008615646,0.9962984,0.0003566143
5,4,melanocytic nevi,melanoma,0.0328444,0.01242067,0.13384627,0.011524636,0.48975912,0.31738183,0.00222308
6,6,vascular lesions,vascular lesions,0.0014945269,0.013730196,0.005781557,0.009435293,0.0063775084,0.109814204,0.85336673
4,4,melanoma,melanoma,0.027604243,0.03894458,0.0813524,0.017201135,0.42072734,0.3953995,0.018770851
5,5,melanocytic nevi,melanocytic nevi,0.0007734985,0.0028379022,0.0028864043,0.0061473846,0.001367179,0.9819171,0.004070591
5,5,melanocytic nevi,melanocytic nevi,8.820104e-05,6.292465e-05,0.0023754586,0.0005564243,0.0015042466,0.9953778,3.5009223e-05
5,2,melanocytic nevi,benign keratosis-like lesions,0.10987029,0.102708854,0.554051,0.033024244,0.10130472,0.09586025,0.0031806594
5,5,melanocytic nevi,melanocytic nevi,0.0011431983,0.0002626346,0.047736425,0.0008174481,0.42818335,0.5217132,0.00014375125
5,5,melanocytic nevi,melanocytic nevi,0.0013948097,0.0053141704,0.0036183822,0.015498213,0.0019802384,0.93392897,0.03826526
4,5,melanoma,melanocytic nevi,0.0014736056,0.0008290278,0.023087252,0.0020308024,0.15998258,0.8119454,0.00065141916
5,5,melanocytic nevi,melanocytic nevi,0.0005288816,0.0014226758,0.0032040272,0.0051255343,0.0014373799,0.9844631,0.0038182805
3,5,dermatofibroma,melanocytic nevi,0.04087236,0.06536901,0.27537593,0.023577834,0.23067677,0.3602123,0.0039157467
5,5,melanocytic nevi,melanocytic nevi,0.0059604165,0.0033510197,0.038179185,0.0126073295,0.010766654,0.9282999,0.0008355487
5,5,melanocytic nevi,melanocytic nevi,0.00059637823,0.0008313245,0.034150913,0.0010543554,0.23103271,0.72839844,0.0039358595
3,1,dermatofibroma,basal cell carcinoma,0.085732184,0.5874346,0.06595892,0.065505676,0.023946159,0.11723072,0.05419178
1,1,basal cell carcinoma,basal cell carcinoma,0.2664675,0.5064004,0.076517425,0.048474435,0.037166744,0.03525019,0.02972331
5,5,melanocytic nevi,melanocytic nevi,0.007686781,0.020033836,0.08793065,0.007718486,0.39971983,0.4267039,0.05020653
5,2,melanocytic nevi,benign keratosis-like lesions,0.12318017,0.056907665,0.51324534,0.04867226,0.117538035,0.13827384,0.0021826376
5,5,melanocytic nevi,melanocytic nevi,7.2689065e-05,0.00018642753,0.0005804061,0.0009289181,0.000428309,0.99739814,0.00040512325
5,5,melanocytic nevi,melanocytic nevi,0.0006403227,0.00014019712,0.019559875,0.0008732397,0.16074404,0.81794673,9.555017e-05
5,5,melanocytic nevi,melanocytic nevi,0.0019543732,0.00069430063,0.10291973,0.0012410071,0.29626235,0.59683603,9.219062e-05
5,5,melanocytic nevi,melanocytic nevi,0.00018152967,0.0002029909,0.0024720724,0.001258094,0.001173819,0.994528,0.0001835385
5,2,melanocytic nevi,benign keratosis-like lesions,0.08189466,0.06580544,0.415324,0.03724155,0.19045351,0.20702371,0.0022571061
5,1,melanocytic nevi,basal cell carcinoma,0.07076584,0.38679793,0.038046956,0.09405058,0.015460214,0.17802805,0.21685049
5,5,melanocytic nevi,melanocytic nevi,0.0003673525,0.00028597045,0.006729555,0.0016042514,0.0036300437,0.98728997,9.274005e-05
4,4,melanoma,melanoma,0.09118887,0.025778385,0.25623453,0.019324739,0.44043154,0.16123477,0.0058071795
5,5,melanocytic nevi,melanocytic nevi,0.00015329252,7.026126e-05,0.004071018,0.00059368403,0.005481576,0.9895867,4.3306572e-05
5,5,melanocytic nevi,melanocytic nevi,0.007497889,0.025954274,0.055803057,0.012127482,0.13909724,0.74322957,0.016290536
5,1,melanocytic nevi,basal cell carcinoma,0.057635337,0.28776398,0.25556287,0.056643926,0.061990365,0.27016422,0.010239287
2,2,benign keratosis-like lesions,benign keratosis-like lesions,0.15475759,0.17281356,0.49235225,0.05752487,0.05513997,0.06545875,0.0019530152
5,5,melanocytic nevi,melanocytic nevi,6.3547835e-05,0.00013885909,0.00092395436,0.00082973344,0.0004540076,0.99735945,0.0002303457
2,0,benign keratosis-like lesions,actinic keratoses and intraepithelial carcinoma,0.3189513,0.18742797,0.13352889,0.06404122,0.104105435,0.088721976,0.103223234
2,2,benign keratosis-like lesions,benign keratosis-like lesions,0.07379448,0.12620218,0.5765183,0.056452468,0.06087271,0.103442036,0.0027178645
2,2,benign keratosis-like lesions,benign keratosis-like lesions,0.2941983,0.16142033,0.3253568,0.060966842,0.09710312,0.058551475,0.00240312
5,5,melanocytic nevi,melanocytic nevi,0.030484037,0.028212303,0.2643736,0.024808472,0.24486955,0.40391722,0.0033347856
2,5,benign keratosis-like lesions,melanocytic nevi,0.0030735403,0.004530862,0.1967412,0.004814307,0.119998515,0.6703991,0.00044244062
5,5,melanocytic nevi,melanocytic nevi,0.020892732,0.010627364,0.06963244,0.022114756,0.12203742,0.7495126,0.005182738
2,2,benign keratosis-like lesions,benign keratosis-like lesions,0.062074814,0.026797082,0.46433333,0.03251047,0.08650485,0.32680702,0.00097243633
4,4,melanoma,melanoma,0.019566292,0.0052843257,0.0918165,0.005305398,0.54297644,0.3337533,0.0012977237
4,4,melanoma,melanoma,0.00012951833,1.2415469e-05,0.011014115,3.8291168e-05,0.7580922,0.23069583,1.7664595e-05
4,5,melanoma,melanocytic nevi,0.008822699,0.003025738,0.08847167,0.005687268,0.43744072,0.45516244,0.0013894502
5,4,melanocytic nevi,melanoma,0.00021183395,3.7621976e-05,0.0077705276,0.00014963842,0.5097658,0.48200294,6.164802e-05
2,0,benign keratosis-like lesions,actinic keratoses and intraepithelial carcinoma,0.31777203,0.13846776,0.3054593,0.057962842,0.12684,0.04365857,0.009839568
5,5,melanocytic nevi,melanocytic nevi,9.1001515e-05,0.00026360856,0.0012950383,0.0012871377,0.0005674941,0.99592435,0.0005714175
5,5,melanocytic nevi,melanocytic nevi,0.00021369004,0.0002885673,0.0021953355,0.0015222795,0.0014888763,0.9939786,0.00031271152
5,5,melanocytic nevi,melanocytic nevi,0.0027619929,0.0034998336,0.03534503,0.0045797653,0.1696598,0.7822699,0.0018836429
5,5,melanocytic nevi,melanocytic nevi,0.00015434631,7.217321e-05,0.005106588,0.00057025667,0.014406107,0.9796321,5.850386e-05
5,5,melanocytic nevi,melanocytic nevi,7.913488e-06,4.02727e-06,0.0003706127,4.9264734e-05,0.0052545015,0.99430424,9.379207e-06
2,2,benign keratosis-like lesions,benign keratosis-like lesions,0.08683409,0.08634458,0.5000272,0.056693874,0.061012823,0.20749268,0.0015947678
5,2,melanocytic nevi,benign keratosis-like lesions,0.07314947,0.17560571,0.29642963,0.090139866,0.07402104,0.28202778,0.008626471
6,5,vascular lesions,melanocytic nevi,0.049794067,0.02442471,0.11330532,0.01909811,0.38103762,0.3979496,0.0143905915
5,5,melanocytic nevi,melanocytic nevi,0.002801563,0.0012801518,0.1715097,0.001995606,0.21791801,0.6042706,0.000224439
5,5,melanocytic nevi,melanocytic nevi,0.012679993,0.020257924,0.023665281,0.03958639,0.019603258,0.86571413,0.018492954
4,2,melanoma,benign keratosis-like lesions,0.012884091,0.011661266,0.54050416,0.009515295,0.15719526,0.2676941,0.00054581603
5,5,melanocytic nevi,melanocytic nevi,0.0008720086,0.00029713224,0.019221736,0.0010455954,0.2353362,0.7428782,0.00034915275
4,4,melanoma,melanoma,0.040870883,0.018062666,0.1474964,0.012354515,0.50792724,0.27051184,0.0027764093
5,5,melanocytic nevi,melanocytic nevi,0.010351522,0.0050915447,0.060497966,0.018260306,0.0075590475,0.8975407,0.00069885363
5,5,melanocytic nevi,melanocytic nevi,0.0012728939,0.0051069134,0.0037654869,0.015932318,0.0014773264,0.9338848,0.03856021
5,2,melanocytic nevi,benign keratosis-like lesions,0.029250992,0.064117216,0.54181063,0.04515216,0.044211004,0.27053523,0.004922719
2,2,benign keratosis-like lesions,benign keratosis-like lesions,0.18880513,0.07762082,0.45776212,0.056312088,0.11565039,0.101936765,0.0019126673
5,1,melanocytic nevi,basal cell carcinoma,0.043192755,0.38447568,0.15117669,0.05509626,0.09422683,0.24838255,0.023449287
2,2,benign keratosis-like lesions,benign keratosis-like lesions,0.069943435,0.02947418,0.6106561,0.016004385,0.16378513,0.108797766,0.0013390062
5,5,melanocytic nevi,melanocytic nevi,0.010901259,0.012450192,0.07225445,0.012158021,0.091107994,0.79576206,0.0053659873
5,5,melanocytic nevi,melanocytic nevi,5.7707788e-05,7.70395e-05,0.0010622097,0.00048140023,0.0013408778,0.99690443,7.6334494e-05
4,4,melanoma,melanoma,0.0020369973,0.00042820277,0.043612815,0.0005878677,0.65584105,0.29735887,0.00013422735
0,0,actinic keratoses and intraepithelial carcinoma,actinic keratoses and intraepithelial carcinoma,0.30107427,0.30098662,0.1816237,0.072314605,0.062988065,0.06683545,0.014177223
2,5,benign keratosis-like lesions,melanocytic nevi,0.0050420994,0.0047126887,0.21267952,0.0028215991,0.3118856,0.46193537,0.0009231441
5,5,melanocytic nevi,melanocytic nevi,0.006757413,0.0058001317,0.03262387,0.017844582,0.013520674,0.9203304,0.0031229935
5,5,melanocytic nevi,melanocytic nevi,0.00074696325,0.0007025728,0.005790657,0.0025042824,0.02325804,0.96600133,0.0009960891
5,5,melanocytic nevi,melanocytic nevi,0.0023488738,0.0038949875,0.19331793,0.0034187532,0.13656044,0.6594211,0.0010378646
6,6,vascular lesions,vascular lesions,0.014951181,0.1305842,0.031052595,0.035414755,0.03828879,0.26892185,0.4807867
0,5,actinic keratoses and intraepithelial carcinoma,melanocytic nevi,0.11362414,0.097392865,0.29233474,0.074408785,0.058347456,0.3600829,0.0038090989
5,5,melanocytic nevi,melanocytic nevi,7.86285e-05,0.00015285521,0.00079651276,0.0008532472,0.0005507349,0.9972722,0.0002957856
5,5,melanocytic nevi,melanocytic nevi,1.7991293e-05,7.6639435e-06,0.0012367885,8.869554e-05,0.009587496,0.9890477,1.3708714e-05
5,5,melanocytic nevi,melanocytic nevi,0.0014107147,0.0004044827,0.019739933,0.002325137,0.06343758,0.9124774,0.00020476262
5,5,melanocytic nevi,melanocytic nevi,7.457791e-05,2.6806934e-05,0.0037397135,0.0003265881,0.003373845,0.99244666,1.176735e-05
5,5,melanocytic nevi,melanocytic nevi,0.063107796,0.02223144,0.25388595,0.04551494,0.04975027,0.5645058,0.0010038554
2,2,benign keratosis-like lesions,benign keratosis-like lesions,0.05345397,0.06629819,0.53770226,0.05850342,0.04605003,0.23632815,0.0016639654
0,0,actinic keratoses and intraepithelial carcinoma,actinic keratoses and intraepithelial carcinoma,0.33602652,0.29001123,0.15328819,0.076617904,0.069598615,0.056397334,0.018060237
4,5,melanoma,melanocytic nevi,0.0043673483,0.0013863146,0.13350277,0.0023655426,0.33430192,0.5233,0.0007760684
5,5,melanocytic nevi,melanocytic nevi,0.00013260003,5.751005e-05,0.07433597,0.00010195207,0.3214717,0.6038606,3.9665796e-05
3,0,dermatofibroma,actinic keratoses and intraepithelial carcinoma,0.62396294,0.11989941,0.13598491,0.030983727,0.06971168,0.016420014,0.0030373842
5,5,melanocytic nevi,melanocytic nevi,0.0015961028,0.0030126248,0.009199427,0.009452318,0.003122222,0.970009,0.0036082917
5,5,melanocytic nevi,melanocytic nevi,0.0007714274,0.0006677026,0.06466013,0.0012405731,0.14712916,0.78500307,0.000527923
1,0,basal cell carcinoma,actinic keratoses and intraepithelial carcinoma,0.39845952,0.27521878,0.07951044,0.042538475,0.12781462,0.043394625,0.033063535
5,5,melanocytic nevi,melanocytic nevi,1.404506e-05,1.1298188e-05,0.00063959777,0.00013818276,0.0010963066,0.99808013,2.0501304e-05
2,2,benign keratosis-like lesions,benign keratosis-like lesions,0.20030281,0.033387735,0.37723184,0.016959654,0.3342611,0.036280245,0.0015766432
5,1,melanocytic nevi,basal cell carcinoma,0.17850009,0.28191176,0.057269834,0.06201732,0.16945705,0.19342683,0.057417117
5,2,melanocytic nevi,benign keratosis-like lesions,0.06749482,0.31942815,0.33418423,0.080650024,0.041528195,0.15118068,0.005533921
5,5,melanocytic nevi,melanocytic nevi,0.00025922395,0.00048517706,0.0023913786,0.0023257115,0.00043845392,0.9936156,0.0004844089
5,1,melanocytic nevi,basal cell carcinoma,0.082000926,0.44508374,0.26353773,0.07378423,0.02918896,0.100467436,0.0059369626
5,5,melanocytic nevi,melanocytic nevi,0.026100611,0.005296005,0.18033198,0.014628116,0.25297633,0.5198098,0.00085719547
5,5,melanocytic nevi,melanocytic nevi,0.0036976228,0.0020637454,0.042787105,0.005676394,0.057381555,0.888009,0.0003846608
5,5,melanocytic nevi,melanocytic nevi,0.002459182,0.0034721158,0.09739162,0.0039775064,0.106766336,0.7850684,0.00086497556
4,0,melanoma,actinic keratoses and intraepithelial carcinoma,0.35672396,0.06120761,0.2169899,0.027407086,0.2997093,0.034497432,0.0034647256
2,5,benign keratosis-like lesions,melanocytic nevi,0.060200397,0.19710912,0.18200803,0.1020801,0.07473768,0.338085,0.045779698
4,4,melanoma,melanoma,0.114773236,0.05258497,0.18929513,0.026152972,0.44556373,0.16860439,0.0030256086
2,2,benign keratosis-like lesions,benign keratosis-like lesions,0.12903778,0.091807,0.5571003,0.03452279,0.10813773,0.077172704,0.0022216532
2,1,benign keratosis-like lesions,basal cell carcinoma,0.09002583,0.3523874,0.22463042,0.06305167,0.046462942,0.17320576,0.050235998
5,5,melanocytic nevi,melanocytic nevi,0.0021725248,0.0013440544,0.019216837,0.005815586,0.0054085623,0.96571267,0.0003297001
5,5,melanocytic nevi,melanocytic nevi,0.009466038,0.0026938487,0.078444354,0.010255766,0.10481705,0.79370534,0.0006176948
0,2,actinic keratoses and intraepithelial carcinoma,benign keratosis-like lesions,0.26307338,0.08674353,0.47427467,0.034676246,0.101981744,0.037496224,0.0017542574
5,5,melanocytic nevi,melanocytic nevi,0.0012437797,0.0018557251,0.007496149,0.0063701435,0.0044664536,0.976611,0.001956725
4,2,melanoma,benign keratosis-like lesions,0.3296856,0.041869853,0.34389395,0.01823075,0.23819037,0.02711928,0.0010101427
4,5,melanoma,melanocytic nevi,0.008289233,0.019563813,0.07100277,0.011554859,0.28584823,0.59300226,0.01073876
3,5,dermatofibroma,melanocytic nevi,0.01864629,0.052227158,0.03033057,0.061767116,0.009590277,0.7986215,0.028817102
5,5,melanocytic nevi,melanocytic nevi,0.007353415,0.00348897,0.03576083,0.010630939,0.08115742,0.86042804,0.0011803426
5,1,melanocytic nevi,basal cell carcinoma,0.07937759,0.3763572,0.045928758,0.07115769,0.108811475,0.20553528,0.11283208
0,1,actinic keratoses and intraepithelial carcinoma,basal cell carcinoma,0.15893123,0.52693594,0.096695505,0.060084656,0.05499706,0.07088809,0.031467468
2,2,benign keratosis-like lesions,benign keratosis-like lesions,0.11466703,0.08458906,0.45221695,0.04089411,0.17663977,0.12748286,0.0035102582
5,5,melanocytic nevi,melanocytic nevi,0.0016722145,0.0012077123,0.014456202,0.00476567,0.008638328,0.9688138,0.00044609656
5,5,melanocytic nevi,melanocytic nevi,0.0011938862,0.0008705319,0.3505896,0.0013525297,0.16095674,0.48469037,0.0003464449
5,4,melanocytic nevi,melanoma,0.020815322,0.016102416,0.090671554,0.011080875,0.48360708,0.3744259,0.0032969043
1,1,basal cell carcinoma,basal cell carcinoma,0.06062509,0.35000485,0.10115199,0.051052574,0.107034795,0.2726653,0.057465374
5,2,melanocytic nevi,benign keratosis-like lesions,0.020315569,0.0063985335,0.60344213,0.008124535,0.1578628,0.20363002,0.0002264381
2,2,benign keratosis-like lesions,benign keratosis-like lesions,0.030414341,0.050999835,0.735675,0.026317483,0.0481464,0.1071133,0.0013336154
5,2,melanocytic nevi,benign keratosis-like lesions,0.25167668,0.032415308,0.48927402,0.012760608,0.16650866,0.046418026,0.00094666553
2,5,benign keratosis-like lesions,melanocytic nevi,0.009348662,0.005628182,0.095679134,0.0056792614,0.40665308,0.4745044,0.002507318
4,5,melanoma,melanocytic nevi,0.0032158375,0.0022037188,0.036847923,0.0025905021,0.4017385,0.5513988,0.0020046993
4,1,melanoma,basal cell carcinoma,0.114215896,0.2683544,0.08726469,0.06557381,0.12759125,0.25503567,0.08196434
5,2,melanocytic nevi,benign keratosis-like lesions,0.059839815,0.07052918,0.30666545,0.026784338,0.26970512,0.25904536,0.0074306424
5,5,melanocytic nevi,melanocytic nevi,0.0013726193,0.0025697015,0.0049344124,0.008204854,0.0016392504,0.9780182,0.0032609948
5,5,melanocytic nevi,melanocytic nevi,0.000106850406,0.00012768894,0.0015704504,0.0008308759,0.00093996123,0.9963012,0.0001230026
3,5,dermatofibroma,melanocytic nevi,0.00720246,0.01247831,0.01591633,0.028779306,0.005211539,0.92046803,0.009943984
5,4,melanocytic nevi,melanoma,0.12024932,0.05325719,0.11594091,0.037885804,0.42848864,0.23597756,0.008200579
5,5,melanocytic nevi,melanocytic nevi,6.730535e-05,0.00011319332,0.00078887644,0.00073515804,0.00063264836,0.9974445,0.00021832425
5,5,melanocytic nevi,melanocytic nevi,0.002188563,0.0024676707,0.0133910235,0.008744282,0.0023371193,0.96985435,0.0010169317
2,2,benign keratosis-like lesions,benign keratosis-like lesions,0.024542496,0.0122215515,0.80190164,0.0071439627,0.09012987,0.06391318,0.00014732119
5,4,melanocytic nevi,melanoma,0.05834307,0.013651616,0.32604805,0.0074934023,0.48310181,0.110069275,0.0012928739
2,5,benign keratosis-like lesions,melanocytic nevi,0.0030744737,0.011008597,0.13912728,0.0053624883,0.103865094,0.73339117,0.0041708117
5,5,melanocytic nevi,melanocytic nevi,6.426796e-05,5.6808087e-05,0.0015038741,0.0004515029,0.0009422525,0.9969465,3.4748813e-05
1,4,basal cell carcinoma,melanoma,0.15450989,0.06883388,0.28398207,0.026145738,0.33271593,0.12705979,0.0067526335
5,5,melanocytic nevi,melanocytic nevi,0.039427508,0.24068873,0.1148041,0.0591786,0.13729997,0.38491094,0.023690132
5,5,melanocytic nevi,melanocytic nevi,0.0009173028,0.00082623254,0.007082768,0.00335233,0.009182783,0.978134,0.0005046452
5,2,melanocytic nevi,benign keratosis-like lesions,0.154698,0.04234258,0.3782796,0.024380665,0.27906495,0.11997701,0.0012572125
5,5,melanocytic nevi,melanocytic nevi,0.008548413,0.004447955,0.18361147,0.0041953814,0.36160672,0.43640316,0.0011868387
5,5,melanocytic nevi,melanocytic nevi,0.0038525597,0.0124082705,0.016077995,0.019766295,0.0025001664,0.93650657,0.008888127
5,5,melanocytic nevi,melanocytic nevi,0.011298569,0.018415583,0.03510673,0.02379934,0.053134207,0.79908323,0.059162427
5,5,melanocytic nevi,melanocytic nevi,1.15483845e-05,2.1975875e-06,0.0011877735,3.6928617e-05,0.022600973,0.9761572,3.3827207e-06
1,5,basal cell carcinoma,melanocytic nevi,0.18781,0.1090601,0.19606121,0.072590284,0.18419479,0.24535583,0.0049277716
5,5,melanocytic nevi,melanocytic nevi,0.00022227345,0.00011119953,0.033893608,0.0002164796,0.2830243,0.6824201,0.000111986425
4,4,melanoma,melanoma,0.0008027597,0.00039270663,0.021881728,0.0006407331,0.5184546,0.45707276,0.00075464486
5,5,melanocytic nevi,melanocytic nevi,0.0014676963,0.0030664192,0.07671833,0.0019645155,0.19816576,0.69548696,0.023130262
6,5,vascular lesions,melanocytic nevi,0.03551246,0.13148221,0.110384166,0.08283889,0.052880622,0.4830291,0.10387256
5,5,melanocytic nevi,melanocytic nevi,0.05726255,0.12234949,0.03894105,0.07784503,0.015500005,0.6599723,0.028129486
2,2,benign keratosis-like lesions,benign keratosis-like lesions,0.17716584,0.05203458,0.33812758,0.03298997,0.30309227,0.093941525,0.0026482695
5,5,melanocytic nevi,melanocytic nevi,0.0014054562,0.0009876589,0.08789006,0.0012866927,0.16922149,0.738778,0.00043057927
5,5,melanocytic nevi,melanocytic nevi,0.00042428536,0.0012696622,0.0021335017,0.004852171,0.0010615711,0.9861648,0.004093998
2,1,benign keratosis-like lesions,basal cell carcinoma,0.14862394,0.33210698,0.27801293,0.06943471,0.07961345,0.08348025,0.008727695
1,0,basal cell carcinoma,actinic keratoses and intraepithelial carcinoma,0.6037215,0.1017766,0.10644734,0.026988303,0.13485341,0.022930587,0.003282317
5,5,melanocytic nevi,melanocytic nevi,0.00019418425,6.7276684e-05,0.0048018117,0.0004257087,0.054909408,0.9395172,8.4394815e-05
5,5,melanocytic nevi,melanocytic nevi,0.03344085,0.014031211,0.18496966,0.030202378,0.06841282,0.66749835,0.0014446944
2,2,benign keratosis-like lesions,benign keratosis-like lesions,0.11599495,0.1878938,0.517125,0.049547665,0.055664998,0.06911261,0.004661001
5,5,melanocytic nevi,melanocytic nevi,0.0047372174,0.011108622,0.012056213,0.024220333,0.0041576424,0.9286927,0.015027246
5,5,melanocytic nevi,melanocytic nevi,8.772903e-05,5.354703e-05,0.0023773026,0.00041548526,0.00756208,0.9894298,7.409694e-05
2,2,benign keratosis-like lesions,benign keratosis-like lesions,0.104329586,0.107913435,0.29432455,0.042677462,0.28430954,0.15935057,0.007094905
5,2,melanocytic nevi,benign keratosis-like lesions,0.13057715,0.19976023,0.43446344,0.045768,0.07550434,0.10920655,0.0047203596
5,5,melanocytic nevi,melanocytic nevi,9.770018e-05,5.02267e-05,0.13104762,0.00011317887,0.12450201,0.7441632,2.6031736e-05
5,5,melanocytic nevi,melanocytic nevi,0.00055392337,0.0020073967,0.0028863857,0.0048762886,0.00068641145,0.98673916,0.0022504043
5,5,melanocytic nevi,melanocytic nevi,0.0120038465,0.015449114,0.016388793,0.019441593,0.08429537,0.83079183,0.021629432
5,5,melanocytic nevi,melanocytic nevi,0.0037147843,0.005588688,0.018866256,0.012938888,0.007077364,0.9488685,0.00294546
5,5,melanocytic nevi,melanocytic nevi,0.00070323853,0.0005543096,0.08209715,0.0011018023,0.12193567,0.7932894,0.00031837757
4,5,melanoma,melanocytic nevi,0.0015661849,0.00076768204,0.020730792,0.001044063,0.46937037,0.5055362,0.0009846516
5,5,melanocytic nevi,melanocytic nevi,0.00072179025,0.00020727338,0.15805799,0.0012185356,0.10464221,0.73509014,6.2072635e-05
5,5,melanocytic nevi,melanocytic nevi,0.0015177386,0.0029975646,0.005848712,0.009597156,0.0014407944,0.9748751,0.0037229927
0,1,actinic keratoses and intraepithelial carcinoma,basal cell carcinoma,0.26141557,0.45921162,0.07268761,0.060833585,0.055020507,0.051646408,0.039184764
5,5,melanocytic nevi,melanocytic nevi,0.0305514,0.0162159,0.22773163,0.019426825,0.20929825,0.49549803,0.001278
0,4,actinic keratoses and intraepithelial carcinoma,melanoma,0.013202281,0.0056224065,0.05732733,0.0048210607,0.6226497,0.29357877,0.0027983722
5,5,melanocytic nevi,melanocytic nevi,0.0035931955,0.0029281143,0.03426016,0.0047474755,0.21442851,0.73763955,0.0024030318
5,5,melanocytic nevi,melanocytic nevi,0.04505846,0.02861271,0.19567966,0.033019118,0.22694613,0.46564823,0.0050356975
5,5,melanocytic nevi,melanocytic nevi,0.00010408128,0.0002715476,0.0010933094,0.0013159711,0.00034970502,0.99640083,0.0004645623
4,5,melanoma,melanocytic nevi,0.0069686496,0.0045471713,0.2096105,0.0047419155,0.25676048,0.5165676,0.00080364087
1,1,basal cell carcinoma,basal cell carcinoma,0.08853859,0.64133865,0.07310226,0.08577173,0.019791579,0.071842894,0.019614248
5,5,melanocytic nevi,melanocytic nevi,0.00034507786,0.00011930009,0.16969627,0.00023495987,0.15910052,0.67046565,3.8169055e-05
5,5,melanocytic nevi,melanocytic nevi,0.003856756,0.0022846144,0.060857277,0.006864646,0.058847804,0.866633,0.000655822
2,5,benign keratosis-like lesions,melanocytic nevi,0.011355992,0.0220643,0.3580611,0.01405532,0.06901992,0.5234244,0.002018999
4,4,melanoma,melanoma,0.0125861745,0.0037852211,0.050518386,0.004455123,0.5632239,0.36422604,0.001205147
2,1,benign keratosis-like lesions,basal cell carcinoma,0.088890396,0.41831842,0.15204158,0.07276644,0.0806456,0.17481738,0.012520187
5,5,melanocytic nevi,melanocytic nevi,4.041484e-05,8.1955615e-05,0.00069093757,0.0005537953,0.00045710558,0.99805874,0.000117015836
5,2,melanocytic nevi,benign keratosis-like lesions,0.053942,0.1756714,0.31356004,0.038147718,0.09845926,0.31183264,0.008386905
5,5,melanocytic nevi,melanocytic nevi,0.010466301,0.03545521,0.01767215,0.060169697,0.0076690027,0.72772473,0.14084302
5,5,melanocytic nevi,melanocytic nevi,0.0010342025,0.0012011888,0.07901789,0.0012289813,0.19294755,0.72418165,0.00038853637
5,5,melanocytic nevi,melanocytic nevi,0.014941308,0.007938338,0.04498912,0.019818513,0.040041186,0.8705113,0.0017602972
5,5,melanocytic nevi,melanocytic nevi,0.0006963297,0.0014608396,0.0033416126,0.006051617,0.0017448216,0.9833908,0.0033139877
4,1,melanoma,basal cell carcinoma,0.19251896,0.2924272,0.07340235,0.10044286,0.09599684,0.21543299,0.029778814
5,6,melanocytic nevi,vascular lesions,0.045408007,0.2404403,0.036301903,0.06614761,0.022272076,0.2281799,0.3612502
5,5,melanocytic nevi,melanocytic nevi,0.00016494538,0.00013172936,0.0035974667,0.00091374316,0.0017179167,0.9934223,5.1940053e-05
5,5,melanocytic nevi,melanocytic nevi,0.0014724359,0.006024161,0.019423414,0.00432604,0.07922132,0.87759936,0.011933302
5,5,melanocytic nevi,melanocytic nevi,0.0023959838,0.008469153,0.087822676,0.007737628,0.079795994,0.80737084,0.006407711
1,1,basal cell carcinoma,basal cell carcinoma,0.11813996,0.36219347,0.14336453,0.11714402,0.04850834,0.17778449,0.03286525
2,2,benign keratosis-like lesions,benign keratosis-like lesions,0.030367978,0.012978385,0.76791316,0.009751638,0.11224831,0.066202305,0.0005382611
5,5,melanocytic nevi,melanocytic nevi,0.0018920349,0.001982895,0.01290796,0.003764381,0.10158623,0.87404704,0.0038194591
5,4,melanocytic nevi,melanoma,0.0074240365,0.0024555994,0.32020772,0.0032542497,0.35681736,0.30970225,0.00013873389
5,5,melanocytic nevi,melanocytic nevi,0.00034466304,0.00017711792,0.006086702,0.001134343,0.008334954,0.983845,7.722538e-05
4,4,melanoma,melanoma,0.0017379925,0.00035862697,0.083680525,0.0005038217,0.64325297,0.27033526,0.0001308432
1,1,basal cell carcinoma,basal cell carcinoma,0.22215907,0.4596031,0.039524574,0.07418956,0.041421805,0.06463716,0.098464765
5,5,melanocytic nevi,melanocytic nevi,0.00074299646,0.0016500282,0.0030588177,0.005114282,0.0012264875,0.98620147,0.0020059566
4,2,melanoma,benign keratosis-like lesions,0.08745817,0.13922697,0.25833675,0.04451771,0.22951855,0.22836503,0.012576828
4,5,melanoma,melanocytic nevi,0.0009430576,0.0026011725,0.066114336,0.0024216038,0.1060546,0.81046426,0.011400991
5,4,melanocytic nevi,melanoma,0.0030141342,0.0013056702,0.048305273,0.0016478867,0.52634907,0.41877857,0.00059939525
4,4,melanoma,melanoma,0.25284103,0.031306963,0.22015828,0.017527422,0.4262407,0.050213512,0.0017120283
5,5,melanocytic nevi,melanocytic nevi,0.0046302862,0.0022558873,0.08189174,0.006461226,0.05389838,0.850567,0.00029552862
5,5,melanocytic nevi,melanocytic nevi,0.0122693395,0.022017581,0.13359466,0.012057104,0.20810255,0.6076229,0.0043358225
0,0,actinic keratoses and intraepithelial carcinoma,actinic keratoses and intraepithelial carcinoma,0.3254757,0.16991514,0.30290526,0.031871334,0.1179055,0.044656504,0.00727058
2,2,benign keratosis-like lesions,benign keratosis-like lesions,0.11384921,0.089931525,0.61231625,0.03121123,0.0875205,0.06311571,0.0020556042
4,5,melanoma,melanocytic nevi,0.00051099336,0.00027516697,0.055789016,0.00045465637,0.26997015,0.67278665,0.00021341305
5,5,melanocytic nevi,melanocytic nevi,0.003784733,0.0012660896,0.0395782,0.002587501,0.4375951,0.5140825,0.0011058175
5,5,melanocytic nevi,melanocytic nevi,0.0069204406,0.0072820485,0.1058258,0.006173564,0.26942787,0.6019421,0.0024281342
5,5,melanocytic nevi,melanocytic nevi,0.00024650205,0.000103106206,0.0053533562,0.00072184135,0.014754122,0.97875357,6.7440626e-05
5,5,melanocytic nevi,melanocytic nevi,0.005580863,0.010501223,0.025440821,0.021632269,0.010993177,0.9188626,0.0069891037
3,1,dermatofibroma,basal cell carcinoma,0.2106553,0.517552,0.10199446,0.065434575,0.029278731,0.057310596,0.017774416
5,5,melanocytic nevi,melanocytic nevi,0.008397673,0.0047016493,0.2130426,0.006272708,0.26186925,0.50457454,0.0011416827
5,5,melanocytic nevi,melanocytic nevi,0.00033142805,0.00018717877,0.005874955,0.0014057183,0.0044388,0.9876561,0.00010581279
0,1,actinic keratoses and intraepithelial carcinoma,basal cell carcinoma,0.17186761,0.57101274,0.062420983,0.07226408,0.020774938,0.061793804,0.039865773
2,2,benign keratosis-like lesions,benign keratosis-like lesions,0.053750712,0.081259705,0.71475506,0.02250298,0.05862222,0.066602185,0.0025070994
2,2,benign keratosis-like lesions,benign keratosis-like lesions,0.12969147,0.05519722,0.6922923,0.013652365,0.087314226,0.021325123,0.0005273881
5,5,melanocytic nevi,melanocytic nevi,0.0001539957,0.0001955243,0.001508763,0.0010628089,0.0028509363,0.9937563,0.00047169082
5,5,melanocytic nevi,melanocytic nevi,0.032648955,0.026274333,0.09472258,0.049711645,0.024013458,0.76941913,0.0032099877
1,1,basal cell carcinoma,basal cell carcinoma,0.16769452,0.39464906,0.08360567,0.076383375,0.08436134,0.08393888,0.109367214
5,5,melanocytic nevi,melanocytic nevi,0.014072874,0.032264214,0.02544624,0.025667911,0.093071215,0.7993211,0.010156458
5,5,melanocytic nevi,melanocytic nevi,0.0003874911,0.0006301868,0.0031639135,0.003722264,0.0011206067,0.9894673,0.0015082221
5,5,melanocytic nevi,melanocytic nevi,0.012990281,0.047515746,0.3489743,0.025819158,0.08071348,0.47334224,0.010644826
2,5,benign keratosis-like lesions,melanocytic nevi,0.008090714,0.007694065,0.20636438,0.011892415,0.0850502,0.67979425,0.001114011
5,5,melanocytic nevi,melanocytic nevi,0.038295157,0.006782167,0.11930892,0.018371072,0.23514748,0.5814472,0.0006480823
5,5,melanocytic nevi,melanocytic nevi,0.042027567,0.015079947,0.07724459,0.016175892,0.41815984,0.4277779,0.003534191
4,0,melanoma,actinic keratoses and intraepithelial carcinoma,0.33166122,0.08733977,0.29199252,0.04824395,0.17845295,0.058231056,0.0040785945
5,5,melanocytic nevi,melanocytic nevi,0.013144402,0.013919133,0.26759225,0.021970414,0.04518695,0.6376274,0.0005593775
0,5,actinic keratoses and intraepithelial carcinoma,melanocytic nevi,0.024505515,0.2856586,0.2464083,0.061950155,0.04260193,0.32191595,0.016959654
1,1,basal cell carcinoma,basal cell carcinoma,0.11052704,0.5926508,0.104142904,0.087870345,0.0270233,0.06645418,0.011331457
5,5,melanocytic nevi,melanocytic nevi,3.603994e-05,3.2235734e-05,0.0007635726,0.00029358594,0.001036469,0.997804,3.4105822e-05
5,5,melanocytic nevi,melanocytic nevi,0.000239059,0.00062309176,0.0017293431,0.0021847899,0.0013281074,0.9930749,0.0008208106
5,5,melanocytic nevi,melanocytic nevi,0.007300575,0.0034722982,0.04800007,0.011497949,0.02542428,0.90363157,0.0006732301
5,5,melanocytic nevi,melanocytic nevi,0.0027151871,0.003471534,0.095788926,0.0027092393,0.27452812,0.6168262,0.003960744
4,5,melanoma,melanocytic nevi,0.03184594,0.011478661,0.14662392,0.016332421,0.32181966,0.4667705,0.0051288935
1,1,basal cell carcinoma,basal cell carcinoma,0.14523011,0.40043926,0.25242472,0.068941146,0.042469867,0.08194871,0.008546091
5,5,melanocytic nevi,melanocytic nevi,0.000107639185,7.45275e-05,0.0026830079,0.0005776812,0.0019079404,0.9946155,3.3727996e-05
5,5,melanocytic nevi,melanocytic nevi,0.0005231455,0.00093558885,0.0044725803,0.0032664884,0.0032506937,0.9865955,0.00095594337
5,4,melanocytic nevi,melanoma,0.0004470547,0.000104296734,0.009709818,0.00023584644,0.5847059,0.40455222,0.00024488856
5,5,melanocytic nevi,melanocytic nevi,0.00020999936,0.00027584474,0.0026123906,0.001518669,0.0013984139,0.9936977,0.0002869549
5,5,melanocytic nevi,melanocytic nevi,0.0023140456,0.004508234,0.009226407,0.008523673,0.003918064,0.9678122,0.0036972787
5,5,melanocytic nevi,melanocytic nevi,0.005715021,0.0017834745,0.052177537,0.003494372,0.30978718,0.62630963,0.0007327969
2,2,benign keratosis-like lesions,benign keratosis-like lesions,0.039601516,0.03883735,0.7482361,0.030856727,0.042587306,0.09918792,0.00069310155
2,2,benign keratosis-like lesions,benign keratosis-like lesions,0.08508757,0.03164,0.6113773,0.018193759,0.16508569,0.08704049,0.0015752619
5,5,melanocytic nevi,melanocytic nevi,0.0010054386,0.001609587,0.004169888,0.005345821,0.006184331,0.97668445,0.0050003687
5,5,melanocytic nevi,melanocytic nevi,0.00039614647,0.0002736788,0.113685876,0.00043833253,0.1812845,0.7038441,7.737855e-05
5,5,melanocytic nevi,melanocytic nevi,0.0071632355,0.06781045,0.04789609,0.019718776,0.074371606,0.71512777,0.06791204
2,5,benign keratosis-like lesions,melanocytic nevi,0.0043750047,0.00330583,0.3468393,0.005323789,0.1357697,0.5039876,0.0003987579
5,5,melanocytic nevi,melanocytic nevi,0.00019874156,0.000104992745,0.007557481,0.0004862748,0.061146732,0.93037945,0.0001263736
5,5,melanocytic nevi,melanocytic nevi,0.00048518748,0.00073491526,0.004670056,0.0027887041,0.001986261,0.9890276,0.0003072949
5,5,melanocytic nevi,melanocytic nevi,0.0050315885,0.019736521,0.010827244,0.035426002,0.014209708,0.75360197,0.161167
5,5,melanocytic nevi,melanocytic nevi,0.005416864,0.011128966,0.43173122,0.0060443147,0.078982614,0.46318007,0.0035159772
5,5,melanocytic nevi,melanocytic nevi,0.023150846,0.24608603,0.032240573,0.09316924,0.017315552,0.42582995,0.16220784
0,1,actinic keratoses and intraepithelial carcinoma,basal cell carcinoma,0.05797636,0.38980657,0.08348441,0.1273811,0.015568948,0.280927,0.044855613
5,5,melanocytic nevi,melanocytic nevi,0.10411108,0.10443402,0.12612125,0.10811496,0.03900684,0.4974354,0.020776395
4,0,melanoma,actinic keratoses and intraepithelial carcinoma,0.3208469,0.06913202,0.2537907,0.050143864,0.22511406,0.076605484,0.004366985
5,5,melanocytic nevi,melanocytic nevi,0.0043844515,0.0036361264,0.018946642,0.011224502,0.009771179,0.9499353,0.002101792
2,5,benign keratosis-like lesions,melanocytic nevi,0.00010847065,2.8712439e-05,0.07675495,6.14801e-05,0.37251857,0.55051893,8.853974e-06
2,2,benign keratosis-like lesions,benign keratosis-like lesions,0.26395652,0.19412228,0.39971262,0.046733677,0.05414518,0.03782505,0.0035046716
1,1,basal cell carcinoma,basal cell carcinoma,0.090705305,0.6045951,0.0515777,0.07059254,0.037479058,0.09422426,0.050826028
5,5,melanocytic nevi,melanocytic nevi,1.6532358e-05,9.060056e-06,0.00066876644,9.0801375e-05,0.0077854386,0.9914083,2.1138596e-05
4,5,melanoma,melanocytic nevi,0.009662999,0.008410288,0.03224851,0.01789727,0.0474213,0.88177663,0.0025829861
5,5,melanocytic nevi,melanocytic nevi,0.007600172,0.024116538,0.07364351,0.015373068,0.090490766,0.78448755,0.0042883516
5,1,melanocytic nevi,basal cell carcinoma,0.08538029,0.5063493,0.1312065,0.082851365,0.036094043,0.13567626,0.022442201
5,5,melanocytic nevi,melanocytic nevi,0.005775224,0.019859834,0.13043106,0.01214573,0.06095988,0.7661115,0.00471682
0,0,actinic keratoses and intraepithelial carcinoma,actinic keratoses and intraepithelial carcinoma,0.30741376,0.2072996,0.13821249,0.09573758,0.07415285,0.16323882,0.01394488
5,5,melanocytic nevi,melanocytic nevi,0.0033882794,0.0026190535,0.11799647,0.002609929,0.37092945,0.5010182,0.001438626
5,5,melanocytic nevi,melanocytic nevi,0.0007407378,0.00044370873,0.2442728,0.000674672,0.21235755,0.5413703,0.00014029653
2,1,benign keratosis-like lesions,basal cell carcinoma,0.05522988,0.5277581,0.21555036,0.07378092,0.018014004,0.10361098,0.006055704
5,5,melanocytic nevi,melanocytic nevi,0.0024554632,0.0010064542,0.0437095,0.0042076265,0.032610632,0.9158572,0.0001531895
5,5,melanocytic nevi,melanocytic nevi,0.001442086,0.0010043777,0.015473455,0.0043731607,0.0063343374,0.9710354,0.00033708164
0,0,actinic keratoses and intraepithelial carcinoma,actinic keratoses and intraepithelial carcinoma,0.33374062,0.25284085,0.15547684,0.044140838,0.15010364,0.049584486,0.014112713
5,5,melanocytic nevi,melanocytic nevi,0.00070001517,0.0023915516,0.028206017,0.0025450482,0.07294353,0.8821456,0.0110682985
5,6,melanocytic nevi,vascular lesions,0.003936431,0.016310634,0.013682451,0.006815402,0.111584224,0.31548688,0.532184
5,5,melanocytic nevi,melanocytic nevi,0.00016003734,6.0859755e-05,0.06409315,0.00013385821,0.13999459,0.7955297,2.7764474e-05
5,5,melanocytic nevi,melanocytic nevi,0.0008492031,0.0015359853,0.0042368663,0.0062146443,0.0041746334,0.97578627,0.007202373
5,5,melanocytic nevi,melanocytic nevi,0.00029281157,0.00015388131,0.0067629563,0.0012407873,0.0033069586,0.9881662,7.645115e-05
5,5,melanocytic nevi,melanocytic nevi,0.0062302044,0.03745763,0.070838094,0.01949099,0.08913179,0.74878186,0.028069347
5,5,melanocytic nevi,melanocytic nevi,2.02498e-05,2.4250887e-05,0.00049874705,0.00019796178,0.0009058646,0.99830544,4.748899e-05
5,5,melanocytic nevi,melanocytic nevi,0.0021276271,0.025210893,0.052331414,0.0092452,0.03258506,0.8622834,0.016216336
5,5,melanocytic nevi,melanocytic nevi,0.0036326926,0.007851029,0.010651952,0.019152481,0.018796155,0.8749819,0.06493384
5,5,melanocytic nevi,melanocytic nevi,0.00034564978,0.0004562264,0.0035106032,0.0020560224,0.0059548016,0.9870635,0.00061316957
5,5,melanocytic nevi,melanocytic nevi,0.010301779,0.023502702,0.11141997,0.008000661,0.21461579,0.62113845,0.01102065
5,5,melanocytic nevi,melanocytic nevi,0.006515538,0.10253211,0.031164508,0.032397907,0.06412776,0.5366924,0.22656983
5,5,melanocytic nevi,melanocytic nevi,0.00079367374,0.00037451665,0.014438112,0.0021958405,0.012744798,0.96921355,0.00023954952
5,5,melanocytic nevi,melanocytic nevi,0.00014124314,6.89299e-05,0.0038329645,0.0005443713,0.011745348,0.983584,8.311702e-05
4,4,melanoma,melanoma,0.017114151,0.009403455,0.34143442,0.005202218,0.41442645,0.21193677,0.00048253164
5,5,melanocytic nevi,melanocytic nevi,0.07664191,0.2194246,0.16778018,0.070723005,0.10700891,0.34858003,0.0098412745
5,5,melanocytic nevi,melanocytic nevi,0.0001465037,4.4638222e-05,0.0049328064,0.00051336014,0.008268242,0.9860647,2.9730052e-05
5,5,melanocytic nevi,melanocytic nevi,0.00013602187,0.00026702034,0.0014946414,0.0011894135,0.0008116017,0.99574417,0.0003571131
5,5,melanocytic nevi,melanocytic nevi,0.0037599537,0.01649066,0.027467048,0.010734754,0.0739569,0.84687835,0.02071235
5,5,melanocytic nevi,melanocytic nevi,0.001942305,0.0066880714,0.0051754164,0.015370607,0.0038008925,0.94548386,0.021538708
5,5,melanocytic nevi,melanocytic nevi,0.0022850116,0.00048650565,0.07723085,0.002863925,0.10320117,0.81379783,0.00013471133
5,5,melanocytic nevi,melanocytic nevi,0.0064669764,0.029129263,0.008354491,0.051011883,0.005115584,0.5626848,0.33723703
5,5,melanocytic nevi,melanocytic nevi,0.009754546,0.01407542,0.057769798,0.012452188,0.28805724,0.6128966,0.0049941605
4,6,melanoma,vascular lesions,0.044988412,0.16517441,0.013963314,0.035867136,0.10779645,0.18951744,0.4426929
5,5,melanocytic nevi,melanocytic nevi,0.0001013782,0.00020880102,0.0010948924,0.0011045616,0.0006734635,0.99647,0.00034687383
5,5,melanocytic nevi,melanocytic nevi,0.00052966236,0.00041213774,0.21302871,0.00077473465,0.07427518,0.71091354,6.5967506e-05
2,2,benign keratosis-like lesions,benign keratosis-like lesions,0.13337114,0.2448522,0.3333822,0.08623999,0.057598148,0.13831659,0.006239714
5,5,melanocytic nevi,melanocytic nevi,0.04190503,0.08073884,0.041202772,0.06273169,0.049702447,0.69170755,0.032011602
5,4,melanocytic nevi,melanoma,0.015052798,0.0072472556,0.12802675,0.005521409,0.48024386,0.3625999,0.0013079634
4,0,melanoma,actinic keratoses and intraepithelial carcinoma,0.28263038,0.20338084,0.13901713,0.049629588,0.20307557,0.115502484,0.006764047
5,5,melanocytic nevi,melanocytic nevi,0.00024456868,0.00075762364,0.0014685747,0.0026807222,0.0010850828,0.991549,0.0022143393
5,5,melanocytic nevi,melanocytic nevi,0.0029661816,0.0037698383,0.13638552,0.0029666713,0.28955838,0.56016576,0.0041876407
5,5,melanocytic nevi,melanocytic nevi,0.0003242516,0.0001529388,0.17836502,0.0003135441,0.26454034,0.5562193,8.450344e-05
5,5,melanocytic nevi,melanocytic nevi,3.8839087e-05,2.326831e-05,0.0015445175,0.0002083872,0.005714393,0.9924372,3.338478e-05
6,5,vascular lesions,melanocytic nevi,0.0237487,0.060116105,0.1082834,0.036983978,0.06336515,0.6668874,0.040615287
5,5,melanocytic nevi,melanocytic nevi,0.0037110976,0.006944456,0.011973985,0.013217487,0.020284895,0.93182105,0.012046994
2,5,benign keratosis-like lesions,melanocytic nevi,0.013138019,0.056117672,0.011622573,0.06779493,0.006011491,0.6320094,0.21330601
6,6,vascular lesions,vascular lesions,0.011105056,0.063315384,0.0081791915,0.03889023,0.015770858,0.15933168,0.7034077
5,5,melanocytic nevi,melanocytic nevi,0.01007701,0.006129541,0.046975344,0.018358804,0.005934522,0.91193736,0.00058735977
1,1,basal cell carcinoma,basal cell carcinoma,0.05700049,0.44903964,0.21062672,0.05831618,0.061206173,0.14829496,0.0155159
5,5,melanocytic nevi,melanocytic nevi,0.026095629,0.011157877,0.22458664,0.02187717,0.1714131,0.5433145,0.001555067
5,5,melanocytic nevi,melanocytic nevi,0.014324727,0.12719454,0.072592385,0.038075767,0.074586086,0.64509594,0.028130585
2,2,benign keratosis-like lesions,benign keratosis-like lesions,0.020415893,0.032161992,0.3955327,0.019441176,0.16848904,0.3571455,0.006813761
1,2,basal cell carcinoma,benign keratosis-like lesions,0.19928324,0.21545185,0.22213845,0.04941075,0.18702468,0.11730585,0.009385119
4,1,melanoma,basal cell carcinoma,0.0996002,0.39925957,0.2249355,0.07238427,0.046037268,0.1478236,0.009959543
2,4,benign keratosis-like lesions,melanoma,0.0067093344,0.0030544885,0.10747303,0.0036218762,0.54799986,0.32915258,0.0019887919
4,1,melanoma,basal cell carcinoma,0.17289202,0.26363325,0.18115178,0.08420488,0.13887966,0.092129715,0.067108646
5,5,melanocytic nevi,melanocytic nevi,0.0014352225,0.00037755456,0.028056944,0.0023894815,0.021628479,0.94602317,8.91438e-05
5,5,melanocytic nevi,melanocytic nevi,7.935894e-05,8.960957e-05,0.001558229,0.00069576944,0.0006225371,0.99688715,6.7262794e-05
5,5,melanocytic nevi,melanocytic nevi,0.006518247,0.043158494,0.09925052,0.0315455,0.04036878,0.7196532,0.05950529
2,2,benign keratosis-like lesions,benign keratosis-like lesions,0.01034374,0.029662209,0.48802978,0.01600213,0.099389546,0.35090134,0.0056712707
4,4,melanoma,melanoma,0.022599733,0.008126534,0.054722276,0.009404997,0.5486394,0.35334933,0.0031576727
2,5,benign keratosis-like lesions,melanocytic nevi,0.030922387,0.0101192985,0.27347907,0.02766106,0.060094073,0.59693104,0.00079310103
5,4,melanocytic nevi,melanoma,0.035766594,0.017634075,0.250451,0.011581283,0.39016965,0.29168513,0.0027122675
5,5,melanocytic nevi,melanocytic nevi,0.05831208,0.02189013,0.1532188,0.048595347,0.019864142,0.6961389,0.0019806533
2,5,benign keratosis-like lesions,melanocytic nevi,0.030312285,0.07265937,0.095531605,0.075174384,0.024543041,0.67799205,0.02378726
5,2,melanocytic nevi,benign keratosis-like lesions,0.001183927,0.0005859282,0.473944,0.0007074933,0.2304133,0.29304454,0.00012080328
5,5,melanocytic nevi,melanocytic nevi,0.0002642744,0.00043573976,0.002450473,0.0022646005,0.0007666486,0.99340045,0.00041780778
5,5,melanocytic nevi,melanocytic nevi,0.0050245556,0.0026151335,0.18618776,0.0023831998,0.37077305,0.43271092,0.00030537613
5,5,melanocytic nevi,melanocytic nevi,0.0074873944,0.0120162675,0.10009285,0.011990667,0.12354907,0.7431062,0.0017575236
4,5,melanoma,melanocytic nevi,0.002371748,0.0010660426,0.04541894,0.0026704287,0.23183556,0.71603245,0.0006048237
2,5,benign keratosis-like lesions,melanocytic nevi,0.0013172472,0.00093957066,0.07295866,0.00080502813,0.3300192,0.5935829,0.00037739007
5,5,melanocytic nevi,melanocytic nevi,0.002330766,0.0012656363,0.019068481,0.005804688,0.0044636815,0.96684074,0.00022605396
5,5,melanocytic nevi,melanocytic nevi,0.00019278553,0.00027335857,0.0019944562,0.0011091577,0.003710385,0.992393,0.0003267882
5,5,melanocytic nevi,melanocytic nevi,0.0026498907,0.0020110456,0.03895873,0.0021751805,0.2692496,0.6836437,0.0013119694
5,5,melanocytic nevi,melanocytic nevi,0.0010610407,0.00037386996,0.042161234,0.0009195836,0.3844118,0.5708733,0.00019908302
5,5,melanocytic nevi,melanocytic nevi,0.0002748696,8.638176e-05,0.010625038,0.0004445541,0.124359176,0.8641424,6.758556e-05
5,5,melanocytic nevi,melanocytic nevi,0.0002695676,0.0003755848,0.0023974753,0.0015440467,0.0029902437,0.9920774,0.00034565813
5,5,melanocytic nevi,melanocytic nevi,0.0022616095,0.0006063843,0.019306561,0.003625935,0.01796984,0.9560604,0.00016921293
2,2,benign keratosis-like lesions,benign keratosis-like lesions,0.022638684,0.0040155263,0.89556223,0.0050120368,0.04349893,0.029241277,3.12582e-05
4,5,melanoma,melanocytic nevi,0.0027800475,0.0041903313,0.119191535,0.0035340718,0.19667825,0.6718102,0.0018155428
5,5,melanocytic nevi,melanocytic nevi,0.0076516415,0.011824163,0.09063014,0.0125828795,0.17227937,0.69613165,0.008900081
5,5,melanocytic nevi,melanocytic nevi,1.9650797e-05,1.9213756e-05,0.0005067422,0.0002055594,0.000621301,0.9986002,2.7321095e-05
5,5,melanocytic nevi,melanocytic nevi,0.00012606803,3.21889e-05,0.070355535,7.812737e-05,0.3051951,0.6242047,8.23505e-06
5,5,melanocytic nevi,melanocytic nevi,0.0017067752,0.0011173777,0.106234655,0.0013411696,0.30631322,0.58258456,0.0007022895
1,1,basal cell carcinoma,basal cell carcinoma,0.08642407,0.50390637,0.037622448,0.12501685,0.022242477,0.16021012,0.06457771
5,5,melanocytic nevi,melanocytic nevi,0.0013745491,0.0025908877,0.009850387,0.004416566,0.033437707,0.9438538,0.004476089
5,5,melanocytic nevi,melanocytic nevi,0.0035206305,0.0020085592,0.03434885,0.0075972737,0.018640123,0.9334252,0.0004593139
5,5,melanocytic nevi,melanocytic nevi,0.00043935573,0.00081219134,0.03664653,0.0012282269,0.13082927,0.8289291,0.0011153173
5,5,melanocytic nevi,melanocytic nevi,5.65912e-05,3.0582425e-05,0.0021680905,0.00025871673,0.0052528973,0.9922201,1.3025376e-05
5,5,melanocytic nevi,melanocytic nevi,0.002269429,0.00824354,0.0056940047,0.024078753,0.0021011648,0.87757605,0.08003706
5,5,melanocytic nevi,melanocytic nevi,0.0027465476,0.0023656632,0.074305914,0.0031845288,0.18840438,0.7275514,0.0014415536
5,5,melanocytic nevi,melanocytic nevi,0.0039151674,0.005048973,0.015034774,0.014998906,0.004556726,0.95296717,0.0034782856
5,5,melanocytic nevi,melanocytic nevi,0.0025432494,0.0038252969,0.008264907,0.010371489,0.0053672,0.96735495,0.0022729894
5,5,melanocytic nevi,melanocytic nevi,0.0014432285,0.005959225,0.0032344977,0.017825684,0.001750117,0.90822464,0.061562594
0,0,actinic keratoses and intraepithelial carcinoma,actinic keratoses and intraepithelial carcinoma,0.3694223,0.21418709,0.20245889,0.0727617,0.07068403,0.06279771,0.007688287
6,6,vascular lesions,vascular lesions,0.0055172592,0.0496798,0.008651793,0.018610379,0.0138473045,0.10880793,0.7948855
5,5,melanocytic nevi,melanocytic nevi,0.00976609,0.0057800594,0.059171516,0.017894406,0.022560595,0.8838731,0.0009542797
5,5,melanocytic nevi,melanocytic nevi,9.8674034e-05,9.4809504e-05,0.0018186583,0.00068110414,0.0009294434,0.9963393,3.7934813e-05
5,4,melanocytic nevi,melanoma,0.0050108307,0.0030444148,0.15025234,0.0029679216,0.4636626,0.37343988,0.0016219638
5,5,melanocytic nevi,melanocytic nevi,0.10947408,0.19558036,0.13868336,0.060527083,0.16694291,0.3059861,0.022806078
5,5,melanocytic nevi,melanocytic nevi,0.0019869683,0.0015037624,0.016462479,0.0064486386,0.0066330163,0.966295,0.000670223
4,5,melanoma,melanocytic nevi,0.003695127,0.0036659571,0.04915345,0.005837523,0.16776794,0.76585996,0.004020131
5,4,melanocytic nevi,melanoma,0.14205806,0.068217166,0.094789594,0.03431118,0.42801127,0.2243394,0.008273349
5,4,melanocytic nevi,melanoma,0.151739,0.12098001,0.21049811,0.029050726,0.32879585,0.13120538,0.027730929
5,5,melanocytic nevi,melanocytic nevi,0.0003968453,0.0007391731,0.0029486136,0.0031954953,0.00096370024,0.9908894,0.0008667428
4,2,melanoma,benign keratosis-like lesions,0.047475614,0.00640933,0.79505366,0.005178535,0.11056691,0.035253122,6.2828985e-05
5,5,melanocytic nevi,melanocytic nevi,0.001054285,0.00067702896,0.00613503,0.0017217722,0.15749182,0.8311889,0.0017310821
5,5,melanocytic nevi,melanocytic nevi,0.00012056596,0.0002166399,0.0011457858,0.0009549895,0.0014620852,0.99573755,0.0003624007
5,5,melanocytic nevi,melanocytic nevi,0.0014389352,0.00112726,0.0173007,0.0038497436,0.025267404,0.950506,0.0005098992
5,5,melanocytic nevi,melanocytic nevi,0.0012951393,0.0025632686,0.004811595,0.004692165,0.013132486,0.97023904,0.003266265
5,4,melanocytic nevi,melanoma,0.0048102047,0.0016796247,0.034325685,0.0024393455,0.571025,0.38456652,0.0011535826
5,5,melanocytic nevi,melanocytic nevi,5.503236e-05,6.157621e-05,0.0011709051,0.00048003648,0.001161072,0.9969694,0.00010200522
5,1,melanocytic nevi,basal cell carcinoma,0.120143,0.38286257,0.19174996,0.057321727,0.076729685,0.15787642,0.013316622
5,5,melanocytic nevi,melanocytic nevi,0.0011021361,0.00090309413,0.05957007,0.0010575232,0.27537343,0.66118276,0.0008109869
5,5,melanocytic nevi,melanocytic nevi,0.0026913232,0.0045739887,0.0097425375,0.011382915,0.0035254906,0.96480054,0.0032831712
5,5,melanocytic nevi,melanocytic nevi,0.004200456,0.002979706,0.022430856,0.0071751494,0.049940128,0.9114449,0.0018289199
5,5,melanocytic nevi,melanocytic nevi,0.0014382125,0.00027071987,0.043707464,0.0012567202,0.2437248,0.70948446,0.00011760865
5,2,melanocytic nevi,benign keratosis-like lesions,0.0012668959,0.00072392466,0.8775331,0.0017014397,0.019178266,0.099579185,1.71882e-05
5,5,melanocytic nevi,melanocytic nevi,0.00080871343,0.0010016582,0.0049325204,0.0043927073,0.0032885808,0.9839002,0.0016755828
5,5,melanocytic nevi,melanocytic nevi,0.00010970181,0.0003589411,0.0009260422,0.0018534742,0.00036678126,0.99459946,0.0017856767
5,5,melanocytic nevi,melanocytic nevi,0.003984419,0.0017656768,0.0460746,0.0043225433,0.13928281,0.80330783,0.0012621094
5,5,melanocytic nevi,melanocytic nevi,8.861093e-05,0.00011150376,0.0013158906,0.0007495124,0.0010478192,0.9965191,0.0001676079
5,5,melanocytic nevi,melanocytic nevi,0.045906045,0.012705178,0.33637068,0.019283619,0.17221989,0.41254267,0.00097188214
4,0,melanoma,actinic keratoses and intraepithelial carcinoma,0.26890212,0.17893025,0.11081036,0.06956135,0.21535757,0.1296576,0.026780684
2,2,benign keratosis-like lesions,benign keratosis-like lesions,0.051473785,0.11784492,0.3125545,0.029855648,0.24905215,0.22398342,0.015235573
4,5,melanoma,melanocytic nevi,0.00037565726,0.00016432846,0.040370855,0.0003379764,0.29146105,0.66708875,0.00020138995
5,5,melanocytic nevi,melanocytic nevi,0.0011068943,0.0023971384,0.004911981,0.007035741,0.0008405769,0.9823554,0.001352275
2,2,benign keratosis-like lesions,benign keratosis-like lesions,0.030161705,0.03889471,0.44093385,0.016506374,0.23739989,0.21727198,0.018831464
4,6,melanoma,vascular lesions,0.10500815,0.1997642,0.108613715,0.032205593,0.20362987,0.1372287,0.21354972
5,5,melanocytic nevi,melanocytic nevi,0.00046529173,0.0015329033,0.0021413332,0.006328728,0.0009774439,0.9800514,0.008502857
5,5,melanocytic nevi,melanocytic nevi,0.0013764941,0.0013034932,0.28410736,0.0020803814,0.12911528,0.58189815,0.000118779455
5,2,melanocytic nevi,benign keratosis-like lesions,0.065144375,0.1795701,0.4052799,0.060749494,0.07113265,0.20423721,0.013886312
5,5,melanocytic nevi,melanocytic nevi,0.0022798385,0.0018570812,0.06152679,0.004511851,0.089358635,0.8397955,0.0006703403
5,5,melanocytic nevi,melanocytic nevi,0.00067969627,0.0003240385,0.035950053,0.0008586645,0.26381102,0.69804376,0.0003328218
4,5,melanoma,melanocytic nevi,0.008487431,0.05588037,0.25161323,0.020589067,0.08596695,0.5663932,0.0110698305
5,5,melanocytic nevi,melanocytic nevi,0.0051020295,0.0061871447,0.13895474,0.0050970786,0.2691151,0.57363117,0.0019127475
0,1,actinic keratoses and intraepithelial carcinoma,basal cell carcinoma,0.19822954,0.53455806,0.10470336,0.06665409,0.03194265,0.044233188,0.019679116
5,5,melanocytic nevi,melanocytic nevi,0.005408584,0.002620249,0.16232541,0.0025503614,0.2922656,0.5345114,0.00031844818
1,1,basal cell carcinoma,basal cell carcinoma,0.09390093,0.3630052,0.23661539,0.08191515,0.07204771,0.1330808,0.019434838
5,5,melanocytic nevi,melanocytic nevi,0.00019027285,0.00021038562,0.003029742,0.0011910828,0.0014561503,0.9937914,0.00013100929
5,5,melanocytic nevi,melanocytic nevi,0.0004351617,0.00025353362,0.0058560623,0.0009295591,0.1067823,0.8850245,0.00071884796
5,5,melanocytic nevi,melanocytic nevi,0.00012126836,5.1934112e-05,0.003949481,0.00045313747,0.011871081,0.983512,4.106344e-05
5,5,melanocytic nevi,melanocytic nevi,0.0034119515,0.01065243,0.010237699,0.02077763,0.0033186362,0.93698347,0.01461815
0,0,actinic keratoses and intraepithelial carcinoma,actinic keratoses and intraepithelial carcinoma,0.42174283,0.11102818,0.17201029,0.041234132,0.18719976,0.061109327,0.0056755026
5,5,melanocytic nevi,melanocytic nevi,0.004052429,0.0011489559,0.1463499,0.0027106404,0.20834556,0.6372272,0.00016522661
4,4,melanoma,melanoma,0.057127498,0.023149911,0.15425347,0.024815252,0.4144051,0.32397285,0.0022758583
5,5,melanocytic nevi,melanocytic nevi,0.003214854,0.006282798,0.10621035,0.0053018895,0.18056905,0.6947841,0.0036369555
5,5,melanocytic nevi,melanocytic nevi,0.008924577,0.013436159,0.023110023,0.014435598,0.10992464,0.8236759,0.0064931302
5,5,melanocytic nevi,melanocytic nevi,0.15407981,0.074616976,0.23118405,0.061184563,0.17157361,0.30309895,0.0042620646
5,5,melanocytic nevi,melanocytic nevi,0.009319381,0.0018927945,0.121559545,0.009792498,0.045812216,0.8113905,0.0002330056
5,5,melanocytic nevi,melanocytic nevi,0.007457186,0.005356603,0.19671434,0.005457035,0.22638096,0.55787575,0.0007580935
5,5,melanocytic nevi,melanocytic nevi,7.7565855e-05,0.00017879246,0.00093660795,0.00086433603,0.00041816372,0.99729604,0.00022852333
4,4,melanoma,melanoma,0.052215885,0.030149985,0.21968567,0.015833871,0.49944776,0.1797961,0.0028707033
2,2,benign keratosis-like lesions,benign keratosis-like lesions,0.020147152,0.011693533,0.7982206,0.0099465195,0.06577337,0.09331745,0.0009014415
2,0,benign keratosis-like lesions,actinic keratoses and intraepithelial carcinoma,0.5148409,0.050788507,0.27527872,0.025635384,0.115650475,0.016789611,0.0010163645
2,2,benign keratosis-like lesions,benign keratosis-like lesions,0.21264166,0.062256098,0.6029159,0.010549053,0.0942533,0.016986225,0.00039775565
5,1,melanocytic nevi,basal cell carcinoma,0.072473705,0.40806216,0.15397768,0.07411821,0.03142965,0.13464835,0.12529024
5,5,melanocytic nevi,melanocytic nevi,0.014243186,0.024592785,0.044050198,0.030729918,0.034123387,0.83160585,0.020654723
5,5,melanocytic nevi,melanocytic nevi,0.0040101255,0.008317839,0.009061536,0.01376897,0.010965433,0.94328105,0.0105949445
5,5,melanocytic nevi,melanocytic nevi,0.00016811624,0.0004350454,0.0010913565,0.0018718808,0.0009452464,0.9937522,0.0017361892
5,4,melanocytic nevi,melanoma,0.16812673,0.023843264,0.16134311,0.021606274,0.52390575,0.09941778,0.0017571445
5,4,melanocytic nevi,melanoma,0.026861813,0.020256786,0.109458916,0.0076261978,0.51951575,0.30533838,0.010942171
5,5,melanocytic nevi,melanocytic nevi,5.456826e-05,4.08441e-05,0.0012883485,0.00027104354,0.004839236,0.9934592,4.6648896e-05
4,0,melanoma,actinic keratoses and intraepithelial carcinoma,0.31522143,0.21878698,0.21528214,0.060487054,0.13059458,0.052290563,0.007337352
5,5,melanocytic nevi,melanocytic nevi,0.0007279986,0.00085115846,0.008499721,0.0029971208,0.022387553,0.96227837,0.0022581064
5,2,melanocytic nevi,benign keratosis-like lesions,0.110236615,0.0313533,0.52234024,0.016962288,0.23929839,0.07837318,0.0014359344
5,5,melanocytic nevi,melanocytic nevi,0.00060367485,0.0017823165,0.0023549115,0.0069875577,0.00088571955,0.97958356,0.0078021935
5,5,melanocytic nevi,melanocytic nevi,0.0025300526,0.005006307,0.11169791,0.004128665,0.11960689,0.7530811,0.003949042
5,5,melanocytic nevi,melanocytic nevi,0.0010899369,0.0040607257,0.093444504,0.0024834771,0.13051389,0.76711917,0.0012882843
4,4,melanoma,melanoma,0.03478443,0.009987437,0.039595954,0.012198548,0.509883,0.3896964,0.003854321
4,5,melanoma,melanocytic nevi,0.006470697,0.002995343,0.13733852,0.0034855448,0.3388154,0.51041454,0.00047993934
5,5,melanocytic nevi,melanocytic nevi,0.0013963906,0.0024791798,0.00636391,0.007182271,0.0038302157,0.9753381,0.0034098316
5,5,melanocytic nevi,melanocytic nevi,0.0075058504,0.0030545508,0.041709594,0.0122538,0.009379134,0.92542994,0.0006671275
0,4,actinic keratoses and intraepithelial carcinoma,melanoma,0.07261642,0.008220387,0.11942887,0.01297834,0.5906217,0.19482818,0.0013060715
5,5,melanocytic nevi,melanocytic nevi,7.3434116e-05,0.00020862033,0.0006081644,0.0009437471,0.0003907359,0.9973258,0.00044950488
5,2,melanocytic nevi,benign keratosis-like lesions,0.013445604,0.009711419,0.42061356,0.0068168147,0.14929469,0.3994546,0.0006633269
5,5,melanocytic nevi,melanocytic nevi,0.00019803004,0.0002768564,0.0017381714,0.0014227479,0.00143888,0.9944832,0.00044212994
0,0,actinic keratoses and intraepithelial carcinoma,actinic keratoses and intraepithelial carcinoma,0.36712468,0.0896798,0.11422183,0.05158296,0.29957616,0.06763285,0.010181669
2,2,benign keratosis-like lesions,benign keratosis-like lesions,0.063522294,0.01598244,0.5488476,0.01801282,0.21434005,0.13869946,0.0005953331
2,2,benign keratosis-like lesions,benign keratosis-like lesions,0.29177207,0.16284147,0.3933264,0.05009021,0.06208697,0.0384611,0.0014218037
2,2,benign keratosis-like lesions,benign keratosis-like lesions,0.04072906,0.1416865,0.6117501,0.04136659,0.04252677,0.11980997,0.0021310016
3,5,dermatofibroma,melanocytic nevi,0.00620834,0.024016112,0.010733968,0.045238975,0.0053349547,0.7259068,0.18256088
5,5,melanocytic nevi,melanocytic nevi,0.0014810152,0.00089375366,0.011007326,0.0045359624,0.012381766,0.96899027,0.00070993276
5,2,melanocytic nevi,benign keratosis-like lesions,0.064862244,0.05714488,0.33936793,0.02445245,0.22556283,0.2843839,0.0042257905
4,5,melanoma,melanocytic nevi,0.00046476314,0.00049672223,0.0039603957,0.0017050792,0.023883145,0.9679127,0.0015771947
4,4,melanoma,melanoma,0.25662747,0.10878507,0.20565733,0.060078416,0.2659304,0.094910495,0.008010843
5,5,melanocytic nevi,melanocytic nevi,0.00021618737,4.4143355e-05,0.010983552,0.00048734815,0.02581283,0.9624387,1.718317e-05
5,5,melanocytic nevi,melanocytic nevi,7.860504e-05,0.00012756398,0.0013320721,0.0008401194,0.00087596267,0.99651164,0.00023400552
5,5,melanocytic nevi,melanocytic nevi,0.003938403,0.00093330286,0.071809575,0.0044666827,0.1268939,0.79160446,0.00035371745
5,5,melanocytic nevi,melanocytic nevi,0.0072520627,0.008201652,0.098257914,0.005066484,0.1892132,0.68990785,0.0021007978
0,5,actinic keratoses and intraepithelial carcinoma,melanocytic nevi,0.055176284,0.041873116,0.30065563,0.02701264,0.16929474,0.40325814,0.0027295048
5,5,melanocytic nevi,melanocytic nevi,0.0047565396,0.002910426,0.031729385,0.010218841,0.00940371,0.9405661,0.00041497697
5,2,melanocytic nevi,benign keratosis-like lesions,0.096994,0.29445612,0.30401134,0.097825386,0.042906232,0.15812328,0.005683643
5,5,melanocytic nevi,melanocytic nevi,0.0131061375,0.080953754,0.075390264,0.037254985,0.07299836,0.6875519,0.03274451
5,5,melanocytic nevi,melanocytic nevi,0.05209862,0.043945987,0.09336644,0.07036864,0.017075889,0.71353626,0.009608133
4,5,melanoma,melanocytic nevi,0.0021172247,0.0004767867,0.046700314,0.001034388,0.46326458,0.48622182,0.00018489681
2,4,benign keratosis-like lesions,melanoma,0.081333406,0.078151494,0.28487682,0.02659702,0.31864068,0.20143259,0.008967949
1,1,basal cell carcinoma,basal cell carcinoma,0.13132879,0.6473094,0.0747007,0.056194607,0.01862357,0.052366298,0.01947662
5,5,melanocytic nevi,melanocytic nevi,0.0031633337,0.024792096,0.043916024,0.010740809,0.0646116,0.84286815,0.009908028
5,5,melanocytic nevi,melanocytic nevi,0.009023753,0.06440921,0.09669054,0.034148514,0.04614181,0.7388118,0.010774398
5,5,melanocytic nevi,melanocytic nevi,0.0014851188,0.0015628538,0.010333257,0.00540609,0.011271278,0.96892035,0.0010210986
5,5,melanocytic nevi,melanocytic nevi,0.005407632,0.0022323783,0.04823842,0.010165496,0.009781479,0.9239179,0.00025670452
5,5,melanocytic nevi,melanocytic nevi,0.00028122723,0.0001421559,0.005817363,0.00080945407,0.020292057,0.972537,0.00012083049
5,5,melanocytic nevi,melanocytic nevi,0.00017994389,0.00019410612,0.0019420286,0.00090478925,0.0043320353,0.9921387,0.00030838736
5,5,melanocytic nevi,melanocytic nevi,0.00060085376,0.00023624678,0.013116864,0.001376747,0.031339627,0.9532353,9.430025e-05
5,5,melanocytic nevi,melanocytic nevi,0.008509124,0.0088082375,0.050754685,0.012018882,0.1278344,0.78747815,0.004596544
1,5,basal cell carcinoma,melanocytic nevi,0.02777881,0.08871319,0.14549862,0.04550209,0.1610159,0.5011878,0.03030362
5,5,melanocytic nevi,melanocytic nevi,0.006885653,0.0022608084,0.1572919,0.007102951,0.1482606,0.6779125,0.00028560538
2,5,benign keratosis-like lesions,melanocytic nevi,0.0039208094,0.003218258,0.19376107,0.0019036033,0.35153776,0.44402456,0.0016339322
5,5,melanocytic nevi,melanocytic nevi,0.00028477205,0.00043284937,0.0030063917,0.0023204612,0.0010757593,0.9923568,0.00052309653
5,5,melanocytic nevi,melanocytic nevi,0.00019796053,0.00037098894,0.0017762033,0.0015945534,0.0015173595,0.9941796,0.0003634685
2,4,benign keratosis-like lesions,melanoma,0.08665889,0.11590714,0.2240684,0.04294514,0.2707503,0.24774598,0.011924195
5,5,melanocytic nevi,melanocytic nevi,0.00024170993,5.2464624e-05,0.008375013,0.00039810434,0.07163757,0.91926324,3.1856383e-05
5,5,melanocytic nevi,melanocytic nevi,0.006174368,0.05924852,0.15646756,0.029036947,0.039514232,0.7007431,0.00881534
1,0,basal cell carcinoma,actinic keratoses and intraepithelial carcinoma,0.41936448,0.16335854,0.22710925,0.02653186,0.12832315,0.030841243,0.0044714957
5,5,melanocytic nevi,melanocytic nevi,0.0021180413,0.003593951,0.008115694,0.010530495,0.0038832536,0.967226,0.0045325616
4,5,melanoma,melanocytic nevi,0.005862567,0.0039402456,0.23846516,0.003734002,0.18112603,0.5659859,0.0008860836
0,2,actinic keratoses and intraepithelial carcinoma,benign keratosis-like lesions,0.30292222,0.12222461,0.31820613,0.026978632,0.19020987,0.033600323,0.005858227
5,5,melanocytic nevi,melanocytic nevi,0.0014155109,0.0020392446,0.0077952575,0.0076823384,0.0031114686,0.97545934,0.002496867
5,5,melanocytic nevi,melanocytic nevi,0.009691135,0.09801881,0.185399,0.02290937,0.09547364,0.57528305,0.013224946
5,0,melanocytic nevi,actinic keratoses and intraepithelial carcinoma,0.2774376,0.21642074,0.06520348,0.078205444,0.10983567,0.22799301,0.024904074
5,5,melanocytic nevi,melanocytic nevi,0.00060564675,0.000109011155,0.045790523,0.0002959119,0.41345564,0.53970826,3.5038927e-05
5,5,melanocytic nevi,melanocytic nevi,0.042545136,0.015226379,0.2004068,0.036273573,0.022378692,0.6820756,0.0010937392
5,5,melanocytic nevi,melanocytic nevi,0.00014431108,6.799132e-05,0.003254466,0.00044248285,0.014110155,0.98191684,6.375856e-05
5,5,melanocytic nevi,melanocytic nevi,0.002923345,0.0009393739,0.031127973,0.0036693423,0.061234973,0.8999025,0.00020245062
5,5,melanocytic nevi,melanocytic nevi,0.016490018,0.011200495,0.05769557,0.013639694,0.27126038,0.62656224,0.0031516675
1,1,basal cell carcinoma,basal cell carcinoma,0.11445546,0.3574328,0.11849558,0.06935428,0.14351936,0.16747573,0.029266821
5,5,melanocytic nevi,melanocytic nevi,0.009607266,0.002087197,0.12267819,0.005270021,0.3204822,0.5393679,0.0005071923
5,5,melanocytic nevi,melanocytic nevi,0.048561387,0.22376631,0.06633893,0.05930452,0.06926547,0.43156654,0.101196855
5,5,melanocytic nevi,melanocytic nevi,0.0003721135,0.0002894857,0.079785444,0.0003613868,0.24052112,0.6785826,8.7847104e-05
5,5,melanocytic nevi,melanocytic nevi,0.0021058994,0.0017701964,0.015763097,0.006095909,0.011664182,0.9619198,0.0006809755
5,5,melanocytic nevi,melanocytic nevi,0.00012691597,0.00032461618,0.0011618226,0.0016442618,0.00034645942,0.9957931,0.0006028502
5,5,melanocytic nevi,melanocytic nevi,0.0022408469,0.0008735525,0.010736711,0.003042278,0.04746415,0.93507683,0.00056567724
5,5,melanocytic nevi,melanocytic nevi,0.0019135851,0.0005962742,0.038090717,0.0040361364,0.019754367,0.93546957,0.00013934093
5,5,melanocytic nevi,melanocytic nevi,0.0027229753,0.0013207403,0.0144732995,0.005145652,0.03641841,0.93907356,0.00084540754
4,5,melanoma,melanocytic nevi,0.0047623813,0.012996497,0.07597561,0.0108429445,0.11415456,0.773547,0.00772109
5,5,melanocytic nevi,melanocytic nevi,5.1769217e-05,0.00011762079,0.00072820915,0.0006489894,0.00032297033,0.997993,0.00013744603
5,5,melanocytic nevi,melanocytic nevi,0.005475386,0.025790483,0.011170763,0.025916906,0.00261961,0.9100988,0.018928016
5,5,melanocytic nevi,melanocytic nevi,0.047608774,0.07049867,0.2178557,0.023862353,0.17229891,0.45398423,0.0138913
2,5,benign keratosis-like lesions,melanocytic nevi,0.0040604086,0.0076265144,0.23288356,0.0063274037,0.09912565,0.6488738,0.0011026624
5,5,melanocytic nevi,melanocytic nevi,0.000467837,0.00066244014,0.0029787258,0.0031455916,0.0021306304,0.98915184,0.0014629099
5,5,melanocytic nevi,melanocytic nevi,0.00045364298,0.0013084188,0.0024844431,0.0052953856,0.0008077934,0.985669,0.0039812946
4,5,melanoma,melanocytic nevi,0.0010172564,0.00056432246,0.094592474,0.001078114,0.2824906,0.62006694,0.00019028608
5,4,melanocytic nevi,melanoma,0.15083845,0.14779809,0.079874545,0.04428132,0.3446984,0.20588359,0.026625585
5,5,melanocytic nevi,melanocytic nevi,0.059008207,0.072343275,0.052220613,0.0923035,0.03956484,0.6614416,0.023117866
5,5,melanocytic nevi,melanocytic nevi,0.0002100388,0.00029378867,0.0020633067,0.0013275469,0.004616901,0.99081427,0.00067413854
2,4,benign keratosis-like lesions,melanoma,0.07269562,0.024541808,0.11204553,0.014326816,0.5905026,0.1796443,0.0062433174
5,5,melanocytic nevi,melanocytic nevi,0.0005392076,0.0009225279,0.0035551733,0.0034247055,0.0014023285,0.9891501,0.001005861
5,1,melanocytic nevi,basal cell carcinoma,0.11236415,0.37142214,0.20458588,0.06624843,0.059721015,0.15065789,0.03500051
5,5,melanocytic nevi,melanocytic nevi,0.004779349,0.018211266,0.0060817157,0.029157275,0.011779352,0.8233315,0.10665955
4,0,melanoma,actinic keratoses and intraepithelial carcinoma,0.283843,0.076097764,0.26331484,0.047041785,0.24094564,0.08484576,0.0039112135
6,5,vascular lesions,melanocytic nevi,0.020543264,0.09639067,0.033963844,0.06764622,0.052915554,0.52694243,0.20159803
5,5,melanocytic nevi,melanocytic nevi,0.00086139055,0.0032109297,0.0040837694,0.009799542,0.0021112012,0.9606799,0.019253211
5,5,melanocytic nevi,melanocytic nevi,2.6912441e-05,1.003332e-05,0.0009673679,0.00014885263,0.0018510822,0.9969887,7.151505e-06
2,5,benign keratosis-like lesions,melanocytic nevi,0.01799437,0.020204699,0.053576093,0.027821092,0.04023618,0.8349204,0.0052471333
5,5,melanocytic nevi,melanocytic nevi,0.00012150305,7.628175e-05,0.002410118,0.00045177495,0.007096963,0.9897922,5.1207142e-05
4,5,melanoma,melanocytic nevi,0.006649969,0.0013675825,0.07657378,0.0032990875,0.4141365,0.49758875,0.0003843726
5,5,melanocytic nevi,melanocytic nevi,0.00016342486,3.6844325e-05,0.010027389,0.00020323855,0.2493508,0.74017894,3.9302584e-05
6,4,vascular lesions,melanoma,0.07974433,0.01836841,0.1228705,0.013796464,0.58877707,0.16990784,0.0065354416
5,5,melanocytic nevi,melanocytic nevi,0.00012270511,0.00012201605,0.0024182196,0.0007508056,0.002057272,0.99442923,9.982412e-05
5,5,melanocytic nevi,melanocytic nevi,0.008069668,0.010879088,0.0355108,0.021967907,0.006311772,0.91354084,0.003719924
5,5,melanocytic nevi,melanocytic nevi,0.00042764304,0.00014383679,0.03918721,0.00024650907,0.36245984,0.5974063,0.00012858951
5,5,melanocytic nevi,melanocytic nevi,0.035358258,0.11726873,0.057519447,0.072389334,0.055667635,0.6058649,0.055931725
4,5,melanoma,melanocytic nevi,0.00188173,0.0005313832,0.019695183,0.0025231559,0.07097224,0.9041259,0.00027039464
5,2,melanocytic nevi,benign keratosis-like lesions,0.0043677315,0.0070104245,0.81435895,0.0033856372,0.054560103,0.1161158,0.0002013064
5,6,melanocytic nevi,vascular lesions,0.024445692,0.1513351,0.0202571,0.042865716,0.024632948,0.12414535,0.61231816
4,2,melanoma,benign keratosis-like lesions,0.14685021,0.09156376,0.39939654,0.042875625,0.22440241,0.09153359,0.0033778672
5,5,melanocytic nevi,melanocytic nevi,0.0169281,0.051307272,0.04909853,0.033621356,0.025266359,0.80910623,0.014672105
5,5,melanocytic nevi,melanocytic nevi,0.00077905384,0.0005927735,0.013594358,0.0012453446,0.3411684,0.6365317,0.0060884017
5,5,melanocytic nevi,melanocytic nevi,9.2065035e-05,0.00035652224,0.00065734895,0.0018429608,0.00014495525,0.99580514,0.0011010186
5,5,melanocytic nevi,melanocytic nevi,0.07340349,0.06685114,0.1668627,0.047707334,0.26108724,0.3784797,0.005608403
1,2,basal cell carcinoma,benign keratosis-like lesions,0.24891756,0.10744276,0.25348505,0.08272378,0.124624364,0.1774282,0.005378283
5,5,melanocytic nevi,melanocytic nevi,0.00072191964,0.003316719,0.0019611267,0.011118664,0.0008087585,0.95876217,0.02331069
5,5,melanocytic nevi,melanocytic nevi,0.053380318,0.3160551,0.13327956,0.08304494,0.030338118,0.36556944,0.018332528
5,5,melanocytic nevi,melanocytic nevi,0.033240367,0.02862372,0.16452037,0.033812877,0.16270995,0.5700724,0.007020311
5,5,melanocytic nevi,melanocytic nevi,0.00065305806,0.0006335764,0.18313323,0.0007091783,0.2241416,0.59034735,0.00038204974
5,5,melanocytic nevi,melanocytic nevi,0.00028278318,0.00022902619,0.007140359,0.0014016837,0.0026347009,0.9882559,5.546119e-05
2,2,benign keratosis-like lesions,benign keratosis-like lesions,0.03323812,0.014450021,0.51868343,0.015636228,0.20142257,0.21326116,0.0033084485
5,5,melanocytic nevi,melanocytic nevi,0.009162768,0.0022903653,0.14145985,0.0051679267,0.18101382,0.66057074,0.00033445953
0,4,actinic keratoses and intraepithelial carcinoma,melanoma,0.10044923,0.016507516,0.17502274,0.025989002,0.4000418,0.2789474,0.0030423326
1,0,basal cell carcinoma,actinic keratoses and intraepithelial carcinoma,0.31407976,0.1570314,0.15537576,0.06770056,0.19849885,0.09847345,0.008840265
5,5,melanocytic nevi,melanocytic nevi,0.000848852,0.00013957238,0.029312413,0.0006742813,0.26412278,0.7048458,5.6273122e-05
4,4,melanoma,melanoma,0.073784105,0.043808494,0.13608553,0.03468394,0.38995495,0.29609865,0.025584249
5,5,melanocytic nevi,melanocytic nevi,0.0004307643,0.00036317142,0.005407429,0.0020882464,0.00092765427,0.9906735,0.00010927733
5,5,melanocytic nevi,melanocytic nevi,0.0004681122,0.00013752148,0.029620795,0.00040044455,0.2763289,0.69291556,0.00012868446
5,5,melanocytic nevi,melanocytic nevi,0.005824001,0.00444708,0.019691342,0.0144614875,0.009635113,0.94380546,0.0021355292
5,5,melanocytic nevi,melanocytic nevi,0.0041188556,0.0030098965,0.031023167,0.008978422,0.017008154,0.93528575,0.00057567045
5,5,melanocytic nevi,melanocytic nevi,0.006799063,0.004873423,0.050811157,0.015379055,0.011367762,0.91004694,0.00072258443
5,5,melanocytic nevi,melanocytic nevi,0.0041145426,0.0014716178,0.033156607,0.005938357,0.021169437,0.93390775,0.00024167627
5,5,melanocytic nevi,melanocytic nevi,5.2524007e-05,4.9262275e-05,0.0012359038,0.0003953018,0.00077035505,0.99746466,3.2132273e-05
5,5,melanocytic nevi,melanocytic nevi,0.00028680294,0.0005108945,0.0013098677,0.002379381,0.0013020245,0.992822,0.0013889971
5,5,melanocytic nevi,melanocytic nevi,0.00014998973,0.0001808523,0.0019679307,0.0010693197,0.0016872648,0.99471384,0.00023077772
5,5,melanocytic nevi,melanocytic nevi,0.0049031717,0.0023301593,0.04366856,0.004503151,0.3470384,0.59614885,0.001407783
4,4,melanoma,melanoma,0.018811576,0.018309556,0.120305546,0.006872501,0.64223367,0.18597639,0.00749066
5,5,melanocytic nevi,melanocytic nevi,0.006657426,0.0355127,0.027153956,0.013849303,0.14408432,0.6005705,0.17217182
5,5,melanocytic nevi,melanocytic nevi,0.0030991856,0.0018599634,0.020165432,0.005654938,0.033597305,0.9349657,0.00065735175
5,5,melanocytic nevi,melanocytic nevi,0.018407006,0.008474662,0.1045043,0.021725146,0.016934128,0.8291941,0.00076061126
2,2,benign keratosis-like lesions,benign keratosis-like lesions,0.16110288,0.040622953,0.37424958,0.06744858,0.06594522,0.28838038,0.0022504528
4,4,melanoma,melanoma,0.009755845,0.001628986,0.20055735,0.0013799858,0.63976276,0.14674819,0.00016688005
5,5,melanocytic nevi,melanocytic nevi,6.674005e-05,9.499805e-05,0.001097423,0.00063343486,0.00084822066,0.9971096,0.00014959424
2,2,benign keratosis-like lesions,benign keratosis-like lesions,0.19924577,0.06690691,0.57093936,0.030046977,0.08732928,0.044330545,0.001201145
5,5,melanocytic nevi,melanocytic nevi,0.0067236093,0.0021473607,0.14322501,0.0065158415,0.13256714,0.7086014,0.00021959057
5,5,melanocytic nevi,melanocytic nevi,0.0011153199,0.00093539193,0.16472872,0.0013526193,0.15813817,0.6731984,0.0005313934
4,5,melanoma,melanocytic nevi,0.021129139,0.03843661,0.20454426,0.020049468,0.23945779,0.47273842,0.0036443158
4,5,melanoma,melanocytic nevi,0.0027707368,0.0026684708,0.079410866,0.0034464032,0.15202236,0.75898105,0.0007001536
5,6,melanocytic nevi,vascular lesions,0.0010122191,0.006445344,0.0011724833,0.013476912,0.0010102576,0.13532534,0.8415575
4,5,melanoma,melanocytic nevi,0.0007603213,0.00034347337,0.07143464,0.00049670297,0.35486344,0.57203573,6.570754e-05
2,5,benign keratosis-like lesions,melanocytic nevi,0.16840035,0.1225191,0.19711645,0.07222878,0.1686457,0.26138204,0.009707619
4,4,melanoma,melanoma,0.00089286163,0.000404614,0.066132136,0.00054085796,0.49640888,0.4352376,0.00038307864
5,5,melanocytic nevi,melanocytic nevi,0.010795384,0.04842269,0.20793463,0.030214027,0.043404367,0.65437925,0.004849687
5,5,melanocytic nevi,melanocytic nevi,0.0055960654,0.02247856,0.023616597,0.022424368,0.019161882,0.8665852,0.04013733
5,5,melanocytic nevi,melanocytic nevi,0.00015641264,0.00049623975,0.0010779882,0.0019600394,0.00045983196,0.9948596,0.0009899149
4,4,melanoma,melanoma,0.016981978,0.014411715,0.24336794,0.009864916,0.41360134,0.2959737,0.005798436
5,5,melanocytic nevi,melanocytic nevi,7.476947e-05,3.1972908e-05,0.0027292005,0.00028518212,0.009166361,0.9876802,3.229887e-05
5,1,melanocytic nevi,basal cell carcinoma,0.26367393,0.44791573,0.11486727,0.070227906,0.025951846,0.04908013,0.028283218
5,5,melanocytic nevi,melanocytic nevi,0.050712798,0.23697406,0.101110294,0.034145404,0.18103614,0.36757705,0.028444257
4,5,melanoma,melanocytic nevi,0.00015130555,8.1909086e-05,0.0462858,0.00014600411,0.26783448,0.6854493,5.123604e-05
1,2,basal cell carcinoma,benign keratosis-like lesions,0.09591375,0.17935345,0.4884889,0.06550364,0.06615617,0.09984872,0.004735369
2,5,benign keratosis-like lesions,melanocytic nevi,0.011808908,0.0032167798,0.2709242,0.008494809,0.18055643,0.5247282,0.00027071126
5,2,melanocytic nevi,benign keratosis-like lesions,0.20360631,0.09592375,0.4840089,0.039626073,0.11413827,0.056070417,0.006626301
5,5,melanocytic nevi,melanocytic nevi,0.0002311144,0.00034391278,0.002746323,0.0018973578,0.00063338544,0.99385345,0.00029440835
5,5,melanocytic nevi,melanocytic nevi,6.014341e-05,2.8055358e-05,0.04957198,5.454068e-05,0.25958687,0.690681,1.743456e-05
5,5,melanocytic nevi,melanocytic nevi,0.0073572802,0.0036758853,0.13082549,0.008265344,0.120485514,0.72895384,0.00043665897
5,5,melanocytic nevi,melanocytic nevi,0.0037991295,0.017448818,0.051188875,0.0058267596,0.10365604,0.7874255,0.030654762
5,5,melanocytic nevi,melanocytic nevi,0.0001564414,4.8076967e-05,0.0073399013,0.00037190405,0.02378241,0.9682768,2.4371358e-05
5,5,melanocytic nevi,melanocytic nevi,0.0045809224,0.0008391677,0.06565174,0.002037663,0.4340354,0.49258742,0.0002676804
1,2,basal cell carcinoma,benign keratosis-like lesions,0.12706731,0.1265512,0.26002988,0.056123152,0.18408278,0.23692524,0.009220414
5,5,melanocytic nevi,melanocytic nevi,7.971603e-05,0.00022389027,0.0009657644,0.0009483664,0.0004185205,0.99709606,0.00026758233
2,5,benign keratosis-like lesions,melanocytic nevi,0.0108946655,0.039707344,0.06322978,0.017206494,0.122051276,0.6937465,0.053163882
2,2,benign keratosis-like lesions,benign keratosis-like lesions,0.34943897,0.0419919,0.35731182,0.012865416,0.21615385,0.021310236,0.00092778314
5,4,melanocytic nevi,melanoma,0.018890344,0.008936159,0.21497168,0.0071850023,0.4814719,0.2665274,0.0020175844
5,4,melanocytic nevi,melanoma,0.0070236097,0.0036947317,0.02433586,0.0037125547,0.48113728,0.47701392,0.0030821045
5,5,melanocytic nevi,melanocytic nevi,0.00089101814,0.00045326105,0.019429702,0.0016815213,0.07789567,0.8994572,0.00019171115
5,5,melanocytic nevi,melanocytic nevi,0.001607389,0.004461615,0.008207645,0.011017253,0.006096903,0.9550905,0.013518646
4,0,melanoma,actinic keratoses and intraepithelial carcinoma,0.39695686,0.20126294,0.18870072,0.05083495,0.106720135,0.04800705,0.0075173243
5,5,melanocytic nevi,melanocytic nevi,0.019273734,0.12561952,0.23946472,0.028136382,0.07214486,0.5060076,0.009353165
5,5,melanocytic nevi,melanocytic nevi,0.033773143,0.047445603,0.2757213,0.032424208,0.12319052,0.46245387,0.024991319
5,5,melanocytic nevi,melanocytic nevi,0.0005060155,0.0012622146,0.0029587785,0.003555359,0.0024202417,0.98713183,0.002165651
5,5,melanocytic nevi,melanocytic nevi,0.00032386862,0.00015400836,0.0072470317,0.0010658253,0.007532774,0.98360276,7.380408e-05
5,5,melanocytic nevi,melanocytic nevi,0.0011117767,0.0006099268,0.19909574,0.0010371485,0.2665228,0.5314079,0.0002147608
5,5,melanocytic nevi,melanocytic nevi,0.0008915223,0.0006856117,0.0060350746,0.0032181581,0.0043896954,0.9844588,0.0003211617
5,5,melanocytic nevi,melanocytic nevi,0.00012530643,0.00022489646,0.0012480171,0.001281941,0.0007644448,0.9959156,0.00043984532
5,2,melanocytic nevi,benign keratosis-like lesions,0.026088284,0.010081715,0.5635759,0.010439282,0.16654225,0.22294046,0.00033210806
1,1,basal cell carcinoma,basal cell carcinoma,0.20456217,0.4548366,0.08603543,0.0944391,0.032333925,0.0885507,0.039241977
5,5,melanocytic nevi,melanocytic nevi,0.0022566146,0.0006185111,0.08081416,0.001228923,0.3606177,0.5543228,0.00014133437
4,5,melanoma,melanocytic nevi,0.0014371027,0.00066618784,0.13143875,0.0009271507,0.40887064,0.45650023,0.00015991146
5,5,melanocytic nevi,melanocytic nevi,7.736589e-06,2.1949048e-05,0.00015849696,0.00018706273,7.536596e-05,0.9994973,5.2159143e-05
5,5,melanocytic nevi,melanocytic nevi,0.0039685615,0.00983725,0.05723916,0.0068825935,0.12886405,0.7783164,0.014891962
2,5,benign keratosis-like lesions,melanocytic nevi,0.01173713,0.004860096,0.16227794,0.01582432,0.06989731,0.7344569,0.0009462734
0,0,actinic keratoses and intraepithelial carcinoma,actinic keratoses and intraepithelial carcinoma,0.30722362,0.2407107,0.16344517,0.10228671,0.06776649,0.10544815,0.013119171
5,5,melanocytic nevi,melanocytic nevi,0.0009956022,0.0014744402,0.0062411726,0.0053975773,0.0048880493,0.9786043,0.0023988637
5,5,melanocytic nevi,melanocytic nevi,0.006002292,0.0031815155,0.037570916,0.012584147,0.018342605,0.92110974,0.0012088
5,5,melanocytic nevi,melanocytic nevi,0.023841158,0.0073137037,0.12506095,0.023475345,0.011783294,0.8082152,0.00031038182
5,5,melanocytic nevi,melanocytic nevi,0.0058697066,0.002388308,0.054503817,0.0067179715,0.0819183,0.8480622,0.00053967396
5,5,melanocytic nevi,melanocytic nevi,0.0039910525,0.055907723,0.051808845,0.016010186,0.09050784,0.73067564,0.051098723
6,5,vascular lesions,melanocytic nevi,0.006214124,0.07754701,0.08533275,0.027714891,0.03788741,0.41382954,0.35147431
4,5,melanoma,melanocytic nevi,0.00031760722,7.794242e-05,0.12285165,0.00012993444,0.34154126,0.535065,1.6580709e-05
1,1,basal cell carcinoma,basal cell carcinoma,0.11895384,0.45913336,0.09504867,0.11278749,0.027715644,0.17183863,0.014522336
5,5,melanocytic nevi,melanocytic nevi,0.0009909342,0.0012915711,0.0056535555,0.0035393084,0.010005934,0.9775835,0.00093518774
5,5,melanocytic nevi,melanocytic nevi,0.00010371992,0.00037739056,0.00095762045,0.0017662412,0.00029350715,0.99509615,0.001405426
2,4,benign keratosis-like lesions,melanoma,0.14653344,0.15761362,0.26032716,0.047783155,0.26930508,0.11043168,0.008005836
5,5,melanocytic nevi,melanocytic nevi,0.0017432952,0.0010993636,0.020111779,0.0011736349,0.40253836,0.57204163,0.0012919493
5,5,melanocytic nevi,melanocytic nevi,0.0008943192,0.00050634367,0.012202906,0.002065365,0.04725947,0.9365015,0.00057012733
5,5,melanocytic nevi,melanocytic nevi,0.00042910315,0.00021228376,0.008627245,0.0013157958,0.014633205,0.9746367,0.00014572458
0,5,actinic keratoses and intraepithelial carcinoma,melanocytic nevi,0.07346593,0.19846164,0.10788212,0.038056735,0.24330983,0.31393594,0.024887834
5,5,melanocytic nevi,melanocytic nevi,0.00013306552,4.326152e-05,0.005048267,0.0002809718,0.053034108,0.9414178,4.2495343e-05
5,5,melanocytic nevi,melanocytic nevi,0.029617246,0.014181575,0.15573636,0.017580502,0.17380494,0.6069536,0.0021257286
4,4,melanoma,melanoma,0.25362125,0.04541969,0.2968947,0.023395948,0.32355893,0.054382488,0.0027269658
5,5,melanocytic nevi,melanocytic nevi,0.00021512112,0.00038078966,0.002256217,0.0022294798,0.001206565,0.9928104,0.00090138544
5,5,melanocytic nevi,melanocytic nevi,0.0009852344,0.00045105466,0.03160611,0.00079664,0.39826646,0.5676081,0.00028636455
4,4,melanoma,melanoma,0.01956254,0.019312073,0.045065988,0.012682202,0.46608946,0.4191239,0.018163756
5,5,melanocytic nevi,melanocytic nevi,0.0066557284,0.004042139,0.37668952,0.0041329274,0.2219349,0.38624436,0.00030038095
5,2,melanocytic nevi,benign keratosis-like lesions,0.073839664,0.1275261,0.3562511,0.04320755,0.15690927,0.23930949,0.002956837
5,5,melanocytic nevi,melanocytic nevi,0.003217954,0.002275049,0.047649004,0.008612862,0.015403348,0.92235374,0.00048808142
5,5,melanocytic nevi,melanocytic nevi,0.0036781544,0.002329824,0.24242485,0.0034531865,0.19507724,0.5526234,0.00041328184
5,5,melanocytic nevi,melanocytic nevi,0.0057333023,0.0060162274,0.039549157,0.018173117,0.014373048,0.9135365,0.002618745
5,5,melanocytic nevi,melanocytic nevi,0.0007407319,0.00045268738,0.007847379,0.0026622298,0.00840905,0.97950625,0.00038158108
5,5,melanocytic nevi,melanocytic nevi,0.00024303187,0.00032816766,0.0025502576,0.0014673452,0.0021904202,0.9928958,0.00032501662
5,5,melanocytic nevi,melanocytic nevi,0.0005109039,0.0005186205,0.08652925,0.0006662509,0.23232819,0.67926365,0.0001830838
5,5,melanocytic nevi,melanocytic nevi,5.5219145e-05,9.440844e-05,0.0009712732,0.00067047734,0.00041584458,0.9976418,0.00015093779
5,2,melanocytic nevi,benign keratosis-like lesions,0.064177215,0.05846957,0.40151328,0.017402578,0.2508039,0.20405929,0.0035742298
4,2,melanoma,benign keratosis-like lesions,0.21201447,0.18532439,0.26172307,0.05694073,0.16271794,0.11630967,0.0049696956
4,4,melanoma,melanoma,0.16035388,0.040123194,0.12869628,0.03250311,0.47706738,0.15621398,0.005042145
5,5,melanocytic nevi,melanocytic nevi,0.011969564,0.0045467853,0.099263415,0.016954806,0.029726433,0.8369078,0.00063112675
5,4,melanocytic nevi,melanoma,0.0006330644,0.00014409728,0.026730672,0.00045922687,0.5036159,0.46827543,0.00014167938
2,2,benign keratosis-like lesions,benign keratosis-like lesions,0.11292337,0.0060218186,0.8196162,0.0035093366,0.05142376,0.006483663,2.1903117e-05
5,1,melanocytic nevi,basal cell carcinoma,0.061588492,0.43005204,0.058326945,0.100398116,0.0126094585,0.18250927,0.15451571
5,5,melanocytic nevi,melanocytic nevi,0.035044003,0.018437048,0.21795034,0.01389073,0.25742605,0.4551202,0.0021316728
2,5,benign keratosis-like lesions,melanocytic nevi,0.016057925,0.0039696633,0.20836462,0.008832995,0.269824,0.49224877,0.00070201384
5,5,melanocytic nevi,melanocytic nevi,0.004173927,0.002094993,0.03727506,0.0054138475,0.13525216,0.8151794,0.0006105647
4,4,melanoma,melanoma,0.006488664,0.0011643929,0.05101846,0.0027794803,0.545999,0.39206254,0.0004875568
5,5,melanocytic nevi,melanocytic nevi,0.013363834,0.013145794,0.11013281,0.01296185,0.29106495,0.5571107,0.0022200227
5,5,melanocytic nevi,melanocytic nevi,0.0012791936,0.002181233,0.0059829736,0.0077804145,0.0014303032,0.979047,0.002298893
5,5,melanocytic nevi,melanocytic nevi,7.9742065e-05,2.539652e-05,0.0032608272,0.0002554018,0.012255667,0.9841059,1.7193917e-05
4,4,melanoma,melanoma,0.0009304656,0.00019440091,0.038645167,0.0005107619,0.48470214,0.47490078,0.00011632489
5,5,melanocytic nevi,melanocytic nevi,4.3917655e-05,2.8658742e-05,0.0016512608,0.0003364117,0.0012238555,0.9966918,2.4129282e-05
5,5,melanocytic nevi,melanocytic nevi,0.024630304,0.11132485,0.13378638,0.028194986,0.0992806,0.5903107,0.012472202
5,5,melanocytic nevi,melanocytic nevi,0.0022265161,0.0027813015,0.011617184,0.008344485,0.0034120795,0.9700714,0.0015470571
1,1,basal cell carcinoma,basal cell carcinoma,0.1857816,0.522613,0.052850477,0.06543233,0.048253622,0.055356044,0.06971293
5,5,melanocytic nevi,melanocytic nevi,0.0018574157,0.0040624337,0.0065392484,0.011418826,0.004101804,0.96529925,0.006721051
5,5,melanocytic nevi,melanocytic nevi,0.007256779,0.006025078,0.029175727,0.015163485,0.014618351,0.92624795,0.00151264
5,5,melanocytic nevi,melanocytic nevi,0.0010283901,0.0018048396,0.0052128704,0.0063776784,0.0009797487,0.98325837,0.0013380112
4,4,melanoma,melanoma,0.0028022104,0.0016193647,0.18994759,0.0015404738,0.44362217,0.36002654,0.00044163776
5,5,melanocytic nevi,melanocytic nevi,0.009244511,0.021890957,0.023822527,0.033042736,0.0060950182,0.89293367,0.012970567
4,1,melanoma,basal cell carcinoma,0.058009543,0.37799907,0.24075645,0.08302525,0.043928612,0.18704353,0.009237606
5,5,melanocytic nevi,melanocytic nevi,0.025412083,0.13586648,0.12706867,0.030681914,0.08024044,0.5894416,0.011288841
2,2,benign keratosis-like lesions,benign keratosis-like lesions,0.038976688,0.012011042,0.6964358,0.013853303,0.09592527,0.14262296,0.00017495255
5,2,melanocytic nevi,benign keratosis-like lesions,0.04947854,0.13454208,0.350135,0.059344854,0.11489373,0.28807804,0.0035277514
5,5,melanocytic nevi,melanocytic nevi,7.82509e-05,2.8174112e-05,0.002852742,0.00020099973,0.035392083,0.9614183,2.9448856e-05
5,5,melanocytic nevi,melanocytic nevi,0.005744799,0.0036910155,0.076732546,0.007642424,0.15336388,0.7521006,0.0007248227
5,5,melanocytic nevi,melanocytic nevi,0.0030200211,0.001604578,0.056408588,0.0019685433,0.31877828,0.61732435,0.0008956363
5,5,melanocytic nevi,melanocytic nevi,0.00028669933,0.0006244779,0.00232005,0.003157328,0.0007514725,0.9915712,0.0012887389
5,5,melanocytic nevi,melanocytic nevi,0.00028734872,0.00032369752,0.0031447113,0.0017396125,0.0013620211,0.9928935,0.00024911706
5,5,melanocytic nevi,melanocytic nevi,9.91054e-05,3.2307147e-05,0.0027973296,0.00030035488,0.0098477,0.9868995,2.3643472e-05
5,2,melanocytic nevi,benign keratosis-like lesions,0.093634605,0.1261483,0.45343512,0.03695763,0.14387545,0.14298518,0.0029637257
5,4,melanocytic nevi,melanoma,0.006709755,0.0015390165,0.06539264,0.0023878494,0.5786626,0.34476456,0.00054364017
5,5,melanocytic nevi,melanocytic nevi,0.0013532811,0.007581491,0.003390447,0.020734314,0.0016555203,0.85419583,0.11108902
1,1,basal cell carcinoma,basal cell carcinoma,0.021957442,0.5616537,0.11079601,0.07727263,0.015652547,0.19651273,0.016154965
4,5,melanoma,melanocytic nevi,0.0005220448,0.00015165315,0.0454526,0.00023394093,0.42638382,0.52715814,9.7827266e-05
5,5,melanocytic nevi,melanocytic nevi,0.00050367694,0.0002315587,0.0123811085,0.0016661753,0.0086764665,0.9764,0.00014099246
5,5,melanocytic nevi,melanocytic nevi,0.00025559365,7.581484e-05,0.08469394,0.00018512768,0.41609484,0.4986281,6.665384e-05
5,2,melanocytic nevi,benign keratosis-like lesions,0.18773453,0.1522759,0.21348648,0.08866634,0.14750257,0.20195378,0.008380319
5,5,melanocytic nevi,melanocytic nevi,0.013471917,0.006080259,0.0735756,0.017013397,0.035287376,0.8534447,0.0011266475
5,5,melanocytic nevi,melanocytic nevi,0.017105183,0.07657387,0.31851432,0.029004179,0.081142515,0.47192115,0.0057388754
5,2,melanocytic nevi,benign keratosis-like lesions,0.012133611,0.03736993,0.4243219,0.009100803,0.20041521,0.3057389,0.010919646
5,5,melanocytic nevi,melanocytic nevi,0.0007143841,0.0018329647,0.003569414,0.006800714,0.000729735,0.9835535,0.0027993016
5,5,melanocytic nevi,melanocytic nevi,0.011761785,0.018134966,0.044253636,0.02290422,0.06948244,0.82843643,0.0050265584
5,5,melanocytic nevi,melanocytic nevi,0.0001282716,0.0002755073,0.0012868874,0.001689928,0.00053565955,0.9953153,0.0007684202
5,5,melanocytic nevi,melanocytic nevi,0.011048933,0.008868318,0.02394112,0.018380512,0.027655115,0.9071814,0.00292462
0,1,actinic keratoses and intraepithelial carcinoma,basal cell carcinoma,0.29795182,0.3708363,0.096561156,0.09336508,0.059381675,0.060305946,0.021597994
2,5,benign keratosis-like lesions,melanocytic nevi,0.001498863,0.0025020184,0.005468704,0.007624241,0.0026734688,0.97793204,0.0023007465
5,5,melanocytic nevi,melanocytic nevi,0.0006867636,0.0017764831,0.0032785335,0.0050056,0.0028478606,0.9829534,0.0034513087
0,2,actinic keratoses and intraepithelial carcinoma,benign keratosis-like lesions,0.30553323,0.19595678,0.3318734,0.055865,0.06828299,0.038219854,0.004268725
5,5,melanocytic nevi,melanocytic nevi,0.0064430768,0.112307765,0.10381025,0.035838507,0.03858257,0.58334804,0.11966971
5,2,melanocytic nevi,benign keratosis-like lesions,0.13193999,0.12197605,0.44488668,0.04745811,0.101428516,0.1499164,0.0023942671
4,4,melanoma,melanoma,0.0038928965,0.0015813921,0.12446492,0.001795695,0.5068076,0.36112565,0.0003317327
4,4,melanoma,melanoma,0.0036664738,0.0009629964,0.07260676,0.0015107325,0.49925286,0.42170262,0.0002975955
6,6,vascular lesions,vascular lesions,0.0034673568,0.01730608,0.002606642,0.01473626,0.0038935924,0.045773435,0.9122167
5,5,melanocytic nevi,melanocytic nevi,0.0011508642,0.016005136,0.022417594,0.010317865,0.03074602,0.8401334,0.079229064
5,5,melanocytic nevi,melanocytic nevi,0.0010021213,0.0014144904,0.09400617,0.0013693117,0.11548142,0.78568906,0.0010374424
5,5,melanocytic nevi,melanocytic nevi,0.0017474553,0.0013402499,0.018199837,0.004757257,0.021911932,0.95164025,0.0004029448
5,5,melanocytic nevi,melanocytic nevi,0.0034359226,0.0067331307,0.010023558,0.009739678,0.049575426,0.8921383,0.028354067
5,5,melanocytic nevi,melanocytic nevi,0.00031186355,0.0015728776,0.0010040369,0.0061117397,0.00061805366,0.9676916,0.022689715
5,2,melanocytic nevi,benign keratosis-like lesions,0.01357726,0.022280633,0.4225048,0.015887769,0.17330875,0.3518272,0.0006136677
1,1,basal cell carcinoma,basal cell carcinoma,0.21579234,0.3171788,0.085884996,0.07534379,0.13097309,0.14499299,0.029834034
0,0,actinic keratoses and intraepithelial carcinoma,actinic keratoses and intraepithelial carcinoma,0.40523762,0.2821902,0.121922135,0.075929716,0.054977912,0.045258496,0.0144839445
4,5,melanoma,melanocytic nevi,0.025239395,0.15799291,0.086453445,0.03895438,0.18808903,0.4702531,0.033017736
5,5,melanocytic nevi,melanocytic nevi,0.071052894,0.07801032,0.100421354,0.038018916,0.24103814,0.44133,0.030128349
5,5,melanocytic nevi,melanocytic nevi,0.0028012325,0.0015248661,0.02555338,0.0072906623,0.0062320624,0.9561417,0.00045603613
1,5,basal cell carcinoma,melanocytic nevi,0.03515422,0.21650644,0.18296796,0.03576131,0.13809656,0.35861447,0.032899104
5,5,melanocytic nevi,melanocytic nevi,2.2290633e-05,1.1582384e-05,0.0008052506,0.0001310012,0.002522314,0.99649256,1.484729e-05
5,5,melanocytic nevi,melanocytic nevi,5.1660834e-05,2.6425536e-05,0.0018935552,0.00027847133,0.005031092,0.9926958,2.305439e-05
5,5,melanocytic nevi,melanocytic nevi,0.00051944965,0.00010216724,0.021434948,0.0009845363,0.021389667,0.95554215,2.7124575e-05
5,4,melanocytic nevi,melanoma,0.29459423,0.12127168,0.11247912,0.05643251,0.31242195,0.08258862,0.020211887
5,5,melanocytic nevi,melanocytic nevi,0.00011911097,0.00032123303,0.0008044946,0.0015344585,0.0003829974,0.99592066,0.0009169493
1,6,basal cell carcinoma,vascular lesions,0.02663653,0.17455263,0.0141193215,0.054185703,0.013117692,0.13254766,0.5848405
5,5,melanocytic nevi,melanocytic nevi,9.273681e-05,1.8029154e-05,0.008629591,0.0001897405,0.063822515,0.927232,1.5350532e-05
5,5,melanocytic nevi,melanocytic nevi,0.00018362269,9.904313e-05,0.26256374,0.00014728251,0.20038998,0.53656685,4.9476595e-05
5,5,melanocytic nevi,melanocytic nevi,0.0003584732,9.136534e-05,0.1949793,0.00024590778,0.27877602,0.5255354,1.3574187e-05
4,4,melanoma,melanoma,0.002490814,0.0009135838,0.07697875,0.001043727,0.5213798,0.39674821,0.00044511017
5,5,melanocytic nevi,melanocytic nevi,0.00072327175,0.00028929889,0.01625422,0.002121403,0.013652005,0.96682847,0.00013141305
5,5,melanocytic nevi,melanocytic nevi,8.783573e-05,8.6626584e-05,0.0023161117,0.0007149038,0.000434914,0.9963245,3.515143e-05
6,5,vascular lesions,melanocytic nevi,0.002343631,0.0028190853,0.05066107,0.002115979,0.2603428,0.67698324,0.0047342447
5,5,melanocytic nevi,melanocytic nevi,0.0001266231,0.00050014857,0.0011291254,0.0027439955,0.0005321792,0.99079496,0.0041729817
2,2,benign keratosis-like lesions,benign keratosis-like lesions,0.08382013,0.020424796,0.76890874,0.009125328,0.08581767,0.031663455,0.00024000766
6,5,vascular lesions,melanocytic nevi,0.007979749,0.0463354,0.081676446,0.01500331,0.17098173,0.6006769,0.07734649
4,5,melanoma,melanocytic nevi,0.005653157,0.0027232522,0.27456525,0.0032540231,0.28182244,0.43134448,0.00063742156
5,5,melanocytic nevi,melanocytic nevi,5.9952075e-05,9.112831e-05,0.0008447554,0.00057116966,0.0014414669,0.9967663,0.00022521375
5,1,melanocytic nevi,basal cell carcinoma,0.07146658,0.32902932,0.21233548,0.09427888,0.051056527,0.20757124,0.034261975
5,5,melanocytic nevi,melanocytic nevi,0.00015166996,0.00025914866,0.0014673016,0.0010391924,0.0027042388,0.9939506,0.00042793798
5,5,melanocytic nevi,melanocytic nevi,9.5499345e-05,6.9380505e-05,0.0018902947,0.00051147956,0.003870888,0.99350125,6.113199e-05
5,5,melanocytic nevi,melanocytic nevi,0.00941599,0.0064275553,0.039911903,0.014606888,0.041220922,0.88351756,0.004899131
4,2,melanoma,benign keratosis-like lesions,0.21966283,0.096273646,0.47594365,0.044574037,0.10897494,0.052390452,0.0021804695
5,1,melanocytic nevi,basal cell carcinoma,0.16156252,0.46274447,0.21714912,0.06750793,0.025132554,0.058399007,0.007504436
0,0,actinic keratoses and intraepithelial carcinoma,actinic keratoses and intraepithelial carcinoma,0.3579589,0.30977708,0.10889753,0.08413204,0.06920764,0.05139874,0.018628133
5,6,melanocytic nevi,vascular lesions,0.030916112,0.10287281,0.012903666,0.046396196,0.015598224,0.12863864,0.66267437
5,5,melanocytic nevi,melanocytic nevi,0.0032468226,0.0047556735,0.012689454,0.01563365,0.0021074193,0.9582797,0.003287289
2,2,benign keratosis-like lesions,benign keratosis-like lesions,0.014859278,0.015864028,0.5808512,0.008449735,0.17970112,0.19879153,0.0014830793
5,5,melanocytic nevi,melanocytic nevi,0.008837075,0.014015558,0.16795392,0.012729059,0.10291539,0.68991476,0.0036342433
0,5,actinic keratoses and intraepithelial carcinoma,melanocytic nevi,0.049987376,0.19894549,0.13349693,0.052285485,0.13033485,0.36491033,0.07003946
2,2,benign keratosis-like lesions,benign keratosis-like lesions,0.14188588,0.03139707,0.44003984,0.024099516,0.25875437,0.102576606,0.0012466706
5,5,melanocytic nevi,melanocytic nevi,0.0145658655,0.008417078,0.06379069,0.014636217,0.20275386,0.69311094,0.0027252927
5,5,melanocytic nevi,melanocytic nevi,0.00017176963,8.367528e-05,0.18640575,0.00012457134,0.29498833,0.5182013,2.4620203e-05
5,5,melanocytic nevi,melanocytic nevi,2.6533684e-05,1.948851e-05,0.0013325964,0.00021924156,0.0018677986,0.99650085,3.3439705e-05
5,5,melanocytic nevi,melanocytic nevi,0.00022808443,8.009289e-05,0.06476682,0.00018874039,0.21691054,0.7178084,1.7285756e-05
5,5,melanocytic nevi,melanocytic nevi,6.7042114e-05,2.4647356e-05,0.004366801,0.00032356547,0.0020144538,0.9931948,8.631424e-06
5,5,melanocytic nevi,melanocytic nevi,0.0013456267,0.00035678886,0.17597035,0.00080191804,0.2582033,0.5632771,4.492995e-05
5,5,melanocytic nevi,melanocytic nevi,0.010720776,0.01149382,0.04505919,0.014259274,0.07594788,0.8372185,0.0053005223
5,4,melanocytic nevi,melanoma,0.0023838754,0.00075722457,0.044704404,0.0014197582,0.50914,0.4411462,0.00044857268
5,2,melanocytic nevi,benign keratosis-like lesions,0.00083033054,0.00036458112,0.44153422,0.0005698811,0.20699508,0.34964934,5.657011e-05
4,5,melanoma,melanocytic nevi,0.00096736307,0.00023706083,0.014021454,0.0010716504,0.26038706,0.722941,0.00037443443
4,4,melanoma,melanoma,0.00069915457,0.00025019224,0.010113923,0.00037149386,0.6704211,0.31756458,0.00057952065
2,4,benign keratosis-like lesions,melanoma,0.0026686708,0.0011538161,0.073416956,0.0012281021,0.52049416,0.40056533,0.00047291865
5,5,melanocytic nevi,melanocytic nevi,0.013777861,0.018784614,0.050571784,0.0110227605,0.24785933,0.64183396,0.01614969
5,5,melanocytic nevi,melanocytic nevi,0.00011956062,0.0003251532,0.0007990607,0.0016262393,0.00067379576,0.9951155,0.0013405998
5,5,melanocytic nevi,melanocytic nevi,9.924654e-05,0.00015445091,0.0016932802,0.00092843233,0.0005607403,0.99645823,0.00010562623
5,5,melanocytic nevi,melanocytic nevi,0.0020001798,0.00091456075,0.015553962,0.0015661526,0.43064365,0.54795915,0.0013623686
5,5,melanocytic nevi,melanocytic nevi,3.484865e-05,4.8677182e-05,0.0008164183,0.00041141923,0.0005412681,0.9980598,8.75603e-05
2,5,benign keratosis-like lesions,melanocytic nevi,0.0017045614,0.001067982,0.12277178,0.0011714034,0.35660595,0.5162349,0.00044345832
2,5,benign keratosis-like lesions,melanocytic nevi,0.002787118,0.0007562187,0.09180766,0.0020486726,0.30567107,0.5967473,0.00018196127
5,5,melanocytic nevi,melanocytic nevi,2.0762684e-05,4.531552e-06,0.0026703249,6.0678005e-05,0.06269549,0.9345343,1.3810947e-05
2,5,benign keratosis-like lesions,melanocytic nevi,0.0014960561,0.0045393244,0.12005959,0.0027293486,0.09907315,0.7706573,0.0014452016
5,5,melanocytic nevi,melanocytic nevi,0.0010599808,0.0024871759,0.059259985,0.0019282885,0.24183008,0.68241304,0.011021372
6,6,vascular lesions,vascular lesions,0.0007588428,0.008993135,0.0008290053,0.0061393096,0.001378587,0.032981507,0.94891965
5,5,melanocytic nevi,melanocytic nevi,0.0061976947,0.004296329,0.032986294,0.010726466,0.017695406,0.9270881,0.0010096759
5,5,melanocytic nevi,melanocytic nevi,0.019996967,0.00848064,0.15314247,0.012058248,0.34539852,0.45970356,0.0012196077
5,5,melanocytic nevi,melanocytic nevi,0.0044961027,0.0018433492,0.050918106,0.00821525,0.025687426,0.9084552,0.0003845933
5,5,melanocytic nevi,melanocytic nevi,0.013951766,0.008900194,0.21905133,0.0133254025,0.2598791,0.48369545,0.0011966828
4,5,melanoma,melanocytic nevi,0.00037283453,0.00012536948,0.050610576,0.00021768016,0.2883912,0.66023636,4.59708e-05
2,5,benign keratosis-like lesions,melanocytic nevi,0.01074765,0.012997432,0.14601576,0.0077598975,0.3098614,0.50491226,0.007705603
0,0,actinic keratoses and intraepithelial carcinoma,actinic keratoses and intraepithelial carcinoma,0.33050197,0.19682942,0.15060185,0.10043287,0.109157845,0.10039369,0.012082343
5,5,melanocytic nevi,melanocytic nevi,0.08029074,0.018895255,0.20351571,0.028090788,0.30836925,0.35941216,0.001426183
5,5,melanocytic nevi,melanocytic nevi,0.00010214491,0.00021728803,0.0011980631,0.00118422,0.00030539048,0.99677354,0.00021927082
5,5,melanocytic nevi,melanocytic nevi,0.013132115,0.03626953,0.021740021,0.036086343,0.04786301,0.8131958,0.031713203
5,5,melanocytic nevi,melanocytic nevi,3.984902e-05,6.315752e-05,0.0007479199,0.0004387008,0.0005404885,0.9980786,9.12582e-05
5,4,melanocytic nevi,melanoma,0.025096435,0.013150049,0.041766006,0.012499419,0.46199837,0.43768513,0.007804521
2,2,benign keratosis-like lesions,benign keratosis-like lesions,0.13195358,0.032679606,0.5155464,0.014082551,0.23379126,0.07110021,0.0008463296
5,5,melanocytic nevi,melanocytic nevi,0.0017189666,0.0007344,0.026621029,0.002921268,0.047485586,0.9202717,0.0002471645
5,5,melanocytic nevi,melanocytic nevi,0.0011537152,0.0006980107,0.07836405,0.0009592935,0.24414761,0.67424834,0.00042905757
4,4,melanoma,melanoma,0.00045359478,0.00020050879,0.030528331,0.00028084856,0.48487562,0.48345068,0.00021035096
4,5,melanoma,melanocytic nevi,0.009477672,0.02289637,0.07503714,0.012311186,0.14080352,0.7251678,0.014306218
5,5,melanocytic nevi,melanocytic nevi,0.033680324,0.053224694,0.071254,0.05226286,0.016271682,0.7619263,0.011380174
5,5,melanocytic nevi,melanocytic nevi,0.0002897657,0.00030827193,0.0036962468,0.0014999066,0.0043795505,0.9894538,0.0003724066
5,5,melanocytic nevi,melanocytic nevi,0.07899914,0.25142246,0.23177159,0.08838023,0.052059494,0.28989628,0.0074708816
5,5,melanocytic nevi,melanocytic nevi,0.012001749,0.03348139,0.16749975,0.016438853,0.13861863,0.6269138,0.005045827
5,5,melanocytic nevi,melanocytic nevi,0.0101007605,0.017074464,0.31343135,0.011517355,0.14514929,0.50007105,0.0026557217
5,6,melanocytic nevi,vascular lesions,0.025402572,0.13605148,0.018632928,0.07310761,0.008403174,0.2813212,0.45708108
2,2,benign keratosis-like lesions,benign keratosis-like lesions,0.06598084,0.032852963,0.4523979,0.035230774,0.14801179,0.264106,0.0014198046
5,5,melanocytic nevi,melanocytic nevi,0.0006984303,0.0005610111,0.08548018,0.0006592739,0.31459543,0.59747803,0.0005275851
5,5,melanocytic nevi,melanocytic nevi,0.030510562,0.06507746,0.3318232,0.046744537,0.04223509,0.4807468,0.0028623268
5,5,melanocytic nevi,melanocytic nevi,0.00010368602,7.31113e-05,0.0023993775,0.00049265067,0.0040587927,0.9928148,5.7467598e-05
5,5,melanocytic nevi,melanocytic nevi,2.0330714e-05,5.0919043e-05,0.0004952133,0.00034573718,0.00015982945,0.9988575,7.039793e-05
4,5,melanoma,melanocytic nevi,0.0010288957,0.0004950297,0.04411148,0.000984455,0.2646732,0.68829703,0.00040994573
5,5,melanocytic nevi,melanocytic nevi,0.0001070583,6.254603e-05,0.0018930483,0.00046221673,0.0075661326,0.9898085,0.00010055048
4,5,melanoma,melanocytic nevi,0.0011278663,0.0008179432,0.076273456,0.0016697955,0.23601675,0.6834214,0.0006727245
5,5,melanocytic nevi,melanocytic nevi,6.8305795e-05,0.000118424556,0.0011429195,0.00076900807,0.0008387411,0.99682033,0.00024221126
5,5,melanocytic nevi,melanocytic nevi,0.000918859,0.0009011559,0.008839809,0.0038045947,0.003383546,0.9818133,0.0003388756
5,5,melanocytic nevi,melanocytic nevi,0.0013589124,0.007539196,0.037320632,0.0049612895,0.09825903,0.7605733,0.08998763
2,4,benign keratosis-like lesions,melanoma,0.107842155,0.06617521,0.26479378,0.03667063,0.34763783,0.16681185,0.010068488
5,5,melanocytic nevi,melanocytic nevi,0.00063958444,0.00057501724,0.005875981,0.0029316805,0.0025908076,0.98712325,0.00026358754
2,4,benign keratosis-like lesions,melanoma,0.03944601,0.012050929,0.08806234,0.010765878,0.59115565,0.25544134,0.0030778097
4,4,melanoma,melanoma,0.0014465299,0.00025457938,0.03310837,0.00057772145,0.6333573,0.33084726,0.00040820142
2,2,benign keratosis-like lesions,benign keratosis-like lesions,0.07190251,0.11027706,0.640423,0.040910203,0.04543462,0.08987658,0.0011761204
5,5,melanocytic nevi,melanocytic nevi,0.0008610239,0.0003265903,0.010111123,0.0018846593,0.023724422,0.9629034,0.00018877412
0,1,actinic keratoses and intraepithelial carcinoma,basal cell carcinoma,0.27140045,0.36566967,0.06114911,0.09975386,0.08965239,0.085953206,0.026421309
5,5,melanocytic nevi,melanocytic nevi,0.001222746,0.0008053398,0.018710649,0.0024416675,0.08246663,0.8931518,0.0012011733
5,5,melanocytic nevi,melanocytic nevi,0.0008658279,0.0020054406,0.0032422382,0.005980888,0.007787511,0.9677417,0.01237623
4,4,melanoma,melanoma,0.014594866,0.0030026648,0.1420987,0.004794544,0.5765878,0.2574407,0.0014807526
2,0,benign keratosis-like lesions,actinic keratoses and intraepithelial carcinoma,0.4518924,0.13223065,0.20675513,0.04238703,0.13112144,0.029144982,0.006468403
5,5,melanocytic nevi,melanocytic nevi,0.0126138525,0.0041470556,0.11729994,0.015837181,0.02174907,0.828041,0.00031190313
5,1,melanocytic nevi,basal cell carcinoma,0.08832484,0.34860712,0.17538992,0.0724428,0.048585627,0.24656114,0.020088485
5,5,melanocytic nevi,melanocytic nevi,5.420435e-05,0.00014897165,0.0005679283,0.00069961586,0.00042305168,0.99778867,0.000317635
5,1,melanocytic nevi,basal cell carcinoma,0.06662785,0.6156495,0.094201475,0.0836893,0.019919293,0.09319386,0.026718758
5,5,melanocytic nevi,melanocytic nevi,0.012352395,0.006454006,0.04891125,0.019366777,0.01779308,0.89391965,0.0012028515
5,5,melanocytic nevi,melanocytic nevi,1.7386365e-05,2.0890559e-05,0.0010599134,0.00018736796,0.0006400053,0.9980615,1.284292e-05
5,5,melanocytic nevi,melanocytic nevi,0.0009909519,0.0008673193,0.009848995,0.003927116,0.0023471888,0.9817903,0.0002280672
5,5,melanocytic nevi,melanocytic nevi,1.1735928e-05,9.3374965e-06,0.00050395273,0.00012357727,0.00037139974,0.9989705,9.5060195e-06
5,5,melanocytic nevi,melanocytic nevi,0.0028489458,0.019538417,0.044303384,0.00793659,0.07882235,0.8091733,0.03737699
5,5,melanocytic nevi,melanocytic nevi,0.0005394845,0.00014448805,0.0112379845,0.0008204446,0.11572942,0.87141407,0.000114149676
5,5,melanocytic nevi,melanocytic nevi,0.008317385,0.0063467394,0.07875884,0.017870322,0.023125628,0.8642744,0.0013067201
4,4,melanoma,melanoma,0.10513596,0.17765649,0.08636955,0.036046635,0.340173,0.23366933,0.020948969
2,4,benign keratosis-like lesions,melanoma,0.002991932,0.0010520624,0.15819326,0.0010533443,0.6136131,0.22184072,0.001255591
5,5,melanocytic nevi,melanocytic nevi,0.02373678,0.026265401,0.04399409,0.040123228,0.042799298,0.81892985,0.004151401
2,2,benign keratosis-like lesions,benign keratosis-like lesions,0.0103441365,0.0033404592,0.75235176,0.002976342,0.1465222,0.084349185,0.00011583159
5,4,melanocytic nevi,melanoma,0.000101096986,2.0875637e-05,0.010362194,5.9492133e-05,0.5329872,0.45643884,3.0342806e-05
5,5,melanocytic nevi,melanocytic nevi,4.908553e-05,2.3085044e-05,0.0014989497,0.00018565643,0.006117322,0.99210453,2.1371177e-05
5,5,melanocytic nevi,melanocytic nevi,0.0014901275,0.00048501923,0.030004388,0.0032686468,0.010393615,0.9542426,0.00011565014
5,5,melanocytic nevi,melanocytic nevi,0.001217788,0.0006453929,0.2460104,0.0007690882,0.36184123,0.38919914,0.00031693833
2,2,benign keratosis-like lesions,benign keratosis-like lesions,0.0454815,0.045962043,0.30894524,0.02670959,0.30075526,0.26509145,0.007054853
4,6,melanoma,vascular lesions,0.03288088,0.094130255,0.043965645,0.041249905,0.1245822,0.20822127,0.45496982
0,0,actinic keratoses and intraepithelial carcinoma,actinic keratoses and intraepithelial carcinoma,0.37617776,0.13363488,0.27818954,0.06683483,0.07710248,0.06271006,0.0053504254
5,5,melanocytic nevi,melanocytic nevi,0.009998969,0.0045563537,0.060342025,0.008918976,0.15464938,0.7603602,0.0011741268
5,5,melanocytic nevi,melanocytic nevi,0.00011403836,6.072529e-05,0.050208718,0.00010557814,0.3076063,0.641852,5.2602598e-05
2,2,benign keratosis-like lesions,benign keratosis-like lesions,0.03545207,0.17360601,0.540222,0.06529078,0.029694475,0.15282811,0.0029065157
3,0,dermatofibroma,actinic keratoses and intraepithelial carcinoma,0.41378114,0.11243553,0.35819852,0.02966404,0.07063029,0.013889492,0.0014010193
4,5,melanoma,melanocytic nevi,4.1589916e-05,1.6022572e-05,0.022698335,3.1813554e-05,0.44708052,0.5301079,2.3799454e-05
5,5,melanocytic nevi,melanocytic nevi,9.348642e-06,8.280921e-06,0.00038604916,9.0172616e-05,0.0010069772,0.9984875,1.1568475e-05
5,5,melanocytic nevi,melanocytic nevi,0.00012485417,0.00012237494,0.0021086067,0.00082215364,0.0013191354,0.9954281,7.490924e-05
2,2,benign keratosis-like lesions,benign keratosis-like lesions,0.01178648,0.017220005,0.44455108,0.0068689976,0.13271195,0.38605803,0.00080338394
5,5,melanocytic nevi,melanocytic nevi,0.01811066,0.014115104,0.32324547,0.010603189,0.19193546,0.44015852,0.0018315983
5,5,melanocytic nevi,melanocytic nevi,0.00025042988,0.001195865,0.0011273908,0.0054040467,0.00088698696,0.9710958,0.020039435
2,2,benign keratosis-like lesions,benign keratosis-like lesions,0.088426314,0.0055737793,0.7569258,0.003218633,0.13109662,0.014710001,4.8803035e-05
1,1,basal cell carcinoma,basal cell carcinoma,0.08185104,0.39048827,0.108250126,0.10194317,0.03372702,0.22235031,0.061390083
4,0,melanoma,actinic keratoses and intraepithelial carcinoma,0.34316406,0.15744546,0.1915012,0.08637819,0.10396851,0.11152072,0.0060218894
5,5,melanocytic nevi,melanocytic nevi,0.003278436,0.004698096,0.034175985,0.010042935,0.009719461,0.936941,0.0011441333
5,5,melanocytic nevi,melanocytic nevi,0.0002940185,0.00051320717,0.0027423564,0.0021685015,0.0012648853,0.9925809,0.00043612273
2,2,benign keratosis-like lesions,benign keratosis-like lesions,0.046985526,0.00090926985,0.84061694,0.0009501091,0.103787735,0.0067444635,5.903897e-06
1,5,basal cell carcinoma,melanocytic nevi,0.012114112,0.03749294,0.1037665,0.020495836,0.17122833,0.64206123,0.01284096
5,5,melanocytic nevi,melanocytic nevi,0.00013062263,0.00010352681,0.0026283856,0.0008454336,0.001277455,0.99494237,7.2130075e-05
4,4,melanoma,melanoma,0.009491303,0.0015831372,0.043130923,0.0014675799,0.82179564,0.12202347,0.00050799194
2,5,benign keratosis-like lesions,melanocytic nevi,0.018411364,0.16533612,0.23868516,0.047830854,0.05242312,0.46957085,0.0077425013
1,5,basal cell carcinoma,melanocytic nevi,0.034565277,0.12454391,0.040016353,0.057345577,0.11141215,0.4221047,0.210012
5,5,melanocytic nevi,melanocytic nevi,0.00095373514,0.00039268442,0.010699766,0.0025228483,0.015348835,0.96975493,0.00032718707
5,5,melanocytic nevi,melanocytic nevi,0.00027819566,8.172781e-05,0.0821691,0.0002131661,0.20353734,0.7136944,2.6069418e-05
2,2,benign keratosis-like lesions,benign keratosis-like lesions,0.035791133,0.023473071,0.49200752,0.03427553,0.055314485,0.3584771,0.0006612557
5,5,melanocytic nevi,melanocytic nevi,0.0004064916,0.00086495624,0.002701352,0.0031675736,0.0013266576,0.9906342,0.00089880894
5,1,melanocytic nevi,basal cell carcinoma,0.050520062,0.30873504,0.12641726,0.059271943,0.09092163,0.291469,0.072665
4,4,melanoma,melanoma,0.13503556,0.14519969,0.232986,0.041072223,0.24944016,0.18069494,0.0155714415
5,5,melanocytic nevi,melanocytic nevi,0.001214087,0.0021108415,0.01046859,0.0044848733,0.017342517,0.9602704,0.0041087624
5,5,melanocytic nevi,melanocytic nevi,0.0023308063,0.011287797,0.014514288,0.01109069,0.05847246,0.529505,0.37279898
2,0,benign keratosis-like lesions,actinic keratoses and intraepithelial carcinoma,0.39786807,0.12612543,0.24568161,0.034485478,0.15374096,0.0329636,0.009134869
1,1,basal cell carcinoma,basal cell carcinoma,0.07059924,0.5622256,0.051009484,0.051248293,0.052537262,0.15223488,0.06014527
5,5,melanocytic nevi,melanocytic nevi,0.00029570048,0.00023545905,0.080371656,0.00030092418,0.18843581,0.7301609,0.00019961875
1,1,basal cell carcinoma,basal cell carcinoma,0.058717623,0.34917164,0.03972829,0.1010284,0.025334662,0.20350364,0.22251576
4,2,melanoma,benign keratosis-like lesions,0.28030077,0.023377342,0.42267013,0.0118474765,0.24049927,0.0209286,0.00037644486
5,5,melanocytic nevi,melanocytic nevi,0.00076285924,0.0020601286,0.0034123638,0.006732835,0.0020798824,0.9772578,0.0076941606
0,0,actinic keratoses and intraepithelial carcinoma,actinic keratoses and intraepithelial carcinoma,0.54620725,0.13619703,0.099447444,0.04112935,0.1417628,0.026597774,0.008658352
5,5,melanocytic nevi,melanocytic nevi,0.00038954875,0.0004499036,0.04313386,0.00055818295,0.14786784,0.80710065,0.0005000357
5,5,melanocytic nevi,melanocytic nevi,0.0022555129,0.0065500597,0.20637435,0.009919862,0.03375383,0.7390015,0.0021448163
2,2,benign keratosis-like lesions,benign keratosis-like lesions,0.092730574,0.026546534,0.32925957,0.027121503,0.3194502,0.20373274,0.001158898
5,5,melanocytic nevi,melanocytic nevi,0.036544472,0.020720005,0.084444694,0.03671412,0.024622805,0.7946092,0.0023447375
5,5,melanocytic nevi,melanocytic nevi,8.55329e-05,0.00025877048,0.00084214675,0.0013696866,0.00021624878,0.9966203,0.000607231
5,5,melanocytic nevi,melanocytic nevi,0.00016174243,9.4917494e-05,0.0020869067,0.0004942559,0.024210956,0.97275406,0.0001971038
5,5,melanocytic nevi,melanocytic nevi,0.0017224516,0.0042175143,0.0047184736,0.0124491695,0.002307499,0.96302265,0.011562219
5,5,melanocytic nevi,melanocytic nevi,0.0029120175,0.0023470041,0.15729608,0.003412455,0.13352302,0.7002241,0.0002853105
5,2,melanocytic nevi,benign keratosis-like lesions,0.030817328,0.08406024,0.3612261,0.025519732,0.15414453,0.34070116,0.0035309058
5,5,melanocytic nevi,melanocytic nevi,0.014349265,0.0067166993,0.06272022,0.020007204,0.012426832,0.88313854,0.0006412552
4,4,melanoma,melanoma,0.0038871213,0.0006335737,0.09434186,0.0015379427,0.47637022,0.42305076,0.00017848538
5,4,melanocytic nevi,melanoma,0.0017920434,0.00076281384,0.0854037,0.00092830934,0.5070044,0.40295842,0.001150293
2,2,benign keratosis-like lesions,benign keratosis-like lesions,0.07552594,0.03895329,0.44836295,0.045106445,0.14355303,0.24723145,0.0012669038
4,4,melanoma,melanoma,0.04619504,0.042344898,0.16353202,0.020758929,0.39765766,0.32244086,0.0070706285
5,5,melanocytic nevi,melanocytic nevi,0.0019172821,0.0018167798,0.19003938,0.0019484772,0.2611803,0.5424808,0.0006169139
5,5,melanocytic nevi,melanocytic nevi,0.0014749153,0.002511931,0.009607269,0.007130487,0.0030295784,0.97435534,0.0018904911
5,2,melanocytic nevi,benign keratosis-like lesions,0.08785934,0.06912013,0.43864912,0.025899187,0.19061494,0.18557376,0.0022835808
0,1,actinic keratoses and intraepithelial carcinoma,basal cell carcinoma,0.22684754,0.4274281,0.14542978,0.06812029,0.053674392,0.06299896,0.015500865
4,4,melanoma,melanoma,0.0006021958,0.00026805652,0.024950411,0.00037115125,0.5906804,0.3825199,0.00060780626
5,5,melanocytic nevi,melanocytic nevi,7.441258e-05,0.00014939306,0.00077474205,0.0007920238,0.0006791454,0.9972549,0.00027541257
2,2,benign keratosis-like lesions,benign keratosis-like lesions,0.05571034,0.03653085,0.6512056,0.018209383,0.11276177,0.123985134,0.001596932
5,5,melanocytic nevi,melanocytic nevi,9.557611e-05,0.0002415553,0.0010776109,0.0013837914,0.00030526455,0.996335,0.0005610874
5,2,melanocytic nevi,benign keratosis-like lesions,0.16165312,0.08623106,0.5875587,0.041879322,0.071042225,0.050349068,0.0012865928
2,5,benign keratosis-like lesions,melanocytic nevi,0.00060784287,0.00029173936,0.07762526,0.00037533708,0.439148,0.4818084,0.00014348833
5,5,melanocytic nevi,melanocytic nevi,0.0011808267,0.0019566652,0.007465367,0.006351965,0.0025011848,0.979267,0.0012770356
5,5,melanocytic nevi,melanocytic nevi,0.0037184642,0.0061038546,0.015724627,0.01390559,0.010314149,0.94346017,0.0067732437
2,2,benign keratosis-like lesions,benign keratosis-like lesions,0.0710839,0.1275695,0.5847674,0.041531973,0.058590375,0.11304966,0.0034072031
5,5,melanocytic nevi,melanocytic nevi,0.00018601488,0.00027205524,0.0018315563,0.0016953988,0.0010552934,0.99448365,0.00047598244
0,0,actinic keratoses and intraepithelial carcinoma,actinic keratoses and intraepithelial carcinoma,0.6769259,0.13095169,0.11879519,0.019880032,0.04427068,0.005972659,0.0032038228
2,5,benign keratosis-like lesions,melanocytic nevi,0.003325408,0.01257408,0.104164034,0.0082561085,0.08416346,0.7821655,0.0053513404
5,1,melanocytic nevi,basal cell carcinoma,0.025882699,0.41490412,0.048364665,0.05442672,0.039231576,0.31763387,0.09955634
5,5,melanocytic nevi,melanocytic nevi,0.00015620493,0.00030035496,0.00088226964,0.0013597016,0.0017381979,0.99454427,0.0010189582
5,5,melanocytic nevi,melanocytic nevi,1.2661311e-05,1.0991865e-05,0.00050615525,0.000117044015,0.0016010115,0.99773264,1.9573694e-05
5,5,melanocytic nevi,melanocytic nevi,0.0006122261,0.00086698035,0.0045116018,0.0034990127,0.0013084055,0.9886079,0.00059386966
5,5,melanocytic nevi,melanocytic nevi,0.00082884275,0.0005729854,0.019425564,0.00090181,0.3458965,0.63160264,0.0007716452
1,1,basal cell carcinoma,basal cell carcinoma,0.06552149,0.34378567,0.24490601,0.08548372,0.053571727,0.19777566,0.008955736
5,5,melanocytic nevi,melanocytic nevi,4.789697e-05,3.7183567e-05,0.0012132503,0.00037577626,0.00082437275,0.9974726,2.8881064e-05
5,5,melanocytic nevi,melanocytic nevi,9.043849e-05,0.00017928027,0.0012465141,0.0010286274,0.00046632014,0.9967608,0.00022805268
5,5,melanocytic nevi,melanocytic nevi,0.00944131,0.004935156,0.3925874,0.00925839,0.147259,0.43562964,0.0008891192
5,5,melanocytic nevi,melanocytic nevi,0.01505304,0.0067493743,0.29802787,0.01453067,0.12339691,0.5415357,0.00070643204
5,5,melanocytic nevi,melanocytic nevi,0.0040880158,0.014326171,0.008284002,0.0292939,0.002495396,0.91132885,0.030183641
2,0,benign keratosis-like lesions,actinic keratoses and intraepithelial carcinoma,0.45162877,0.2724372,0.12512404,0.056549132,0.060204737,0.021324934,0.012731233
5,2,melanocytic nevi,benign keratosis-like lesions,0.06305416,0.09507773,0.37774292,0.042326696,0.095752,0.32259205,0.0034544272
5,4,melanocytic nevi,melanoma,0.14396618,0.14676388,0.08313572,0.04594111,0.34347144,0.20625111,0.030470567
2,2,benign keratosis-like lesions,benign keratosis-like lesions,0.15582015,0.046641883,0.3886046,0.018419437,0.32341656,0.065551974,0.0015453681
5,5,melanocytic nevi,melanocytic nevi,0.0038673906,0.008439939,0.0346587,0.005321091,0.23133174,0.7073733,0.00900777
1,4,basal cell carcinoma,melanoma,0.034845006,0.053995192,0.067661,0.023206268,0.4490763,0.34187913,0.029337121
4,4,melanoma,melanoma,0.18569218,0.11841647,0.26844406,0.030861694,0.3249844,0.06744124,0.004159905
5,5,melanocytic nevi,melanocytic nevi,0.015142148,0.012683536,0.043878466,0.02445345,0.02400722,0.87661785,0.0032174012
5,5,melanocytic nevi,melanocytic nevi,0.00012385819,7.322102e-05,0.0026092662,0.00041776474,0.012540152,0.9841687,6.70565e-05
5,5,melanocytic nevi,melanocytic nevi,0.028158417,0.13282363,0.060956903,0.029884946,0.14307328,0.56843823,0.036664527
5,5,melanocytic nevi,melanocytic nevi,0.0008532412,0.0012008166,0.06742394,0.0016714233,0.1296575,0.7979442,0.0012489031
1,1,basal cell carcinoma,basal cell carcinoma,0.23736037,0.26202586,0.20772842,0.05058524,0.14746727,0.08567683,0.009156009
5,5,melanocytic nevi,melanocytic nevi,0.065944,0.13619813,0.19573186,0.045894116,0.14268568,0.40641907,0.007127239
5,5,melanocytic nevi,melanocytic nevi,0.0026881457,0.00095128285,0.032378335,0.004490745,0.04686702,0.91225886,0.00036570965
2,5,benign keratosis-like lesions,melanocytic nevi,0.004230703,0.009845038,0.10573016,0.005585743,0.26661053,0.6053488,0.0026490432
4,4,melanoma,melanoma,0.018530026,0.0039573805,0.1787658,0.0024883095,0.57393044,0.22095656,0.0013715546
5,5,melanocytic nevi,melanocytic nevi,0.002018567,0.00079506455,0.014021972,0.003964274,0.022265824,0.9566013,0.0003330696
5,5,melanocytic nevi,melanocytic nevi,0.014098422,0.0033973046,0.1781707,0.011379236,0.138049,0.65444064,0.00046464888
5,5,melanocytic nevi,melanocytic nevi,0.0049749264,0.03398701,0.109451905,0.018073529,0.06674921,0.759655,0.007108415
5,5,melanocytic nevi,melanocytic nevi,0.0066035236,0.024201512,0.21842805,0.021866472,0.04802968,0.67671335,0.0041574487
5,5,melanocytic nevi,melanocytic nevi,0.00020179419,6.259083e-05,0.036399502,0.00014682335,0.1998579,0.76330656,2.4742585e-05
4,0,melanoma,actinic keratoses and intraepithelial carcinoma,0.34152687,0.08787826,0.32776308,0.031928603,0.1623106,0.044218518,0.0043740766
5,5,melanocytic nevi,melanocytic nevi,0.00022038963,0.00058788137,0.0018969073,0.0027269567,0.0011322707,0.99014974,0.0032857463
5,4,melanocytic nevi,melanoma,0.022090087,0.015461071,0.32377365,0.009645642,0.33058622,0.29684186,0.0016014883
5,5,melanocytic nevi,melanocytic nevi,0.00044398397,0.0011574844,0.03448267,0.0010628857,0.16159002,0.7976678,0.0035950409
5,5,melanocytic nevi,melanocytic nevi,0.00036967246,9.458187e-05,0.029048804,0.00024427823,0.23171581,0.7384768,5.0007977e-05
5,5,melanocytic nevi,melanocytic nevi,0.0040829126,0.0020943042,0.06461824,0.0030632901,0.2714714,0.653371,0.0012988846
4,5,melanoma,melanocytic nevi,0.0018286238,0.0014713723,0.05795086,0.0017882469,0.4096678,0.5264189,0.0008741043
5,5,melanocytic nevi,melanocytic nevi,0.021081038,0.02045972,0.3399927,0.010890356,0.2575718,0.34746647,0.0025379136
5,5,melanocytic nevi,melanocytic nevi,0.0022556765,0.008432755,0.0044687963,0.021948839,0.0023028855,0.8984309,0.062160153
4,0,melanoma,actinic keratoses and intraepithelial carcinoma,0.29046568,0.10217129,0.12859873,0.070647076,0.27268627,0.11930419,0.016126765
5,5,melanocytic nevi,melanocytic nevi,0.00040985752,0.00044507332,0.0029389495,0.002188722,0.0029066522,0.9903894,0.0007214408
5,5,melanocytic nevi,melanocytic nevi,0.03432873,0.012399035,0.05995373,0.016804194,0.28375518,0.5900389,0.0027201916
6,6,vascular lesions,vascular lesions,0.06522308,0.126188,0.04348085,0.05553579,0.075567156,0.1375727,0.49643236
1,1,basal cell carcinoma,basal cell carcinoma,0.22305776,0.49518883,0.097702056,0.061576515,0.043451853,0.0554671,0.023555791
5,4,melanocytic nevi,melanoma,0.19939078,0.03617479,0.26473543,0.02067422,0.41038013,0.067381255,0.0012633818
5,5,melanocytic nevi,melanocytic nevi,0.0008719532,0.00089621946,0.008574341,0.002908055,0.022612713,0.9622669,0.0018698486
4,5,melanoma,melanocytic nevi,0.004785409,0.0013071214,0.22587077,0.0018472776,0.35271272,0.41319802,0.00027862936
5,5,melanocytic nevi,melanocytic nevi,0.0014384902,0.0011036274,0.009009146,0.004230366,0.006180651,0.9774507,0.0005870271
1,1,basal cell carcinoma,basal cell carcinoma,0.11518618,0.6002941,0.12068598,0.07389442,0.024938669,0.054892424,0.01010823
5,5,melanocytic nevi,melanocytic nevi,0.00026618864,0.00026057722,0.0034001495,0.0010024867,0.013584829,0.98117536,0.00031039925
0,0,actinic keratoses and intraepithelial carcinoma,actinic keratoses and intraepithelial carcinoma,0.31540573,0.110997066,0.262405,0.053773843,0.19001101,0.062273648,0.005133726
5,5,melanocytic nevi,melanocytic nevi,0.0054722587,0.07539933,0.066408604,0.016864514,0.094495095,0.687833,0.0535271
5,5,melanocytic nevi,melanocytic nevi,0.00039775827,0.0019702213,0.0014061782,0.006245433,0.0014626905,0.9749699,0.01354783
5,1,melanocytic nevi,basal cell carcinoma,0.117481604,0.3251732,0.0583414,0.06846933,0.039288945,0.08402906,0.30721644
5,0,melanocytic nevi,actinic keratoses and intraepithelial carcinoma,0.29838404,0.05750015,0.17501375,0.05313303,0.23799743,0.1749488,0.0030227895
5,5,melanocytic nevi,melanocytic nevi,0.009606924,0.037432946,0.23497936,0.019439474,0.10452618,0.5881498,0.005865338
5,5,melanocytic nevi,melanocytic nevi,0.00027462226,0.00026815393,0.003466163,0.0016592027,0.0024876946,0.9915172,0.0003270498
5,5,melanocytic nevi,melanocytic nevi,0.00017005957,5.1818766e-05,0.022053625,0.000105017956,0.42109025,0.5564881,4.1151354e-05
4,2,melanoma,benign keratosis-like lesions,0.057319757,0.009698205,0.37476587,0.015697874,0.3280586,0.21381548,0.00064421206
5,5,melanocytic nevi,melanocytic nevi,0.0022547885,0.020142896,0.035881724,0.018028734,0.0364955,0.773772,0.11342433
5,4,melanocytic nevi,melanoma,0.02678638,0.0074801836,0.0981401,0.010052382,0.5136211,0.34164077,0.0022791156
5,4,melanocytic nevi,melanoma,0.009063849,0.0034409862,0.046034276,0.00436743,0.52357256,0.41265786,0.0008630363
4,1,melanoma,basal cell carcinoma,0.23789762,0.2707409,0.20369035,0.0644234,0.12268781,0.07766209,0.022897854
4,5,melanoma,melanocytic nevi,0.0038916061,0.0010120247,0.04878738,0.0016878012,0.46651503,0.47762153,0.00048466036
6,6,vascular lesions,vascular lesions,0.0008035363,0.013271451,0.0053045107,0.010364169,0.0069396175,0.22112419,0.74219245
5,5,melanocytic nevi,melanocytic nevi,0.000179282,0.00014808514,0.0026431228,0.0010780274,0.0015029885,0.99433327,0.0001151845
5,5,melanocytic nevi,melanocytic nevi,5.5800334e-05,1.7728447e-05,0.0028032442,0.00013156138,0.073312946,0.92362714,5.1515897e-05
4,2,melanoma,benign keratosis-like lesions,0.06894338,0.24093108,0.2780123,0.0437573,0.20001523,0.14430827,0.024032421
4,5,melanoma,melanocytic nevi,0.00017825111,4.364592e-05,0.028093826,0.000103703685,0.36628777,0.6052608,3.210704e-05
4,5,melanoma,melanocytic nevi,0.007893261,0.0020379124,0.15942599,0.00408935,0.3359516,0.49018252,0.00041940325
2,1,benign keratosis-like lesions,basal cell carcinoma,0.2948969,0.29832026,0.100532815,0.05798322,0.13404645,0.06384965,0.050370757
5,5,melanocytic nevi,melanocytic nevi,0.0048062317,0.004383509,0.033758845,0.00665615,0.065456904,0.8822648,0.0026735575
1,1,basal cell carcinoma,basal cell carcinoma,0.21948865,0.46364462,0.06783962,0.08531868,0.05922286,0.08429216,0.02019344
5,5,melanocytic nevi,melanocytic nevi,0.0012268613,0.00052308844,0.0133311385,0.002705394,0.036902506,0.94488984,0.00042116485
5,4,melanocytic nevi,melanoma,0.0010547084,0.00016760534,0.019737229,0.0004757333,0.61268127,0.36573762,0.00014581747
4,4,melanoma,melanoma,0.037533026,0.03621093,0.17016049,0.01598258,0.4164775,0.31487188,0.008763622
5,5,melanocytic nevi,melanocytic nevi,0.005463855,0.006103031,0.017244836,0.016419819,0.0048258696,0.94737405,0.0025684328
5,5,melanocytic nevi,melanocytic nevi,0.001335863,0.0008944205,0.014146471,0.0044831196,0.0055276942,0.9731285,0.00048386067
5,5,melanocytic nevi,melanocytic nevi,0.009377353,0.003532857,0.1678954,0.010063766,0.12942769,0.67895514,0.00074777665
5,5,melanocytic nevi,melanocytic nevi,0.0011630891,0.00042220863,0.034635883,0.002445266,0.06884547,0.8922627,0.00022536718
2,4,benign keratosis-like lesions,melanoma,0.020342419,0.004839914,0.33211255,0.0039076973,0.5129828,0.1253498,0.00046476402
5,6,melanocytic nevi,vascular lesions,0.0116166985,0.053661022,0.011932359,0.045934394,0.0121060535,0.22467525,0.64007413
5,5,melanocytic nevi,melanocytic nevi,0.000107973916,0.000100987716,0.0012553809,0.0006298786,0.0068677505,0.9906657,0.000372389
5,5,melanocytic nevi,melanocytic nevi,4.108259e-05,2.4633138e-05,0.0016225445,0.00026857972,0.0011145306,0.9969146,1.4028887e-05
5,5,melanocytic nevi,melanocytic nevi,0.024005936,0.23131606,0.07725646,0.046736646,0.10064673,0.4655469,0.054491244
