y_true,y_pred,true_class,pred_class,prob_0_actinic_keratoses_and_intraepithelial_carcinoma,prob_1_basal_cell_carcinoma,prob_2_benign_keratosis-like_lesions,prob_3_dermatofibroma,prob_4_melanoma,prob_5_melanocytic_nevi,prob_6_vascular_lesions
5,5,melanocytic nevi,melanocytic nevi,0.005007089,0.0060189473,0.013685383,0.014490136,0.0058304206,0.92731607,0.027651971
3,0,dermatofibroma,actinic keratoses and intraepithelial carcinoma,0.51517713,0.07939663,0.008728788,0.33176836,0.0038659587,0.02673791,0.034325235
4,4,melanoma,melanoma,0.031163748,0.0007088135,0.02037153,0.010839842,0.8578293,0.073469274,0.0056175813
0,0,actinic keratoses and intraepithelial carcinoma,actinic keratoses and intraepithelial carcinoma,0.667227,0.059825692,0.16800992,0.05472579,0.0026437163,0.029312702,0.01825508
5,5,melanocytic nevi,melanocytic nevi,0.0014162913,0.0033216246,0.007006629,0.0135517875,0.16401798,0.7890976,0.021588026
5,5,melanocytic nevi,melanocytic nevi,0.010438581,0.006652422,0.004136965,0.016936066,0.012090117,0.9258806,0.023865242
5,5,melanocytic nevi,melanocytic nevi,0.0009369145,0.0005703493,0.009250394,0.005356766,0.06299623,0.9110281,0.009861296
4,5,melanoma,melanocytic nevi,0.001733455,0.00039139358,0.007965107,0.003918356,0.27283806,0.70446044,0.00869312
5,5,melanocytic nevi,melanocytic nevi,0.0039733713,0.006380766,0.0013874347,0.010331342,0.009964673,0.95515776,0.012804627
2,2,benign keratosis-like lesions,benign keratosis-like lesions,0.26222757,0.0044683916,0.6449493,0.028638905,0.0033219538,0.042269174,0.014124621
1,1,basal cell carcinoma,basal cell carcinoma,0.011175965,0.8185085,0.002337332,0.01081935,0.0009651752,0.11342516,0.042768512
5,5,melanocytic nevi,melanocytic nevi,0.006165616,0.0038814512,0.009597398,0.0047277845,0.0037056569,0.9546826,0.017239397
4,4,melanoma,melanoma,0.00970369,0.05984433,0.2135917,0.0909329,0.32941276,0.20843086,0.088083796
5,5,melanocytic nevi,melanocytic nevi,0.002296725,0.0011437514,0.0027571952,0.0127969235,0.015063312,0.9542367,0.011705286
5,5,melanocytic nevi,melanocytic nevi,0.0036768727,0.006326201,0.039012562,0.013947465,0.008005213,0.9010049,0.028026685
4,4,melanoma,melanoma,0.0024626846,0.0015123447,0.00949862,0.009525358,0.6502595,0.31325608,0.013485406
4,4,melanoma,melanoma,0.0019162472,0.0004598743,0.00680579,0.0042652604,0.50072056,0.47849122,0.0073409677
2,2,benign keratosis-like lesions,benign keratosis-like lesions,0.0015496117,0.00050101714,0.91550255,0.0033870733,0.033100955,0.041711938,0.004246841
5,5,melanocytic nevi,melanocytic nevi,0.00025837324,0.00039595226,0.0041746283,0.0031217537,0.036262374,0.95034266,0.005444214
2,2,benign keratosis-like lesions,benign keratosis-like lesions,0.00055540196,0.008653042,0.95373046,0.0042864713,0.0013955681,0.016256351,0.015122679
5,5,melanocytic nevi,melanocytic nevi,0.0009352188,0.03267283,0.0011362878,0.006794956,0.11140794,0.8001988,0.046853937
5,5,melanocytic nevi,melanocytic nevi,0.0010882554,0.0020226787,0.00684007,0.006426968,0.29680148,0.66422737,0.022593115
5,5,melanocytic nevi,melanocytic nevi,0.0037895008,0.044106957,0.045065075,0.04358141,0.01395141,0.7760687,0.07343696
5,5,melanocytic nevi,melanocytic nevi,0.0038361785,0.0006916975,0.008122499,0.009880203,0.016753431,0.9527687,0.007947257
5,5,melanocytic nevi,melanocytic nevi,0.007938269,0.09381162,0.008267665,0.05667772,0.062437963,0.6694827,0.1013841
5,5,melanocytic nevi,melanocytic nevi,0.004033287,0.006340064,0.009851472,0.014635842,0.18117052,0.74103075,0.04293798
5,5,melanocytic nevi,melanocytic nevi,0.0016985188,0.03160975,0.0012158821,0.011500878,0.004025049,0.9184322,0.031517696
5,2,melanocytic nevi,benign keratosis-like lesions,0.0016847069,0.002572544,0.49597678,0.009932163,0.042907853,0.41332743,0.03359857
5,5,melanocytic nevi,melanocytic nevi,0.0031151096,0.0007254208,0.0027279698,0.0037882638,0.021223858,0.9609316,0.0074877683
2,2,benign keratosis-like lesions,benign keratosis-like lesions,0.04002292,0.15706813,0.5620689,0.11079451,0.00266959,0.033061527,0.09431446
5,5,melanocytic nevi,melanocytic nevi,0.0026516202,0.0034474619,0.0013458342,0.0049603223,0.0070840484,0.970573,0.009937771
5,5,melanocytic nevi,melanocytic nevi,0.0039114137,0.0046056877,0.002228361,0.0055716173,0.00981949,0.96303356,0.010829861
4,4,melanoma,melanoma,0.055444982,0.005218937,0.2385091,0.031155095,0.6060945,0.041172527,0.022404842
5,5,melanocytic nevi,melanocytic nevi,0.0040482287,0.010046444,0.0015984994,0.011723795,0.18335834,0.7595853,0.029639315
2,5,benign keratosis-like lesions,melanocytic nevi,0.1068468,0.07452903,0.2123144,0.19156213,0.03991723,0.29095876,0.083871596
2,2,benign keratosis-like lesions,benign keratosis-like lesions,0.051213805,0.005435221,0.8993634,0.01315878,0.008111271,0.013370017,0.009347485
2,2,benign keratosis-like lesions,benign keratosis-like lesions,0.06733734,0.0030546219,0.7729776,0.034963537,0.028718548,0.0796326,0.013315754
5,5,melanocytic nevi,melanocytic nevi,0.00042141104,0.0015624221,0.0003381217,0.0031038816,0.006647089,0.98444504,0.003481871
2,4,benign keratosis-like lesions,melanoma,0.014042664,0.18780889,0.24573769,0.03793048,0.25508425,0.06837712,0.19101892
1,1,basal cell carcinoma,basal cell carcinoma,0.0026454343,0.8147059,0.0036718063,0.0062093763,0.0074062115,0.07191589,0.09344538
5,5,melanocytic nevi,melanocytic nevi,0.011763909,0.008579734,0.07598958,0.01852468,0.38584164,0.4550279,0.044272497
5,5,melanocytic nevi,melanocytic nevi,0.009245392,0.001929231,0.038135186,0.016469594,0.01880919,0.9001467,0.015264655
5,5,melanocytic nevi,melanocytic nevi,0.0036270851,0.010812472,0.02978732,0.015030374,0.016409352,0.89328164,0.031051617
5,5,melanocytic nevi,melanocytic nevi,0.0033037206,0.0022264512,0.0017673655,0.0039209216,0.045798846,0.93261385,0.010368851
5,5,melanocytic nevi,melanocytic nevi,0.0013676267,0.0014832965,0.0010025963,0.013506155,0.032302413,0.94008386,0.010254007
1,1,basal cell carcinoma,basal cell carcinoma,0.004515821,0.8778083,0.0016654909,0.012490004,0.024408434,0.03441695,0.044695012
5,5,melanocytic nevi,melanocytic nevi,0.004489613,0.0038057999,0.0032117136,0.0034781706,0.0061259023,0.9582519,0.020636942
5,5,melanocytic nevi,melanocytic nevi,0.0029080804,0.0026549194,0.01992677,0.020944118,0.04295806,0.889943,0.020665122
5,5,melanocytic nevi,melanocytic nevi,0.007839306,0.009069802,0.00063297193,0.019961277,0.0040977546,0.93657666,0.021822236
5,5,melanocytic nevi,melanocytic nevi,0.003975394,0.017621798,0.061564203,0.02789237,0.19260412,0.6433341,0.053008128
5,5,melanocytic nevi,melanocytic nevi,0.022233756,0.013454583,0.05750194,0.0523481,0.34606788,0.44549572,0.062898025
5,5,melanocytic nevi,melanocytic nevi,0.0024968972,0.0070814406,0.04257906,0.018947205,0.3087353,0.5796918,0.040468276
5,5,melanocytic nevi,melanocytic nevi,0.0029819517,0.0020345175,0.0010784949,0.0022881066,0.003017279,0.98228663,0.006312964
5,5,melanocytic nevi,melanocytic nevi,0.015694853,0.013389289,0.0015246818,0.027386533,0.15528764,0.7570435,0.029673563
5,2,melanocytic nevi,benign keratosis-like lesions,0.009276659,0.0040344824,0.6012359,0.04299725,0.11991167,0.18910909,0.033434916
2,2,benign keratosis-like lesions,benign keratosis-like lesions,0.0025963737,0.0012620091,0.8044814,0.014564178,0.07467337,0.07115969,0.031262957
3,5,dermatofibroma,melanocytic nevi,0.13877323,0.0074816304,0.096268825,0.14802288,0.24961191,0.32724717,0.032594383
2,2,benign keratosis-like lesions,benign keratosis-like lesions,0.019931538,0.010256974,0.62789834,0.07060579,0.05855644,0.1785733,0.034177657
5,5,melanocytic nevi,melanocytic nevi,0.0026377274,0.0037449964,0.0016304124,0.0076964716,0.028037794,0.93237907,0.02387355
5,5,melanocytic nevi,melanocytic nevi,0.012146962,0.0017512746,0.03577863,0.012118649,0.08154757,0.83220863,0.024448251
5,5,melanocytic nevi,melanocytic nevi,0.0010942683,0.0006956501,0.0063847583,0.0024683245,0.008209125,0.9757396,0.005408142
5,5,melanocytic nevi,melanocytic nevi,0.003765197,0.0022528241,0.0066637765,0.01448183,0.08262282,0.8706231,0.019590432
0,0,actinic keratoses and intraepithelial carcinoma,actinic keratoses and intraepithelial carcinoma,0.9454264,0.0035807728,0.014503043,0.030065052,0.0009771286,0.003114972,0.0023325968
5,5,melanocytic nevi,melanocytic nevi,0.0043584397,0.0019356882,0.07859942,0.008705511,0.14999822,0.73239064,0.024012066
5,5,melanocytic nevi,melanocytic nevi,0.003724068,0.008096078,0.0032903247,0.0095500825,0.080001004,0.8787958,0.01654257
5,5,melanocytic nevi,melanocytic nevi,0.040176682,0.0884216,0.14392823,0.06948406,0.07170796,0.4503766,0.1359048
4,4,melanoma,melanoma,0.0035445574,0.0015018515,0.028769035,0.012073311,0.48948374,0.44101027,0.02361728
5,5,melanocytic nevi,melanocytic nevi,0.002580763,0.0015041648,0.012012061,0.0065247742,0.13045551,0.82638115,0.020541621
4,4,melanoma,melanoma,0.034006633,0.0033619367,0.16433534,0.04220489,0.57751566,0.13917616,0.039399404
5,5,melanocytic nevi,melanocytic nevi,0.0033672105,0.17465594,0.0055993535,0.023246253,0.056182526,0.50392044,0.23302831
5,5,melanocytic nevi,melanocytic nevi,0.027509851,0.006296853,0.17594033,0.064201884,0.022394609,0.6725466,0.031109821
5,5,melanocytic nevi,melanocytic nevi,0.0023205085,0.0023225285,0.0006446883,0.003105343,0.025263958,0.95575947,0.010583475
1,1,basal cell carcinoma,basal cell carcinoma,0.009795389,0.9344585,0.002531063,0.00958104,0.0024944963,0.0101308245,0.031008605
3,0,dermatofibroma,actinic keratoses and intraepithelial carcinoma,0.8642038,0.027013041,0.00054867816,0.09300543,0.0002411909,0.0072745327,0.0077133365
4,5,melanoma,melanocytic nevi,0.049909394,0.23618768,0.02778998,0.11542394,0.10542861,0.32211688,0.14314348
5,5,melanocytic nevi,melanocytic nevi,0.0034895902,0.0021774203,0.0036134622,0.0053346627,0.0023954639,0.97217566,0.010813871
5,5,melanocytic nevi,melanocytic nevi,0.0007570095,0.0004437688,0.021502994,0.0071758255,0.15883584,0.7966474,0.014637136
4,4,melanoma,melanoma,0.0014285933,0.0013943932,0.38512495,0.005809301,0.5241709,0.06308412,0.01898777
5,5,melanocytic nevi,melanocytic nevi,0.0050967596,0.0016591459,0.004295123,0.018063651,0.0025061832,0.960062,0.008317143
5,5,melanocytic nevi,melanocytic nevi,0.0036293776,0.004201883,0.0036088123,0.00512668,0.0066566803,0.9672463,0.009530168
5,5,melanocytic nevi,melanocytic nevi,0.0020089063,0.0020957305,0.0021806203,0.0060394485,0.008504318,0.9708552,0.008315908
5,5,melanocytic nevi,melanocytic nevi,0.0027208757,0.003031799,0.0038056234,0.008693829,0.1767609,0.78743166,0.017555328
5,5,melanocytic nevi,melanocytic nevi,0.0070503014,0.008993529,0.07769202,0.04715285,0.013483689,0.79773754,0.047890104
5,2,melanocytic nevi,benign keratosis-like lesions,0.05150561,0.009127169,0.892188,0.016337091,0.007376443,0.016114637,0.0073509756
5,5,melanocytic nevi,melanocytic nevi,0.0003993106,0.00031699426,0.0012033564,0.0018207938,0.0069073527,0.9862381,0.0031140798
5,5,melanocytic nevi,melanocytic nevi,0.004708929,0.007788762,0.035558023,0.022664176,0.0034255963,0.8960853,0.029769193
4,4,melanoma,melanoma,0.0012546408,0.0006569726,0.19786176,0.0059760706,0.6253886,0.15594792,0.012914025
5,5,melanocytic nevi,melanocytic nevi,0.004109142,0.0032783018,0.0048431493,0.005165548,0.17357083,0.7936726,0.015360258
5,5,melanocytic nevi,melanocytic nevi,0.002142697,0.0018786371,0.0042931153,0.0061665024,0.0049067247,0.96950835,0.01110395
5,5,melanocytic nevi,melanocytic nevi,0.0024157062,0.006204238,0.004990897,0.014467411,0.16234763,0.7836897,0.025884496
5,5,melanocytic nevi,melanocytic nevi,0.0041075526,0.025381137,0.0141094085,0.027565314,0.060285833,0.8243685,0.04418233
5,5,melanocytic nevi,melanocytic nevi,0.0069730254,0.012653538,0.06337749,0.040494256,0.010124636,0.8009594,0.06541772
1,1,basal cell carcinoma,basal cell carcinoma,0.0037148464,0.90786105,0.007831686,0.010478161,0.0023730528,0.022871701,0.04486949
5,5,melanocytic nevi,melanocytic nevi,0.0047386913,0.0045123836,0.015444815,0.014165899,0.06984623,0.87061715,0.020674814
5,5,melanocytic nevi,melanocytic nevi,0.029748304,0.0053863875,0.2009475,0.105533734,0.027316196,0.5897564,0.041311454
5,5,melanocytic nevi,melanocytic nevi,0.00577876,0.024820626,0.0378581,0.03602272,0.008422002,0.83102524,0.056072492
4,4,melanoma,melanoma,0.0009747586,0.0009118256,0.0004107322,0.006699315,0.50024885,0.48185816,0.008896315
5,5,melanocytic nevi,melanocytic nevi,0.01037978,0.007683185,0.008099991,0.024737384,0.112702645,0.78481007,0.05158699
5,1,melanocytic nevi,basal cell carcinoma,0.009769383,0.78118324,0.01866713,0.041220095,0.0010941194,0.07834724,0.06971885
5,5,melanocytic nevi,melanocytic nevi,0.003183102,0.021772152,0.0004970583,0.01224747,0.0278319,0.89984065,0.03462761
4,4,melanoma,melanoma,0.006103247,0.0016788398,0.030506875,0.0098453285,0.8559074,0.08148201,0.014476375
5,1,melanocytic nevi,basal cell carcinoma,0.013873205,0.44038695,0.023686308,0.059501845,0.0066714254,0.39124408,0.0646362
5,5,melanocytic nevi,melanocytic nevi,0.013084067,0.015033704,0.08769396,0.07216554,0.03167429,0.69592816,0.08442032
5,5,melanocytic nevi,melanocytic nevi,0.009319392,0.03232207,0.014800849,0.07810457,0.007377738,0.81431824,0.043757115
5,2,melanocytic nevi,benign keratosis-like lesions,0.12659739,0.013986355,0.4912075,0.11065855,0.0076110833,0.22028573,0.029653437
2,2,benign keratosis-like lesions,benign keratosis-like lesions,0.0019177911,0.0004040151,0.9123922,0.0052698506,0.020741183,0.054446783,0.004828241
5,5,melanocytic nevi,melanocytic nevi,0.0023622455,0.0101388255,0.0037538207,0.0053527406,0.07446064,0.8781672,0.025764495
5,5,melanocytic nevi,melanocytic nevi,0.0034705163,0.0051633595,0.0018018906,0.0047225,0.013821552,0.9557671,0.015253041
5,5,melanocytic nevi,melanocytic nevi,0.0038587754,0.021874089,0.09912289,0.04985504,0.0097344015,0.75507075,0.060484014
5,5,melanocytic nevi,melanocytic nevi,0.0012284612,0.0008708208,0.009816422,0.0054179304,0.20543496,0.76140845,0.015822927
5,5,melanocytic nevi,melanocytic nevi,0.0014864634,0.0034472477,0.0032978503,0.011153581,0.026223237,0.937006,0.017385624
3,0,dermatofibroma,actinic keratoses and intraepithelial carcinoma,0.33491933,0.29172215,0.20121564,0.10993218,0.001135285,0.026091466,0.03498391
5,5,melanocytic nevi,melanocytic nevi,0.0015179523,0.00047808193,0.002144984,0.0053346762,0.01573605,0.9683829,0.006405416
5,5,melanocytic nevi,melanocytic nevi,0.018835196,0.021375718,0.007048802,0.01761998,0.30573866,0.5784401,0.05094153
1,1,basal cell carcinoma,basal cell carcinoma,0.04248277,0.45875096,0.005290973,0.046598956,0.01476165,0.314393,0.117721654
5,5,melanocytic nevi,melanocytic nevi,0.003404211,0.0064398143,0.0021240427,0.007297381,0.045206737,0.9163207,0.019207116
5,5,melanocytic nevi,melanocytic nevi,0.00046930418,0.0013353858,0.00031827504,0.0032788718,0.030863723,0.9592701,0.0044643017
5,5,melanocytic nevi,melanocytic nevi,0.004811449,0.0032836557,0.0026654643,0.01186056,0.06634592,0.896848,0.014184959
2,2,benign keratosis-like lesions,benign keratosis-like lesions,0.0110084005,0.0069962707,0.73258954,0.018316709,0.0005252237,0.20691209,0.02365177
5,5,melanocytic nevi,melanocytic nevi,0.0017315648,0.00751319,0.0035440568,0.011584544,0.0021552753,0.9556105,0.017860927
4,4,melanoma,melanoma,0.009002807,0.003640126,0.09183641,0.004450891,0.8623844,0.016325872,0.012359514
5,5,melanocytic nevi,melanocytic nevi,0.0015443965,0.0040694163,0.00044543715,0.0034596105,0.0048766634,0.97671914,0.0088854395
5,5,melanocytic nevi,melanocytic nevi,0.001001094,0.001956186,0.001122868,0.0049728565,0.0034463531,0.9786637,0.00883695
5,5,melanocytic nevi,melanocytic nevi,0.0006181376,0.0018649495,0.000742401,0.0017902822,0.02356268,0.9679024,0.0035190927
5,5,melanocytic nevi,melanocytic nevi,0.00082975207,0.0010498975,0.0006360825,0.002827868,0.045179542,0.9436931,0.0057837404
4,5,melanoma,melanocytic nevi,0.0039155707,0.005003878,0.007656473,0.012264899,0.20255992,0.7352489,0.03335031
5,5,melanocytic nevi,melanocytic nevi,0.0016093972,0.0030367663,0.010917153,0.009390203,0.0053830664,0.9518478,0.017815538
2,2,benign keratosis-like lesions,benign keratosis-like lesions,0.0027990588,0.0023279265,0.95520115,0.011945858,0.0036777481,0.01594299,0.008105206
4,4,melanoma,melanoma,0.0055034976,0.002648881,0.015642773,0.007678195,0.7312938,0.20814928,0.029083537
5,5,melanocytic nevi,melanocytic nevi,0.0020363524,0.009342201,0.019964218,0.009419016,0.004359136,0.92842656,0.026452402
4,5,melanoma,melanocytic nevi,0.0015905957,0.0004261086,0.0020021405,0.00093541085,0.23933448,0.74850076,0.007210573
2,2,benign keratosis-like lesions,benign keratosis-like lesions,0.0010245743,0.00090489833,0.93454856,0.0020932343,0.026760804,0.02633659,0.008331205
1,1,basal cell carcinoma,basal cell carcinoma,0.002022199,0.8718618,0.012899193,0.013427431,0.0045990706,0.035893623,0.05929669
5,5,melanocytic nevi,melanocytic nevi,0.0033908393,0.0031683503,0.009764667,0.0052840095,0.12342504,0.8350884,0.019878656
5,2,melanocytic nevi,benign keratosis-like lesions,0.012854034,0.033873037,0.44454604,0.045467645,0.27125216,0.11085008,0.08115699
5,5,melanocytic nevi,melanocytic nevi,0.006340185,0.0013838342,0.14569065,0.011277488,0.025817899,0.7894598,0.020030178
5,5,melanocytic nevi,melanocytic nevi,0.0023787532,0.0016921725,0.0052309367,0.0061978023,0.010925368,0.9609915,0.012583574
4,4,melanoma,melanoma,0.004228342,0.0033564263,0.23744233,0.010486777,0.6083357,0.10958884,0.026561653
5,5,melanocytic nevi,melanocytic nevi,0.0021507149,0.0017524894,0.023959175,0.009121654,0.13718584,0.79958075,0.026249291
2,2,benign keratosis-like lesions,benign keratosis-like lesions,0.0016091196,0.0006565612,0.89499485,0.0021828623,0.0058511514,0.08443025,0.0102751795
4,4,melanoma,melanoma,0.0037179522,0.015039911,0.026274372,0.013850157,0.85079134,0.03336698,0.056959324
5,5,melanocytic nevi,melanocytic nevi,0.0023791161,0.0033226844,0.0020476566,0.004594315,0.0027759182,0.9744734,0.01040692
5,5,melanocytic nevi,melanocytic nevi,0.002023421,0.0033228355,0.0029759216,0.0054889047,0.0064546354,0.971307,0.0084274
2,2,benign keratosis-like lesions,benign keratosis-like lesions,0.0021596856,0.0014730116,0.88229495,0.007835754,0.005642784,0.08431841,0.016275417
5,5,melanocytic nevi,melanocytic nevi,0.0026683419,0.043314427,0.006839938,0.017933661,0.0665694,0.802552,0.060122326
2,2,benign keratosis-like lesions,benign keratosis-like lesions,0.007262214,0.00043037476,0.9807946,0.0020356704,0.0026912692,0.0051460066,0.0016398063
5,5,melanocytic nevi,melanocytic nevi,0.003146411,0.006075645,0.014040422,0.011900058,0.06698171,0.8596381,0.038217742
5,5,melanocytic nevi,melanocytic nevi,0.0056018415,0.008080195,0.052548368,0.021087768,0.010197087,0.8633242,0.03916061
5,5,melanocytic nevi,melanocytic nevi,0.0022021707,0.0031744572,0.0035471243,0.009805816,0.1274373,0.8380991,0.015734067
5,5,melanocytic nevi,melanocytic nevi,0.0016187233,0.0010526205,0.0017903288,0.0032824038,0.017615655,0.9675076,0.0071326094
5,5,melanocytic nevi,melanocytic nevi,0.002297628,0.003732352,0.0024708176,0.0068780994,0.22012496,0.74066913,0.023826998
5,5,melanocytic nevi,melanocytic nevi,0.0008149444,0.0003310363,0.0033092035,0.0040222453,0.011055337,0.9759973,0.004469988
5,5,melanocytic nevi,melanocytic nevi,0.0015138973,0.0016481454,0.0017096879,0.0039954963,0.0027565467,0.97937715,0.008999147
5,5,melanocytic nevi,melanocytic nevi,0.0032672437,0.007709541,0.0025687846,0.007176717,0.028890356,0.9368442,0.013543215
4,5,melanoma,melanocytic nevi,0.010659218,0.0037056576,0.09045371,0.038825497,0.20413147,0.5999331,0.05229129
5,5,melanocytic nevi,melanocytic nevi,0.002924112,0.039070103,0.0007547068,0.0070850155,0.069860786,0.8332316,0.047073558
5,5,melanocytic nevi,melanocytic nevi,0.00199964,0.0032375357,0.0012508094,0.0034712015,0.0072745215,0.9721004,0.01066591
5,5,melanocytic nevi,melanocytic nevi,0.0036476762,0.006155019,0.0030880112,0.011763978,0.14223726,0.8060181,0.02708997
4,5,melanoma,melanocytic nevi,0.0015710862,0.007890675,0.014914135,0.012594944,0.07250614,0.8552694,0.0352536
2,2,benign keratosis-like lesions,benign keratosis-like lesions,0.004710866,0.036714017,0.7356848,0.017697038,0.023642754,0.13529001,0.0462605
5,5,melanocytic nevi,melanocytic nevi,0.012000026,0.0035522128,0.060307175,0.0312029,0.007265211,0.8673165,0.018355912
1,1,basal cell carcinoma,basal cell carcinoma,0.0069644228,0.6126805,0.025357714,0.020286191,0.004255955,0.20277056,0.12768465
5,5,melanocytic nevi,melanocytic nevi,0.0072829765,0.037265304,0.0052037523,0.021754267,0.052885834,0.74891174,0.12669617
2,2,benign keratosis-like lesions,benign keratosis-like lesions,0.0007348801,0.00057436747,0.9379359,0.0057510873,0.032272816,0.017730776,0.0050002118
5,5,melanocytic nevi,melanocytic nevi,0.0028769001,0.0027760228,0.32949176,0.015860941,0.00658987,0.6113722,0.031032292
2,5,benign keratosis-like lesions,melanocytic nevi,0.0070958277,0.0025182154,0.10774803,0.0293189,0.04574555,0.79104435,0.016529215
5,5,melanocytic nevi,melanocytic nevi,0.006321741,0.018975606,0.012866356,0.032873683,0.07466261,0.80738443,0.04691553
5,5,melanocytic nevi,melanocytic nevi,0.00092211366,0.0020897563,0.0006024993,0.0036803905,0.060445473,0.9244343,0.007825515
0,0,actinic keratoses and intraepithelial carcinoma,actinic keratoses and intraepithelial carcinoma,0.98206514,0.00011924162,0.009864519,0.007275135,0.00011499497,0.00034071493,0.00022022391
1,1,basal cell carcinoma,basal cell carcinoma,0.002379239,0.90426,0.00030635908,0.008925789,0.0044039395,0.03950313,0.040221665
4,5,melanoma,melanocytic nevi,0.0025984715,0.005821987,0.0057448377,0.017158268,0.34216318,0.59696656,0.029546626
5,5,melanocytic nevi,melanocytic nevi,0.0017746493,0.0034657798,0.030485647,0.004700736,0.008631374,0.9414285,0.009513273
5,5,melanocytic nevi,melanocytic nevi,0.0012786086,0.0028583754,0.00086582,0.006699541,0.009531027,0.9693729,0.0093938215
5,5,melanocytic nevi,melanocytic nevi,0.0026603271,0.003108183,0.011834423,0.009192815,0.11008271,0.8322801,0.03084139
5,5,melanocytic nevi,melanocytic nevi,0.005157849,0.0057035335,0.0026014228,0.0067801843,0.027843641,0.935058,0.016855283
6,5,vascular lesions,melanocytic nevi,0.013423196,0.06364827,0.011762601,0.028039059,0.18083945,0.43763626,0.2646512
5,5,melanocytic nevi,melanocytic nevi,0.002325088,0.006632952,0.00096942205,0.00496168,0.011433193,0.96218216,0.011495623
4,5,melanoma,melanocytic nevi,0.011566911,0.0035232606,0.016892854,0.02334227,0.30030227,0.6128459,0.03152657
2,2,benign keratosis-like lesions,benign keratosis-like lesions,0.005142361,0.0087462915,0.7486467,0.056310017,0.028110921,0.121175714,0.03186803
1,1,basal cell carcinoma,basal cell carcinoma,0.00912876,0.58731145,0.012101724,0.039207824,0.077618934,0.1756541,0.09897724
5,5,melanocytic nevi,melanocytic nevi,0.0014835645,0.0038348448,0.0004904743,0.0038997005,0.0060011204,0.9761332,0.008157025
5,5,melanocytic nevi,melanocytic nevi,0.0013698108,0.0016216217,0.0009535809,0.0026902682,0.006877998,0.9802643,0.0062224446
2,2,benign keratosis-like lesions,benign keratosis-like lesions,0.078986906,0.0023667426,0.43671316,0.01650028,0.3191689,0.12614033,0.020123672
5,5,melanocytic nevi,melanocytic nevi,0.004803452,0.0010023803,0.11766185,0.017403327,0.051752366,0.7887761,0.0186005
5,5,melanocytic nevi,melanocytic nevi,0.009075086,0.009475038,0.00922436,0.014768112,0.0029626796,0.9260322,0.028462535
5,5,melanocytic nevi,melanocytic nevi,0.001288955,0.0004790012,0.021747332,0.0041139037,0.12357162,0.83697635,0.011822776
5,5,melanocytic nevi,melanocytic nevi,0.0044088946,0.0032298719,0.027519828,0.051966965,0.035456907,0.85488224,0.022535356
2,1,benign keratosis-like lesions,basal cell carcinoma,0.03773687,0.5947313,0.17984024,0.05895436,0.0036281522,0.06574191,0.05936716
2,2,benign keratosis-like lesions,benign keratosis-like lesions,0.04631448,0.0011089167,0.9202489,0.007344907,0.0056226784,0.015442274,0.0039178496
0,0,actinic keratoses and intraepithelial carcinoma,actinic keratoses and intraepithelial carcinoma,0.9941029,3.909321e-05,0.00033467406,0.00040061653,0.0043868753,0.0005743212,0.00016145717
5,5,melanocytic nevi,melanocytic nevi,0.0009094027,0.0031129478,0.0012563731,0.0057043317,0.0015814161,0.9818272,0.0056083365
4,4,melanoma,melanoma,0.002221526,0.00041016718,0.021617549,0.0054754713,0.5969415,0.35932443,0.014009498
2,2,benign keratosis-like lesions,benign keratosis-like lesions,0.0012254202,0.0010145482,0.95985085,0.002181275,0.006718394,0.024077736,0.0049317083
5,5,melanocytic nevi,melanocytic nevi,0.0035294595,0.0010748025,0.023728913,0.010044575,0.15946107,0.7788284,0.023332898
4,4,melanoma,melanoma,0.0026734516,0.0026820716,0.014753219,0.007888736,0.5548614,0.3918639,0.025277205
5,5,melanocytic nevi,melanocytic nevi,0.0028195006,0.00443357,0.005184251,0.010128693,0.059904646,0.8912111,0.026318302
5,5,melanocytic nevi,melanocytic nevi,0.0025096447,0.004716524,0.023765087,0.018908866,0.028055236,0.9004078,0.021636806
5,4,melanocytic nevi,melanoma,0.0033549808,0.00064440427,0.046262085,0.008950606,0.46706122,0.454129,0.019597728
5,5,melanocytic nevi,melanocytic nevi,0.0020232392,0.0013398868,0.0013509,0.0026753803,0.012046079,0.9715152,0.009049375
0,0,actinic keratoses and intraepithelial carcinoma,actinic keratoses and intraepithelial carcinoma,0.79246765,0.07854084,0.0004471114,0.0779845,0.017426234,0.012228295,0.020905385
5,5,melanocytic nevi,melanocytic nevi,0.024291558,0.013887381,0.20267217,0.03032022,0.15097211,0.5081724,0.069684125
5,5,melanocytic nevi,melanocytic nevi,0.005643853,0.013332368,0.034611274,0.025525467,0.060685735,0.8052307,0.054970656
5,5,melanocytic nevi,melanocytic nevi,0.002798589,0.047638208,0.02807857,0.01646824,0.022264756,0.75157213,0.13117945
5,5,melanocytic nevi,melanocytic nevi,0.0062415786,0.0035815923,0.0509401,0.017526446,0.12339193,0.76715136,0.031167094
2,2,benign keratosis-like lesions,benign keratosis-like lesions,0.0021562171,0.008372375,0.5626857,0.013246414,0.09062927,0.2589122,0.06399779
5,5,melanocytic nevi,melanocytic nevi,0.001867673,0.0029295743,0.0025427737,0.002898075,0.0066191554,0.97090214,0.012240634
5,5,melanocytic nevi,melanocytic nevi,0.005123692,0.01338158,0.0074903425,0.024882302,0.09123102,0.8045539,0.053337187
5,5,melanocytic nevi,melanocytic nevi,0.001654274,0.0019359714,0.0014955464,0.0035549349,0.012852899,0.97101754,0.0074887965
5,5,melanocytic nevi,melanocytic nevi,0.0015736365,0.001968286,0.0010849807,0.004285897,0.019935602,0.96062785,0.010523737
4,4,melanoma,melanoma,0.015153282,0.10353406,0.0010219229,0.0045499997,0.7564828,0.068788506,0.05046942
4,4,melanoma,melanoma,0.0032305457,0.009262861,0.0034378013,0.021861823,0.7225332,0.2126496,0.02702404
5,5,melanocytic nevi,melanocytic nevi,0.012059967,0.009431015,0.0071424902,0.026825566,0.09670072,0.8192292,0.02861109
5,5,melanocytic nevi,melanocytic nevi,0.02366117,0.23338474,0.011250891,0.1666359,0.0041354964,0.4803958,0.08053599
5,5,melanocytic nevi,melanocytic nevi,0.0023248969,0.004209467,0.0028250392,0.0043526995,0.074242435,0.8956095,0.016436012
1,1,basal cell carcinoma,basal cell carcinoma,0.0026710313,0.93935525,0.0031664036,0.0036370032,0.0025305767,0.013157658,0.035482123
0,0,actinic keratoses and intraepithelial carcinoma,actinic keratoses and intraepithelial carcinoma,0.4887437,0.23740023,0.0027183907,0.14679118,0.03972361,0.049065683,0.0355572
5,5,melanocytic nevi,melanocytic nevi,0.0017405549,0.002927949,0.016590977,0.009419295,0.38911724,0.5447694,0.03543456
5,5,melanocytic nevi,melanocytic nevi,0.03303329,0.010355896,0.025180768,0.02745652,0.19397868,0.6638971,0.046097744
6,5,vascular lesions,melanocytic nevi,0.007704293,0.046693843,0.0053783036,0.029001368,0.0095093595,0.83645225,0.06526057
5,5,melanocytic nevi,melanocytic nevi,0.001470742,0.001763065,0.0005214494,0.0025865983,0.03179573,0.9547379,0.0071244193
5,5,melanocytic nevi,melanocytic nevi,0.0037004077,0.0030386578,0.011910712,0.016348116,0.3501259,0.5891423,0.025733856
2,2,benign keratosis-like lesions,benign keratosis-like lesions,0.3041284,0.040953506,0.52904385,0.113280855,0.0001655819,0.0039588045,0.008468948
2,2,benign keratosis-like lesions,benign keratosis-like lesions,0.00056814816,0.00020887653,0.91946405,0.0034624673,0.007300446,0.06496635,0.004029702
5,5,melanocytic nevi,melanocytic nevi,0.012658994,0.005274734,0.052887682,0.03236593,0.02456885,0.8398863,0.032357488
5,5,melanocytic nevi,melanocytic nevi,0.0014524887,0.0014147984,0.0013700317,0.0048366706,0.01312658,0.9697981,0.008001376
5,5,melanocytic nevi,melanocytic nevi,0.0005739689,0.0009689435,0.0032531542,0.004778614,0.01283452,0.9673118,0.010278888
5,5,melanocytic nevi,melanocytic nevi,0.0067517655,0.003804981,0.03049686,0.016191006,0.0019689745,0.9262154,0.01457099
5,4,melanocytic nevi,melanoma,0.00828829,0.001619178,0.110443525,0.013499818,0.5084556,0.341107,0.016586516
5,5,melanocytic nevi,melanocytic nevi,0.01074236,0.01661888,0.0057753697,0.032661285,0.3850512,0.5150317,0.034119137
5,5,melanocytic nevi,melanocytic nevi,0.0028171425,0.0023698432,0.0009115498,0.0038937347,0.03690726,0.94644874,0.006651669
5,5,melanocytic nevi,melanocytic nevi,0.0022693663,0.004091965,0.017887454,0.00889009,0.32288444,0.6067576,0.037219137
5,5,melanocytic nevi,melanocytic nevi,0.0020665748,0.0019538165,0.002155887,0.0049390136,0.005558667,0.97177213,0.011553856
5,5,melanocytic nevi,melanocytic nevi,0.0016615654,0.0014948864,0.0041520544,0.005312843,0.014157309,0.9642397,0.00898161
5,5,melanocytic nevi,melanocytic nevi,0.0017256922,0.0006101774,0.06517936,0.00844788,0.3242468,0.5861003,0.013689836
4,4,melanoma,melanoma,0.009885246,0.0043226876,0.35356402,0.005988813,0.52773607,0.07283313,0.025670033
2,2,benign keratosis-like lesions,benign keratosis-like lesions,0.0024198089,0.001635905,0.7470912,0.012664657,0.08947418,0.1329075,0.013806703
5,5,melanocytic nevi,melanocytic nevi,0.0013705975,0.0024199751,0.0025394168,0.005061811,0.0038109387,0.9781352,0.0066620023
4,4,melanoma,melanoma,0.050000135,0.29230908,0.013408172,0.07872743,0.3778868,0.052222684,0.13544568
5,5,melanocytic nevi,melanocytic nevi,0.004288748,0.020378573,0.015244575,0.024425112,0.060904693,0.81513673,0.059621576
5,5,melanocytic nevi,melanocytic nevi,0.0010742336,0.0056767887,0.0019584163,0.00451511,0.009867904,0.97128975,0.00561784
5,5,melanocytic nevi,melanocytic nevi,0.0020326686,0.0016782419,0.0023799627,0.004340083,0.009816496,0.97031295,0.009439594
5,5,melanocytic nevi,melanocytic nevi,0.0005692314,0.001084133,0.00070707675,0.0029435104,0.006428776,0.98330784,0.0049594208
4,4,melanoma,melanoma,0.0020831388,0.04422845,0.020299194,0.015212065,0.5354706,0.29783863,0.084867984
5,5,melanocytic nevi,melanocytic nevi,0.0027886159,0.0017084811,0.0041838014,0.0068632006,0.042517684,0.9303679,0.01157033
0,4,actinic keratoses and intraepithelial carcinoma,melanoma,0.07838377,0.09033964,0.024491891,0.09649243,0.5722499,0.047578964,0.09046337
5,5,melanocytic nevi,melanocytic nevi,0.0021288698,0.0013396308,0.0016863488,0.00237192,0.020828623,0.9646239,0.0070205894
5,5,melanocytic nevi,melanocytic nevi,0.019804753,0.011906543,0.19274563,0.0535347,0.13432042,0.51647973,0.07120814
5,5,melanocytic nevi,melanocytic nevi,0.004433718,0.009426536,0.006274751,0.012436943,0.0033831396,0.94005245,0.023992464
4,4,melanoma,melanoma,0.12621357,0.0020569982,0.22067158,0.018271832,0.60439515,0.019078957,0.0093119135
1,1,basal cell carcinoma,basal cell carcinoma,0.0043024137,0.9598838,0.0003867717,0.0044105384,0.0020837826,0.0046879747,0.024244715
5,5,melanocytic nevi,melanocytic nevi,0.0013232025,0.0006903455,0.00873816,0.0039704307,0.1551048,0.8163439,0.013829121
2,2,benign keratosis-like lesions,benign keratosis-like lesions,0.003725616,0.033163596,0.7826035,0.026597157,0.004660583,0.11967604,0.02957356
5,5,melanocytic nevi,melanocytic nevi,0.0008239781,0.002425516,0.0017503265,0.004430102,0.004618192,0.9805791,0.005372761
5,5,melanocytic nevi,melanocytic nevi,0.00057259214,0.00040106924,0.0064582205,0.002741646,0.004300837,0.9805674,0.0049582813
5,5,melanocytic nevi,melanocytic nevi,0.0010944338,0.00079532695,0.0009890464,0.0058147614,0.29765695,0.6860415,0.0076080235
4,5,melanoma,melanocytic nevi,0.0008404991,0.00085115666,0.0050875037,0.0039774105,0.30121377,0.67204255,0.015987132
5,5,melanocytic nevi,melanocytic nevi,0.0027302501,0.0061640223,0.0008436713,0.0015048761,0.0087792585,0.9701624,0.009815515
5,5,melanocytic nevi,melanocytic nevi,0.0031094523,0.013481827,0.0033065462,0.021243908,0.03635935,0.89208245,0.030416476
5,5,melanocytic nevi,melanocytic nevi,0.0010085913,0.003220233,0.018476225,0.027065923,0.008988276,0.9313283,0.009912425
2,2,benign keratosis-like lesions,benign keratosis-like lesions,0.0054189167,0.018265001,0.82347155,0.005073938,0.033725467,0.08926934,0.024775892
5,5,melanocytic nevi,melanocytic nevi,0.0047022193,0.0016574961,0.0064127473,0.016153809,0.015669208,0.9414458,0.013958648
1,1,basal cell carcinoma,basal cell carcinoma,0.0042168866,0.9483875,0.00096472347,0.0049027265,0.008129738,0.0073377457,0.02606073
4,5,melanoma,melanocytic nevi,0.0023874762,0.00189202,0.0076030507,0.014515399,0.30986628,0.6463305,0.01740527
2,2,benign keratosis-like lesions,benign keratosis-like lesions,0.0032451514,0.090638265,0.38037536,0.028057553,0.024755558,0.36312044,0.10980766
5,5,melanocytic nevi,melanocytic nevi,0.02940936,0.036892038,0.013165191,0.0051475354,0.054356422,0.75851136,0.10251813
5,5,melanocytic nevi,melanocytic nevi,0.0017500062,0.00101298,0.0048321756,0.004635961,0.051472604,0.9239862,0.012309956
4,4,melanoma,melanoma,0.0026658757,0.0015812893,0.012505146,0.0050302558,0.8098043,0.15711258,0.011300556
5,5,melanocytic nevi,melanocytic nevi,0.0026302815,0.0016162861,0.0077862167,0.013883861,0.014626549,0.94610703,0.013349693
5,5,melanocytic nevi,melanocytic nevi,0.000496801,0.00032426792,0.0064435233,0.0051460727,0.012628187,0.96658015,0.008381012
0,0,actinic keratoses and intraepithelial carcinoma,actinic keratoses and intraepithelial carcinoma,0.9913571,0.0001810099,0.00043989418,0.0030687444,0.0014354099,0.0029112839,0.0006065811
5,5,melanocytic nevi,melanocytic nevi,0.0015307026,0.0010591766,0.0018046418,0.0031232229,0.0041285562,0.9837171,0.0046365955
5,5,melanocytic nevi,melanocytic nevi,0.0026767126,0.006354591,0.00055134983,0.009613571,0.0018319759,0.96654934,0.012422509
5,5,melanocytic nevi,melanocytic nevi,0.00076612516,0.0004100688,0.0024428566,0.004300742,0.17236923,0.8048081,0.0149028925
1,1,basal cell carcinoma,basal cell carcinoma,0.0028108337,0.91191477,0.0006009862,0.002729944,0.023975192,0.023829332,0.034138966
5,5,melanocytic nevi,melanocytic nevi,0.0022308934,0.0024824739,0.0070821615,0.0066931206,0.0132542625,0.95548534,0.0127717005
5,2,melanocytic nevi,benign keratosis-like lesions,0.0023309318,0.000684392,0.57764804,0.008952608,0.24886349,0.14929058,0.012229911
4,4,melanoma,melanoma,0.0027447552,0.002448328,0.07638031,0.006908327,0.8376322,0.051343225,0.022542855
5,5,melanocytic nevi,melanocytic nevi,0.0048932433,0.012191055,0.004718494,0.017260011,0.4144685,0.5124403,0.034028396
5,5,melanocytic nevi,melanocytic nevi,0.0014866232,0.008879738,0.0026159065,0.0117333215,0.23477672,0.714151,0.026356673
5,5,melanocytic nevi,melanocytic nevi,0.002797334,0.0023553441,0.0016997402,0.005552689,0.008823201,0.9682446,0.010527118
5,5,melanocytic nevi,melanocytic nevi,0.004802735,0.0058325967,0.0014915251,0.0030723053,0.018582404,0.9512573,0.014961259
5,5,melanocytic nevi,melanocytic nevi,0.018843353,0.021168122,0.09876434,0.017477693,0.15266325,0.5956272,0.09545599
5,5,melanocytic nevi,melanocytic nevi,0.002503654,0.0014758878,0.0055562174,0.0074078725,0.018519651,0.95219266,0.012344024
5,5,melanocytic nevi,melanocytic nevi,0.004464519,0.0030003954,0.0018882604,0.021944147,0.00381146,0.9556316,0.009259592
5,4,melanocytic nevi,melanoma,0.007229553,0.002738079,0.25331104,0.03179072,0.37361416,0.29794237,0.033374116
4,5,melanoma,melanocytic nevi,0.0028301408,0.007853484,0.006012971,0.00784326,0.075101204,0.87646216,0.02389671
6,0,vascular lesions,actinic keratoses and intraepithelial carcinoma,0.30681977,0.12381807,0.044664726,0.17430387,0.04506068,0.11005368,0.19527921
5,5,melanocytic nevi,melanocytic nevi,0.0074831573,0.0022292119,0.00578451,0.009308953,0.020561073,0.9398926,0.014740481
4,5,melanoma,melanocytic nevi,0.0009903339,0.000634232,0.0012564885,0.0032490348,0.37426528,0.6114688,0.008135883
5,5,melanocytic nevi,melanocytic nevi,0.0032730298,0.0020511516,0.002320732,0.003478465,0.0054354197,0.97522473,0.008216566
4,4,melanoma,melanoma,0.0012969974,0.0008381996,0.012022197,0.0031655831,0.5973852,0.3703823,0.014909434
5,5,melanocytic nevi,melanocytic nevi,0.006493154,0.009569739,0.0052293837,0.007974912,0.14146525,0.8001202,0.02914742
5,5,melanocytic nevi,melanocytic nevi,0.0029918738,0.009177109,0.008547824,0.006704314,0.014614514,0.93543106,0.022533258
1,1,basal cell carcinoma,basal cell carcinoma,0.0045074583,0.8125389,0.006728165,0.025591986,0.0016328375,0.082385,0.06661568
2,2,benign keratosis-like lesions,benign keratosis-like lesions,0.10962765,0.0032962125,0.82784706,0.022885388,0.005314409,0.021410584,0.0096186735
5,5,melanocytic nevi,melanocytic nevi,0.0025068533,0.0027442237,0.0056024375,0.011258469,0.004852167,0.96290624,0.010129661
2,2,benign keratosis-like lesions,benign keratosis-like lesions,0.013051263,0.00065391127,0.9325361,0.004109875,0.014531057,0.03131031,0.0038074655
0,0,actinic keratoses and intraepithelial carcinoma,actinic keratoses and intraepithelial carcinoma,0.8749303,0.008614939,0.0012438338,0.090711296,0.0007335782,0.01585597,0.007910144
5,5,melanocytic nevi,melanocytic nevi,0.0021417579,0.002183363,0.0040069283,0.015116324,0.03161065,0.93082625,0.014114783
5,5,melanocytic nevi,melanocytic nevi,0.0055985493,0.007942943,0.0034657745,0.0034309616,0.06292126,0.87635493,0.040285576
2,2,benign keratosis-like lesions,benign keratosis-like lesions,0.00044808877,0.0006911281,0.9178862,0.004811421,0.004518164,0.064853944,0.0067911046
5,5,melanocytic nevi,melanocytic nevi,0.006215441,0.0037413514,0.021874817,0.018530961,0.007092295,0.92163676,0.02090838
1,1,basal cell carcinoma,basal cell carcinoma,0.0017169538,0.8059055,0.0033981719,0.0043976028,0.0017021714,0.13811296,0.044766594
5,5,melanocytic nevi,melanocytic nevi,0.009753252,0.0006774665,0.0040012673,0.021195076,0.19371076,0.75524545,0.0154167535
2,2,benign keratosis-like lesions,benign keratosis-like lesions,0.02259987,0.0013748014,0.79701984,0.01354701,0.1473339,0.012042803,0.0060817935
5,5,melanocytic nevi,melanocytic nevi,0.009389426,0.007998125,0.0076752272,0.01518838,0.0677775,0.8592876,0.032683752
5,5,melanocytic nevi,melanocytic nevi,0.0041502547,0.007543459,0.008294887,0.014685128,0.0013545402,0.9512974,0.012674231
5,5,melanocytic nevi,melanocytic nevi,0.0029647253,0.028726831,0.001234704,0.011991798,0.0011815187,0.92859226,0.025308244
5,5,melanocytic nevi,melanocytic nevi,0.0101834675,0.006300035,0.15038364,0.033477668,0.08122965,0.6865613,0.031864267
5,5,melanocytic nevi,melanocytic nevi,0.001262926,0.001565537,0.008013156,0.0065340563,0.042535134,0.9217063,0.018382855
4,4,melanoma,melanoma,0.0014576056,0.0005473319,0.07173129,0.004922418,0.68648016,0.22040075,0.014460332
5,5,melanocytic nevi,melanocytic nevi,0.003204736,0.0030051935,0.013427867,0.004274577,0.10049278,0.8481253,0.027469523
0,0,actinic keratoses and intraepithelial carcinoma,actinic keratoses and intraepithelial carcinoma,0.9951154,3.8310052e-05,0.0005694292,0.0009793232,0.0028505353,0.0003020333,0.00014493872
5,5,melanocytic nevi,melanocytic nevi,0.009313213,0.008656312,0.010910976,0.03359156,0.1629203,0.7497671,0.02484054
5,5,melanocytic nevi,melanocytic nevi,0.0016817944,0.14373508,0.003730322,0.008300581,0.0018380339,0.78251106,0.05820316
1,1,basal cell carcinoma,basal cell carcinoma,0.009305757,0.75545466,0.031333957,0.010075515,0.0036041464,0.116444275,0.07378173
2,2,benign keratosis-like lesions,benign keratosis-like lesions,0.0031743834,0.000797963,0.84210676,0.006698217,0.10156565,0.038629733,0.0070273336
5,5,melanocytic nevi,melanocytic nevi,0.0026104066,0.009059799,0.003341714,0.010670141,0.0006070825,0.96070755,0.013003406
5,5,melanocytic nevi,melanocytic nevi,0.0057654646,0.05878147,0.24757761,0.022779875,0.12553354,0.3122897,0.22727232
5,5,melanocytic nevi,melanocytic nevi,0.0038630813,0.008028178,0.018978093,0.011853942,0.16481075,0.77392197,0.01854403
5,5,melanocytic nevi,melanocytic nevi,0.0025998105,0.002083676,0.0010353295,0.0030741345,0.008623013,0.973572,0.009011963
4,2,melanoma,benign keratosis-like lesions,0.0034283963,0.0021105348,0.6066518,0.008708469,0.116637535,0.24761797,0.014845365
5,5,melanocytic nevi,melanocytic nevi,0.0013631978,0.0016786675,0.0022731286,0.0067808004,0.013492126,0.9606578,0.013754273
2,2,benign keratosis-like lesions,benign keratosis-like lesions,0.0091808615,0.0030709363,0.9456561,0.011170582,0.009096892,0.015397447,0.0064271316
5,5,melanocytic nevi,melanocytic nevi,0.006815049,0.2611489,0.015144459,0.05697367,0.017446982,0.5010607,0.14141026
4,4,melanoma,melanoma,0.002599181,0.011583648,0.06481965,0.012829623,0.78843695,0.051197164,0.06853386
5,5,melanocytic nevi,melanocytic nevi,0.0015851534,0.002760327,0.021316154,0.004827449,0.0020967852,0.9514995,0.015914546
5,5,melanocytic nevi,melanocytic nevi,0.0041573923,0.0037112837,0.001516539,0.005355792,0.016552046,0.95458883,0.014117982
2,2,benign keratosis-like lesions,benign keratosis-like lesions,0.004107218,0.001752647,0.8898664,0.014773145,0.022711217,0.05904239,0.0077470103
2,2,benign keratosis-like lesions,benign keratosis-like lesions,0.0011831528,0.0012574263,0.9701352,0.0022850342,0.0047733583,0.016152345,0.0042134603
5,5,melanocytic nevi,melanocytic nevi,0.0043241754,0.04781614,0.01750543,0.035269916,0.0021826422,0.84313804,0.049763605
5,5,melanocytic nevi,melanocytic nevi,0.0006139085,0.0013339735,0.0013575074,0.008097061,0.018014295,0.9634977,0.0070856432
5,5,melanocytic nevi,melanocytic nevi,0.001145116,0.0010694716,0.0011469949,0.0027056679,0.0029109176,0.98358786,0.0074339192
1,1,basal cell carcinoma,basal cell carcinoma,0.009058094,0.68555206,0.009390474,0.019362073,0.0055671926,0.19639458,0.07467548
5,5,melanocytic nevi,melanocytic nevi,0.0019689347,0.001811952,0.0042290366,0.0059989155,0.16020189,0.8045271,0.021262113
1,1,basal cell carcinoma,basal cell carcinoma,0.0010592191,0.8059913,0.015340515,0.009510226,0.0041815387,0.09298279,0.07093436
5,5,melanocytic nevi,melanocytic nevi,0.00075202895,0.00061747694,0.024574313,0.004656575,0.23515055,0.7215166,0.0127325
5,5,melanocytic nevi,melanocytic nevi,0.012043132,0.003882654,0.08670856,0.007806938,0.0031220948,0.8580502,0.02838644
5,5,melanocytic nevi,melanocytic nevi,0.0013977083,0.0007089914,0.0020184366,0.002552682,0.0069760196,0.98148996,0.0048562
5,5,melanocytic nevi,melanocytic nevi,0.039183468,0.14956732,0.08572029,0.0895793,0.008085762,0.46172404,0.16613978
2,2,benign keratosis-like lesions,benign keratosis-like lesions,0.058029402,0.044041105,0.68925554,0.06404517,0.016502945,0.09041895,0.037706904
4,4,melanoma,melanoma,0.0033779254,0.0032826941,0.057303395,0.01236159,0.79382473,0.111971214,0.017878456
5,5,melanocytic nevi,melanocytic nevi,0.0039949254,0.08304272,0.00057867967,0.013809768,0.01586334,0.84193707,0.040773466
5,5,melanocytic nevi,melanocytic nevi,0.005457533,0.0033577431,0.0025164662,0.012726315,0.027457569,0.9312502,0.017234243
0,0,actinic keratoses and intraepithelial carcinoma,actinic keratoses and intraepithelial carcinoma,0.9968971,0.00012451959,0.001595255,1.8757704e-05,0.00033846204,0.00071696675,0.0003088639
2,2,benign keratosis-like lesions,benign keratosis-like lesions,0.004481248,0.00023463015,0.96628165,0.0019909565,0.019345634,0.0059075663,0.0017582322
6,2,vascular lesions,benign keratosis-like lesions,0.003709474,0.09376815,0.45136055,0.018277625,0.0030785194,0.28894275,0.14086297
5,5,melanocytic nevi,melanocytic nevi,0.0030255578,0.011131743,0.0023725487,0.023232182,0.0959017,0.81928337,0.04505297
5,5,melanocytic nevi,melanocytic nevi,0.0012075554,0.0007689218,0.0025092734,0.0029960382,0.043877948,0.94206274,0.006577526
4,4,melanoma,melanoma,0.002057176,0.0024796855,0.02401331,0.013731676,0.8497311,0.09307197,0.014915065
5,5,melanocytic nevi,melanocytic nevi,0.004245021,0.01169129,0.05225804,0.039666075,0.3759925,0.45095736,0.0651897
2,2,benign keratosis-like lesions,benign keratosis-like lesions,0.0081617525,0.001383532,0.9504529,0.010377053,0.006084232,0.016385933,0.0071545043
2,2,benign keratosis-like lesions,benign keratosis-like lesions,0.0054381085,0.0016822217,0.9180836,0.0053136144,0.015179797,0.046622064,0.007680578
5,5,melanocytic nevi,melanocytic nevi,0.002752087,0.003607171,0.0007958368,0.0057513164,0.105248965,0.8547204,0.02712423
5,5,melanocytic nevi,melanocytic nevi,0.0012745465,0.0033948305,0.0028760189,0.0034063968,0.076798685,0.90148324,0.010766204
5,5,melanocytic nevi,melanocytic nevi,0.003335181,0.0017386115,0.026533658,0.006749379,0.0024298856,0.9465788,0.012634496
0,0,actinic keratoses and intraepithelial carcinoma,actinic keratoses and intraepithelial carcinoma,0.98607105,0.0013062116,0.0014620367,0.00792791,0.0011249373,0.0012790721,0.00082878576
5,5,melanocytic nevi,melanocytic nevi,0.0020027424,0.0017974686,0.0032148531,0.008851282,0.0051056347,0.96837205,0.010655907
5,5,melanocytic nevi,melanocytic nevi,0.008782848,0.19914757,0.0186592,0.032773577,0.0059188525,0.6130861,0.12163183
5,5,melanocytic nevi,melanocytic nevi,0.0040108203,0.0029393754,0.051973257,0.009818947,0.2695651,0.6228655,0.038826983
4,4,melanoma,melanoma,0.003300078,0.0010510364,0.005375712,0.004347004,0.92031354,0.05850909,0.0071035246
5,5,melanocytic nevi,melanocytic nevi,0.0048839147,0.005718373,0.004619332,0.0065803477,0.0064426586,0.9515528,0.020202676
1,1,basal cell carcinoma,basal cell carcinoma,0.007402295,0.82078826,0.005177607,0.01075491,0.0014249932,0.08630052,0.06815147
5,5,melanocytic nevi,melanocytic nevi,0.0018639379,0.00018879572,0.0032846315,0.0046089017,0.10119916,0.8834344,0.0054201335
5,5,melanocytic nevi,melanocytic nevi,0.005793848,0.0049103424,0.033595778,0.023676137,0.000570686,0.91013485,0.02131837
5,5,melanocytic nevi,melanocytic nevi,0.0063522635,0.001870115,0.0020214268,0.002991883,0.00429339,0.9747702,0.0077007003
5,5,melanocytic nevi,melanocytic nevi,0.007970067,0.011508901,0.008377252,0.021152373,0.015797395,0.8992749,0.035919145
5,2,melanocytic nevi,benign keratosis-like lesions,0.017103648,0.009360985,0.89398783,0.009981508,0.011556083,0.041231763,0.016778134
6,5,vascular lesions,melanocytic nevi,0.00466691,0.1925163,0.0028435215,0.026526498,0.060082763,0.6198757,0.09348835
4,4,melanoma,melanoma,0.0028725143,0.0029126885,0.117269844,0.011354922,0.7589223,0.080456436,0.026211275
1,1,basal cell carcinoma,basal cell carcinoma,0.13691029,0.35375696,0.020061966,0.19293235,0.11716383,0.016569087,0.16260545
4,5,melanoma,melanocytic nevi,0.0020575447,0.00093406835,0.027053714,0.0052497042,0.38701338,0.5567355,0.020956075
4,4,melanoma,melanoma,0.027356556,0.0011834607,0.06172098,0.01475587,0.8080644,0.07063445,0.016284248
5,5,melanocytic nevi,melanocytic nevi,0.0028347117,0.016029486,0.0056228586,0.019961588,0.00027900518,0.9237912,0.031481095
5,5,melanocytic nevi,melanocytic nevi,0.00067252014,8.139794e-05,0.011688124,0.003431171,0.065892026,0.91366273,0.0045719836
5,5,melanocytic nevi,melanocytic nevi,0.005259549,0.005401401,0.0042330334,0.00678119,0.027468506,0.93402463,0.016831646
1,1,basal cell carcinoma,basal cell carcinoma,0.0017551698,0.6967394,0.0132557135,0.018591776,0.077649854,0.041129444,0.15087865
5,5,melanocytic nevi,melanocytic nevi,0.0019502102,0.0027828072,0.0008059276,0.0070075993,0.1987535,0.769413,0.01928694
5,5,melanocytic nevi,melanocytic nevi,0.0018459468,0.0036863664,0.017890228,0.010062039,0.29547277,0.6380888,0.032953814
5,5,melanocytic nevi,melanocytic nevi,0.0037845501,0.0050366195,0.0018710474,0.02201077,0.010433819,0.9408599,0.016003251
5,5,melanocytic nevi,melanocytic nevi,0.00045443344,0.0010994705,0.0019074881,0.0025669513,0.0033232146,0.9858575,0.004791011
6,6,vascular lesions,vascular lesions,0.0015120371,0.31582195,0.08562701,0.09165221,0.07360371,0.094038814,0.33774427
5,5,melanocytic nevi,melanocytic nevi,0.0065271063,0.008391127,0.0019987645,0.017100533,0.08132077,0.8526163,0.032045398
5,5,melanocytic nevi,melanocytic nevi,0.004070996,0.00095862395,0.00282302,0.0059778616,0.050851922,0.92214894,0.013168748
5,5,melanocytic nevi,melanocytic nevi,0.0067426697,0.01372627,0.0025973688,0.010149777,0.0049612657,0.9271314,0.03469128
5,5,melanocytic nevi,melanocytic nevi,0.004882249,0.0053868447,0.0017699457,0.0051620533,0.0093020685,0.9650683,0.00842848
5,5,melanocytic nevi,melanocytic nevi,0.0049664844,0.00312927,0.23972768,0.020605383,0.18815537,0.5144392,0.028976558
5,5,melanocytic nevi,melanocytic nevi,0.016527817,0.013607496,0.0048421323,0.03128075,0.3165181,0.56513983,0.052083902
2,2,benign keratosis-like lesions,benign keratosis-like lesions,0.025665492,0.00023628547,0.959618,0.008365946,0.00024344678,0.0025673348,0.0033035222
1,1,basal cell carcinoma,basal cell carcinoma,0.017382976,0.72066313,0.07147089,0.06385361,0.003977303,0.024149315,0.09850281
4,4,melanoma,melanoma,0.02149393,0.0011212413,0.2961035,0.022058075,0.50373185,0.12885681,0.026634544
5,5,melanocytic nevi,melanocytic nevi,0.006719869,0.002115493,0.0054666284,0.011382757,0.015193134,0.94224644,0.016875634
5,5,melanocytic nevi,melanocytic nevi,0.003527191,0.0025512367,0.005559543,0.009974678,0.006625272,0.9589719,0.012790073
5,5,melanocytic nevi,melanocytic nevi,0.006367363,0.0030067167,0.015324759,0.007974383,0.014460311,0.9301659,0.022700565
5,5,melanocytic nevi,melanocytic nevi,0.0076131173,0.016910546,0.0012307154,0.016300904,0.00699571,0.9165403,0.03440868
5,5,melanocytic nevi,melanocytic nevi,0.005531476,0.008187303,0.002763303,0.03560757,0.028289484,0.89655,0.023070842
5,5,melanocytic nevi,melanocytic nevi,0.001961329,0.0008268957,0.0016904827,0.004708777,0.021332014,0.96201974,0.007460769
5,5,melanocytic nevi,melanocytic nevi,0.01930093,0.03320221,0.03058071,0.034888417,0.034276955,0.7520667,0.09568412
5,5,melanocytic nevi,melanocytic nevi,0.0018886286,0.002817104,0.0035143364,0.005009097,0.025832515,0.94793075,0.0130075365
1,1,basal cell carcinoma,basal cell carcinoma,0.001725072,0.8883494,0.0005694049,0.0063393326,0.0075736726,0.040879935,0.054563146
5,1,melanocytic nevi,basal cell carcinoma,0.04052809,0.26539856,0.100416504,0.20728181,0.03114388,0.17329486,0.1819363
5,5,melanocytic nevi,melanocytic nevi,0.0014635345,0.0019011222,0.0005667281,0.0017390928,0.009174501,0.97808355,0.0070715197
4,5,melanoma,melanocytic nevi,0.0035560858,0.0128324,0.005071737,0.021330534,0.09715878,0.83144915,0.028601209
5,5,melanocytic nevi,melanocytic nevi,0.002046332,0.017588472,0.002372741,0.020058187,0.005130143,0.9351844,0.01761966
5,5,melanocytic nevi,melanocytic nevi,0.0055166995,0.005128324,0.09205739,0.024414856,0.13564576,0.6831668,0.054070182
1,1,basal cell carcinoma,basal cell carcinoma,0.0050919326,0.90592295,0.014676357,0.014102711,0.005667842,0.016869672,0.03766855
5,5,melanocytic nevi,melanocytic nevi,0.0032426736,0.007504908,0.0026212682,0.010454624,0.0051147067,0.95201385,0.019047996
2,2,benign keratosis-like lesions,benign keratosis-like lesions,0.02396763,0.0056725712,0.8162772,0.05779991,0.026256379,0.04954687,0.02047948
0,0,actinic keratoses and intraepithelial carcinoma,actinic keratoses and intraepithelial carcinoma,0.9223604,0.041240234,0.009551502,0.012864957,0.00089266605,0.007863013,0.005227134
5,5,melanocytic nevi,melanocytic nevi,0.0021699818,0.008661008,0.12252947,0.017800486,0.023347232,0.7600312,0.06546065
5,5,melanocytic nevi,melanocytic nevi,0.0006311006,0.00094941707,0.0069428086,0.0043839705,0.08053458,0.89119554,0.015362614
1,1,basal cell carcinoma,basal cell carcinoma,0.0032019943,0.5315961,0.09855128,0.04730846,0.0074507697,0.15463112,0.15726034
5,5,melanocytic nevi,melanocytic nevi,0.0011219593,0.00074495986,0.008266165,0.0033769174,0.065654635,0.9111554,0.009679876
5,5,melanocytic nevi,melanocytic nevi,0.00047615042,0.000215062,0.001029237,0.0020340504,0.058720946,0.9334312,0.0040932526
5,5,melanocytic nevi,melanocytic nevi,0.0051886076,0.0023707435,0.001659725,0.009213918,0.13829765,0.82834363,0.014925699
5,5,melanocytic nevi,melanocytic nevi,0.004733793,0.0045626825,0.05906705,0.015575878,0.030890983,0.8541229,0.031046625
2,2,benign keratosis-like lesions,benign keratosis-like lesions,0.015358006,0.11290982,0.65876967,0.027893828,0.011080608,0.08444801,0.08954004
5,5,melanocytic nevi,melanocytic nevi,0.0053059054,0.0157051,0.0018527193,0.019727955,0.013097991,0.89783895,0.04647153
1,1,basal cell carcinoma,basal cell carcinoma,0.003773216,0.8045391,0.0044078585,0.022038883,0.019359436,0.069737315,0.07614417
5,5,melanocytic nevi,melanocytic nevi,0.0076846355,0.007232674,0.06407308,0.02669279,0.035704445,0.82622707,0.032385305
5,5,melanocytic nevi,melanocytic nevi,0.0014932387,0.012255106,0.017591784,0.004821613,0.0027888436,0.92515707,0.035892345
5,5,melanocytic nevi,melanocytic nevi,0.003155904,0.008862608,0.033668544,0.011313638,0.1491727,0.725978,0.06784851
4,4,melanoma,melanoma,0.013304821,0.011258663,0.010746739,0.030092672,0.6397364,0.2514682,0.043392375
2,2,benign keratosis-like lesions,benign keratosis-like lesions,0.021355338,0.009341384,0.83095163,0.020331403,0.008920354,0.08988997,0.01920984
5,5,melanocytic nevi,melanocytic nevi,0.0012744624,0.0014653787,0.0013190629,0.007571401,0.008188393,0.9726156,0.007565702
5,5,melanocytic nevi,melanocytic nevi,0.006909824,0.013342884,0.03031475,0.02792073,0.09000778,0.7845823,0.046921726
5,5,melanocytic nevi,melanocytic nevi,0.0010645466,0.002839327,0.00066390896,0.0041038604,0.029452162,0.95681834,0.005057952
5,4,melanocytic nevi,melanoma,0.0075816736,0.0029924936,0.21775323,0.025831819,0.3873476,0.31677246,0.041720707
2,2,benign keratosis-like lesions,benign keratosis-like lesions,0.057415638,0.040400684,0.43906963,0.15744792,0.011649237,0.24837007,0.04564676
5,5,melanocytic nevi,melanocytic nevi,0.01630241,0.01544456,0.0047188443,0.0057811947,0.0053138495,0.9269534,0.025485752
4,4,melanoma,melanoma,0.026998265,0.1734653,0.04337355,0.0732308,0.38957122,0.15563649,0.13772435
5,5,melanocytic nevi,melanocytic nevi,0.0015710602,0.0014999427,0.0048409165,0.008963669,0.014378414,0.9590368,0.00970921
5,1,melanocytic nevi,basal cell carcinoma,0.007463039,0.49725226,0.015058758,0.02446399,0.010333101,0.34369302,0.10173579
5,5,melanocytic nevi,melanocytic nevi,0.0017170206,0.0018406814,0.0015026112,0.002362124,0.0042195395,0.98320055,0.005157464
5,5,melanocytic nevi,melanocytic nevi,0.031671554,0.01089865,0.056315135,0.082133755,0.18473274,0.578725,0.05552322
3,1,dermatofibroma,basal cell carcinoma,0.006691446,0.4306476,0.0811009,0.030964296,0.02448478,0.3022642,0.12384673
1,1,basal cell carcinoma,basal cell carcinoma,0.011138776,0.862012,0.0093392655,0.022379411,0.0032347871,0.042828135,0.049067497
5,5,melanocytic nevi,melanocytic nevi,0.03310201,0.022483991,0.00637276,0.02683343,0.023720002,0.82605904,0.061428837
5,5,melanocytic nevi,melanocytic nevi,0.0013975166,0.001182586,0.0033856574,0.0046425248,0.0041871974,0.97837853,0.0068260087
1,1,basal cell carcinoma,basal cell carcinoma,0.04004378,0.8138515,0.00044808938,0.042939216,0.013585442,0.023647262,0.06548482
5,5,melanocytic nevi,melanocytic nevi,0.003161836,0.0012496088,0.008900763,0.0056709764,0.008873189,0.961188,0.010955604
5,5,melanocytic nevi,melanocytic nevi,0.013394058,0.0027640134,0.050330333,0.020318123,0.016083535,0.87814707,0.0189629
5,4,melanocytic nevi,melanoma,0.0037757515,0.0005291261,0.0600418,0.0073849633,0.6444336,0.27372092,0.010113796
2,2,benign keratosis-like lesions,benign keratosis-like lesions,0.00871997,0.0049770433,0.930205,0.01120064,0.02648404,0.00999045,0.008422837
5,5,melanocytic nevi,melanocytic nevi,0.0044800807,0.0018875682,0.0121588,0.027719168,0.18214361,0.74888945,0.022721395
5,5,melanocytic nevi,melanocytic nevi,0.0019456475,0.0027304029,0.0054163537,0.006028048,0.14951141,0.81580377,0.018564424
5,5,melanocytic nevi,melanocytic nevi,0.0032731486,0.023361977,0.08097251,0.018274918,0.353973,0.45389423,0.06625024
5,5,melanocytic nevi,melanocytic nevi,0.004453898,0.0011800968,0.017524807,0.011118341,0.0048120017,0.95227224,0.008638563
5,5,melanocytic nevi,melanocytic nevi,0.0022250933,0.0013565664,0.0032677788,0.007891286,0.29796457,0.6756991,0.011595595
6,5,vascular lesions,melanocytic nevi,0.0026562908,0.026333863,0.013407532,0.03540125,0.005439761,0.85326505,0.063496366
5,5,melanocytic nevi,melanocytic nevi,0.0025382058,0.0013304974,0.037854683,0.006806701,0.18554826,0.74001205,0.025909577
3,5,dermatofibroma,melanocytic nevi,0.03580111,0.006035459,0.025428168,0.071478814,0.16356118,0.6643858,0.03330959
1,1,basal cell carcinoma,basal cell carcinoma,0.0054522487,0.68506145,0.010139199,0.034017373,0.048493523,0.08468404,0.13215218
1,1,basal cell carcinoma,basal cell carcinoma,0.004173352,0.65677434,0.0014546786,0.013469034,0.0029177668,0.26832595,0.052884895
5,5,melanocytic nevi,melanocytic nevi,0.0007983544,0.00033575852,0.014540586,0.0020383429,0.13930249,0.83288485,0.0100995265
5,5,melanocytic nevi,melanocytic nevi,0.003609362,0.0030208975,0.002756659,0.0031937037,0.031503446,0.94378346,0.012132342
5,5,melanocytic nevi,melanocytic nevi,0.0040914034,0.007086878,0.023315536,0.010209713,0.065105535,0.8675762,0.022614745
2,2,benign keratosis-like lesions,benign keratosis-like lesions,0.0030842547,0.0049719624,0.70965195,0.0048002065,0.09509205,0.14818656,0.0342131
5,5,melanocytic nevi,melanocytic nevi,0.0051653152,0.033990324,0.011880225,0.022362722,0.13883556,0.711741,0.07602495
5,5,melanocytic nevi,melanocytic nevi,0.005179414,0.022502312,0.0024965967,0.013626983,0.060385246,0.8400516,0.05575783
5,5,melanocytic nevi,melanocytic nevi,0.0021098047,0.0011036485,0.0007672266,0.0034370678,0.10674872,0.87738144,0.00845203
4,4,melanoma,melanoma,0.0061828275,0.0006145001,0.3547636,0.0071601467,0.5483465,0.06627939,0.016653014
5,5,melanocytic nevi,melanocytic nevi,0.001398499,0.0013273879,0.0047161835,0.0042325114,0.10694753,0.86807704,0.013300762
5,5,melanocytic nevi,melanocytic nevi,0.0051549305,0.0071358834,0.0032751702,0.009263817,0.00798727,0.94666684,0.020515991
2,2,benign keratosis-like lesions,benign keratosis-like lesions,0.0117276395,0.000833689,0.73297435,0.010653969,0.07510225,0.15742393,0.011284209
5,5,melanocytic nevi,melanocytic nevi,0.0036734787,0.20278856,0.07037399,0.023356497,0.0010130985,0.61713314,0.08166125
5,5,melanocytic nevi,melanocytic nevi,0.008182084,0.34660256,0.003231548,0.022219904,0.00043195576,0.5368297,0.08250226
5,5,melanocytic nevi,melanocytic nevi,0.0065348987,0.0007999333,0.038180374,0.0089680385,0.0632313,0.867776,0.01450946
5,5,melanocytic nevi,melanocytic nevi,0.0009758168,0.0017671386,0.00060186366,0.0034039903,0.011217207,0.9749737,0.0070602847
5,5,melanocytic nevi,melanocytic nevi,0.00069810264,0.0025195,0.0025068952,0.011886763,0.007728383,0.96179175,0.01286855
6,5,vascular lesions,melanocytic nevi,0.002601229,0.002575304,0.012822235,0.0052419165,0.100992896,0.85948324,0.016283235
5,5,melanocytic nevi,melanocytic nevi,0.0027206808,0.0037642948,0.030182546,0.015422581,0.17579798,0.745634,0.02647787
5,5,melanocytic nevi,melanocytic nevi,0.0031735476,0.0028999306,0.18018247,0.015719792,0.07533772,0.6846252,0.038061365
4,2,melanoma,benign keratosis-like lesions,0.016261645,0.038498,0.4454718,0.06737547,0.16994952,0.19663799,0.06580553
5,5,melanocytic nevi,melanocytic nevi,0.007341986,0.0059162583,0.2513719,0.031673066,0.22988224,0.40201735,0.07179722
5,5,melanocytic nevi,melanocytic nevi,0.0021820886,0.00204254,0.0057397434,0.007503348,0.03261398,0.9356877,0.014230537
2,2,benign keratosis-like lesions,benign keratosis-like lesions,0.0059510507,0.00777959,0.84043974,0.012336652,0.0141035775,0.09903848,0.020350827
5,5,melanocytic nevi,melanocytic nevi,0.001386283,0.0042386814,0.0020005223,0.007141771,0.0015138859,0.9757958,0.007922948
5,5,melanocytic nevi,melanocytic nevi,0.019059125,0.00919077,0.038503557,0.0046884594,0.08919912,0.76027,0.079089016
5,5,melanocytic nevi,melanocytic nevi,0.0075412486,0.0065218527,0.020486683,0.022092516,0.104377285,0.801734,0.037246436
2,2,benign keratosis-like lesions,benign keratosis-like lesions,0.0009526304,0.0011559634,0.8184475,0.00805045,0.014993452,0.14762767,0.008772347
5,5,melanocytic nevi,melanocytic nevi,0.00018880179,0.00049970974,0.0030724362,0.0046794517,0.022520691,0.96510756,0.0039313706
5,5,melanocytic nevi,melanocytic nevi,0.0054596285,0.01851233,0.09589688,0.027721038,0.14191054,0.64396375,0.06653579
5,5,melanocytic nevi,melanocytic nevi,0.0008627366,0.0027541486,0.0005237187,0.0023382974,0.019890193,0.9661999,0.0074310116
5,5,melanocytic nevi,melanocytic nevi,0.003652145,0.0055999043,0.0014485683,0.0053964364,0.06324822,0.90528023,0.015374543
5,2,melanocytic nevi,benign keratosis-like lesions,0.043436296,0.007816178,0.6908273,0.030815301,0.00835897,0.18478593,0.033960033
5,5,melanocytic nevi,melanocytic nevi,0.0020078688,0.006419502,0.0035434589,0.010762625,0.29231924,0.66573435,0.019213013
2,2,benign keratosis-like lesions,benign keratosis-like lesions,0.0035530373,0.00031812108,0.7207053,0.004722477,0.14127576,0.12221214,0.00721311
5,5,melanocytic nevi,melanocytic nevi,0.00085796166,0.0002817859,0.000873902,0.0022279844,0.017119287,0.9748082,0.0038307405
1,1,basal cell carcinoma,basal cell carcinoma,0.0039186287,0.9281434,0.0011034916,0.005265973,0.018238354,0.014486047,0.028844085
5,5,melanocytic nevi,melanocytic nevi,0.0007704313,0.0013225225,0.0066701127,0.006220538,0.12723128,0.8413387,0.016446454
5,4,melanocytic nevi,melanoma,0.005988856,0.010233655,0.030621488,0.024665795,0.4993389,0.37001783,0.059133552
5,5,melanocytic nevi,melanocytic nevi,0.0007901056,0.0002732035,0.0031001547,0.0022349197,0.030067453,0.9569123,0.0066219023
4,2,melanoma,benign keratosis-like lesions,0.08156549,0.00021048817,0.7800351,0.013856039,0.05160688,0.0669304,0.0057956995
5,5,melanocytic nevi,melanocytic nevi,0.0016609331,0.0034596145,0.016504552,0.00857244,0.07417713,0.8780238,0.017601537
4,4,melanoma,melanoma,0.00243824,0.0019640634,0.04507862,0.007719185,0.59038365,0.323674,0.028742295
5,5,melanocytic nevi,melanocytic nevi,0.004031884,0.0023954734,0.0032884032,0.00554184,0.00893035,0.9647593,0.011052795
5,5,melanocytic nevi,melanocytic nevi,0.0032925138,0.019374836,0.0011808551,0.010759275,0.002747207,0.93597966,0.02666558
5,4,melanocytic nevi,melanoma,0.22716019,0.02260278,0.070106864,0.11077778,0.37390485,0.13737932,0.058068257
5,5,melanocytic nevi,melanocytic nevi,0.0389062,0.0024756894,0.3068636,0.13451298,0.019218693,0.45044053,0.047582284
5,5,melanocytic nevi,melanocytic nevi,0.0062284796,0.0012992406,0.03026364,0.01743957,0.005883996,0.91275585,0.026129136
5,5,melanocytic nevi,melanocytic nevi,0.006797405,0.021692468,0.006527641,0.03510044,0.02494381,0.8592776,0.045660786
5,5,melanocytic nevi,melanocytic nevi,0.0065257456,0.004156909,0.008528105,0.006093972,0.060172413,0.89551413,0.019008769
5,5,melanocytic nevi,melanocytic nevi,0.0034336525,0.004756918,0.018792385,0.007690705,0.110070385,0.83080095,0.024454976
5,5,melanocytic nevi,melanocytic nevi,0.004795668,0.00414129,0.007465684,0.009825458,0.40315717,0.54710174,0.023512943
5,5,melanocytic nevi,melanocytic nevi,0.0024672057,0.004206421,0.0013142703,0.005848422,0.010142503,0.9650312,0.010989898
5,5,melanocytic nevi,melanocytic nevi,0.005251012,0.006003894,0.009327898,0.011252294,0.1971431,0.73677444,0.03424734
5,5,melanocytic nevi,melanocytic nevi,0.008575489,0.008125841,0.0067912065,0.027495276,0.104497164,0.8128476,0.031667333
5,5,melanocytic nevi,melanocytic nevi,0.0032638914,0.020841476,0.0042890096,0.01805792,0.0069893203,0.9140969,0.03246154
1,1,basal cell carcinoma,basal cell carcinoma,0.011492428,0.87536746,0.02687346,0.018704342,0.0012478464,0.019602487,0.04671191
5,0,melanocytic nevi,actinic keratoses and intraepithelial carcinoma,0.39448956,0.039400566,0.005791726,0.08480345,0.028437357,0.35938117,0.08769618
5,5,melanocytic nevi,melanocytic nevi,0.0019824465,0.0020458717,0.0011004121,0.0034926664,0.00998376,0.97346884,0.00792601
4,4,melanoma,melanoma,0.0020540308,0.0016545325,0.0069624777,0.0072186035,0.6932567,0.27176142,0.017092342
5,5,melanocytic nevi,melanocytic nevi,0.01171701,0.0043279985,0.027796235,0.04454864,0.09896945,0.78013563,0.032505054
5,1,melanocytic nevi,basal cell carcinoma,0.0074022505,0.76295507,0.008287471,0.01995215,0.003372776,0.09280705,0.10522319
5,5,melanocytic nevi,melanocytic nevi,0.009311311,0.0076507553,0.028147465,0.03221477,0.019454623,0.8791215,0.024099601
5,5,melanocytic nevi,melanocytic nevi,0.0043927087,0.003427897,0.0018644868,0.0100004915,0.0036110098,0.96291906,0.013784262
5,5,melanocytic nevi,melanocytic nevi,0.00069116306,0.003813363,0.002780085,0.003992601,0.036792956,0.93531895,0.016610915
5,5,melanocytic nevi,melanocytic nevi,0.010827632,0.00622788,0.0390878,0.023010189,0.110438354,0.75779384,0.05261426
5,5,melanocytic nevi,melanocytic nevi,0.0046975343,0.012803751,0.017933814,0.014402139,0.08871095,0.8265395,0.0349124
5,5,melanocytic nevi,melanocytic nevi,0.011382337,0.0454439,0.114928104,0.02120787,0.010568983,0.5947316,0.20173718
5,5,melanocytic nevi,melanocytic nevi,0.02911459,0.014717459,0.017650487,0.15301779,0.071911596,0.6319013,0.08168669
0,0,actinic keratoses and intraepithelial carcinoma,actinic keratoses and intraepithelial carcinoma,0.9961569,0.0005447778,0.00016940058,0.002319943,0.00018245004,0.00035902706,0.0002675731
5,5,melanocytic nevi,melanocytic nevi,0.0013466894,0.007111338,0.0019011342,0.01088019,0.096577905,0.859887,0.022295838
5,5,melanocytic nevi,melanocytic nevi,0.0031784822,0.001692659,0.0036065076,0.004486704,0.055856656,0.91567487,0.015504172
5,5,melanocytic nevi,melanocytic nevi,0.0011882571,0.0009773991,0.007359644,0.007680302,0.43307614,0.5370487,0.012669587
2,2,benign keratosis-like lesions,benign keratosis-like lesions,0.00051093847,0.00045626695,0.8305366,0.0026304899,0.0014616356,0.15544792,0.008956251
3,5,dermatofibroma,melanocytic nevi,0.004599136,0.026511293,0.014860269,0.0418795,0.07810013,0.7583901,0.075659566
5,5,melanocytic nevi,melanocytic nevi,0.00090081483,0.0015275193,0.004029333,0.0094339335,0.034012266,0.9406943,0.009401808
5,5,melanocytic nevi,melanocytic nevi,0.004932832,0.0020204282,0.03419048,0.010216023,0.12404124,0.8020649,0.022534158
5,5,melanocytic nevi,melanocytic nevi,0.021400698,0.002753278,0.12832662,0.030315462,0.047478743,0.7422135,0.027511666
2,2,benign keratosis-like lesions,benign keratosis-like lesions,0.0040861787,0.000780248,0.862374,0.0036399954,0.0010604766,0.115433946,0.012625086
2,2,benign keratosis-like lesions,benign keratosis-like lesions,0.0010952739,0.0077619385,0.90860003,0.01254661,0.029576678,0.013564826,0.026854726
5,5,melanocytic nevi,melanocytic nevi,0.0015100918,0.002295683,0.0007749412,0.004836752,0.04746072,0.93419075,0.008931103
5,5,melanocytic nevi,melanocytic nevi,0.0012239503,0.0027782973,0.0005138824,0.0044199293,0.0030870722,0.9833893,0.0045875018
2,2,benign keratosis-like lesions,benign keratosis-like lesions,0.006604399,0.00042600418,0.9345233,0.0016451075,0.044230454,0.008860098,0.003710738
2,2,benign keratosis-like lesions,benign keratosis-like lesions,0.005532438,0.0006254306,0.60382086,0.018219952,0.14558992,0.21290499,0.013306419
2,2,benign keratosis-like lesions,benign keratosis-like lesions,0.008484014,0.010329392,0.86900413,0.018869283,0.0021620167,0.0793796,0.011771666
5,5,melanocytic nevi,melanocytic nevi,0.005985097,0.0041435487,0.0064690756,0.017791249,0.0021129947,0.94395447,0.019543631
0,0,actinic keratoses and intraepithelial carcinoma,actinic keratoses and intraepithelial carcinoma,0.9211325,0.004579285,0.015881967,0.040300153,0.00055732444,0.013229175,0.004319633
5,5,melanocytic nevi,melanocytic nevi,0.3973552,0.0018197886,0.122699976,0.035480637,0.010919331,0.41743422,0.014290889
1,1,basal cell carcinoma,basal cell carcinoma,0.0066618053,0.91169006,0.0014698349,0.024615128,0.0017167174,0.029410718,0.02443566
2,2,benign keratosis-like lesions,benign keratosis-like lesions,0.006905437,0.004932931,0.915803,0.010242197,0.039606575,0.012671921,0.009837935
2,2,benign keratosis-like lesions,benign keratosis-like lesions,0.04053994,0.0006011185,0.9211299,0.013827857,0.006640197,0.014708555,0.0025524413
1,1,basal cell carcinoma,basal cell carcinoma,0.008899853,0.84091973,0.018401466,0.009844365,0.0062613715,0.049398266,0.06627501
5,5,melanocytic nevi,melanocytic nevi,0.00094275584,0.00070241233,0.0019771631,0.004144747,0.0076313536,0.97474414,0.009857352
5,5,melanocytic nevi,melanocytic nevi,0.002495956,0.13418323,0.051257975,0.08110366,0.0014780824,0.60950005,0.11998103
5,2,melanocytic nevi,benign keratosis-like lesions,0.006860381,0.004359917,0.51412,0.021061,0.03507648,0.38415262,0.03436966
5,5,melanocytic nevi,melanocytic nevi,0.0010440568,0.0010442022,0.0021015878,0.003442181,0.0047062854,0.9814478,0.006213856
5,5,melanocytic nevi,melanocytic nevi,0.0026741475,0.0018866482,0.0031783206,0.006189409,0.03801329,0.93748665,0.010571461
4,4,melanoma,melanoma,0.008343518,0.0032977827,0.34780464,0.020220444,0.4638348,0.11643145,0.040067397
5,5,melanocytic nevi,melanocytic nevi,0.0012567235,0.0009927711,0.0032215698,0.006360904,0.0069284188,0.9762548,0.0049847425
5,5,melanocytic nevi,melanocytic nevi,0.0043660044,0.00545454,0.0125337755,0.009228043,0.109855756,0.8330286,0.025533313
2,2,benign keratosis-like lesions,benign keratosis-like lesions,0.0010710679,0.0034397326,0.6883629,0.010347692,0.01457931,0.24067971,0.041519575
5,5,melanocytic nevi,melanocytic nevi,0.0016291835,0.0036354184,0.0010942791,0.0055100564,0.0549845,0.92577845,0.0073681558
5,5,melanocytic nevi,melanocytic nevi,0.0028910255,0.005780091,0.013794304,0.011166425,0.002747983,0.94011766,0.02350261
1,1,basal cell carcinoma,basal cell carcinoma,0.118519895,0.4014427,0.052526806,0.29145032,0.011338259,0.042401284,0.08232068
5,5,melanocytic nevi,melanocytic nevi,0.0008928178,0.0018023688,0.0009356681,0.007673503,0.009070537,0.9718236,0.0078015495
5,5,melanocytic nevi,melanocytic nevi,0.0050512175,0.0066955737,0.00617487,0.0065782983,0.07301487,0.8811942,0.021291029
5,5,melanocytic nevi,melanocytic nevi,0.0036304013,0.0031615982,0.002218106,0.02433141,0.034940712,0.9160078,0.01571004
5,5,melanocytic nevi,melanocytic nevi,0.0026935306,0.02450484,0.0069229174,0.020214219,0.2063578,0.6818501,0.057456616
5,5,melanocytic nevi,melanocytic nevi,0.002915179,0.0070192525,0.01451963,0.022694267,0.027663933,0.90031135,0.024876263
2,2,benign keratosis-like lesions,benign keratosis-like lesions,0.0011751691,0.0031566403,0.88283145,0.0047411243,0.08128324,0.016402934,0.010409446
2,0,benign keratosis-like lesions,actinic keratoses and intraepithelial carcinoma,0.47594243,0.011300323,0.38508967,0.037693184,0.060804754,0.016382193,0.012787418
5,5,melanocytic nevi,melanocytic nevi,0.0021984112,0.0052488376,0.00347064,0.006391229,0.026002446,0.94111913,0.015569355
5,5,melanocytic nevi,melanocytic nevi,0.0021828245,0.00089819945,0.13910338,0.010267126,0.18765484,0.6288472,0.03104642
1,1,basal cell carcinoma,basal cell carcinoma,0.017180564,0.9447057,0.002936667,0.006136366,0.0015494013,0.0074587017,0.020032672
1,1,basal cell carcinoma,basal cell carcinoma,0.0060725412,0.92150325,0.0029885888,0.006651605,0.0021680517,0.0288825,0.031733353
5,5,melanocytic nevi,melanocytic nevi,0.005574351,0.02248201,0.0013211292,0.031150585,0.044220403,0.8496127,0.045638736
2,2,benign keratosis-like lesions,benign keratosis-like lesions,0.01075022,0.0024856098,0.570887,0.02164003,0.0776348,0.29643688,0.020165505
5,5,melanocytic nevi,melanocytic nevi,0.013975477,0.0769888,0.0036449006,0.028236113,0.016762022,0.7656353,0.09475747
5,5,melanocytic nevi,melanocytic nevi,0.003928073,0.001329297,0.03659599,0.014606217,0.015351079,0.911406,0.016783321
5,5,melanocytic nevi,melanocytic nevi,0.0068244906,0.01993492,0.009844775,0.013097381,0.004790437,0.8987734,0.046734694
2,2,benign keratosis-like lesions,benign keratosis-like lesions,0.0006187283,0.0034572715,0.89612395,0.008431996,0.023114985,0.05215655,0.016096553
5,5,melanocytic nevi,melanocytic nevi,0.0028449832,0.014163878,0.008382122,0.031987756,0.020346265,0.8869241,0.035350952
5,5,melanocytic nevi,melanocytic nevi,0.0034432034,0.001141195,0.0011928502,0.0030093137,0.016807606,0.9660342,0.008371542
5,5,melanocytic nevi,melanocytic nevi,0.0045126146,0.0025121218,0.0024340688,0.014666329,0.06483038,0.8980922,0.01295235
5,5,melanocytic nevi,melanocytic nevi,0.041112047,0.0010961031,0.2586994,0.050661463,0.16461712,0.46213531,0.021678647
1,1,basal cell carcinoma,basal cell carcinoma,0.030414011,0.92791647,0.0049211783,0.007366292,0.0003503473,0.014075995,0.014955652
5,5,melanocytic nevi,melanocytic nevi,0.00053823343,0.00053651864,0.0008551716,0.0019143184,0.0076249843,0.9853217,0.0032090824
5,5,melanocytic nevi,melanocytic nevi,0.0038911044,0.064738944,0.0017964757,0.01495411,0.010486093,0.85310876,0.051024504
5,5,melanocytic nevi,melanocytic nevi,0.0020618082,0.0018833902,0.0008977667,0.0049886247,0.0058492124,0.97832835,0.005990796
5,5,melanocytic nevi,melanocytic nevi,0.006660958,0.004495251,0.0155652305,0.011338486,0.068852834,0.8726538,0.020433458
2,4,benign keratosis-like lesions,melanoma,0.005649016,0.0009170937,0.22778517,0.007262783,0.735116,0.01703285,0.006237102
5,5,melanocytic nevi,melanocytic nevi,0.0036483367,0.0057494533,0.00060469017,0.0017045722,0.012124777,0.9664863,0.00968193
5,5,melanocytic nevi,melanocytic nevi,0.011002787,0.001678993,0.007379602,0.028349375,0.002410984,0.93802917,0.011149101
0,0,actinic keratoses and intraepithelial carcinoma,actinic keratoses and intraepithelial carcinoma,0.7438393,0.0013815315,0.17533885,0.050059106,0.015486588,0.0072341217,0.006660516
5,5,melanocytic nevi,melanocytic nevi,0.004457013,0.0016037192,0.030475581,0.020469144,0.061305985,0.8645528,0.01713568
5,5,melanocytic nevi,melanocytic nevi,0.0016327541,0.0045817215,0.0011659552,0.00522289,0.003465545,0.9765436,0.007387678
5,5,melanocytic nevi,melanocytic nevi,0.0038471473,0.04685725,0.002478302,0.019271001,0.018790537,0.8663425,0.04241323
4,4,melanoma,melanoma,0.0026808477,0.0016325439,0.023023892,0.004244681,0.9194053,0.03870634,0.01030642
5,5,melanocytic nevi,melanocytic nevi,0.0023445971,0.0029124185,0.004361474,0.0101983305,0.07482343,0.88878876,0.016571056
5,5,melanocytic nevi,melanocytic nevi,0.001076122,0.0043194713,0.0011240094,0.005699903,0.00192565,0.9766434,0.009211445
5,5,melanocytic nevi,melanocytic nevi,0.031758025,0.0046904357,0.04343011,0.055956934,0.35643712,0.47248915,0.03523828
5,5,melanocytic nevi,melanocytic nevi,0.015970195,0.0019316311,0.008060919,0.022799922,0.23232792,0.6888238,0.030085623
4,4,melanoma,melanoma,0.0075573926,0.0051756413,0.018785711,0.022536686,0.7550794,0.15579242,0.03507282
5,5,melanocytic nevi,melanocytic nevi,0.0053796326,0.011762104,0.0028930313,0.009297405,0.0022747037,0.94661087,0.021782242
5,5,melanocytic nevi,melanocytic nevi,0.001972868,0.0021910295,0.0030329647,0.0051370626,0.048033297,0.93085855,0.008774195
4,5,melanoma,melanocytic nevi,0.002368685,0.0081262905,0.006350021,0.015535843,0.09519,0.8381261,0.034302983
4,5,melanoma,melanocytic nevi,0.0043487935,0.0022392033,0.004740633,0.0111019155,0.38166106,0.5759458,0.019962505
3,5,dermatofibroma,melanocytic nevi,0.006860274,0.02233765,0.19161889,0.04388574,0.0223549,0.62655026,0.086392306
2,2,benign keratosis-like lesions,benign keratosis-like lesions,0.014117736,0.011907519,0.9157227,0.0243188,0.00027702158,0.019533293,0.014122941
4,4,melanoma,melanoma,0.004407744,0.0042033824,0.037450183,0.014997372,0.79018927,0.113537826,0.035214238
5,5,melanocytic nevi,melanocytic nevi,0.0025983765,0.008560573,0.004291426,0.017789762,0.05167984,0.8920207,0.023059309
4,2,melanoma,benign keratosis-like lesions,0.0041899863,0.041677795,0.48856932,0.031876665,0.35528183,0.030954007,0.04745033
2,2,benign keratosis-like lesions,benign keratosis-like lesions,0.007813274,0.028530777,0.7169611,0.025688067,0.046985563,0.10508859,0.068932645
5,2,melanocytic nevi,benign keratosis-like lesions,0.020313524,0.112198524,0.5428516,0.10732092,0.016508354,0.12888618,0.07192086
2,5,benign keratosis-like lesions,melanocytic nevi,0.018949425,0.0010220469,0.23458272,0.049800105,0.17409293,0.5043029,0.017249834
5,5,melanocytic nevi,melanocytic nevi,0.004305835,0.010747411,0.0026128488,0.020300468,0.08002977,0.8568297,0.025173984
4,4,melanoma,melanoma,0.006112991,0.002648853,0.004228768,0.008107585,0.86533916,0.09398065,0.019582022
2,2,benign keratosis-like lesions,benign keratosis-like lesions,0.0077041015,0.04612138,0.86911434,0.020359399,0.0054344363,0.024026463,0.027239935
4,5,melanoma,melanocytic nevi,0.009099736,0.008235887,0.00787399,0.05851243,0.24453232,0.64111984,0.030625738
5,5,melanocytic nevi,melanocytic nevi,0.0037523732,0.0073784036,0.0018720649,0.008421947,0.0034942636,0.96026444,0.014816458
1,1,basal cell carcinoma,basal cell carcinoma,0.0036143253,0.8297096,0.015503472,0.013775559,0.0017532274,0.055927776,0.079716064
5,2,melanocytic nevi,benign keratosis-like lesions,0.003524412,0.015778262,0.7375426,0.04031388,0.05190046,0.10017514,0.050765283
5,5,melanocytic nevi,melanocytic nevi,0.014261544,0.010074607,0.002047886,0.0031918,0.003250038,0.9512204,0.01595366
2,4,benign keratosis-like lesions,melanoma,0.020422997,0.00046442778,0.30476236,0.0132718235,0.34964982,0.29694617,0.014482426
5,5,melanocytic nevi,melanocytic nevi,0.0048894645,0.0019140204,0.0071097063,0.008176255,0.011080221,0.95001936,0.01681098
5,2,melanocytic nevi,benign keratosis-like lesions,0.040112738,0.028040633,0.3086347,0.09291529,0.1977922,0.27036908,0.062135372
4,4,melanoma,melanoma,0.004973762,0.0036443246,0.008439943,0.013027425,0.7276665,0.22400445,0.01824354
5,5,melanocytic nevi,melanocytic nevi,0.0076132254,0.0035301398,0.022873597,0.015749203,0.0017029046,0.9353614,0.013169536
5,5,melanocytic nevi,melanocytic nevi,0.003573708,0.0022827126,0.0017224674,0.00358278,0.006916892,0.96999604,0.011925449
5,5,melanocytic nevi,melanocytic nevi,0.010118742,0.006138439,0.042668987,0.031409673,0.07198039,0.7963581,0.041325565
5,5,melanocytic nevi,melanocytic nevi,0.0053526876,0.030288106,0.040419288,0.0128664905,0.081208274,0.73731124,0.0925539
5,5,melanocytic nevi,melanocytic nevi,0.0019638601,0.0048753214,0.0018022475,0.007643491,0.09666309,0.873166,0.013885996
5,5,melanocytic nevi,melanocytic nevi,0.00048536577,0.00054263056,0.0071256156,0.0030551746,0.016576435,0.9655064,0.0067084325
2,2,benign keratosis-like lesions,benign keratosis-like lesions,0.0060847225,0.005025817,0.8888722,0.015020233,0.029804727,0.03307954,0.022112789
5,5,melanocytic nevi,melanocytic nevi,0.005215372,0.002313474,0.005223428,0.008228337,0.019742794,0.9361925,0.023084013
5,5,melanocytic nevi,melanocytic nevi,0.0014054144,0.0012885301,0.037918236,0.01855093,0.0045447876,0.9246899,0.011602303
5,5,melanocytic nevi,melanocytic nevi,0.006482798,0.0035575773,0.0051434305,0.0031760046,0.05511918,0.90978885,0.016732134
5,5,melanocytic nevi,melanocytic nevi,0.0014360799,0.0015684549,0.003085352,0.0062932293,0.013131386,0.96310973,0.011375663
6,1,vascular lesions,basal cell carcinoma,0.007390981,0.50681823,0.0019600163,0.027590558,0.020394536,0.26990473,0.16594096
5,5,melanocytic nevi,melanocytic nevi,0.002276175,0.002338101,0.0015444644,0.00655214,0.030003985,0.94197935,0.0153057715
5,5,melanocytic nevi,melanocytic nevi,0.011479068,0.011612425,0.001160701,0.0065541123,0.0013827488,0.9384529,0.029358009
5,4,melanocytic nevi,melanoma,0.060066983,0.000732932,0.22754209,0.028684435,0.5856261,0.08718961,0.010157836
5,5,melanocytic nevi,melanocytic nevi,0.013946712,0.0075385035,0.012086547,0.020598296,0.057658363,0.8626217,0.02554985
5,5,melanocytic nevi,melanocytic nevi,0.0019880852,0.0013643369,0.013964974,0.013500293,0.18916836,0.7644918,0.015522086
5,5,melanocytic nevi,melanocytic nevi,0.0024845274,0.0040397975,0.04154294,0.011315046,0.006969907,0.92023355,0.013414216
5,5,melanocytic nevi,melanocytic nevi,0.0020142125,0.009918869,0.0035793504,0.013623398,0.1046639,0.83208746,0.034112833
1,1,basal cell carcinoma,basal cell carcinoma,0.00752875,0.6537621,0.025338849,0.033615164,0.008407787,0.12172147,0.14962582
0,0,actinic keratoses and intraepithelial carcinoma,actinic keratoses and intraepithelial carcinoma,0.99263364,0.00031449762,0.0011646479,0.0039447146,0.00070113945,0.0009300399,0.00031124684
2,2,benign keratosis-like lesions,benign keratosis-like lesions,0.002248603,0.002279685,0.86328983,0.013665874,0.0036889361,0.10349916,0.011327921
5,5,melanocytic nevi,melanocytic nevi,0.009593243,0.014683042,0.3256932,0.054052863,0.013122734,0.54177743,0.04107749
5,5,melanocytic nevi,melanocytic nevi,0.0043762014,0.0021860786,0.01969009,0.01110413,0.0059180874,0.9446206,0.012104826
5,5,melanocytic nevi,melanocytic nevi,0.0017557008,0.0049942145,0.033225648,0.013424131,0.19744787,0.70007634,0.049076084
1,1,basal cell carcinoma,basal cell carcinoma,0.0026865152,0.9417978,0.0041021425,0.0028638826,0.007028082,0.0087598665,0.032761697
5,5,melanocytic nevi,melanocytic nevi,0.0008796054,0.00059725984,0.00046390243,0.0024512063,0.0044610044,0.9882406,0.00290645
5,5,melanocytic nevi,melanocytic nevi,0.008664909,0.0050549074,0.013376767,0.017047953,0.0033000023,0.91472256,0.037832838
5,5,melanocytic nevi,melanocytic nevi,0.0012766435,0.0012861894,0.0036381888,0.004674051,0.07262137,0.9032751,0.013228459
5,5,melanocytic nevi,melanocytic nevi,0.0025471793,0.003084968,0.0027266503,0.004948788,0.0039542527,0.97349566,0.009242449
5,5,melanocytic nevi,melanocytic nevi,0.0039936192,0.0040420936,0.002712212,0.0053573307,0.019858932,0.9508244,0.013211474
1,1,basal cell carcinoma,basal cell carcinoma,0.005841814,0.94349515,0.0046533537,0.006803032,0.00075592054,0.013145505,0.025305111
2,2,benign keratosis-like lesions,benign keratosis-like lesions,0.0009587312,0.00206592,0.82198465,0.004379045,0.049046423,0.1089418,0.0126234675
3,4,dermatofibroma,melanoma,0.043739904,0.13664506,0.16337737,0.09010108,0.30084762,0.101893984,0.16339499
1,1,basal cell carcinoma,basal cell carcinoma,0.017626783,0.90282613,0.012751976,0.024689691,0.0008275507,0.014842341,0.026435504
5,2,melanocytic nevi,benign keratosis-like lesions,0.002562642,0.0030189385,0.62863976,0.017907282,0.014582697,0.31149575,0.021792889
5,5,melanocytic nevi,melanocytic nevi,0.011118812,0.007321024,0.007795939,0.012024451,0.01584846,0.91697353,0.028917814
5,4,melanocytic nevi,melanoma,0.0071474193,0.005110574,0.23842354,0.04997177,0.38066077,0.29175168,0.026934315
5,5,melanocytic nevi,melanocytic nevi,0.0010037214,0.0026697312,0.0017776124,0.0026361684,0.0064318874,0.98115647,0.0043245098
5,5,melanocytic nevi,melanocytic nevi,0.02175194,0.006713159,0.02597078,0.045418177,0.0068099857,0.87500507,0.018330837
5,5,melanocytic nevi,melanocytic nevi,0.0043175602,0.0030771126,0.015260307,0.015250861,0.1570253,0.76601017,0.039058674
1,1,basal cell carcinoma,basal cell carcinoma,0.0015034612,0.7939941,0.008363151,0.009157704,0.004049028,0.08622156,0.09671096
5,5,melanocytic nevi,melanocytic nevi,0.005146347,0.009059204,0.0023453424,0.013492589,0.010010842,0.9380619,0.021883847
5,5,melanocytic nevi,melanocytic nevi,0.0020092262,0.0006638052,0.0050629564,0.0055616465,0.023480134,0.9526474,0.010574956
4,4,melanoma,melanoma,0.0038473255,0.001921798,0.0028227072,0.010534411,0.61202574,0.3406259,0.028222054
5,5,melanocytic nevi,melanocytic nevi,0.004412681,0.016204398,0.08429539,0.03058359,0.010261219,0.7417966,0.11244609
5,5,melanocytic nevi,melanocytic nevi,0.004052125,0.002708826,0.0024225311,0.003375573,0.012471661,0.962337,0.012632218
5,5,melanocytic nevi,melanocytic nevi,0.0035707555,0.009972944,0.0048883483,0.014548958,0.13594678,0.8011851,0.02988722
5,5,melanocytic nevi,melanocytic nevi,0.003400032,0.026466914,0.010549551,0.057676766,0.047743294,0.7736264,0.080537066
5,5,melanocytic nevi,melanocytic nevi,0.0058156177,0.00499591,0.00097652467,0.0036686617,0.0035120624,0.9703948,0.010636409
5,5,melanocytic nevi,melanocytic nevi,0.004825147,0.03292842,0.0035766056,0.025576537,0.04198618,0.82300496,0.0681022
5,5,melanocytic nevi,melanocytic nevi,0.0028594492,0.005902724,0.0015422204,0.0036970933,0.0039661527,0.97062814,0.011404213
5,5,melanocytic nevi,melanocytic nevi,0.00044664385,0.00055398623,0.0009164484,0.004047339,0.013332963,0.9769532,0.0037494684
5,5,melanocytic nevi,melanocytic nevi,0.0018752569,0.002221897,0.004892063,0.008363932,0.107620575,0.85622853,0.01879768
4,4,melanoma,melanoma,0.0076352907,0.14311579,0.0067250505,0.008915551,0.7371415,0.013605868,0.082860924
0,0,actinic keratoses and intraepithelial carcinoma,actinic keratoses and intraepithelial carcinoma,0.97746766,0.00097237393,0.002562178,0.0061594043,0.004782576,0.0069207745,0.0011349744
5,5,melanocytic nevi,melanocytic nevi,0.0011962466,0.0018560126,0.0012482062,0.0069010966,0.08390449,0.8937163,0.011177635
5,5,melanocytic nevi,melanocytic nevi,0.003994149,0.0044545205,0.0016866,0.008083814,0.006329888,0.9625234,0.0129276775
4,4,melanoma,melanoma,0.00955532,0.0024240266,0.053061973,0.009993938,0.45869356,0.4333617,0.032909542
5,5,melanocytic nevi,melanocytic nevi,0.0019650203,0.0031107017,0.0019163355,0.00553418,0.0033680866,0.97062844,0.013477158
5,5,melanocytic nevi,melanocytic nevi,0.005741224,0.0027402507,0.01152677,0.026945611,0.30798945,0.61773473,0.027321998
2,2,benign keratosis-like lesions,benign keratosis-like lesions,0.013066741,0.007168963,0.59199506,0.03364956,0.004238319,0.31411365,0.03576768
5,2,melanocytic nevi,benign keratosis-like lesions,0.005512139,0.07460881,0.5228463,0.05630337,0.02910941,0.17784937,0.13377063
5,5,melanocytic nevi,melanocytic nevi,0.003098702,0.0029981125,0.0016577833,0.010878277,0.17635629,0.781189,0.023821862
0,0,actinic keratoses and intraepithelial carcinoma,actinic keratoses and intraepithelial carcinoma,0.8137405,0.062137764,0.016103731,0.06615764,8.960881e-05,0.03335051,0.008420162
5,5,melanocytic nevi,melanocytic nevi,0.0044447025,0.0036108305,0.0026988182,0.0044884807,0.009770865,0.9581304,0.016856028
1,1,basal cell carcinoma,basal cell carcinoma,0.0074514,0.94318223,0.0008078509,0.002939388,0.0028660186,0.022040382,0.02071272
5,5,melanocytic nevi,melanocytic nevi,0.008637121,0.004171205,0.0060849707,0.025924586,0.11034264,0.8148604,0.02997896
1,1,basal cell carcinoma,basal cell carcinoma,0.03979217,0.80776787,0.021706117,0.07147127,0.0031660604,0.015393219,0.04070329
5,5,melanocytic nevi,melanocytic nevi,0.0025411036,0.0013591859,0.002469547,0.011581597,0.010256485,0.9634686,0.008323555
2,4,benign keratosis-like lesions,melanoma,0.012056278,0.019234361,0.09444118,0.11064791,0.57246804,0.15124336,0.039908823
5,5,melanocytic nevi,melanocytic nevi,0.03145692,0.13513148,0.007985945,0.09561489,0.13224657,0.48750854,0.11005569
4,5,melanoma,melanocytic nevi,0.006835645,0.009800952,0.038014896,0.056374054,0.34538576,0.51108104,0.032507658
5,5,melanocytic nevi,melanocytic nevi,0.0012572132,0.0037638724,0.0022195268,0.011335818,0.003870946,0.96874624,0.008806401
0,0,actinic keratoses and intraepithelial carcinoma,actinic keratoses and intraepithelial carcinoma,0.96043694,0.0062121744,0.0011740699,0.0051957797,0.0012020417,0.022471042,0.0033079865
5,5,melanocytic nevi,melanocytic nevi,0.0010990753,0.0028377562,0.0048225936,0.0072303107,0.021817867,0.9540153,0.0081771035
5,5,melanocytic nevi,melanocytic nevi,0.0031509511,0.0025896027,0.006561005,0.012046897,0.006476261,0.95533746,0.0138378665
5,5,melanocytic nevi,melanocytic nevi,0.008085419,0.008058268,0.0057029123,0.014070687,0.026230637,0.9128124,0.025039734
5,5,melanocytic nevi,melanocytic nevi,0.00037063044,0.0016598192,0.0006325205,0.0039158566,0.003597402,0.98596513,0.0038586396
5,5,melanocytic nevi,melanocytic nevi,0.001479353,0.0060971435,0.010861344,0.01252515,0.014814426,0.92933017,0.02489248
5,5,melanocytic nevi,melanocytic nevi,0.0015420424,0.0025687215,0.0006168013,0.0073635685,0.12594478,0.8523788,0.009585271
5,5,melanocytic nevi,melanocytic nevi,0.005511006,0.0059660478,0.0026486234,0.0063410816,0.0060938736,0.95654106,0.016898144
0,0,actinic keratoses and intraepithelial carcinoma,actinic keratoses and intraepithelial carcinoma,0.98876184,0.0010467591,0.0008029822,0.008417308,0.00014771533,0.00043914802,0.0003843096
0,0,actinic keratoses and intraepithelial carcinoma,actinic keratoses and intraepithelial carcinoma,0.944354,0.0062400904,0.005921246,0.00020346927,0.0016316094,0.035088647,0.006560941
5,5,melanocytic nevi,melanocytic nevi,0.0017210114,0.011463134,0.016154272,0.024797032,0.13793968,0.76330024,0.044624645
5,2,melanocytic nevi,benign keratosis-like lesions,0.102730155,0.16406024,0.3524491,0.08249896,0.029520331,0.15058215,0.11815904
5,5,melanocytic nevi,melanocytic nevi,0.0030514016,0.0043488084,0.0019241086,0.0035504675,0.0119726565,0.95686895,0.01828353
6,5,vascular lesions,melanocytic nevi,0.0153558105,0.020186001,0.027293934,0.017645665,0.0529151,0.7933086,0.07329483
5,5,melanocytic nevi,melanocytic nevi,0.004579328,0.004837694,0.026061738,0.01097999,0.070162356,0.861937,0.021441888
5,5,melanocytic nevi,melanocytic nevi,0.0045627696,0.006681932,0.0009744594,0.003858072,0.06342068,0.8965083,0.023993747
3,1,dermatofibroma,basal cell carcinoma,0.014300334,0.59451675,0.0076031587,0.02880149,0.18574752,0.022718957,0.14631169
0,0,actinic keratoses and intraepithelial carcinoma,actinic keratoses and intraepithelial carcinoma,0.8951223,0.027679637,0.011950309,0.05659107,0.00017589437,0.0043529626,0.0041278256
5,5,melanocytic nevi,melanocytic nevi,0.0064894687,0.0024117187,0.3308827,0.015227595,0.1516553,0.45542526,0.037908
5,5,melanocytic nevi,melanocytic nevi,0.010155478,0.0177204,0.007791366,0.012416022,0.0029937108,0.91190124,0.037021846
5,5,melanocytic nevi,melanocytic nevi,0.0036045017,0.0025802036,0.004856205,0.009596571,0.044791337,0.90706533,0.027505837
5,4,melanocytic nevi,melanoma,0.017680796,0.0053978763,0.15702085,0.018212115,0.5044835,0.23708595,0.0601189
5,5,melanocytic nevi,melanocytic nevi,0.004739044,0.0050861863,0.27965125,0.009831849,0.0020476317,0.6784419,0.020202199
5,5,melanocytic nevi,melanocytic nevi,0.0020651207,0.004906313,0.0040252754,0.0057388595,0.0011457924,0.97378427,0.008334418
5,5,melanocytic nevi,melanocytic nevi,0.000635209,0.00071853003,0.0012474682,0.0020991797,0.03040761,0.9592483,0.0056436784
5,5,melanocytic nevi,melanocytic nevi,0.019126015,0.0065110447,0.3631533,0.06996549,0.011178076,0.5011334,0.028932665
5,5,melanocytic nevi,melanocytic nevi,0.00735471,0.0051419805,0.002824568,0.007010113,0.011559873,0.94621336,0.019895367
5,5,melanocytic nevi,melanocytic nevi,0.0003872407,0.00032666547,0.00096433074,0.0036439998,0.006262662,0.98328626,0.005128751
5,5,melanocytic nevi,melanocytic nevi,0.005735635,0.00419344,0.016763534,0.00745264,0.0015098241,0.9431579,0.021187015
5,5,melanocytic nevi,melanocytic nevi,0.00055112556,0.00091590884,0.001580664,0.0029937616,0.09467961,0.89024436,0.0090345545
4,5,melanoma,melanocytic nevi,0.0025238446,0.0013962293,0.31239462,0.01752634,0.2261481,0.41642845,0.023582378
5,5,melanocytic nevi,melanocytic nevi,0.02214502,0.025653692,0.090912506,0.06304377,0.009568213,0.73543465,0.05324215
5,5,melanocytic nevi,melanocytic nevi,0.0014882933,0.0033254917,0.010903218,0.012782779,0.11333358,0.8384499,0.019716863
5,4,melanocytic nevi,melanoma,0.003028504,0.0024723054,0.018399877,0.010419496,0.5779092,0.36476895,0.023001706
5,5,melanocytic nevi,melanocytic nevi,0.00568585,0.0026442744,0.0014958499,0.0038354862,0.012782809,0.9634673,0.01008845
5,5,melanocytic nevi,melanocytic nevi,0.0030997484,0.020200595,0.0016891746,0.015684105,0.07396584,0.84230936,0.04305112
5,5,melanocytic nevi,melanocytic nevi,0.0018469673,0.0014467319,0.009230382,0.005973936,0.16950957,0.79846275,0.013529672
5,5,melanocytic nevi,melanocytic nevi,0.0015936532,0.000650729,0.0043128505,0.005292865,0.01797185,0.9617029,0.008475206
5,5,melanocytic nevi,melanocytic nevi,0.009259464,0.026693119,0.019023106,0.014048441,0.009519704,0.86696416,0.054492094
4,4,melanoma,melanoma,0.0070701204,0.0016044183,0.014589719,0.0073980475,0.5975931,0.35452825,0.01721626
5,5,melanocytic nevi,melanocytic nevi,0.004088836,0.012550809,0.102613896,0.015121264,0.013130287,0.8019215,0.05057349
2,2,benign keratosis-like lesions,benign keratosis-like lesions,0.004599197,0.03390566,0.74245757,0.019064123,0.01715009,0.14691271,0.0359106
1,1,basal cell carcinoma,basal cell carcinoma,0.010393056,0.9495571,0.0014680633,0.008716713,0.0016064208,0.008201173,0.020057531
5,5,melanocytic nevi,melanocytic nevi,0.00296385,0.0033213496,0.0038918224,0.005081187,0.0028785996,0.97188693,0.0099763
5,5,melanocytic nevi,melanocytic nevi,0.0014952469,0.0012876258,0.0019971323,0.0035622057,0.019194288,0.965028,0.0074354913
0,0,actinic keratoses and intraepithelial carcinoma,actinic keratoses and intraepithelial carcinoma,0.72782284,0.031693593,0.0060396083,0.15332349,0.0028699113,0.068436004,0.00981446
5,5,melanocytic nevi,melanocytic nevi,0.002538254,0.002191305,0.0019284337,0.0040672105,0.092590384,0.8794425,0.017241944
5,5,melanocytic nevi,melanocytic nevi,0.0024098842,0.0070526614,0.0034444511,0.030230952,0.24192622,0.68749595,0.027439909
4,4,melanoma,melanoma,0.006576506,0.0006512629,0.10219367,0.016801683,0.52795404,0.33157924,0.014243693
5,5,melanocytic nevi,melanocytic nevi,0.0013064453,0.0028580967,0.0014204285,0.005863041,0.008005475,0.96917534,0.011371157
5,5,melanocytic nevi,melanocytic nevi,0.0033446199,0.0051553627,0.0042535374,0.008745568,0.002069899,0.96201396,0.014417031
2,2,benign keratosis-like lesions,benign keratosis-like lesions,0.005394956,0.00085000333,0.8010605,0.008387604,0.1508374,0.024195757,0.009273797
4,4,melanoma,melanoma,0.009031721,0.0047376757,0.061425406,0.013580078,0.6713564,0.19925228,0.040616363
1,1,basal cell carcinoma,basal cell carcinoma,0.0053697154,0.67825866,0.017503392,0.06178558,0.038596034,0.07094217,0.1275445
5,5,melanocytic nevi,melanocytic nevi,0.0019592622,0.0014759831,0.006833548,0.004112131,0.009759281,0.9616247,0.014234979
5,5,melanocytic nevi,melanocytic nevi,0.0009044525,0.0012230078,0.0018351942,0.0025407106,0.02210456,0.96434736,0.007044612
5,5,melanocytic nevi,melanocytic nevi,0.008995734,0.00052698946,0.016789623,0.022923648,0.013700919,0.92768514,0.009377945
4,5,melanoma,melanocytic nevi,0.015950693,0.014753385,0.0022130073,0.019239403,0.23279421,0.66387975,0.051169503
5,5,melanocytic nevi,melanocytic nevi,0.002845739,0.004187929,0.0013113301,0.004293294,0.0093748765,0.96524996,0.012736925
5,5,melanocytic nevi,melanocytic nevi,0.0016673107,0.0061395196,0.00090727524,0.009472494,0.18904096,0.77521,0.017562382
5,5,melanocytic nevi,melanocytic nevi,0.03520924,0.0065248064,0.010816461,0.049566027,0.06351183,0.80689794,0.02747373
1,5,basal cell carcinoma,melanocytic nevi,0.002790192,0.33274594,0.091427214,0.03144662,0.011547261,0.37585834,0.1541845
2,2,benign keratosis-like lesions,benign keratosis-like lesions,0.29351717,0.03398066,0.4965971,0.13130805,0.0096238535,0.01766331,0.01730984
6,5,vascular lesions,melanocytic nevi,0.005309995,0.036243036,0.010875034,0.022794707,0.015538782,0.8480761,0.06116238
3,5,dermatofibroma,melanocytic nevi,0.0138161145,0.001919138,0.40157098,0.025421802,0.025986455,0.4955873,0.035698146
5,5,melanocytic nevi,melanocytic nevi,0.024794964,0.01127619,0.030218216,0.04053768,0.25493768,0.5821002,0.05613509
2,2,benign keratosis-like lesions,benign keratosis-like lesions,0.010608177,0.00012807672,0.97895575,0.002262947,0.0008338711,0.0064854682,0.0007257037
4,4,melanoma,melanoma,0.0030559823,0.0021297643,0.18071091,0.0069289706,0.7356792,0.055482734,0.016012475
2,2,benign keratosis-like lesions,benign keratosis-like lesions,0.001591513,0.005910998,0.8263251,0.009278297,0.05848103,0.07606357,0.022349441
5,4,melanocytic nevi,melanoma,0.0123129925,0.10156773,0.09692908,0.060680166,0.2765509,0.21102867,0.24093048
5,4,melanocytic nevi,melanoma,0.014030135,0.0036789044,0.029539721,0.031045085,0.52607745,0.36671644,0.028912248
1,1,basal cell carcinoma,basal cell carcinoma,0.010432284,0.96585965,0.0012111734,0.004284278,0.0016916052,0.00437459,0.012146407
5,5,melanocytic nevi,melanocytic nevi,0.0016626384,0.0011525066,0.004296308,0.005640334,0.015167127,0.95612013,0.015960947
5,5,melanocytic nevi,melanocytic nevi,0.0020449755,0.002732177,0.006258096,0.005235362,0.08919124,0.8746611,0.019877017
5,5,melanocytic nevi,melanocytic nevi,0.0042559723,0.00080443,0.011105369,0.009179168,0.4551929,0.5077705,0.011691669
5,5,melanocytic nevi,melanocytic nevi,0.0126247015,0.020054517,0.0088966815,0.020672724,0.15189101,0.73687285,0.048987474
5,5,melanocytic nevi,melanocytic nevi,0.00142858,0.00047870332,0.00206957,0.0033224765,0.01523332,0.9736298,0.0038376043
4,4,melanoma,melanoma,0.043663245,0.0010673521,0.025576664,0.010560703,0.80175734,0.103688054,0.013686579
5,5,melanocytic nevi,melanocytic nevi,0.0025695062,0.0040421197,0.00022791012,0.0040738476,0.01405275,0.9671458,0.007887982
5,5,melanocytic nevi,melanocytic nevi,0.00090496655,0.0009733488,0.00075049617,0.0021484818,0.018858131,0.97178924,0.0045754025
4,5,melanoma,melanocytic nevi,0.0022123272,0.0043922323,0.001117319,0.0062534683,0.21373698,0.7573693,0.014918429
5,5,melanocytic nevi,melanocytic nevi,0.0023736795,0.0028944733,0.009860392,0.016040316,0.009858324,0.9389961,0.019976681
5,5,melanocytic nevi,melanocytic nevi,0.0015978161,0.0027105194,0.0005725184,0.0021838797,0.01645895,0.9697019,0.006774415
2,2,benign keratosis-like lesions,benign keratosis-like lesions,0.012035579,0.004308294,0.94809735,0.012349375,0.0040816725,0.013920527,0.005207161
5,5,melanocytic nevi,melanocytic nevi,0.0058219573,0.0076898267,0.0009571525,0.0051819845,0.01217982,0.95495445,0.013214779
5,5,melanocytic nevi,melanocytic nevi,0.0032398787,0.004451937,0.0008907526,0.0044166725,0.022683641,0.9528747,0.011442377
5,5,melanocytic nevi,melanocytic nevi,0.0029948829,0.0016803239,0.042711668,0.008511497,0.006982945,0.91638255,0.020736095
5,5,melanocytic nevi,melanocytic nevi,0.0015873405,0.0013812535,0.0013443951,0.005656855,0.0019765315,0.9811265,0.006927045
5,5,melanocytic nevi,melanocytic nevi,0.0039428133,0.004095907,0.009637305,0.006628845,0.018554367,0.94386566,0.013275067
0,0,actinic keratoses and intraepithelial carcinoma,actinic keratoses and intraepithelial carcinoma,0.76385623,0.0010247272,0.08686701,0.022482345,0.0934595,0.027562374,0.004747783
5,5,melanocytic nevi,melanocytic nevi,0.00638788,0.0024867088,0.037438635,0.0121875405,0.122435346,0.77976054,0.03930324
5,5,melanocytic nevi,melanocytic nevi,0.013422773,0.00921777,0.057172794,0.020235257,0.003752019,0.8562981,0.039901245
5,5,melanocytic nevi,melanocytic nevi,0.003951627,0.006278173,0.0023412635,0.0057441215,0.04598755,0.9150976,0.020599665
5,5,melanocytic nevi,melanocytic nevi,0.00083309296,0.0005905325,0.009972438,0.003861858,0.4464414,0.5258848,0.012415856
5,5,melanocytic nevi,melanocytic nevi,0.0011473508,0.0017541387,0.0035055666,0.005037924,0.10582347,0.868582,0.014149555
2,2,benign keratosis-like lesions,benign keratosis-like lesions,0.0039821817,0.00052856427,0.8760437,0.007526204,0.023435464,0.08238165,0.0061022714
5,5,melanocytic nevi,melanocytic nevi,0.0023291698,0.006116225,0.0023100504,0.01678624,0.11059018,0.83515054,0.026717573
5,2,melanocytic nevi,benign keratosis-like lesions,0.006499945,0.024914235,0.5611078,0.041807283,0.004815901,0.30726722,0.0535875
1,1,basal cell carcinoma,basal cell carcinoma,0.010511473,0.6928755,0.0036917855,0.006957771,0.0015911473,0.23662041,0.04775195
5,5,melanocytic nevi,melanocytic nevi,0.0025031422,0.0041755815,0.00039612787,0.007084107,0.22727968,0.7325848,0.025976572
5,5,melanocytic nevi,melanocytic nevi,0.0070975856,0.0071100276,0.004340157,0.016126215,0.002833388,0.94385356,0.018639019
5,2,melanocytic nevi,benign keratosis-like lesions,0.011996758,0.0051628156,0.5868918,0.023735264,0.048799325,0.2920305,0.03138353
5,5,melanocytic nevi,melanocytic nevi,0.0011376236,0.00157756,0.006808436,0.004739656,0.010606828,0.9678354,0.007294528
6,5,vascular lesions,melanocytic nevi,0.0068446384,0.0045706965,0.00048927736,0.009412518,0.017844336,0.9357609,0.025077641
0,0,actinic keratoses and intraepithelial carcinoma,actinic keratoses and intraepithelial carcinoma,0.9698268,0.0016826098,0.0017134775,0.005665398,0.0013840441,0.017780809,0.0019469619
5,5,melanocytic nevi,melanocytic nevi,0.0012024342,0.00023595417,0.013042434,0.006616486,0.0069141844,0.96561706,0.006371465
2,2,benign keratosis-like lesions,benign keratosis-like lesions,0.04060193,0.004232268,0.5773562,0.02804064,0.17260222,0.1443449,0.032821883
4,5,melanoma,melanocytic nevi,0.0013892368,0.00038920794,0.031444114,0.006395848,0.25235608,0.69386965,0.014155965
4,5,melanoma,melanocytic nevi,0.003694164,0.0004144563,0.017610421,0.003332501,0.19624059,0.7691542,0.009553719
5,5,melanocytic nevi,melanocytic nevi,0.002018344,0.061354138,0.003797039,0.011400691,0.0010469208,0.8743773,0.04600551
5,5,melanocytic nevi,melanocytic nevi,0.0012511743,0.0012343779,0.0013512651,0.002947926,0.035184883,0.9513391,0.006691285
4,4,melanoma,melanoma,0.043696523,0.012513211,0.19766594,0.13944493,0.47185987,0.099484205,0.035335243
6,6,vascular lesions,vascular lesions,0.0030151028,0.21781424,0.16342199,0.039711334,0.0058644046,0.24835049,0.32182238
2,2,benign keratosis-like lesions,benign keratosis-like lesions,0.0037575236,0.006052494,0.9367602,0.018429931,0.006960361,0.017562704,0.010476669
5,5,melanocytic nevi,melanocytic nevi,0.0058418373,0.0074862675,0.0026785447,0.00347007,0.029253492,0.9340756,0.017194228
5,5,melanocytic nevi,melanocytic nevi,0.002273719,0.0016116243,0.01145213,0.009564393,0.012286372,0.9479823,0.014829496
5,5,melanocytic nevi,melanocytic nevi,0.005054995,0.016879397,0.015442064,0.04122765,0.122475445,0.734699,0.0642214
5,5,melanocytic nevi,melanocytic nevi,0.0034769338,0.0026839476,0.005679547,0.0113952365,0.34166464,0.615579,0.019520646
5,5,melanocytic nevi,melanocytic nevi,0.007819289,0.014189509,0.00065640284,0.013925447,0.17229627,0.7681537,0.022959333
5,5,melanocytic nevi,melanocytic nevi,0.008610306,0.010403911,0.14320242,0.02624526,0.048540793,0.7018623,0.061135072
4,4,melanoma,melanoma,0.008440788,0.0063668494,0.030042496,0.004090238,0.81097704,0.117693484,0.022389049
5,5,melanocytic nevi,melanocytic nevi,0.00036020332,0.0002032792,0.00028345577,0.0010483259,0.015133004,0.9789956,0.0039760265
5,5,melanocytic nevi,melanocytic nevi,0.0022365414,0.0020957342,0.013829723,0.0055810534,0.0945278,0.8636891,0.018040026
2,2,benign keratosis-like lesions,benign keratosis-like lesions,0.004555042,0.008199545,0.8370353,0.0059634293,0.08603885,0.023029778,0.035178013
5,2,melanocytic nevi,benign keratosis-like lesions,0.00068875897,0.0011070173,0.6342874,0.006810377,0.027028436,0.30161732,0.02846061
4,4,melanoma,melanoma,0.0024198878,0.0004703293,0.028301246,0.004895233,0.6419328,0.3115482,0.010432309
3,1,dermatofibroma,basal cell carcinoma,0.03616925,0.70687485,0.005298162,0.084360376,0.03195409,0.0264139,0.10892951
5,5,melanocytic nevi,melanocytic nevi,0.015533173,0.0021056796,0.0023388441,0.020296419,0.048183363,0.89767176,0.0138708325
5,5,melanocytic nevi,melanocytic nevi,0.00197103,0.0008083152,0.0075353794,0.0021845396,0.07213342,0.90445,0.010917352
5,1,melanocytic nevi,basal cell carcinoma,0.00550843,0.5920548,0.020346668,0.019391468,0.0046618325,0.22342004,0.13461679
5,5,melanocytic nevi,melanocytic nevi,0.004382347,0.009019752,0.009708987,0.017875219,0.026798112,0.90322596,0.02898964
5,5,melanocytic nevi,melanocytic nevi,0.0030056362,0.007682436,0.0011871296,0.0065680374,0.005796903,0.96238804,0.013371766
4,4,melanoma,melanoma,0.004649091,0.006155249,0.0033682755,0.006013133,0.7197029,0.24431847,0.015792867
5,5,melanocytic nevi,melanocytic nevi,0.031013174,0.06276797,0.0036781114,0.10990789,0.0063593504,0.74544936,0.04082414
3,5,dermatofibroma,melanocytic nevi,0.027005356,0.021658842,0.016537752,0.096224986,0.3521682,0.42611122,0.060293727
5,5,melanocytic nevi,melanocytic nevi,0.017025787,0.0070106443,0.06307417,0.020470737,0.021927873,0.84017974,0.030311164
5,0,melanocytic nevi,actinic keratoses and intraepithelial carcinoma,0.47560322,0.008080744,0.08437418,0.18812387,0.022737816,0.19796152,0.023118628
5,5,melanocytic nevi,melanocytic nevi,0.005451908,0.015533318,0.0006473708,0.009661337,0.102746055,0.8284186,0.03754147
1,1,basal cell carcinoma,basal cell carcinoma,0.011903606,0.7735641,0.042152807,0.06986482,0.0042157355,0.018092677,0.080206275
2,2,benign keratosis-like lesions,benign keratosis-like lesions,0.00473808,0.0091733,0.77180547,0.018033892,0.014965132,0.14886038,0.032423794
5,5,melanocytic nevi,melanocytic nevi,0.005754517,0.0051784897,0.0010009602,0.012089585,0.0023289055,0.95243204,0.021215495
5,5,melanocytic nevi,melanocytic nevi,0.005960501,0.002923545,0.0014687729,0.0075245462,0.0088251475,0.95535463,0.017942822
5,5,melanocytic nevi,melanocytic nevi,0.0030072264,0.0010244641,0.012582254,0.008709852,0.02119394,0.93960243,0.01387989
5,5,melanocytic nevi,melanocytic nevi,0.0028497956,0.0047252784,0.00051083445,0.0033353982,0.0070335097,0.9730777,0.00846751
5,5,melanocytic nevi,melanocytic nevi,0.007212397,0.0047002127,0.003973448,0.0050880723,0.06467022,0.89610696,0.018248748
5,5,melanocytic nevi,melanocytic nevi,0.0009985737,0.002227761,0.0007549957,0.0045331353,0.17158954,0.8118072,0.0080887405
2,2,benign keratosis-like lesions,benign keratosis-like lesions,0.006083619,0.018830955,0.8709355,0.01452374,0.002322498,0.053864535,0.033439185
5,5,melanocytic nevi,melanocytic nevi,0.003569982,0.0018259524,0.005824399,0.005373364,0.0034500293,0.9724506,0.0075057093
5,5,melanocytic nevi,melanocytic nevi,0.004604057,0.015925517,0.001538263,0.007637009,0.0867025,0.8569064,0.026686316
5,5,melanocytic nevi,melanocytic nevi,0.0035018441,0.06474307,0.0018873423,0.014262088,0.055148847,0.78552324,0.07493356
2,2,benign keratosis-like lesions,benign keratosis-like lesions,0.020951688,0.00077645277,0.94334024,0.007460944,0.013624071,0.009444007,0.004402574
4,5,melanoma,melanocytic nevi,0.004032824,0.014460756,0.0048287422,0.022754015,0.24985862,0.6574477,0.04661731
4,4,melanoma,melanoma,0.02362451,0.009936792,0.021740435,0.11025087,0.7373138,0.059948258,0.037185334
5,5,melanocytic nevi,melanocytic nevi,0.004843315,0.0062252767,0.0016796262,0.012929317,0.0423829,0.9055678,0.026371764
5,5,melanocytic nevi,melanocytic nevi,0.010356992,0.0010843959,0.016354147,0.013418425,0.39985922,0.5412941,0.01763274
4,4,melanoma,melanoma,0.0024603417,8.2099425e-05,0.2711604,0.004381309,0.66930324,0.048058,0.0045546265
5,2,melanocytic nevi,benign keratosis-like lesions,0.018741192,0.040183872,0.56134474,0.03170781,0.016848404,0.2589718,0.07220216
5,5,melanocytic nevi,melanocytic nevi,0.0017242806,0.0029450112,0.0007875511,0.0053695487,0.05806343,0.9120497,0.019060483
5,5,melanocytic nevi,melanocytic nevi,0.026991844,0.018527906,0.022353355,0.04470597,0.09689958,0.74257547,0.047945894
2,2,benign keratosis-like lesions,benign keratosis-like lesions,0.011032542,0.021269735,0.9104214,0.010722931,0.017350018,0.01295877,0.016244626
5,5,melanocytic nevi,melanocytic nevi,0.0048098406,0.0042414116,0.00313536,0.009543126,0.0059858314,0.95698214,0.0153022325
5,5,melanocytic nevi,melanocytic nevi,0.004413221,0.0007393589,0.0023939288,0.0050635682,0.14486986,0.8346601,0.007859832
5,5,melanocytic nevi,melanocytic nevi,0.0038858708,0.005120901,0.0015027372,0.0045850477,0.017177023,0.9458214,0.021907123
5,5,melanocytic nevi,melanocytic nevi,0.007015848,0.0042824163,0.002385939,0.0055297953,0.005996442,0.96294755,0.0118419845
5,5,melanocytic nevi,melanocytic nevi,0.0027258007,0.0038366024,0.001420789,0.003880491,0.017290335,0.9629034,0.007942604
5,5,melanocytic nevi,melanocytic nevi,0.0061829374,0.007151116,0.0095874695,0.028036756,0.037503153,0.8915896,0.019948883
5,5,melanocytic nevi,melanocytic nevi,0.0024343762,0.0022079002,0.0025057232,0.011475172,0.0049571674,0.96365964,0.0127599705
2,2,benign keratosis-like lesions,benign keratosis-like lesions,0.35075936,0.0067727887,0.4827253,0.0057986565,0.009048596,0.12280408,0.02209126
5,5,melanocytic nevi,melanocytic nevi,0.004747676,0.0012346632,0.22342665,0.007851175,0.20231883,0.5364284,0.023992587
5,5,melanocytic nevi,melanocytic nevi,0.1482627,0.0146766165,0.21447384,0.14173897,0.005516927,0.45361426,0.021716708
5,5,melanocytic nevi,melanocytic nevi,0.004625987,0.0010502312,0.0070177326,0.008144272,0.17670608,0.7852015,0.017254246
5,5,melanocytic nevi,melanocytic nevi,0.0017754775,0.0028056086,0.012252601,0.009873732,0.02846485,0.9249724,0.01985542
5,5,melanocytic nevi,melanocytic nevi,0.00275694,0.0035751516,0.010764857,0.008368282,0.0019320368,0.9610886,0.011514177
5,5,melanocytic nevi,melanocytic nevi,0.0044707768,0.005461269,0.11640018,0.021453105,0.15599288,0.64712393,0.04909781
5,5,melanocytic nevi,melanocytic nevi,0.0026813243,0.0023493522,0.0054095397,0.0064713317,0.004396101,0.96747947,0.011212901
2,2,benign keratosis-like lesions,benign keratosis-like lesions,0.0080037,0.0012107091,0.90392184,0.017314406,0.016659135,0.042776898,0.010113282
1,1,basal cell carcinoma,basal cell carcinoma,0.010033683,0.7550761,0.0068888087,0.022378525,0.012531218,0.12586604,0.067225546
5,5,melanocytic nevi,melanocytic nevi,0.00038685076,0.000108388085,0.0003392467,0.0010470412,0.0076951077,0.98798287,0.0024405085
4,4,melanoma,melanoma,0.039721936,0.0015583939,0.3685487,0.012470332,0.54727656,0.020956447,0.009467653
5,5,melanocytic nevi,melanocytic nevi,0.0051195016,0.0048876884,0.005675393,0.0162674,0.05404087,0.8806583,0.033350803
5,5,melanocytic nevi,melanocytic nevi,0.0016688788,0.0028096703,0.028383328,0.012326161,0.06599802,0.8680407,0.020773303
3,0,dermatofibroma,actinic keratoses and intraepithelial carcinoma,0.44711047,0.021825057,0.03219955,0.37243524,0.019674929,0.06719787,0.039556835
5,5,melanocytic nevi,melanocytic nevi,0.0010863884,0.0044732206,0.0005329485,0.0065321387,0.027307214,0.941047,0.0190211
0,0,actinic keratoses and intraepithelial carcinoma,actinic keratoses and intraepithelial carcinoma,0.97510487,0.0065714675,0.00062909577,0.012013593,0.0012155245,0.0022809287,0.002184502
4,4,melanoma,melanoma,0.006157435,0.0016540308,0.01831466,0.012728773,0.7408382,0.20330496,0.01700198
5,5,melanocytic nevi,melanocytic nevi,0.0021883908,0.001051973,0.0032455842,0.004727204,0.0036655888,0.97767866,0.007442572
0,0,actinic keratoses and intraepithelial carcinoma,actinic keratoses and intraepithelial carcinoma,0.65915704,0.0052671595,0.0072097383,0.084647685,0.12420256,0.10218073,0.017335026
2,2,benign keratosis-like lesions,benign keratosis-like lesions,0.011142433,0.030600036,0.7704019,0.030792454,0.0029733945,0.12125712,0.032832664
5,5,melanocytic nevi,melanocytic nevi,0.0010944944,0.0022774292,0.010201961,0.0056352722,0.0760418,0.8900329,0.014716063
5,5,melanocytic nevi,melanocytic nevi,0.009770338,0.051449716,0.027208084,0.016507288,0.04550388,0.7258505,0.123710096
1,1,basal cell carcinoma,basal cell carcinoma,0.008001401,0.9108084,0.009736273,0.022738937,9.529636e-05,0.015377514,0.03324217
5,4,melanocytic nevi,melanoma,0.0021849035,0.0055821515,0.21642877,0.008252344,0.4709631,0.25270432,0.043884333
5,5,melanocytic nevi,melanocytic nevi,0.0016432909,0.0008368216,0.008303035,0.0075133885,0.035247497,0.93552816,0.010927772
4,4,melanoma,melanoma,0.0014159362,0.00079654466,0.0056631663,0.0069111013,0.6309296,0.34368142,0.010602243
5,5,melanocytic nevi,melanocytic nevi,0.0014592537,0.0022489107,0.0014815178,0.0035861537,0.020080194,0.9622322,0.008911703
5,5,melanocytic nevi,melanocytic nevi,0.004066587,0.0015195071,0.071828514,0.0138101615,0.319115,0.56956834,0.020091938
5,5,melanocytic nevi,melanocytic nevi,0.004328059,0.0017600979,0.029137546,0.010802894,0.014138172,0.92178667,0.018046558
5,5,melanocytic nevi,melanocytic nevi,0.0023271623,0.0011928509,0.02792906,0.004339129,0.101110175,0.8416532,0.021448467
5,5,melanocytic nevi,melanocytic nevi,0.02864485,0.0043409057,0.056438446,0.06856753,0.025205143,0.7964087,0.020394439
5,5,melanocytic nevi,melanocytic nevi,0.0058180536,0.0033032903,0.0015211498,0.010516413,0.007133655,0.96008694,0.011620571
5,5,melanocytic nevi,melanocytic nevi,0.0051996997,0.0032714407,0.003658065,0.00711841,0.12842289,0.8309009,0.021428501
3,5,dermatofibroma,melanocytic nevi,0.0065757893,0.0026132585,0.03888651,0.03890467,0.009253085,0.88730764,0.01645899
5,5,melanocytic nevi,melanocytic nevi,0.0029553408,0.0022264554,0.013659814,0.010314932,0.26176155,0.6806914,0.028390475
5,5,melanocytic nevi,melanocytic nevi,0.0017817374,0.0029970475,0.012688495,0.008351872,0.13022323,0.81961614,0.024341488
5,5,melanocytic nevi,melanocytic nevi,0.0030237143,0.01957127,0.012018098,0.011732495,0.0017317837,0.92317647,0.028746221
5,5,melanocytic nevi,melanocytic nevi,0.001746671,0.0016180216,0.0031685715,0.0049036783,0.10698439,0.87128335,0.0102953315
5,5,melanocytic nevi,melanocytic nevi,0.007057282,0.03181596,0.12867962,0.0513654,0.012310222,0.7269947,0.041776896
2,2,benign keratosis-like lesions,benign keratosis-like lesions,0.010833351,0.004598695,0.9331823,0.0076547978,0.00755892,0.024986373,0.01118554
2,2,benign keratosis-like lesions,benign keratosis-like lesions,0.011354088,0.003980562,0.88963825,0.014640059,0.028512055,0.03299386,0.018881153
5,5,melanocytic nevi,melanocytic nevi,0.0030802463,0.0017154062,0.012615478,0.008749811,0.05318426,0.90444195,0.01621283
0,0,actinic keratoses and intraepithelial carcinoma,actinic keratoses and intraepithelial carcinoma,0.9868292,0.0005642769,0.0035820894,0.00019514562,0.00094138127,0.0068759164,0.0010119228
1,1,basal cell carcinoma,basal cell carcinoma,0.0038139652,0.8129223,0.008221562,0.017831441,0.0017605794,0.11168419,0.04376595
4,4,melanoma,melanoma,0.004911501,0.002660695,0.00967853,0.02811912,0.5045343,0.42483017,0.025265664
4,2,melanoma,benign keratosis-like lesions,0.029589342,0.007427485,0.55945456,0.07219194,0.06957471,0.21437608,0.047385912
2,2,benign keratosis-like lesions,benign keratosis-like lesions,0.0036198976,0.00077989494,0.6850406,0.0070177624,0.007585222,0.28845397,0.007502669
5,5,melanocytic nevi,melanocytic nevi,0.005665345,0.006243876,0.07207171,0.012319187,0.13874142,0.7240972,0.040861238
5,5,melanocytic nevi,melanocytic nevi,0.0065168724,0.003323383,0.05472361,0.017798413,0.12334386,0.7610391,0.033254866
2,2,benign keratosis-like lesions,benign keratosis-like lesions,0.037656236,0.00047981052,0.9333319,0.0018223508,0.0030496314,0.021341825,0.0023181287
5,5,melanocytic nevi,melanocytic nevi,0.0048766956,0.09816526,0.025293292,0.06288376,0.20244217,0.5079717,0.09836711
5,2,melanocytic nevi,benign keratosis-like lesions,0.0027482128,0.007500142,0.4509281,0.013167572,0.060813643,0.41774723,0.04709516
0,0,actinic keratoses and intraepithelial carcinoma,actinic keratoses and intraepithelial carcinoma,0.96763706,0.010712282,0.00021992784,0.014119792,0.00018038195,0.0056889895,0.0014415982
5,5,melanocytic nevi,melanocytic nevi,0.004481405,0.010635747,0.0037239827,0.014181726,0.003934245,0.946735,0.016307926
5,5,melanocytic nevi,melanocytic nevi,0.010838852,0.015066903,0.01155856,0.046841633,0.1398178,0.7052549,0.07062133
2,2,benign keratosis-like lesions,benign keratosis-like lesions,0.012959667,0.003987254,0.93066627,0.012285403,0.0127865365,0.014135747,0.0131790005
5,5,melanocytic nevi,melanocytic nevi,0.002014074,0.003077834,0.0027714402,0.006746721,0.01571713,0.95623046,0.013442311
5,5,melanocytic nevi,melanocytic nevi,0.0020678968,0.0013384549,0.002736561,0.003512172,0.20326823,0.77587265,0.011204069
5,5,melanocytic nevi,melanocytic nevi,0.0045164074,0.0069955485,0.001573191,0.0052058864,0.0061698714,0.96250606,0.013033069
4,4,melanoma,melanoma,0.015578673,0.009742987,0.0348996,0.020083323,0.5646824,0.31469557,0.040317412
5,5,melanocytic nevi,melanocytic nevi,0.009209373,0.0055158758,0.008639475,0.018682772,0.047038727,0.88175815,0.029155562
5,5,melanocytic nevi,melanocytic nevi,0.0022547897,0.0027780249,0.0009808269,0.007508257,0.003332932,0.97194517,0.011200059
5,5,melanocytic nevi,melanocytic nevi,0.02144555,0.0019404293,0.010422319,0.02673057,0.048902754,0.87797207,0.012586244
2,4,benign keratosis-like lesions,melanoma,0.0018233949,0.000346681,0.43173563,0.006371479,0.50917107,0.043080598,0.0074711763
5,5,melanocytic nevi,melanocytic nevi,0.012289809,0.045347977,0.016886447,0.021635583,0.024221094,0.8229849,0.056634262
5,5,melanocytic nevi,melanocytic nevi,0.0030170667,0.00520382,0.0024349606,0.0025680235,0.0036079404,0.9757498,0.007418328
5,5,melanocytic nevi,melanocytic nevi,0.0030092564,0.0008910721,0.03268709,0.010102308,0.005290478,0.9383372,0.0096826255
2,4,benign keratosis-like lesions,melanoma,0.0010039691,0.0027200263,0.29220995,0.0037611125,0.5790967,0.092820235,0.028388055
4,5,melanoma,melanocytic nevi,0.00364742,0.0066187615,0.0051973625,0.015749665,0.21031791,0.7332281,0.02524087
5,5,melanocytic nevi,melanocytic nevi,0.0033037171,0.019971069,0.00047146823,0.010784212,0.0032212632,0.94148797,0.02076032
5,5,melanocytic nevi,melanocytic nevi,0.004799677,0.014609013,0.012374157,0.015274762,0.00046667166,0.9231165,0.02935915
4,1,melanoma,basal cell carcinoma,0.004263718,0.7075608,0.0014816831,0.01224772,0.08701797,0.10617532,0.08125275
5,5,melanocytic nevi,melanocytic nevi,0.011425861,0.0010678037,0.0010950812,0.020266054,0.011260598,0.94644487,0.008439698
5,5,melanocytic nevi,melanocytic nevi,0.0027812882,0.002789672,0.0020078828,0.00463916,0.007830557,0.9682215,0.011729918
4,4,melanoma,melanoma,0.0048775827,0.0013993531,0.38070744,0.015191505,0.52113754,0.06007002,0.016616566
5,5,melanocytic nevi,melanocytic nevi,0.009869105,0.012433185,0.0047478653,0.0065545533,0.03004346,0.9035085,0.032843273
5,5,melanocytic nevi,melanocytic nevi,0.0014021908,0.001346923,0.0048803817,0.005399288,0.18375394,0.7862619,0.016955325
5,5,melanocytic nevi,melanocytic nevi,0.0013826186,0.0018601156,0.0013405886,0.012047034,0.004832,0.9665613,0.011976292
5,5,melanocytic nevi,melanocytic nevi,0.0017705625,0.0107640335,0.0021619487,0.0073632617,0.011998881,0.94692564,0.019015621
5,5,melanocytic nevi,melanocytic nevi,0.0034635176,0.0025229463,0.00190544,0.0064745117,0.0041986434,0.9715594,0.009875492
5,5,melanocytic nevi,melanocytic nevi,0.0011693632,0.00038051105,0.0027668255,0.0035742894,0.034463648,0.9516847,0.005960542
2,2,benign keratosis-like lesions,benign keratosis-like lesions,0.0045025675,0.0029444424,0.9072077,0.0071192747,0.042833988,0.024841215,0.010550795
4,4,melanoma,melanoma,0.01308637,0.30275443,0.01696281,0.0564456,0.33735138,0.13651061,0.13688879
5,4,melanocytic nevi,melanoma,0.009948324,0.004015513,0.20289004,0.029148376,0.43121418,0.2634058,0.05937784
5,5,melanocytic nevi,melanocytic nevi,0.005724582,0.007297022,0.009685952,0.017399715,0.001990429,0.9372757,0.020626664
5,5,melanocytic nevi,melanocytic nevi,0.0013150998,0.00037533944,0.021515543,0.0035341412,0.10258487,0.85656875,0.014106258
2,2,benign keratosis-like lesions,benign keratosis-like lesions,0.0010627096,0.008557328,0.9531057,0.0019315139,0.0004946111,0.022611612,0.012236491
1,1,basal cell carcinoma,basal cell carcinoma,0.006478483,0.7980364,0.0075965063,0.007931448,0.059454925,0.0331636,0.08733869
5,5,melanocytic nevi,melanocytic nevi,0.0011303151,0.002974399,0.0031654611,0.0051597646,0.07773282,0.8945542,0.0152830435
5,5,melanocytic nevi,melanocytic nevi,0.0008881785,0.0002859686,0.008392869,0.005347403,0.21159926,0.7656585,0.007827771
5,5,melanocytic nevi,melanocytic nevi,0.0012980752,0.0007487463,0.024545355,0.007909106,0.21285711,0.73390406,0.018737517
4,5,melanoma,melanocytic nevi,0.0019359865,0.0059975125,0.0057965196,0.0316469,0.11973915,0.80775815,0.027125735
2,2,benign keratosis-like lesions,benign keratosis-like lesions,0.0013615413,0.0077854195,0.61983347,0.027481327,0.019065743,0.29532072,0.029151745
5,5,melanocytic nevi,melanocytic nevi,0.0022071544,0.0017996463,0.004172846,0.006026982,0.019516494,0.95448196,0.011795016
5,5,melanocytic nevi,melanocytic nevi,0.0038171639,0.0017990932,0.0065518757,0.007805118,0.0029738937,0.96464854,0.0124043
4,5,melanoma,melanocytic nevi,0.0015228511,0.0025671464,0.010864282,0.00774772,0.21430343,0.73852843,0.024466125
2,2,benign keratosis-like lesions,benign keratosis-like lesions,0.0018986224,0.00030459225,0.74572724,0.0031349806,0.15147385,0.087695524,0.009765226
4,4,melanoma,melanoma,0.0042820256,0.0016584408,0.06723285,0.0140853515,0.555837,0.33365244,0.023251874
5,5,melanocytic nevi,melanocytic nevi,0.014184391,0.2213106,0.027164184,0.050987497,0.058109865,0.4326411,0.19560228
5,5,melanocytic nevi,melanocytic nevi,0.005643151,0.0035755842,0.08897269,0.019960178,0.12724389,0.7242012,0.030403277
5,5,melanocytic nevi,melanocytic nevi,0.0021952935,0.0006179435,0.0146207595,0.008265753,0.019582992,0.9432439,0.011473356
5,5,melanocytic nevi,melanocytic nevi,0.00097450527,0.0015191573,0.010550348,0.009254415,0.025706775,0.9405275,0.011467272
5,5,melanocytic nevi,melanocytic nevi,0.0040906295,0.002547244,0.010889807,0.008627877,0.021639392,0.9400945,0.012110556
5,5,melanocytic nevi,melanocytic nevi,0.028884597,0.019027563,0.17027368,0.08896692,0.061615024,0.5688455,0.062386714
5,5,melanocytic nevi,melanocytic nevi,0.0038657282,0.0031142351,0.0025873843,0.001508208,0.00429102,0.97752064,0.00711278
4,4,melanoma,melanoma,0.0025764639,0.0036077122,0.046090044,0.010835423,0.4658269,0.43149894,0.039564535
4,4,melanoma,melanoma,0.030372534,0.016406035,0.008747043,0.055556204,0.4808883,0.34485182,0.06317802
4,5,melanoma,melanocytic nevi,0.0021952102,0.00034502897,0.07180079,0.00874519,0.17784545,0.7238411,0.0152272405
5,5,melanocytic nevi,melanocytic nevi,0.0013386091,0.00093075435,0.001284441,0.005126507,0.021213505,0.9633795,0.0067265476
1,1,basal cell carcinoma,basal cell carcinoma,0.006358378,0.86389285,0.00648276,0.008703202,0.016859686,0.0306453,0.06705783
2,2,benign keratosis-like lesions,benign keratosis-like lesions,0.06805628,0.0071548144,0.3815208,0.058548886,0.15245697,0.27384424,0.058417913
2,2,benign keratosis-like lesions,benign keratosis-like lesions,0.0022113654,0.000334414,0.9742924,0.0034324129,0.0010205079,0.015059988,0.00364892
1,1,basal cell carcinoma,basal cell carcinoma,0.0049829776,0.6904526,0.027210455,0.0370173,0.003486311,0.14866292,0.088187486
5,5,melanocytic nevi,melanocytic nevi,0.0026068133,0.0089986455,0.0010100042,0.0026302836,0.0042780754,0.9701961,0.010280059
5,5,melanocytic nevi,melanocytic nevi,0.0031309961,0.009829972,0.0007794825,0.012443427,0.05794566,0.89671314,0.019157378
5,5,melanocytic nevi,melanocytic nevi,0.0031497304,0.004107093,0.0010685058,0.0022865396,0.008265641,0.9732221,0.0079003675
2,2,benign keratosis-like lesions,benign keratosis-like lesions,0.0048655095,0.003022696,0.9639738,0.004112992,0.0036972433,0.0111131985,0.009214519
5,5,melanocytic nevi,melanocytic nevi,0.0028957294,0.003264309,0.0020634353,0.0085023455,0.035562944,0.9306519,0.017059287
5,5,melanocytic nevi,melanocytic nevi,0.0060173636,0.005039634,0.013791726,0.0068540787,0.005686462,0.9462662,0.016344618
5,5,melanocytic nevi,melanocytic nevi,0.040526688,0.00697076,0.01643188,0.035084877,0.24346465,0.618328,0.039193142
5,5,melanocytic nevi,melanocytic nevi,0.003930199,0.0016705192,0.0026461428,0.0054417565,0.011116974,0.96589214,0.009302244
5,5,melanocytic nevi,melanocytic nevi,0.0021873845,0.002521348,0.004748751,0.006657062,0.07376503,0.8961514,0.013969014
1,1,basal cell carcinoma,basal cell carcinoma,0.0013586573,0.9769468,0.00010598569,0.0021493996,0.00092493865,0.0073481356,0.011166103
5,5,melanocytic nevi,melanocytic nevi,0.0013258704,0.009525646,0.0025699225,0.014802839,0.0026641933,0.9500217,0.01908973
4,4,melanoma,melanoma,0.003965945,0.007055822,0.0040839,0.004038878,0.68274766,0.25820053,0.039907236
5,5,melanocytic nevi,melanocytic nevi,0.004513585,0.01142732,0.00088838866,0.012566724,0.0031898974,0.95291704,0.01449694
5,4,melanocytic nevi,melanoma,0.012846095,0.017871985,0.084520996,0.026274452,0.6229393,0.18790448,0.047642708
5,5,melanocytic nevi,melanocytic nevi,0.006996721,0.0053818948,0.0014063928,0.0027767934,0.0021818564,0.97127444,0.009981891
5,4,melanocytic nevi,melanoma,0.004133905,0.0026375588,0.01092528,0.017515568,0.50287694,0.43588805,0.026022652
5,5,melanocytic nevi,melanocytic nevi,0.0015196087,0.002290174,0.007943302,0.012413417,0.060890406,0.89730906,0.01763404
5,5,melanocytic nevi,melanocytic nevi,0.0010820727,0.0022325628,0.005273415,0.00646369,0.042701196,0.9349118,0.0073352642
5,5,melanocytic nevi,melanocytic nevi,0.002204787,0.0035137113,0.0025981092,0.011841525,0.004986398,0.9617264,0.013128999
5,5,melanocytic nevi,melanocytic nevi,0.0024017778,0.006517996,0.00085686304,0.010240097,0.008507683,0.95288944,0.018586094
5,5,melanocytic nevi,melanocytic nevi,0.0010134928,0.0020191188,0.0010658803,0.010988977,0.044543024,0.92889833,0.011471135
5,5,melanocytic nevi,melanocytic nevi,0.004579209,0.011978651,0.010312254,0.025429484,0.236869,0.6696503,0.041181084
5,5,melanocytic nevi,melanocytic nevi,0.004053547,0.0046002544,0.003100032,0.009818949,0.027041862,0.92983544,0.02154987
5,5,melanocytic nevi,melanocytic nevi,0.0051498557,0.00950003,0.001999235,0.0071003283,0.0034996832,0.9587821,0.013968761
5,5,melanocytic nevi,melanocytic nevi,0.0070153573,0.0034262438,0.005419841,0.008900486,0.040294588,0.91923934,0.015704142
5,5,melanocytic nevi,melanocytic nevi,0.0039357897,0.00691139,0.023089085,0.0104593625,0.033446047,0.8906518,0.031506382
5,5,melanocytic nevi,melanocytic nevi,0.005222628,0.00093283335,0.0023976227,0.006338024,0.109732024,0.86410046,0.0112763215
2,1,benign keratosis-like lesions,basal cell carcinoma,0.00545544,0.44388762,0.32606453,0.025134668,0.015424867,0.044830967,0.13920191
4,4,melanoma,melanoma,0.005619732,0.0031773795,0.006777754,0.0071197385,0.79831266,0.16665736,0.012335316
5,5,melanocytic nevi,melanocytic nevi,0.0007651239,0.00074209116,0.04770801,0.0040483684,0.44550747,0.48381472,0.01741417
5,5,melanocytic nevi,melanocytic nevi,0.00051666115,0.00046479623,0.010829208,0.003256567,0.4253749,0.5493733,0.010184562
5,5,melanocytic nevi,melanocytic nevi,0.0043070717,0.0016988545,0.0044664554,0.010090984,0.050151683,0.91029876,0.01898616
5,5,melanocytic nevi,melanocytic nevi,0.008682583,0.008981208,0.008982027,0.016072854,0.0068123406,0.9261841,0.024284817
0,1,actinic keratoses and intraepithelial carcinoma,basal cell carcinoma,0.013532873,0.46193793,0.21184435,0.057285294,0.041707676,0.0788373,0.13485453
5,5,melanocytic nevi,melanocytic nevi,0.005843033,0.0021613236,0.008138871,0.032961145,0.01941692,0.9141049,0.017373784
5,5,melanocytic nevi,melanocytic nevi,0.008913759,0.029819977,0.0046272115,0.026117383,0.02852445,0.84612334,0.0558739
5,5,melanocytic nevi,melanocytic nevi,0.0026878193,0.011653218,0.0010729255,0.0057670865,0.091810614,0.86826575,0.018742569
5,5,melanocytic nevi,melanocytic nevi,0.02491876,0.014997199,0.020183738,0.04098218,0.008030569,0.85844105,0.03244649
5,5,melanocytic nevi,melanocytic nevi,0.0009662611,0.0013269694,0.0016942399,0.004003359,0.023822581,0.9634947,0.004691864
5,5,melanocytic nevi,melanocytic nevi,0.00423827,0.0036001736,0.015976338,0.012134514,0.0068363706,0.94209576,0.015118569
5,5,melanocytic nevi,melanocytic nevi,0.000662374,0.0015922738,0.0008244985,0.0043235873,0.09329584,0.88912195,0.0101794405
5,5,melanocytic nevi,melanocytic nevi,0.0022969928,0.003172893,0.003810098,0.013164709,0.0007826403,0.9672391,0.009533615
5,5,melanocytic nevi,melanocytic nevi,0.002565244,0.0030812738,0.045216613,0.013292835,0.11682067,0.7853263,0.033697087
5,5,melanocytic nevi,melanocytic nevi,0.0014574383,0.0028610367,0.018777834,0.007422236,0.017677974,0.93368655,0.018116903
5,5,melanocytic nevi,melanocytic nevi,0.0013362915,0.00080791954,0.0024361112,0.006166616,0.009047015,0.97253674,0.0076692835
5,4,melanocytic nevi,melanoma,0.00889396,0.00021521711,0.027688509,0.006238314,0.8264357,0.119543545,0.010984711
6,5,vascular lesions,melanocytic nevi,0.009015353,0.026712922,0.08177178,0.03356959,0.003602958,0.7639445,0.08138289
4,4,melanoma,melanoma,0.0046502794,0.0041945344,0.0034645374,0.005757176,0.6126311,0.3413521,0.027950324
5,5,melanocytic nevi,melanocytic nevi,0.0018149099,0.008641844,0.00472319,0.011464487,0.0087112095,0.935959,0.028685445
5,5,melanocytic nevi,melanocytic nevi,0.0019434069,0.0009909733,0.0015924829,0.0026585408,0.0032613873,0.9849961,0.0045571043
5,0,melanocytic nevi,actinic keratoses and intraepithelial carcinoma,0.53843194,0.051437244,0.058585245,0.14296964,0.05097066,0.066892155,0.090713136
5,4,melanocytic nevi,melanoma,0.0073816977,0.0010190253,0.06108952,0.03668627,0.4709967,0.397113,0.025713855
5,5,melanocytic nevi,melanocytic nevi,0.009563618,0.005354394,0.02662301,0.006971044,0.001663349,0.9287473,0.021077242
4,4,melanoma,melanoma,0.011444715,0.0016566261,0.007865117,0.010662262,0.48005036,0.4635491,0.024771824
5,5,melanocytic nevi,melanocytic nevi,0.0028706193,0.008527869,0.00072787807,0.010888921,0.012398621,0.93640685,0.028179215
3,1,dermatofibroma,basal cell carcinoma,0.010190296,0.31390607,0.028315365,0.0768746,0.09598523,0.2787239,0.19600451
5,5,melanocytic nevi,melanocytic nevi,0.026561266,0.0053984937,0.0020418703,0.03385078,0.049228,0.8548353,0.028084308
5,5,melanocytic nevi,melanocytic nevi,0.0020652777,0.005135713,0.0016025704,0.0065474343,0.070370294,0.89898413,0.015294664
3,5,dermatofibroma,melanocytic nevi,0.01960248,0.013627822,0.020544523,0.0101070665,0.004162635,0.89412194,0.03783349
1,1,basal cell carcinoma,basal cell carcinoma,0.055511758,0.8964673,0.0024022222,0.019383708,0.0014065015,0.0078968955,0.01693169
5,5,melanocytic nevi,melanocytic nevi,0.0044404236,0.0059265527,0.006905384,0.022385243,0.13514204,0.791044,0.03415633
5,5,melanocytic nevi,melanocytic nevi,0.0045738397,0.010792822,0.068975836,0.016394187,0.015899574,0.82285327,0.060510498
5,5,melanocytic nevi,melanocytic nevi,0.0030571732,0.0028359308,0.0020520808,0.00389387,0.011116643,0.9665218,0.010522411
5,5,melanocytic nevi,melanocytic nevi,0.0010127807,0.00090048095,0.00037444773,0.0032444175,0.04854815,0.9390872,0.0068325223
5,5,melanocytic nevi,melanocytic nevi,0.018179897,0.002404962,0.011827578,0.02569588,0.10655175,0.81914234,0.016197618
5,5,melanocytic nevi,melanocytic nevi,0.0031464081,0.00047809706,0.024348393,0.010693948,0.018903991,0.9309005,0.011528681
5,5,melanocytic nevi,melanocytic nevi,0.011852687,0.0010981415,0.09737149,0.03903928,0.11826484,0.7086252,0.023748288
5,5,melanocytic nevi,melanocytic nevi,0.013847755,0.22942555,0.014960609,0.035301823,0.08187554,0.39916754,0.22542123
5,5,melanocytic nevi,melanocytic nevi,0.0030133724,0.0037081712,0.003190686,0.008391836,0.015580401,0.95238674,0.013728724
4,4,melanoma,melanoma,0.037132647,0.001265973,0.04651996,0.0306634,0.8357869,0.034300607,0.014330495
5,5,melanocytic nevi,melanocytic nevi,0.0011830498,0.00091892586,0.08353813,0.0045637395,0.017324131,0.87965405,0.012818012
5,5,melanocytic nevi,melanocytic nevi,0.015229446,0.041995127,0.0027640997,0.0140178595,0.043694943,0.83831966,0.043978944
5,5,melanocytic nevi,melanocytic nevi,0.0014628835,0.016415887,0.09875388,0.029611744,0.31358021,0.4553044,0.08487096
2,2,benign keratosis-like lesions,benign keratosis-like lesions,0.038406156,0.058688246,0.75717854,0.027602147,0.03648117,0.04493875,0.036704928
5,5,melanocytic nevi,melanocytic nevi,0.0014485401,0.00045319818,0.0008483475,0.0027875847,0.043027688,0.94681036,0.0046243365
2,2,benign keratosis-like lesions,benign keratosis-like lesions,0.023290973,0.0010270617,0.8247032,0.014071396,0.04781798,0.07898432,0.010105076
2,4,benign keratosis-like lesions,melanoma,0.048917647,0.0029629893,0.10066289,0.11754385,0.5756929,0.13868974,0.015529999
2,2,benign keratosis-like lesions,benign keratosis-like lesions,0.09500177,0.10130116,0.67820984,0.07369713,0.004868461,0.014991043,0.031930644
5,5,melanocytic nevi,melanocytic nevi,0.008126534,0.0007396588,0.099474415,0.025100028,0.16369955,0.68559206,0.017267764
2,5,benign keratosis-like lesions,melanocytic nevi,0.00043649718,0.00023226615,0.1438776,0.0035849442,0.20710737,0.63263094,0.012130406
5,5,melanocytic nevi,melanocytic nevi,0.020268083,0.021644803,0.061578136,0.1475138,0.12759805,0.5459203,0.07547684
2,2,benign keratosis-like lesions,benign keratosis-like lesions,0.0009979579,0.0010356954,0.92494494,0.0012315297,0.004197386,0.058140468,0.009451963
4,4,melanoma,melanoma,0.001662572,0.0006195112,0.14788172,0.0055477414,0.5606931,0.26705754,0.016537817
4,4,melanoma,melanoma,0.0032246043,0.00089681573,0.055081528,0.009325347,0.83737403,0.08070389,0.013393768
4,4,melanoma,melanoma,0.021464894,0.0010544446,0.22583953,0.012745106,0.53625107,0.18319136,0.019453516
5,5,melanocytic nevi,melanocytic nevi,0.005069555,0.003524364,0.0022610493,0.007846978,0.15733013,0.80836076,0.015607197
2,2,benign keratosis-like lesions,benign keratosis-like lesions,0.010582481,0.002768299,0.9317065,0.022865249,0.008260272,0.011566073,0.012251144
5,5,melanocytic nevi,melanocytic nevi,0.0042887004,0.004915843,0.0025358365,0.005598048,0.0024649636,0.9704553,0.009741281
5,5,melanocytic nevi,melanocytic nevi,0.0010491331,0.0021527307,0.0051137228,0.003577448,0.016419204,0.96155834,0.010129363
5,5,melanocytic nevi,melanocytic nevi,0.010387069,0.005089157,0.006399086,0.0064155106,0.018790498,0.9365826,0.016336089
5,5,melanocytic nevi,melanocytic nevi,0.0026193273,0.007341323,0.035572898,0.009871588,0.0012180145,0.9254063,0.017970555
5,5,melanocytic nevi,melanocytic nevi,0.0017946975,0.0024675396,0.0010470754,0.005017241,0.01687979,0.9673864,0.005407235
2,2,benign keratosis-like lesions,benign keratosis-like lesions,0.0011906637,0.003318397,0.7858688,0.009404152,0.01629381,0.15783386,0.026090302
5,5,melanocytic nevi,melanocytic nevi,0.0058898106,0.016940476,0.0041457107,0.015886782,0.13317478,0.7715821,0.052380342
6,1,vascular lesions,basal cell carcinoma,0.0028901505,0.7681734,0.0021110368,0.011109588,0.009416777,0.083438285,0.12286073
5,5,melanocytic nevi,melanocytic nevi,0.006691803,0.0021010097,0.009799965,0.014493653,0.27870953,0.6713825,0.016821584
5,5,melanocytic nevi,melanocytic nevi,0.0019516381,0.2017096,0.0029718736,0.011983788,0.020789381,0.65155065,0.109043114
4,4,melanoma,melanoma,0.002745381,0.00032568828,0.24897347,0.0049764486,0.5351838,0.20097438,0.006820817
5,5,melanocytic nevi,melanocytic nevi,0.0027055482,0.0014072199,0.00735921,0.011919851,0.019916058,0.94411576,0.012576383
4,4,melanoma,melanoma,0.0010260467,0.003955359,0.0028576148,0.017706009,0.50771695,0.43734014,0.029397814
5,5,melanocytic nevi,melanocytic nevi,0.0049745836,0.003912675,0.0068152053,0.01106386,0.0018514133,0.95551777,0.015864518
5,5,melanocytic nevi,melanocytic nevi,0.011866083,0.031340208,0.007796991,0.037255324,0.0020123813,0.87273425,0.036994837
5,5,melanocytic nevi,melanocytic nevi,0.011701391,0.012498522,0.1504232,0.017427666,0.043261904,0.62622976,0.13845757
2,2,benign keratosis-like lesions,benign keratosis-like lesions,0.01737983,0.003353381,0.80837417,0.024357324,0.059398763,0.072646216,0.0144903585
5,5,melanocytic nevi,melanocytic nevi,0.0031026476,0.018654067,0.0129639,0.015572474,0.30701974,0.5682736,0.07441358
2,2,benign keratosis-like lesions,benign keratosis-like lesions,0.0024373059,0.0023426292,0.4839979,0.013552436,0.36429146,0.10170809,0.031670187
5,5,melanocytic nevi,melanocytic nevi,0.0032326558,0.004538896,0.003332844,0.0072732577,0.073767945,0.8863579,0.021496449
5,5,melanocytic nevi,melanocytic nevi,0.0023308299,0.0017841877,0.0030071514,0.0035399697,0.0068338024,0.9729127,0.0095913615
4,4,melanoma,melanoma,0.01651279,0.0013891829,0.021751186,0.009862875,0.9362639,0.007267259,0.00695284
0,0,actinic keratoses and intraepithelial carcinoma,actinic keratoses and intraepithelial carcinoma,0.95167446,0.026257692,0.0024039287,0.007806993,0.00053418777,0.007251562,0.004071169
2,2,benign keratosis-like lesions,benign keratosis-like lesions,0.007505035,0.0006491502,0.8437365,0.009586516,0.0476878,0.08087353,0.009961442
5,5,melanocytic nevi,melanocytic nevi,0.14798346,0.008575078,0.30454692,0.057041228,0.010947587,0.4434976,0.027408035
5,5,melanocytic nevi,melanocytic nevi,0.0014505105,0.0023208775,0.0019640028,0.0024721392,0.0216097,0.9590572,0.011125528
5,5,melanocytic nevi,melanocytic nevi,0.0037506968,0.025482686,0.060056496,0.024484944,0.048837323,0.7582001,0.07918772
6,5,vascular lesions,melanocytic nevi,0.007892526,0.081181526,0.004016055,0.033585906,0.013058193,0.7386247,0.1216411
0,0,actinic keratoses and intraepithelial carcinoma,actinic keratoses and intraepithelial carcinoma,0.51881665,0.04985901,0.031808015,0.08206081,0.042474844,0.18950011,0.08548061
5,5,melanocytic nevi,melanocytic nevi,0.0033377507,0.0036917904,0.0019720704,0.0069101783,0.061544083,0.9048084,0.017735759
5,5,melanocytic nevi,melanocytic nevi,0.0025945725,0.0021257615,0.0012655117,0.0030067444,0.004967579,0.98061967,0.005420115
5,5,melanocytic nevi,melanocytic nevi,0.00044873476,0.00075808674,0.00072732056,0.0024553416,0.019406335,0.9720553,0.0041488204
5,5,melanocytic nevi,melanocytic nevi,0.010896667,0.012115521,0.008757506,0.03618173,0.014045101,0.8930981,0.024905354
5,5,melanocytic nevi,melanocytic nevi,0.0021250371,0.0012993059,0.015701585,0.005186096,0.00714139,0.9595066,0.009040076
2,2,benign keratosis-like lesions,benign keratosis-like lesions,0.005861106,0.0043930677,0.49413887,0.023139164,0.004650406,0.45049143,0.017325884
0,0,actinic keratoses and intraepithelial carcinoma,actinic keratoses and intraepithelial carcinoma,0.93784344,0.0038615437,0.01942949,0.000131856,0.0019842985,0.028334675,0.008414662
4,4,melanoma,melanoma,0.003285957,0.000984607,0.031869378,0.006863948,0.49342084,0.4477741,0.015801167
5,5,melanocytic nevi,melanocytic nevi,0.005739198,0.008096731,0.006720863,0.006032568,0.07409804,0.8733091,0.026003426
3,5,dermatofibroma,melanocytic nevi,0.043434028,0.030620623,0.19579554,0.09779905,0.08263088,0.4740106,0.07570935
5,5,melanocytic nevi,melanocytic nevi,0.025457397,0.01904138,0.00488224,0.0023644392,0.0035984898,0.9185877,0.0260684
5,5,melanocytic nevi,melanocytic nevi,0.0024809712,0.0020418502,0.02042688,0.0065230713,0.07602397,0.8633112,0.029192163
1,1,basal cell carcinoma,basal cell carcinoma,0.004462405,0.93529785,0.0028032162,0.0044742706,0.007257196,0.014004163,0.03170098
5,2,melanocytic nevi,benign keratosis-like lesions,0.002579591,0.001544865,0.6003154,0.005935886,0.0047494243,0.36906424,0.015810573
2,2,benign keratosis-like lesions,benign keratosis-like lesions,0.0096242735,0.0024433432,0.909013,0.0074560135,0.0314736,0.02673838,0.013251387
5,5,melanocytic nevi,melanocytic nevi,0.017068932,0.0045953793,0.006369689,0.0135744605,0.05077305,0.8802474,0.027371159
5,1,melanocytic nevi,basal cell carcinoma,0.013972366,0.6633687,0.036615193,0.039749146,0.008076727,0.1061249,0.13209292
5,5,melanocytic nevi,melanocytic nevi,0.023164831,0.0142507935,0.03334586,0.052847415,0.0026527867,0.8463906,0.027347624
5,1,melanocytic nevi,basal cell carcinoma,0.018383441,0.4552456,0.04411325,0.033795588,0.006579826,0.28546953,0.15641272
5,5,melanocytic nevi,melanocytic nevi,0.010807704,0.007849369,0.005657071,0.021015976,0.36222646,0.5684761,0.02396737
5,5,melanocytic nevi,melanocytic nevi,0.0006844059,0.0007975544,0.00094716443,0.0024350868,0.015302388,0.9744728,0.005360564
5,5,melanocytic nevi,melanocytic nevi,0.0037672268,0.0016835458,0.039625417,0.0101362895,0.10127456,0.82634383,0.017169135
4,4,melanoma,melanoma,0.014220538,0.015339643,0.35817945,0.035123132,0.4491243,0.08266119,0.045351736
2,2,benign keratosis-like lesions,benign keratosis-like lesions,0.0021092554,0.0026088723,0.9768728,0.008077667,0.000257195,0.0051477603,0.004926554
4,5,melanoma,melanocytic nevi,0.010411645,0.007992137,0.013129059,0.043894235,0.31105843,0.5688918,0.04462266
2,2,benign keratosis-like lesions,benign keratosis-like lesions,0.0010473023,0.0022451454,0.8467271,0.005592178,0.057630308,0.07509807,0.0116599025
2,2,benign keratosis-like lesions,benign keratosis-like lesions,0.008136314,0.005998575,0.9430283,0.011569456,0.003941773,0.020467823,0.0068577654
5,5,melanocytic nevi,melanocytic nevi,0.00825249,0.00070882763,0.008100742,0.008492011,0.0048178677,0.96226174,0.007366396
5,5,melanocytic nevi,melanocytic nevi,0.005784262,0.007324157,0.0033569965,0.0049232547,0.012342642,0.9487678,0.017501023
0,2,actinic keratoses and intraepithelial carcinoma,benign keratosis-like lesions,0.07313872,0.11820608,0.48136753,0.14401698,0.029767862,0.07873138,0.07477142
5,5,melanocytic nevi,melanocytic nevi,0.002046018,0.008666543,0.0009370141,0.009637079,0.0024317477,0.9630337,0.013247852
4,4,melanoma,melanoma,0.00933689,0.0030879243,0.017707048,0.019917984,0.8290815,0.10154122,0.01932748
4,5,melanoma,melanocytic nevi,0.0024678023,0.0026993284,0.029190723,0.006913431,0.42954093,0.50818354,0.021004245
3,5,dermatofibroma,melanocytic nevi,0.059388813,0.18126169,0.009870958,0.2052353,0.0018003104,0.43215594,0.110286936
5,5,melanocytic nevi,melanocytic nevi,0.0065746116,0.0039530536,0.0015590617,0.0014032259,0.007623625,0.9690832,0.00980311
5,2,melanocytic nevi,benign keratosis-like lesions,0.0076112007,0.010771008,0.7353825,0.014950595,0.0035677368,0.15942638,0.0682906
0,0,actinic keratoses and intraepithelial carcinoma,actinic keratoses and intraepithelial carcinoma,0.79512846,0.1579056,0.0012572501,0.02855362,0.0032349776,0.0043811756,0.009538899
2,2,benign keratosis-like lesions,benign keratosis-like lesions,0.003219851,0.0053611905,0.9222992,0.0094672255,0.017852657,0.030602051,0.011197864
5,5,melanocytic nevi,melanocytic nevi,0.01156255,0.004406126,0.0078118923,0.025643393,0.0054664933,0.9284322,0.01667743
5,5,melanocytic nevi,melanocytic nevi,0.0033177843,0.0028038158,0.09364969,0.024619171,0.14418519,0.704386,0.027038412
5,3,melanocytic nevi,dermatofibroma,0.08571971,0.24780042,0.063264996,0.28057963,0.017638018,0.19277512,0.11222215
1,1,basal cell carcinoma,basal cell carcinoma,0.005029695,0.89695275,0.0014469374,0.018913738,0.007111966,0.019271558,0.051273335
5,5,melanocytic nevi,melanocytic nevi,0.001432044,0.0018822426,0.011173098,0.00897449,0.038376573,0.925013,0.01314859
2,2,benign keratosis-like lesions,benign keratosis-like lesions,0.018811984,0.010182243,0.77449495,0.024421727,0.055811595,0.07805697,0.038220637
5,2,melanocytic nevi,benign keratosis-like lesions,0.006904861,0.007140812,0.62977433,0.018790152,0.009363706,0.29221216,0.035813954
2,2,benign keratosis-like lesions,benign keratosis-like lesions,0.0015491215,0.004033353,0.9415995,0.014475807,0.00030221368,0.025210671,0.012829453
4,5,melanoma,melanocytic nevi,0.001824505,0.003917823,0.0020459823,0.0078031705,0.121355295,0.8466587,0.016394544
4,4,melanoma,melanoma,0.0053565423,0.0020994793,0.007852468,0.007558515,0.9294468,0.028340865,0.019345317
5,6,melanocytic nevi,vascular lesions,0.066000976,0.17343009,0.07896968,0.061620403,0.09049514,0.21716079,0.31232288
5,5,melanocytic nevi,melanocytic nevi,0.004810617,0.019791981,0.0015580268,0.01750584,0.014899285,0.9101994,0.031234894
5,5,melanocytic nevi,melanocytic nevi,0.00272424,0.00243626,0.0016040874,0.001924669,0.0043713865,0.97976035,0.007179025
3,5,dermatofibroma,melanocytic nevi,0.008824532,0.0046148645,0.0022876959,0.044900462,0.0037919288,0.92126125,0.014319245
5,4,melanocytic nevi,melanoma,0.06977357,0.00025605198,0.37375817,0.019608261,0.38627154,0.14166704,0.008665371
5,5,melanocytic nevi,melanocytic nevi,0.0032602926,0.0045855134,0.008604112,0.00982672,0.026922163,0.9170357,0.029765537
5,5,melanocytic nevi,melanocytic nevi,0.00081551867,0.004611077,0.015850917,0.011513067,0.0107023595,0.941067,0.015440068
2,2,benign keratosis-like lesions,benign keratosis-like lesions,0.001050558,0.0025194127,0.9287182,0.0033479715,0.013836238,0.042934295,0.007593398
5,5,melanocytic nevi,melanocytic nevi,0.004841894,0.008957923,0.0692526,0.019144958,0.2517382,0.5959623,0.05010222
2,2,benign keratosis-like lesions,benign keratosis-like lesions,0.000246058,0.00014827815,0.96183085,0.0006234242,0.00038813122,0.033358403,0.0034048292
5,5,melanocytic nevi,melanocytic nevi,0.0018764541,0.0018586616,0.0010659043,0.0021131712,0.016755193,0.9698092,0.006521446
1,1,basal cell carcinoma,basal cell carcinoma,0.0015414781,0.8318043,0.005374592,0.007390459,0.016621895,0.07558958,0.0616777
5,5,melanocytic nevi,melanocytic nevi,0.007464394,0.020297125,0.0011267749,0.03543628,0.19396174,0.6788408,0.06287285
5,5,melanocytic nevi,melanocytic nevi,0.003561472,0.0038097186,0.0023094104,0.0052422513,0.005845475,0.9705541,0.008677518
5,5,melanocytic nevi,melanocytic nevi,0.019805424,0.04493385,0.02752051,0.047837,0.2957902,0.4372067,0.12690634
5,5,melanocytic nevi,melanocytic nevi,0.0021105343,0.0014641304,0.14544052,0.006805408,0.28067744,0.54628783,0.017214203
5,5,melanocytic nevi,melanocytic nevi,0.0077312347,0.011998158,0.0030308824,0.024057887,0.01168038,0.9163338,0.025167527
5,5,melanocytic nevi,melanocytic nevi,0.005205259,0.010573024,0.0825525,0.020534337,0.028028391,0.75610656,0.096999995
5,5,melanocytic nevi,melanocytic nevi,0.0011096367,0.0016129236,0.006862765,0.0028413148,0.04568085,0.9305125,0.011379966
1,1,basal cell carcinoma,basal cell carcinoma,0.0009881707,0.8721729,0.0072121588,0.0046901642,0.0053619603,0.035066858,0.074507825
5,5,melanocytic nevi,melanocytic nevi,0.00060002017,0.00047122722,0.0062700645,0.0034627658,0.13974701,0.838162,0.01128688
4,5,melanoma,melanocytic nevi,0.0022910335,0.00059056364,0.037196446,0.003719532,0.39787555,0.5407626,0.01756426
5,5,melanocytic nevi,melanocytic nevi,0.010243225,0.0170068,0.031944126,0.015586049,0.28448433,0.5271044,0.11363107
6,5,vascular lesions,melanocytic nevi,0.0081321765,0.18913016,0.039351176,0.04110695,0.0039295,0.5661786,0.15217143
5,5,melanocytic nevi,melanocytic nevi,0.0052462523,0.044847015,0.010518042,0.02317557,0.009253357,0.8518392,0.055120606
2,2,benign keratosis-like lesions,benign keratosis-like lesions,0.010465093,0.003019505,0.7977734,0.0066111316,0.14331278,0.024907926,0.013910143
5,5,melanocytic nevi,melanocytic nevi,0.0026255266,0.0035061196,0.073459156,0.011900576,0.13640323,0.7411944,0.03091099
5,5,melanocytic nevi,melanocytic nevi,0.0079475865,0.006053491,0.018006308,0.034863386,0.038578995,0.8577898,0.036760382
2,2,benign keratosis-like lesions,benign keratosis-like lesions,0.007208948,0.0030827397,0.7290504,0.011077803,0.1443511,0.07806944,0.027159508
1,1,basal cell carcinoma,basal cell carcinoma,0.003424021,0.92418164,0.0028885056,0.004938409,0.0076647676,0.026384268,0.03051836
5,5,melanocytic nevi,melanocytic nevi,0.002308118,0.0014510074,0.047057953,0.009268438,0.018479982,0.903277,0.018157473
5,5,melanocytic nevi,melanocytic nevi,0.0022185391,0.0013392082,0.0027192673,0.004678859,0.005099884,0.97563326,0.00831104
2,2,benign keratosis-like lesions,benign keratosis-like lesions,0.0050577135,0.003141646,0.7976373,0.01098028,0.023054605,0.14428781,0.015840635
5,5,melanocytic nevi,melanocytic nevi,0.0062447526,0.034125872,0.13928875,0.06729432,0.0060128146,0.6814635,0.065569974
5,5,melanocytic nevi,melanocytic nevi,0.0011264258,0.0010428252,0.0014425264,0.0036591042,0.011436331,0.9767234,0.0045695095
2,2,benign keratosis-like lesions,benign keratosis-like lesions,0.010848749,0.00014025613,0.9134888,0.0041328184,0.03150205,0.037416935,0.0024704733
5,5,melanocytic nevi,melanocytic nevi,0.0049859956,0.2009623,0.009496049,0.028797498,0.032783903,0.6061475,0.116826676
5,5,melanocytic nevi,melanocytic nevi,0.0012589504,0.00057896564,0.022396425,0.004729489,0.08074441,0.8781581,0.012133643
5,5,melanocytic nevi,melanocytic nevi,0.002071446,0.017916271,0.0030455631,0.006140818,0.006231427,0.93706065,0.027533878
5,5,melanocytic nevi,melanocytic nevi,0.0020475462,0.004304497,0.009003668,0.008943737,0.00397024,0.9580339,0.013696412
5,5,melanocytic nevi,melanocytic nevi,0.017315665,0.00183157,0.0041153855,0.017513894,0.027175289,0.9181025,0.013945617
5,5,melanocytic nevi,melanocytic nevi,0.00068986835,0.0001958806,0.23359852,0.0026166704,0.040606,0.71327776,0.0090152435
4,5,melanoma,melanocytic nevi,0.0013777616,0.0011056107,0.00231568,0.003384702,0.2869677,0.6932649,0.011583735
5,5,melanocytic nevi,melanocytic nevi,0.0030517017,0.0022389852,0.0010840839,0.0018926837,0.15718624,0.82303715,0.011509136
5,5,melanocytic nevi,melanocytic nevi,0.0061504827,0.062326163,0.1728306,0.09264611,0.01751457,0.53222054,0.11631158
0,0,actinic keratoses and intraepithelial carcinoma,actinic keratoses and intraepithelial carcinoma,0.83684677,0.04090215,0.02477962,0.024058448,0.015026955,0.045336023,0.013050031
5,5,melanocytic nevi,melanocytic nevi,0.0054591876,0.0006738134,0.029172534,0.01123521,0.3488338,0.5857401,0.01888532
0,0,actinic keratoses and intraepithelial carcinoma,actinic keratoses and intraepithelial carcinoma,0.6789598,0.02615466,0.0020180314,0.035103448,0.12374986,0.10730437,0.026709897
5,5,melanocytic nevi,melanocytic nevi,0.00094619684,0.0005189217,0.0102483705,0.005857249,0.17722477,0.79603523,0.009169311
5,5,melanocytic nevi,melanocytic nevi,0.0014487185,0.0016601857,0.0032559694,0.005504384,0.029938925,0.9504205,0.007771344
5,5,melanocytic nevi,melanocytic nevi,0.0012629837,0.0009260877,0.002357379,0.0024550718,0.009945231,0.9774392,0.005614029
4,4,melanoma,melanoma,0.002768958,0.002497626,0.14255312,0.009380959,0.5142666,0.3045664,0.023966275
1,1,basal cell carcinoma,basal cell carcinoma,0.057161205,0.8023747,0.009761552,0.012302591,0.0024798943,0.08018981,0.0357303
5,4,melanocytic nevi,melanoma,0.006083633,0.015967436,0.062251877,0.021611663,0.44185317,0.37553063,0.07670162
5,5,melanocytic nevi,melanocytic nevi,0.007565647,0.006349499,0.0074725393,0.025971482,0.009403624,0.9235586,0.01967858
2,2,benign keratosis-like lesions,benign keratosis-like lesions,0.0018587513,0.0014747012,0.9314037,0.0048653726,0.009523053,0.04051546,0.010359046
4,4,melanoma,melanoma,0.002304882,0.0031445727,0.0013260632,0.0051863533,0.5922067,0.38514802,0.010683367
2,2,benign keratosis-like lesions,benign keratosis-like lesions,0.029985178,0.018127566,0.8677898,0.028885253,0.0011002726,0.03940657,0.014705312
5,5,melanocytic nevi,melanocytic nevi,0.0019001417,0.0011296566,0.00080494053,0.006267505,0.0116205625,0.9719539,0.006323171
5,5,melanocytic nevi,melanocytic nevi,0.004318399,0.0018395152,0.018924592,0.032014117,0.015326597,0.90486234,0.022714483
5,5,melanocytic nevi,melanocytic nevi,0.016617278,0.03261772,0.0019965684,0.042388223,0.0029985008,0.85610217,0.04727952
5,5,melanocytic nevi,melanocytic nevi,0.0028769155,0.002214785,0.009049643,0.0077009555,0.084857926,0.8755804,0.017719388
5,5,melanocytic nevi,melanocytic nevi,0.0038554315,0.0020160358,0.002785526,0.0053516855,0.013693108,0.95257,0.01972826
5,5,melanocytic nevi,melanocytic nevi,0.003992529,0.002839217,0.0052411286,0.009262605,0.010165508,0.9543872,0.0141118225
4,5,melanoma,melanocytic nevi,0.002375339,0.02798815,0.003673983,0.0062206555,0.027420131,0.90355635,0.028765364
5,5,melanocytic nevi,melanocytic nevi,0.0020185723,0.012113746,0.0045934482,0.016268056,0.07440761,0.854066,0.036532566
5,5,melanocytic nevi,melanocytic nevi,0.0035948935,0.0032121872,0.00087292114,0.0039041517,0.0039379913,0.9753601,0.009117724
5,5,melanocytic nevi,melanocytic nevi,0.0049271123,0.0063063516,0.013994495,0.010508041,0.06663589,0.8688084,0.02881974
5,5,melanocytic nevi,melanocytic nevi,0.0010195684,0.0005617713,0.002796275,0.0065192576,0.1467281,0.82786405,0.014511007
1,1,basal cell carcinoma,basal cell carcinoma,0.0044151573,0.94590145,0.0040164073,0.008666688,0.00036190316,0.013680449,0.02295805
2,2,benign keratosis-like lesions,benign keratosis-like lesions,0.018408988,0.0041700895,0.7024174,0.029005323,0.027222656,0.19163783,0.027137788
5,5,melanocytic nevi,melanocytic nevi,0.0017713325,0.0017110513,0.000812432,0.0029251971,0.024168983,0.9610526,0.007558449
5,5,melanocytic nevi,melanocytic nevi,0.0032093085,0.0013050531,0.072553515,0.015831895,0.027883016,0.86734843,0.011868777
5,5,melanocytic nevi,melanocytic nevi,0.004111005,0.0012222512,0.0043001417,0.0065141795,0.024626888,0.9466928,0.012532758
4,4,melanoma,melanoma,0.005303264,0.0017740463,0.0040054834,0.006457702,0.69521147,0.27438667,0.012861394
1,1,basal cell carcinoma,basal cell carcinoma,0.003803683,0.91393137,0.005191462,0.0022118469,0.00056339114,0.051667515,0.022630747
5,5,melanocytic nevi,melanocytic nevi,0.00046669232,0.0007841981,0.0017235873,0.0050125946,0.0039912774,0.9829049,0.0051166485
4,5,melanoma,melanocytic nevi,0.016418034,0.044876568,0.04290303,0.055470333,0.3295319,0.42348835,0.08731172
4,5,melanoma,melanocytic nevi,0.008900219,0.004111453,0.03188433,0.011358821,0.31260687,0.5933683,0.03776998
5,5,melanocytic nevi,melanocytic nevi,0.0048973933,0.0065808613,0.0056675873,0.0110649215,0.12473584,0.8218695,0.025183922
4,4,melanoma,melanoma,0.021031022,0.00042522134,0.0071453596,0.007035932,0.95209605,0.009212094,0.0030542812
5,5,melanocytic nevi,melanocytic nevi,0.016200121,0.014450198,0.002810689,0.0031118076,0.012943147,0.9271511,0.023333
5,5,melanocytic nevi,melanocytic nevi,0.0022738492,0.0048152357,0.052420165,0.014129125,0.30488446,0.58919686,0.032280292
0,0,actinic keratoses and intraepithelial carcinoma,actinic keratoses and intraepithelial carcinoma,0.99028,8.048845e-05,0.0006177249,0.0016198739,0.0066172895,0.000539453,0.00024522239
2,2,benign keratosis-like lesions,benign keratosis-like lesions,0.07155319,0.07885162,0.6234102,0.13898516,0.006462897,0.04748788,0.03324901
4,4,melanoma,melanoma,0.002729795,0.001744707,0.008265648,0.0050975513,0.74037766,0.22575545,0.016029105
5,5,melanocytic nevi,melanocytic nevi,0.0044117253,0.0022262526,0.012065037,0.012675892,0.35399708,0.5906244,0.02399965
5,5,melanocytic nevi,melanocytic nevi,0.0013341323,0.0017677238,0.006860121,0.011559383,0.35825312,0.5991927,0.021032803
5,5,melanocytic nevi,melanocytic nevi,0.011431816,0.0075864824,0.027173873,0.025914634,0.0288538,0.86925966,0.02977964
5,5,melanocytic nevi,melanocytic nevi,0.015162532,0.076220766,0.0005009047,0.014115791,0.0049704006,0.8438423,0.045187205
3,2,dermatofibroma,benign keratosis-like lesions,0.10981408,0.0023059528,0.80089045,0.027611043,0.0028359361,0.041769307,0.014773165
5,5,melanocytic nevi,melanocytic nevi,0.00773104,0.0059997886,0.006846252,0.016453676,0.054154348,0.8776731,0.031141741
5,5,melanocytic nevi,melanocytic nevi,0.0042693843,0.010265561,0.0014460142,0.002735874,0.007816181,0.96380216,0.009664898
0,0,actinic keratoses and intraepithelial carcinoma,actinic keratoses and intraepithelial carcinoma,0.8679677,0.028890416,0.0023217255,0.081561044,0.002062166,0.009529697,0.007667287
2,2,benign keratosis-like lesions,benign keratosis-like lesions,0.0125750555,0.0036453153,0.8036347,0.025608873,0.07310232,0.05848066,0.022953046
2,2,benign keratosis-like lesions,benign keratosis-like lesions,0.017288279,0.00051348493,0.94529986,0.0050111553,0.009318042,0.019919807,0.0026493885
5,5,melanocytic nevi,melanocytic nevi,0.003254852,0.007133166,0.003294716,0.008732368,0.14749111,0.8061001,0.023993578
5,5,melanocytic nevi,melanocytic nevi,0.007380109,0.0051785395,0.040188957,0.0152595835,0.008367919,0.8902815,0.033343468
1,1,basal cell carcinoma,basal cell carcinoma,0.012973017,0.8065988,0.0016773352,0.021353267,0.06344896,0.0047425544,0.08920615
5,5,melanocytic nevi,melanocytic nevi,0.0028943734,0.003319932,0.0027725142,0.004972893,0.0031984155,0.9751506,0.007691307
5,5,melanocytic nevi,melanocytic nevi,0.00024716218,0.00010878501,0.002889237,0.0019217662,0.022361837,0.9691674,0.0033037702
5,5,melanocytic nevi,melanocytic nevi,0.01124505,0.0049804114,0.045876637,0.017001493,0.07655344,0.8170196,0.027323373
2,2,benign keratosis-like lesions,benign keratosis-like lesions,0.03287694,0.015806181,0.8098776,0.04322368,0.006097648,0.06090882,0.031209113
5,5,melanocytic nevi,melanocytic nevi,0.0007651971,0.000579262,0.021223081,0.0041158153,0.0111903,0.952787,0.009339387
5,0,melanocytic nevi,actinic keratoses and intraepithelial carcinoma,0.4086693,0.0026861776,0.04571913,0.13023393,0.27507496,0.1146413,0.022975145
4,3,melanoma,dermatofibroma,0.12051063,0.0963237,0.009426872,0.31230453,0.28716144,0.105547905,0.06872495
5,5,melanocytic nevi,melanocytic nevi,0.00593571,0.0023380725,0.014071277,0.013926122,0.06622094,0.8783628,0.019145131
0,1,actinic keratoses and intraepithelial carcinoma,basal cell carcinoma,0.26116368,0.57255745,0.010145533,0.117359355,0.00023169631,0.01483082,0.023711467
1,1,basal cell carcinoma,basal cell carcinoma,0.0152593,0.8149258,0.0015530082,0.046187997,0.01495586,0.024183402,0.082934655
5,5,melanocytic nevi,melanocytic nevi,0.0022138506,0.00068881747,0.0014335392,0.0030647381,0.017235134,0.9684539,0.006910078
5,5,melanocytic nevi,melanocytic nevi,0.0012521769,0.0015952479,0.0016807689,0.0037220723,0.022469621,0.9601612,0.009118799
5,5,melanocytic nevi,melanocytic nevi,0.004773272,0.0057336185,0.0019235782,0.00410182,0.0031258373,0.9727395,0.007602376
5,5,melanocytic nevi,melanocytic nevi,0.0016455413,0.0012921601,0.004672616,0.006779707,0.123457626,0.8496455,0.012506787
4,4,melanoma,melanoma,0.009654265,0.0021124731,0.036891628,0.018582081,0.49316543,0.41737604,0.022218004
1,1,basal cell carcinoma,basal cell carcinoma,0.0087921135,0.48270813,0.09095968,0.037685703,0.007439736,0.24742258,0.12499207
5,5,melanocytic nevi,melanocytic nevi,0.0004869975,0.0011133726,0.00074044557,0.0030374422,0.0709159,0.91709876,0.0066070477
5,5,melanocytic nevi,melanocytic nevi,0.0041230735,0.009220093,0.009868823,0.021315439,0.004774092,0.92771727,0.022981107
5,5,melanocytic nevi,melanocytic nevi,0.0028729716,0.0028199032,0.0027953046,0.006211296,0.0686886,0.9002425,0.016369496
5,5,melanocytic nevi,melanocytic nevi,0.0013274816,0.0043081134,0.0035188028,0.0054191723,0.020837678,0.9523865,0.012202166
5,5,melanocytic nevi,melanocytic nevi,0.0038042315,0.0051361336,0.008574583,0.013288042,0.07040603,0.8644723,0.03431858
5,5,melanocytic nevi,melanocytic nevi,0.0064367815,0.0012921749,0.005880217,0.011261289,0.10173518,0.86002004,0.013374265
2,2,benign keratosis-like lesions,benign keratosis-like lesions,0.0011024777,0.00020638463,0.9718482,0.0024985203,0.004678937,0.017713767,0.0019516628
2,2,benign keratosis-like lesions,benign keratosis-like lesions,0.003064605,0.0031065503,0.95380545,0.0048727016,0.023059143,0.0070091197,0.0050825076
5,5,melanocytic nevi,melanocytic nevi,0.0027950238,0.0022560551,0.03568564,0.015252158,0.011408749,0.91831136,0.014290985
5,5,melanocytic nevi,melanocytic nevi,0.004969493,0.0017338959,0.011306593,0.012851637,0.029082937,0.92440987,0.015645595
5,5,melanocytic nevi,melanocytic nevi,0.004731218,0.006794349,0.0066833496,0.011053719,0.1467933,0.78867924,0.03526478
2,2,benign keratosis-like lesions,benign keratosis-like lesions,0.021317018,0.002608975,0.7594466,0.03250404,0.030702682,0.12926058,0.02416013
5,5,melanocytic nevi,melanocytic nevi,0.0025103441,0.0013496288,0.010972834,0.005836502,0.0047688326,0.966463,0.008098889
5,5,melanocytic nevi,melanocytic nevi,0.003641343,0.0018854421,0.0014232798,0.0049114553,0.0068168063,0.9736268,0.007694874
5,5,melanocytic nevi,melanocytic nevi,0.0011858147,0.0006736325,0.0021558076,0.006463296,0.0043230224,0.97530705,0.009891359
5,5,melanocytic nevi,melanocytic nevi,0.01975005,0.03351398,0.1082501,0.040545214,0.0686148,0.6643028,0.065023065
5,5,melanocytic nevi,melanocytic nevi,0.0067139436,0.010808895,0.041074257,0.022310533,0.0023818766,0.88141257,0.03529789
0,1,actinic keratoses and intraepithelial carcinoma,basal cell carcinoma,0.08579824,0.6893606,0.026641699,0.114899814,0.0005827701,0.03349205,0.049224827
5,5,melanocytic nevi,melanocytic nevi,0.0035337587,0.0064004585,0.0056631584,0.01566371,0.00644339,0.9380453,0.024250235
4,4,melanoma,melanoma,0.03899499,0.00023216521,0.0069109723,0.0065937606,0.9132399,0.030049086,0.003979184
5,5,melanocytic nevi,melanocytic nevi,0.015251166,0.005841456,0.002982504,0.02256933,0.0104324585,0.92388695,0.019036053
2,2,benign keratosis-like lesions,benign keratosis-like lesions,0.006921426,0.0019877895,0.79640365,0.0054843575,0.06433433,0.099798985,0.02506943
2,2,benign keratosis-like lesions,benign keratosis-like lesions,0.0032049313,0.0010268174,0.97201693,0.00456072,0.0016664453,0.013902189,0.0036220576
1,1,basal cell carcinoma,basal cell carcinoma,0.0017310636,0.94902647,0.005604307,0.0072891754,0.0012693098,0.012548552,0.022531196
5,5,melanocytic nevi,melanocytic nevi,0.0026829808,0.0013075013,0.0013414508,0.0036303569,0.04260529,0.93998224,0.008450316
4,5,melanoma,melanocytic nevi,0.0024201437,0.0031019447,0.0023801767,0.0081160925,0.08631597,0.87771297,0.019952763
5,5,melanocytic nevi,melanocytic nevi,0.010224035,0.061515864,0.19287476,0.07262572,0.05198972,0.5158577,0.0949122
5,5,melanocytic nevi,melanocytic nevi,0.008728691,0.3135559,0.0020596853,0.013933844,0.007693554,0.5574851,0.096543245
5,5,melanocytic nevi,melanocytic nevi,0.0034935747,0.0026316317,0.012781433,0.0078060846,0.05076235,0.89965034,0.022874555
0,0,actinic keratoses and intraepithelial carcinoma,actinic keratoses and intraepithelial carcinoma,0.9933342,4.667444e-05,0.0048156464,0.0014025754,8.0574624e-05,0.00023084918,8.959112e-05
5,5,melanocytic nevi,melanocytic nevi,0.0008370668,0.0006814436,0.007831573,0.005297797,0.16861802,0.80627626,0.010457789
5,5,melanocytic nevi,melanocytic nevi,0.0111613,0.0038591498,0.018383674,0.009918445,0.057859227,0.8746805,0.024137653
2,2,benign keratosis-like lesions,benign keratosis-like lesions,0.0033560046,0.0011970734,0.9531636,0.0034301567,0.00088904874,0.03361275,0.0043512546
5,5,melanocytic nevi,melanocytic nevi,0.004865952,0.010499527,0.0045040357,0.008907493,0.010082073,0.9419617,0.019179296
5,5,melanocytic nevi,melanocytic nevi,0.008554091,0.00073623453,0.043454424,0.02006693,0.0066410345,0.9079859,0.0125613855
0,0,actinic keratoses and intraepithelial carcinoma,actinic keratoses and intraepithelial carcinoma,0.88616675,0.009326342,0.04219809,0.00261274,0.0027347512,0.048770484,0.008190768
5,5,melanocytic nevi,melanocytic nevi,0.005147944,0.0035896688,0.0154122505,0.015961366,0.06010932,0.873288,0.026491469
5,5,melanocytic nevi,melanocytic nevi,0.003100546,0.007692694,0.0059768525,0.044213843,0.22247243,0.6871958,0.02934783
5,5,melanocytic nevi,melanocytic nevi,0.002762767,0.0018647833,0.045746434,0.011155563,0.08688088,0.83368015,0.017909361
5,5,melanocytic nevi,melanocytic nevi,0.0013331388,0.011727931,0.0017422083,0.0085089905,0.003945393,0.9471965,0.025545817
5,5,melanocytic nevi,melanocytic nevi,0.004021661,0.00041911047,0.0040431116,0.0060486966,0.026680315,0.9512388,0.0075483276
5,5,melanocytic nevi,melanocytic nevi,0.0013574988,0.10807037,0.0017482587,0.010466914,0.11341327,0.6755296,0.08941405
5,5,melanocytic nevi,melanocytic nevi,0.0075721378,0.0057420805,0.0013120517,0.0060275854,0.019617232,0.94338703,0.016341887
5,5,melanocytic nevi,melanocytic nevi,0.0036753612,0.014414769,0.044039164,0.022005409,0.0418307,0.8216234,0.05241118
5,5,melanocytic nevi,melanocytic nevi,0.0008491793,0.00097223604,0.0011515564,0.0043656197,0.022179237,0.96180177,0.008680304
5,5,melanocytic nevi,melanocytic nevi,0.0027957947,0.0056464765,0.0054607666,0.01143465,0.0069457088,0.95121735,0.01649929
5,5,melanocytic nevi,melanocytic nevi,0.006918614,0.00597418,0.01883354,0.024141567,0.049591605,0.86335176,0.031188788
5,5,melanocytic nevi,melanocytic nevi,0.0037675828,0.003524012,0.0024751853,0.0069431365,0.0598033,0.90394783,0.019538883
5,5,melanocytic nevi,melanocytic nevi,0.0006146249,0.0010931719,0.012558362,0.00728692,0.0045329086,0.968234,0.005679945
5,5,melanocytic nevi,melanocytic nevi,0.017074559,0.0027056527,0.02429279,0.011330913,0.019348752,0.9085748,0.016672485
4,2,melanoma,benign keratosis-like lesions,0.0020143595,0.00014752736,0.48284867,0.0028100216,0.38373846,0.12318794,0.0052530495
5,5,melanocytic nevi,melanocytic nevi,0.0046209903,0.05160497,0.0019650534,0.02924557,0.11175765,0.731638,0.0691677
5,5,melanocytic nevi,melanocytic nevi,0.0029344533,0.0060882345,0.00080631615,0.0035201819,0.0089288475,0.9676856,0.010036408
5,5,melanocytic nevi,melanocytic nevi,0.0041493243,0.016105663,0.0026086187,0.009014689,0.030443124,0.9033981,0.034280475
5,5,melanocytic nevi,melanocytic nevi,0.0077043474,0.01417977,0.0039905393,0.012295009,0.041092575,0.891997,0.028740736
5,5,melanocytic nevi,melanocytic nevi,0.00073390786,0.00076149893,0.00095080445,0.0026050636,0.012038005,0.97725874,0.005652054
5,5,melanocytic nevi,melanocytic nevi,0.0075607277,0.007780218,0.0020613,0.0024858832,0.004367482,0.9635186,0.012225723
5,5,melanocytic nevi,melanocytic nevi,0.0029943348,0.0028462976,0.0019129659,0.015466169,0.012872163,0.9536186,0.010289425
5,5,melanocytic nevi,melanocytic nevi,0.0023675808,0.0085267415,0.0027140796,0.008465317,0.023729177,0.93668574,0.017511394
4,4,melanoma,melanoma,0.0022996715,0.18171453,0.007129834,0.017778944,0.67719895,0.019296698,0.09458136
5,5,melanocytic nevi,melanocytic nevi,0.0038102015,0.0016369979,0.01766595,0.00875486,0.0042213197,0.95199245,0.011918185
5,5,melanocytic nevi,melanocytic nevi,0.0019892086,0.0027171401,0.009246023,0.008014336,0.09701725,0.8571708,0.023845205
2,2,benign keratosis-like lesions,benign keratosis-like lesions,0.025995981,0.1258526,0.686078,0.06655103,0.011590918,0.037291598,0.046639845
5,5,melanocytic nevi,melanocytic nevi,0.0014798597,0.0029193347,0.00080422097,0.0053887083,0.0047603413,0.97553456,0.009113092
5,5,melanocytic nevi,melanocytic nevi,0.024129929,0.020197216,0.108253,0.074196346,0.124517046,0.5771684,0.071538046
4,4,melanoma,melanoma,0.033756454,0.013906631,0.0027978576,0.09953959,0.74788207,0.074041486,0.028075872
5,5,melanocytic nevi,melanocytic nevi,0.0024110985,0.0040518655,0.0028002448,0.0052122683,0.024965364,0.94505346,0.015505682
5,5,melanocytic nevi,melanocytic nevi,0.0030861578,0.0037060992,0.09640435,0.016419046,0.33868223,0.50554425,0.03615789
5,5,melanocytic nevi,melanocytic nevi,0.002128608,0.004611435,0.0023292182,0.012361612,0.076038264,0.887738,0.014792915
5,5,melanocytic nevi,melanocytic nevi,0.0016354809,0.004414398,0.011031171,0.007338036,0.013473906,0.9462848,0.015822286
6,5,vascular lesions,melanocytic nevi,0.011747188,0.018348858,0.03985106,0.0150496485,0.048477773,0.79658324,0.06994225
5,5,melanocytic nevi,melanocytic nevi,0.00048691948,0.0013221456,0.0026856433,0.0062791817,0.005363406,0.97808605,0.00577661
2,5,benign keratosis-like lesions,melanocytic nevi,0.0007090874,0.0019011378,0.19579504,0.012368526,0.01619402,0.7536181,0.01941403
6,5,vascular lesions,melanocytic nevi,0.0018955405,0.020209914,0.012375747,0.012949173,0.08366285,0.7870386,0.08186818
5,5,melanocytic nevi,melanocytic nevi,0.00799176,0.0011092228,0.00826693,0.010469097,0.029352922,0.9250169,0.017793156
1,1,basal cell carcinoma,basal cell carcinoma,0.008770341,0.9633002,0.0013624378,0.002902537,0.00033760865,0.012936698,0.010390188
5,5,melanocytic nevi,melanocytic nevi,0.026323665,0.008371374,0.01237227,0.024523778,0.050736006,0.8536159,0.024056971
5,5,melanocytic nevi,melanocytic nevi,0.0035974255,0.018481134,0.024346676,0.02339587,0.061431676,0.78922,0.0795272
2,2,benign keratosis-like lesions,benign keratosis-like lesions,0.009846846,0.0035845125,0.5683047,0.008077277,0.08739596,0.28976974,0.033021007
1,1,basal cell carcinoma,basal cell carcinoma,0.0031346509,0.58210963,0.022178102,0.026198171,0.0519586,0.17412737,0.14029342
4,1,melanoma,basal cell carcinoma,0.017667115,0.40946525,0.0021067355,0.056447495,0.09788339,0.19945173,0.2169783
2,2,benign keratosis-like lesions,benign keratosis-like lesions,0.001199212,0.011954023,0.703787,0.0054984908,0.02707318,0.19154844,0.058939684
4,4,melanoma,melanoma,0.007869652,0.033970073,0.0030258957,0.014526441,0.88999915,0.013844428,0.03676434
5,5,melanocytic nevi,melanocytic nevi,0.0010523802,0.00078762835,0.0040009557,0.0056416094,0.017896336,0.96169347,0.008927689
5,5,melanocytic nevi,melanocytic nevi,0.0015656976,0.0030261618,0.013437173,0.022228494,0.0016927008,0.9460762,0.01197359
5,5,melanocytic nevi,melanocytic nevi,0.0057964493,0.02219949,0.058884837,0.0352394,0.0070399325,0.8297734,0.041066423
2,2,benign keratosis-like lesions,benign keratosis-like lesions,0.010700673,0.0045685032,0.7920391,0.010787619,0.0055932933,0.1504364,0.025874456
4,4,melanoma,melanoma,0.0042978167,0.0021399856,0.003151061,0.011669422,0.8656386,0.09923006,0.013873006
2,2,benign keratosis-like lesions,benign keratosis-like lesions,0.012096748,0.002112242,0.49334028,0.03232648,0.03406639,0.40042543,0.025632434
5,5,melanocytic nevi,melanocytic nevi,0.019207725,0.007131433,0.14328194,0.024214137,0.36872828,0.37230602,0.06513043
5,5,melanocytic nevi,melanocytic nevi,0.0028429613,0.011100712,0.0039739246,0.010909572,0.025142018,0.91280764,0.033223175
2,2,benign keratosis-like lesions,benign keratosis-like lesions,0.0016580216,0.0005217472,0.91665614,0.0030252868,0.0042728246,0.06653045,0.0073356126
5,5,melanocytic nevi,melanocytic nevi,0.0042302855,0.012124921,0.012614626,0.005237513,0.041358132,0.9000097,0.024424773
5,5,melanocytic nevi,melanocytic nevi,0.0033155032,0.009623096,0.0013986774,0.010357057,0.08253248,0.8574719,0.03530127
5,4,melanocytic nevi,melanoma,0.10040935,0.0034942792,0.0198444,0.024451403,0.6303141,0.19954817,0.021938339
5,5,melanocytic nevi,melanocytic nevi,0.0039656106,0.0049687033,0.063270345,0.011440324,0.062671095,0.825577,0.028106889
4,5,melanoma,melanocytic nevi,0.0010723417,0.0017743487,0.00054300996,0.0039200415,0.06582967,0.9201676,0.0066928742
2,2,benign keratosis-like lesions,benign keratosis-like lesions,0.0014906335,0.0020380318,0.81541955,0.014779138,0.012087687,0.13215458,0.022030357
5,5,melanocytic nevi,melanocytic nevi,0.014670997,0.02463363,0.01089023,0.0130605195,0.002760083,0.8906887,0.043295905
5,5,melanocytic nevi,melanocytic nevi,0.0027689426,0.00395519,0.0014528567,0.004203215,0.03880741,0.93502367,0.013788753
5,5,melanocytic nevi,melanocytic nevi,0.006164635,0.0017518431,0.029827932,0.017506782,0.4211638,0.5032173,0.02036778
5,5,melanocytic nevi,melanocytic nevi,0.0022293793,0.003349094,0.008406419,0.008953845,0.08965266,0.8671324,0.020276181
5,5,melanocytic nevi,melanocytic nevi,0.0016189467,0.002142458,0.010251603,0.0045770286,0.011243662,0.9593145,0.010851834
5,5,melanocytic nevi,melanocytic nevi,0.0063118692,0.003913607,0.0037073714,0.0050483136,0.007410455,0.959067,0.014541402
5,5,melanocytic nevi,melanocytic nevi,0.0019838738,0.004230343,0.0025384368,0.0056340327,0.025709128,0.95134443,0.008559651
2,2,benign keratosis-like lesions,benign keratosis-like lesions,0.00045420008,0.0011474098,0.97811973,0.0017643821,0.002149527,0.013698707,0.0026660932
4,5,melanoma,melanocytic nevi,0.0037003271,0.0011908059,0.13195266,0.012332401,0.30123803,0.51839787,0.031187953
5,5,melanocytic nevi,melanocytic nevi,0.0016408758,0.0027588683,0.04553027,0.007965934,0.027432138,0.8958122,0.018859584
5,5,melanocytic nevi,melanocytic nevi,0.0008242169,0.004145874,0.00052331964,0.008294903,0.05065452,0.92818505,0.0073721674
5,5,melanocytic nevi,melanocytic nevi,0.005658029,0.0015030823,0.08344639,0.017563282,0.15403305,0.7135306,0.024265572
5,5,melanocytic nevi,melanocytic nevi,0.0024076973,0.0026455023,0.004197779,0.007531144,0.043572083,0.92659265,0.013053156
1,1,basal cell carcinoma,basal cell carcinoma,0.0022131423,0.71943635,0.09910342,0.02092126,0.0026369106,0.061668072,0.09402082
5,5,melanocytic nevi,melanocytic nevi,0.002069465,0.0037641888,0.0065761004,0.020796672,0.10541145,0.83681476,0.02456734
5,5,melanocytic nevi,melanocytic nevi,0.0022018976,0.002016836,0.0011580909,0.0031883437,0.008117194,0.97616744,0.0071501615
5,5,melanocytic nevi,melanocytic nevi,0.0025847666,0.0019051413,0.02050005,0.012034636,0.20199269,0.7392776,0.021705126
5,5,melanocytic nevi,melanocytic nevi,0.002930927,0.00089348765,0.0023187909,0.0030733051,0.011340204,0.97153574,0.007907529
5,5,melanocytic nevi,melanocytic nevi,0.008233401,0.0049685976,0.020063786,0.014307637,0.0005868665,0.9357486,0.016091196
5,5,melanocytic nevi,melanocytic nevi,0.0039415187,0.0054592723,0.0027518899,0.010809668,0.3210071,0.637399,0.018631484
5,5,melanocytic nevi,melanocytic nevi,0.0034023512,0.008658513,0.0014143998,0.009847588,0.0020411168,0.9631251,0.011510868
5,5,melanocytic nevi,melanocytic nevi,0.017305844,0.00791219,0.017220894,0.021966077,0.011049099,0.8896203,0.03492567
5,5,melanocytic nevi,melanocytic nevi,0.00032909273,0.0011071209,0.0006641525,0.0029993826,0.0038028094,0.9866203,0.00447717
0,0,actinic keratoses and intraepithelial carcinoma,actinic keratoses and intraepithelial carcinoma,0.9249666,0.0027943533,0.002054125,0.01908869,0.0033277348,0.04413062,0.0036378014
6,1,vascular lesions,basal cell carcinoma,0.032718904,0.70105404,0.019450193,0.033454206,0.0017616277,0.06721369,0.1443474
5,5,melanocytic nevi,melanocytic nevi,0.0010990317,0.0005354199,0.009879095,0.005557516,0.0049382853,0.97080404,0.007186581
5,5,melanocytic nevi,melanocytic nevi,0.0024172408,0.003355011,0.0017516413,0.002192265,0.0017718751,0.9787011,0.009810915
5,5,melanocytic nevi,melanocytic nevi,0.002362899,0.0047597615,0.002454306,0.0048059328,0.18521425,0.78334147,0.017061364
5,5,melanocytic nevi,melanocytic nevi,0.0075414134,0.0071675614,0.0052599977,0.0074461224,0.006996492,0.9501446,0.015443858
5,5,melanocytic nevi,melanocytic nevi,0.011322495,0.00926902,0.0040035937,0.021001063,0.0029154127,0.9360798,0.015408625
4,5,melanoma,melanocytic nevi,0.001918198,0.0015799777,0.012179124,0.0038043545,0.18747382,0.77625406,0.016790537
5,5,melanocytic nevi,melanocytic nevi,0.007541606,0.0005410909,0.06406792,0.02789118,0.21154048,0.6720641,0.016353574
5,5,melanocytic nevi,melanocytic nevi,0.0043282723,0.0015801415,0.16365236,0.017554412,0.2472843,0.5439806,0.02161991
5,5,melanocytic nevi,melanocytic nevi,0.0067759813,0.0043304972,0.002403685,0.010012303,0.0013422241,0.95892197,0.01621336
4,5,melanoma,melanocytic nevi,0.027117865,0.006090387,0.13368788,0.07166605,0.23939194,0.47470427,0.047341652
5,5,melanocytic nevi,melanocytic nevi,0.0025087341,0.0017278951,0.0065450827,0.0069250935,0.33138436,0.630261,0.020647857
5,5,melanocytic nevi,melanocytic nevi,0.002515971,0.0042557796,0.0014855234,0.00489269,0.021107815,0.94764775,0.018094558
5,5,melanocytic nevi,melanocytic nevi,0.0022356962,0.0022917807,0.0052687763,0.008844661,0.002082403,0.9687035,0.010573268
5,5,melanocytic nevi,melanocytic nevi,0.000508538,0.0010046746,0.0023135862,0.0040029166,0.020180896,0.9640927,0.007896584
5,5,melanocytic nevi,melanocytic nevi,0.0019805587,0.0018525745,0.17924182,0.010718945,0.14013292,0.64132816,0.024745103
5,5,melanocytic nevi,melanocytic nevi,0.0014147005,0.00092404534,0.0018090318,0.0056569865,0.047440346,0.9338735,0.008881485
5,1,melanocytic nevi,basal cell carcinoma,0.017984968,0.73964745,0.039781336,0.020531146,0.00283061,0.0796988,0.09952564
5,4,melanocytic nevi,melanoma,0.0016715139,0.0011686356,0.0066042547,0.004682977,0.542141,0.4304089,0.0133226905
5,5,melanocytic nevi,melanocytic nevi,0.0056084692,0.0036574972,0.025349747,0.070394024,0.011421856,0.8541491,0.029419318
5,5,melanocytic nevi,melanocytic nevi,0.0012538948,0.00046035834,0.0026072282,0.005221862,0.026057681,0.95521146,0.009187501
5,5,melanocytic nevi,melanocytic nevi,0.0022562677,0.0019237432,0.010931908,0.007866009,0.10285349,0.85733753,0.016831018
5,2,melanocytic nevi,benign keratosis-like lesions,0.0039424542,0.0038511714,0.4753005,0.008657636,0.023621676,0.45773232,0.026894268
5,5,melanocytic nevi,melanocytic nevi,0.0014581702,0.006534461,0.0028877666,0.007831126,0.0059718248,0.9614741,0.013842467
5,5,melanocytic nevi,melanocytic nevi,0.003603326,0.0060844296,0.0015397167,0.004732394,0.0112174405,0.9595408,0.013281918
5,5,melanocytic nevi,melanocytic nevi,0.0019861837,0.002928297,0.014773957,0.009757063,0.030398356,0.9202025,0.019953739
5,5,melanocytic nevi,melanocytic nevi,0.001169248,0.0021790497,0.0007812874,0.0042792954,0.15272383,0.82957464,0.009292696
5,4,melanocytic nevi,melanoma,0.0023326597,0.0077872016,0.006639729,0.017443627,0.6673496,0.2605906,0.03785656
4,4,melanoma,melanoma,0.003628471,0.004744113,0.008166233,0.020776592,0.5954584,0.34028623,0.026939947
2,2,benign keratosis-like lesions,benign keratosis-like lesions,0.00469322,0.058506455,0.5046525,0.043223064,0.10930795,0.15608194,0.12353494
4,5,melanoma,melanocytic nevi,0.003465298,0.0010180688,0.009463218,0.0094453115,0.40949333,0.54380953,0.023305276
5,5,melanocytic nevi,melanocytic nevi,0.0030507077,0.0047311564,0.007355965,0.01507933,0.0020429075,0.9526819,0.015058041
2,2,benign keratosis-like lesions,benign keratosis-like lesions,0.0015067946,0.0007615029,0.9575478,0.0013958276,0.010269809,0.023535838,0.0049825287
4,4,melanoma,melanoma,0.011383541,0.084793,0.016355112,0.048412405,0.5436557,0.13861062,0.1567897
5,5,melanocytic nevi,melanocytic nevi,0.0018334945,0.0046472545,0.001050854,0.0050539942,0.014412299,0.9626002,0.010401976
5,5,melanocytic nevi,melanocytic nevi,0.007590486,0.0012310544,0.07312269,0.036233332,0.058505274,0.8021694,0.021147715
5,5,melanocytic nevi,melanocytic nevi,0.0026078098,0.011435516,0.11421199,0.036813542,0.015333082,0.7704467,0.049151275
5,5,melanocytic nevi,melanocytic nevi,0.0045972415,0.0025837743,0.04761964,0.015487957,0.28871614,0.60098165,0.04001359
5,5,melanocytic nevi,melanocytic nevi,0.0042177946,0.0060836934,0.0044279466,0.010347464,0.02349668,0.9309836,0.020442747
4,5,melanoma,melanocytic nevi,0.004880445,0.011785198,0.009740916,0.0143589,0.31460792,0.59646106,0.048165586
5,5,melanocytic nevi,melanocytic nevi,0.0013993686,0.0012836203,0.0097807925,0.004486118,0.16910571,0.80544233,0.0085019395
0,0,actinic keratoses and intraepithelial carcinoma,actinic keratoses and intraepithelial carcinoma,0.84585315,0.06827333,0.0032064845,0.026179846,0.0027785855,0.038754832,0.014953792
5,5,melanocytic nevi,melanocytic nevi,0.008575237,0.0028790196,0.013162604,0.017965985,0.25562733,0.67706645,0.024723364
1,1,basal cell carcinoma,basal cell carcinoma,0.0048072194,0.9728272,0.006922613,0.003115044,6.79766e-05,0.0015221598,0.010737835
5,5,melanocytic nevi,melanocytic nevi,0.002726564,0.0013290854,0.012063932,0.007845016,0.002888418,0.9635438,0.009603252
5,5,melanocytic nevi,melanocytic nevi,0.0027581379,0.0029676128,0.00066621526,0.010305461,0.018265514,0.9556013,0.009435809
5,5,melanocytic nevi,melanocytic nevi,0.0042303265,0.0063646412,0.0010278762,0.0065054633,0.05800791,0.90794194,0.015921835
5,5,melanocytic nevi,melanocytic nevi,0.004363041,0.008012278,0.005504227,0.014078751,0.0013420259,0.9416169,0.025082767
0,0,actinic keratoses and intraepithelial carcinoma,actinic keratoses and intraepithelial carcinoma,0.7477744,0.04832792,0.06986896,0.083029546,0.0042123063,0.027753582,0.01903326
5,5,melanocytic nevi,melanocytic nevi,0.0012728241,0.00080070953,0.0028818191,0.0039886585,0.04609294,0.93613017,0.00883291
4,2,melanoma,benign keratosis-like lesions,0.0076549724,0.009658988,0.5527722,0.053146053,0.1404638,0.19997801,0.036326006
5,5,melanocytic nevi,melanocytic nevi,0.034570884,0.02624851,0.25126064,0.10901836,0.16837998,0.3285877,0.081933916
5,5,melanocytic nevi,melanocytic nevi,0.006607434,0.009048227,0.0032850862,0.020706628,0.09320742,0.84533226,0.02181296
5,5,melanocytic nevi,melanocytic nevi,0.011244215,0.0009852146,0.05207498,0.020147486,0.1746802,0.7153457,0.025522178
5,5,melanocytic nevi,melanocytic nevi,0.0030951172,0.0031449345,0.030474326,0.013723063,0.0042195497,0.93441546,0.010927643
5,5,melanocytic nevi,melanocytic nevi,0.0023174312,0.010973446,0.008743493,0.023553966,0.3036034,0.6137397,0.037068576
5,5,melanocytic nevi,melanocytic nevi,0.0007764863,0.0025606982,0.0014744123,0.0032461702,0.03312529,0.94554174,0.013275268
4,5,melanoma,melanocytic nevi,0.00265263,0.0023778172,0.0017556933,0.009853029,0.12192,0.84923273,0.012208075
2,2,benign keratosis-like lesions,benign keratosis-like lesions,0.0034619032,0.0021714983,0.7396523,0.0074247355,0.03287242,0.18950869,0.02490845
2,2,benign keratosis-like lesions,benign keratosis-like lesions,0.010992397,0.013538535,0.87690103,0.020657083,0.033827975,0.027767569,0.016315393
2,2,benign keratosis-like lesions,benign keratosis-like lesions,0.023342052,0.004507308,0.90929765,0.019074233,0.0112612005,0.023744127,0.008773377
5,5,melanocytic nevi,melanocytic nevi,0.0057486305,0.06803391,0.3126009,0.054907702,0.003538772,0.4560044,0.099165685
5,5,melanocytic nevi,melanocytic nevi,0.0066183847,0.011231067,0.0014214854,0.0068280445,0.029410714,0.9228878,0.02160243
5,5,melanocytic nevi,melanocytic nevi,0.00437584,0.0023574908,0.0030814025,0.008941185,0.025672281,0.94323474,0.012337105
5,5,melanocytic nevi,melanocytic nevi,0.0027414022,0.00566357,0.000608636,0.0038550126,0.009125562,0.96635824,0.011647588
5,5,melanocytic nevi,melanocytic nevi,0.010931065,0.18835983,0.068690725,0.062010482,0.024599796,0.561944,0.08346417
5,4,melanocytic nevi,melanoma,0.007676152,0.0017527157,0.10902479,0.00729745,0.70053685,0.15197806,0.021734044
5,5,melanocytic nevi,melanocytic nevi,0.0014572277,0.0036691485,0.00085168326,0.006380523,0.06825459,0.91265905,0.0067277737
4,4,melanoma,melanoma,0.21165839,0.09817489,0.028499473,0.19508769,0.37437814,0.026920468,0.06528096
5,5,melanocytic nevi,melanocytic nevi,0.0026104914,0.0022411384,0.014468653,0.012493922,0.17673233,0.76917535,0.02227817
5,5,melanocytic nevi,melanocytic nevi,0.023992544,0.034084674,0.027835706,0.022103261,0.17426097,0.6433137,0.07440916
5,5,melanocytic nevi,melanocytic nevi,0.007393129,0.035679664,0.010495227,0.029190235,0.0063149547,0.8676227,0.043304104
5,5,melanocytic nevi,melanocytic nevi,0.05203453,0.076757744,0.007206253,0.06024944,0.06659892,0.68282694,0.054326203
5,5,melanocytic nevi,melanocytic nevi,0.0027565719,0.0060115,0.0018492318,0.010644816,0.07665843,0.8814879,0.020591509
4,4,melanoma,melanoma,0.00525354,0.0061324993,0.005551795,0.009618883,0.66963255,0.28334868,0.02046202
4,5,melanoma,melanocytic nevi,0.0021210515,0.001267505,0.009462881,0.008459265,0.3119744,0.65577316,0.01094181
5,5,melanocytic nevi,melanocytic nevi,0.0030408863,0.01018259,0.0011390075,0.0035527146,0.0044283266,0.9624553,0.015201206
5,5,melanocytic nevi,melanocytic nevi,0.00688068,0.0045818915,0.01791159,0.034033835,0.004414191,0.90837985,0.023798048
0,4,actinic keratoses and intraepithelial carcinoma,melanoma,0.29500467,0.0038594313,0.0012868844,0.024945349,0.61635727,0.049611785,0.008934695
5,5,melanocytic nevi,melanocytic nevi,0.00392481,0.0025212644,0.002937495,0.012952503,0.0067920545,0.95848435,0.012387449
5,2,melanocytic nevi,benign keratosis-like lesions,0.008919265,0.006083132,0.5530664,0.02232569,0.0080195945,0.372347,0.029238993
5,5,melanocytic nevi,melanocytic nevi,0.0021085553,0.0006304502,0.00434405,0.003920372,0.038827475,0.94158584,0.008583209
0,0,actinic keratoses and intraepithelial carcinoma,actinic keratoses and intraepithelial carcinoma,0.9790758,0.0034638627,0.0020098384,0.008711615,0.0014714947,0.0039436063,0.0013237713
2,2,benign keratosis-like lesions,benign keratosis-like lesions,0.00174232,0.002959808,0.7748207,0.0039723096,0.17137463,0.02386981,0.021260351
2,2,benign keratosis-like lesions,benign keratosis-like lesions,0.015707284,0.035483003,0.64601785,0.05134918,0.03610288,0.16198005,0.05335978
2,2,benign keratosis-like lesions,benign keratosis-like lesions,0.007194918,0.00513912,0.8506679,0.012352764,0.046892412,0.06179667,0.01595623
3,4,dermatofibroma,melanoma,0.010603033,0.0067497613,0.020496838,0.058529466,0.5171497,0.33385462,0.052616574
5,5,melanocytic nevi,melanocytic nevi,0.002253611,0.0023757643,0.0017189,0.0045269844,0.00553172,0.9762782,0.00731474
5,5,melanocytic nevi,melanocytic nevi,0.0012084903,0.0024834557,0.02446048,0.012447941,0.0816414,0.8579055,0.019852778
4,5,melanoma,melanocytic nevi,0.007920293,0.013892088,0.0072614737,0.019503925,0.32704422,0.585798,0.038579892
4,4,melanoma,melanoma,0.008645312,0.069450095,0.05733802,0.04534598,0.5861785,0.10557606,0.12746608
5,5,melanocytic nevi,melanocytic nevi,0.0011939179,0.0011013184,0.0010553526,0.002179915,0.008157654,0.97971743,0.0065944567
5,5,melanocytic nevi,melanocytic nevi,0.0030862608,0.0062590907,0.15327974,0.022351699,0.001813156,0.7853916,0.027818397
5,5,melanocytic nevi,melanocytic nevi,0.00037806397,0.0007703669,0.001069976,0.003356101,0.0110267345,0.980034,0.0033647106
5,5,melanocytic nevi,melanocytic nevi,0.0014244515,0.0031726484,0.0017917885,0.005546265,0.038971376,0.93849975,0.010593806
0,2,actinic keratoses and intraepithelial carcinoma,benign keratosis-like lesions,0.18529947,0.0050861104,0.7293049,0.05297797,0.0013060248,0.020650227,0.005375334
5,5,melanocytic nevi,melanocytic nevi,0.0030676252,0.0026063588,0.0014594409,0.006585488,0.00609563,0.9702823,0.0099032195
5,5,melanocytic nevi,melanocytic nevi,0.022365933,0.23284547,0.0060850694,0.089301035,0.032350414,0.4764293,0.1406228
5,5,melanocytic nevi,melanocytic nevi,0.00014155913,0.000433933,0.00085121224,0.0035848878,0.02298603,0.9686529,0.0033494253
5,2,melanocytic nevi,benign keratosis-like lesions,0.022957189,0.0032546115,0.4534921,0.04772344,0.0017723609,0.42407283,0.046727475
4,5,melanoma,melanocytic nevi,0.004322597,0.010642922,0.00375459,0.03146019,0.44821694,0.4778445,0.023758242
2,4,benign keratosis-like lesions,melanoma,0.0129707735,0.0021134058,0.29979333,0.01426343,0.47783524,0.1720928,0.020930972
1,1,basal cell carcinoma,basal cell carcinoma,0.004023066,0.8558747,0.0013813446,0.005856195,0.0049044783,0.068439215,0.059520956
5,5,melanocytic nevi,melanocytic nevi,0.0053204666,0.013962641,0.01982393,0.015367124,0.09746568,0.8140191,0.034041084
5,5,melanocytic nevi,melanocytic nevi,0.0037026901,0.0025190478,0.03496248,0.015700065,0.094090275,0.8188473,0.030178217
5,5,melanocytic nevi,melanocytic nevi,0.0022717582,0.0018015933,0.0011944837,0.004550285,0.0035413178,0.98070395,0.005936663
5,5,melanocytic nevi,melanocytic nevi,0.0038491352,0.0065023485,0.00062862673,0.019759044,0.019577287,0.9307338,0.01894977
5,5,melanocytic nevi,melanocytic nevi,0.0034499364,0.00064572715,0.0042677275,0.013244975,0.049306072,0.9180763,0.01100931
5,5,melanocytic nevi,melanocytic nevi,0.0059907357,0.004581093,0.0054485477,0.017372202,0.04309314,0.89743674,0.0260775
5,5,melanocytic nevi,melanocytic nevi,0.0024196527,0.0022032156,0.0009928984,0.002208717,0.005612391,0.97818345,0.008379663
5,5,melanocytic nevi,melanocytic nevi,0.003866098,0.0042163325,0.002915619,0.0063016717,0.027243843,0.93916893,0.016287526
1,1,basal cell carcinoma,basal cell carcinoma,0.002461108,0.8873658,0.002620148,0.0034835467,0.0047269384,0.07077305,0.028569372
5,5,melanocytic nevi,melanocytic nevi,0.0035007703,0.0054182946,0.006967935,0.007948837,0.041420948,0.91277564,0.02196755
2,2,benign keratosis-like lesions,benign keratosis-like lesions,0.008590682,0.00889025,0.91720027,0.0088165905,0.005192347,0.026651764,0.024658052
5,5,melanocytic nevi,melanocytic nevi,0.0030084716,0.004486095,0.0036351564,0.004339373,0.0014690183,0.9729403,0.010121447
5,5,melanocytic nevi,melanocytic nevi,0.0038358814,0.0018226067,0.0047813584,0.0074891923,0.0078061726,0.9594343,0.014830567
2,2,benign keratosis-like lesions,benign keratosis-like lesions,0.001117269,0.00015601255,0.96544117,0.0013687435,0.015085586,0.013701685,0.0031295463
5,5,melanocytic nevi,melanocytic nevi,0.0046293247,0.0033395248,0.0009921005,0.002600331,0.015732996,0.9613426,0.011363207
5,5,melanocytic nevi,melanocytic nevi,0.0014660901,0.0021399378,0.029728884,0.0071085016,0.007175116,0.9361173,0.016264146
1,1,basal cell carcinoma,basal cell carcinoma,0.004396151,0.92447484,0.00091547094,0.0028651268,0.008902979,0.022593904,0.035851523
5,5,melanocytic nevi,melanocytic nevi,0.0011841444,0.009192359,0.004044059,0.01659514,0.024801264,0.92730653,0.016876446
4,4,melanoma,melanoma,0.003936547,0.0005569756,0.009047124,0.008112059,0.51225615,0.4514236,0.01466755
0,0,actinic keratoses and intraepithelial carcinoma,actinic keratoses and intraepithelial carcinoma,0.8944693,0.0106448205,0.050870247,0.0013407689,0.0030129552,0.032683786,0.006978152
5,5,melanocytic nevi,melanocytic nevi,0.00023746498,0.001148804,0.0004399698,0.0033593536,0.0036213903,0.9874631,0.0037299693
5,5,melanocytic nevi,melanocytic nevi,0.004773931,0.047196068,0.0016803524,0.020238055,0.07445725,0.77651674,0.075137615
5,5,melanocytic nevi,melanocytic nevi,0.004247229,0.003097246,0.21137902,0.026228156,0.07997381,0.640143,0.0349316
5,5,melanocytic nevi,melanocytic nevi,0.0019808058,0.0012367239,0.0025243051,0.005720181,0.09394911,0.8876407,0.006948069
5,5,melanocytic nevi,melanocytic nevi,0.006762288,0.005217042,0.035886537,0.020394702,0.0045713386,0.90777075,0.019397294
5,5,melanocytic nevi,melanocytic nevi,0.0016743512,0.00015757472,0.0086942855,0.0030454916,0.09316311,0.8870133,0.0062518697
5,5,melanocytic nevi,melanocytic nevi,0.0020640485,0.0047838604,0.0028230632,0.0035395133,0.007531213,0.97115535,0.008103012
5,5,melanocytic nevi,melanocytic nevi,0.03691096,0.011179236,0.04528293,0.13135795,0.27774447,0.46379274,0.03373171
1,1,basal cell carcinoma,basal cell carcinoma,0.001892366,0.93251556,0.009783981,0.006903189,0.0020800687,0.01126818,0.035556607
5,5,melanocytic nevi,melanocytic nevi,0.0023008187,0.0020329552,0.0018289471,0.003688532,0.040351246,0.94099057,0.008806996
5,5,melanocytic nevi,melanocytic nevi,0.0066733407,0.13001657,0.008621178,0.025686176,0.00061882415,0.7864159,0.041967954
5,5,melanocytic nevi,melanocytic nevi,0.0003183597,0.0010861793,0.0023473657,0.0028776124,0.08006775,0.90622956,0.007073244
5,5,melanocytic nevi,melanocytic nevi,0.0036494813,0.00638717,0.0031114288,0.009618428,0.004876844,0.95437133,0.017985271
5,5,melanocytic nevi,melanocytic nevi,0.002665017,0.0014136182,0.0041822996,0.007385905,0.0040757786,0.9697651,0.010512314
5,5,melanocytic nevi,melanocytic nevi,0.0071070516,0.0037899972,0.0069911173,0.044274107,0.17873332,0.7334647,0.025639733
5,5,melanocytic nevi,melanocytic nevi,0.00040878216,0.0006869806,0.00062383426,0.0026631425,0.008936726,0.98187435,0.00480631
5,5,melanocytic nevi,melanocytic nevi,0.0056793233,0.0121893855,0.0049565397,0.008292133,0.016483217,0.9195885,0.03281092
4,5,melanoma,melanocytic nevi,0.009878031,0.07614263,0.0030366124,0.027337674,0.19773848,0.56202525,0.12384137
5,5,melanocytic nevi,melanocytic nevi,0.001369022,0.000884776,0.004190046,0.0046106726,0.036691595,0.9378686,0.014385328
5,5,melanocytic nevi,melanocytic nevi,0.005639486,0.0040425095,0.078517795,0.03321337,0.008376822,0.8456201,0.024589868
5,5,melanocytic nevi,melanocytic nevi,0.05077092,0.07571017,0.037638765,0.14811409,0.1632383,0.37955537,0.14497241
2,2,benign keratosis-like lesions,benign keratosis-like lesions,0.012141291,0.00051554147,0.76384497,0.019513529,0.045590706,0.14757301,0.010820991
5,5,melanocytic nevi,melanocytic nevi,0.0028755039,0.0042749206,0.0064064586,0.012236314,0.0021488294,0.95712566,0.014932314
5,5,melanocytic nevi,melanocytic nevi,0.0016489928,0.009563755,0.0025270246,0.014219343,0.0062823216,0.9412229,0.024535635
4,4,melanoma,melanoma,0.0044468474,0.0025923687,0.009147387,0.014381417,0.5517017,0.39126408,0.026466204
5,5,melanocytic nevi,melanocytic nevi,0.011013426,0.0013873803,0.016186416,0.011777385,0.02074561,0.9187562,0.020133633
5,5,melanocytic nevi,melanocytic nevi,0.0070797843,0.007321971,0.029278353,0.014071073,0.0030538964,0.917467,0.021728028
5,5,melanocytic nevi,melanocytic nevi,0.00376018,0.0061119837,0.0040062736,0.007976424,0.0084835375,0.9443046,0.02535695
2,2,benign keratosis-like lesions,benign keratosis-like lesions,0.002220413,0.00019698359,0.9857313,0.0014126515,0.007263351,0.0011871131,0.0019882051
5,5,melanocytic nevi,melanocytic nevi,0.002918433,0.015892118,0.0005361887,0.009301538,0.014797221,0.93516994,0.021384504
5,5,melanocytic nevi,melanocytic nevi,0.009213248,0.30212218,0.087754704,0.023870215,0.0013084776,0.42965445,0.14607672
5,5,melanocytic nevi,melanocytic nevi,0.004006828,0.0051250625,0.001283265,0.006585341,0.004842872,0.9696816,0.008475048
4,1,melanoma,basal cell carcinoma,0.0123693,0.41171104,0.015811631,0.1420412,0.23271596,0.03751173,0.14783913
6,5,vascular lesions,melanocytic nevi,0.0015600013,0.029653965,0.030174086,0.018373303,0.02590665,0.8284224,0.06590961
5,5,melanocytic nevi,melanocytic nevi,0.0024072446,0.004478995,0.0019058171,0.0063138143,0.0061875596,0.96956104,0.009145562
5,5,melanocytic nevi,melanocytic nevi,0.0016152475,0.006775377,0.005069441,0.0073042368,0.019528173,0.94725543,0.012452037
2,2,benign keratosis-like lesions,benign keratosis-like lesions,0.00096540357,0.00897949,0.70580715,0.0060675554,0.0018064757,0.24865103,0.0277229
5,5,melanocytic nevi,melanocytic nevi,0.00075920066,0.0011253473,0.010078427,0.0047173277,0.006278872,0.969056,0.007984776
4,4,melanoma,melanoma,0.0017001742,0.0005471044,0.025268255,0.0073983665,0.6195667,0.33724543,0.008274051
5,5,melanocytic nevi,melanocytic nevi,0.0027674648,0.0010447969,0.0027194622,0.010978807,0.04529016,0.92774,0.009459404
6,1,vascular lesions,basal cell carcinoma,0.0038123617,0.6577297,0.007839905,0.0146072535,0.017409146,0.16072193,0.13787976
5,5,melanocytic nevi,melanocytic nevi,0.001646456,0.001004597,0.0014493774,0.0024456135,0.0059441244,0.9821753,0.005334497
5,5,melanocytic nevi,melanocytic nevi,0.005095567,0.0119195245,0.002296981,0.004440486,0.054037172,0.89644706,0.025763316
5,5,melanocytic nevi,melanocytic nevi,0.0030300291,0.0012797273,0.007824623,0.0061118086,0.04997184,0.9200252,0.011756824
5,5,melanocytic nevi,melanocytic nevi,0.009278616,0.0032183495,0.0071266317,0.023480102,0.14613815,0.7870935,0.023664616
4,5,melanoma,melanocytic nevi,0.0007476246,0.0027310043,0.00062902627,0.0048817806,0.39756688,0.58139926,0.012044396
5,5,melanocytic nevi,melanocytic nevi,0.0065291133,0.01207159,0.1490036,0.024409404,0.04198108,0.7080794,0.057925783
5,5,melanocytic nevi,melanocytic nevi,0.0040681725,0.01621671,0.0016075005,0.036194995,0.15703467,0.7543654,0.03051259
4,1,melanoma,basal cell carcinoma,0.0053106784,0.55273426,0.11735366,0.044700846,0.05449502,0.11836699,0.10703864
5,5,melanocytic nevi,melanocytic nevi,0.0010041388,0.005534273,0.001493461,0.0058897315,0.003387043,0.9718693,0.010821944
5,5,melanocytic nevi,melanocytic nevi,0.008507276,0.010536447,0.0023137361,0.013512962,0.22150551,0.71262383,0.031000232
5,5,melanocytic nevi,melanocytic nevi,0.002815445,0.004902131,0.0027997734,0.018081762,0.0032958498,0.9504471,0.017657887
5,4,melanocytic nevi,melanoma,0.011303398,0.0024292986,0.02559773,0.13230787,0.4041189,0.39572886,0.02851389
1,1,basal cell carcinoma,basal cell carcinoma,0.0026530838,0.91231906,0.0011844544,0.0039318595,0.0037901383,0.039469376,0.036651917
5,5,melanocytic nevi,melanocytic nevi,0.0022777466,0.0016770795,0.0025519298,0.0074442946,0.0009230269,0.9759233,0.009202639
5,5,melanocytic nevi,melanocytic nevi,0.009044967,0.09473064,0.0025157812,0.015532177,0.05391861,0.7548536,0.069404185
5,5,melanocytic nevi,melanocytic nevi,0.0046063648,0.01007585,0.0010128728,0.004713412,0.0053326716,0.95957935,0.01467947
5,5,melanocytic nevi,melanocytic nevi,0.004837082,0.0021160666,0.13014512,0.01684932,0.27713153,0.5379543,0.030966638
5,5,melanocytic nevi,melanocytic nevi,0.0028772615,0.0012034271,0.0017857444,0.003907664,0.0048106615,0.9793041,0.006111216
2,2,benign keratosis-like lesions,benign keratosis-like lesions,0.024143193,0.0031547414,0.8439797,0.006718863,0.0012260354,0.105861194,0.014916281
5,5,melanocytic nevi,melanocytic nevi,0.006512909,0.0008296874,0.01573159,0.0067023323,0.046257902,0.909481,0.014484579
0,0,actinic keratoses and intraepithelial carcinoma,actinic keratoses and intraepithelial carcinoma,0.6928292,0.020218018,0.006012485,0.037886273,0.014885577,0.19606557,0.032102905
1,1,basal cell carcinoma,basal cell carcinoma,0.053683784,0.90383875,0.00033336857,0.018072994,0.0049715447,0.0031196533,0.015979907
5,5,melanocytic nevi,melanocytic nevi,0.0034335873,0.0026970832,0.20982815,0.016137337,0.017199147,0.7193351,0.031369638
4,4,melanoma,melanoma,0.10994408,0.07479179,0.002453639,0.06496837,0.56783664,0.1150771,0.06492836
5,5,melanocytic nevi,melanocytic nevi,0.021148514,0.011699427,0.014408531,0.037069328,0.005468728,0.86744577,0.042759687
5,5,melanocytic nevi,melanocytic nevi,0.0062127,0.008037318,0.0018212931,0.0089037055,0.118588686,0.8358285,0.020607756
5,5,melanocytic nevi,melanocytic nevi,0.0027190843,0.0028066498,0.0005082959,0.009215055,0.0594087,0.9157869,0.009555239
5,5,melanocytic nevi,melanocytic nevi,0.0031906604,0.0014477852,0.002464837,0.0062215636,0.015503187,0.9608874,0.010284566
5,5,melanocytic nevi,melanocytic nevi,0.0022198455,0.0008633196,0.0020822748,0.00470956,0.016906282,0.9663334,0.0068853875
5,5,melanocytic nevi,melanocytic nevi,0.0018322064,0.0022445791,0.013980248,0.010124317,0.009827541,0.94634795,0.015643232
5,5,melanocytic nevi,melanocytic nevi,0.0011926362,0.0007766696,0.0013870717,0.0028562527,0.006824981,0.97988623,0.0070761833
5,5,melanocytic nevi,melanocytic nevi,0.0025170112,0.005180505,0.0025812073,0.005138411,0.004384436,0.9632643,0.016934074
5,5,melanocytic nevi,melanocytic nevi,0.001429006,0.00054572726,0.02111811,0.01113777,0.0342483,0.9140681,0.017452946
5,5,melanocytic nevi,melanocytic nevi,0.006479333,0.0028557312,0.005503737,0.010350514,0.29350916,0.6604157,0.020885874
4,2,melanoma,benign keratosis-like lesions,0.0015210292,0.0024011924,0.84408236,0.0032291152,0.098936826,0.03231656,0.01751295
5,1,melanocytic nevi,basal cell carcinoma,0.0040809275,0.5010052,0.0037157545,0.015944269,0.048769962,0.22161606,0.2048678
5,5,melanocytic nevi,melanocytic nevi,0.0013386813,0.00087433914,0.006803716,0.0059509235,0.041266177,0.9299649,0.013801336
5,5,melanocytic nevi,melanocytic nevi,0.0031615426,0.020922096,0.005811826,0.010658923,0.0017578303,0.93455255,0.023135245
2,2,benign keratosis-like lesions,benign keratosis-like lesions,0.0028814862,0.0009057825,0.9433184,0.00071289693,0.0010083638,0.045511913,0.005661233
4,4,melanoma,melanoma,0.0015686414,0.00013292956,0.028548343,0.0018739807,0.90046525,0.06386586,0.0035450028
5,5,melanocytic nevi,melanocytic nevi,0.0008448044,0.0012695726,0.0010147155,0.0014932745,0.0037841827,0.9871453,0.0044480846
2,2,benign keratosis-like lesions,benign keratosis-like lesions,0.0046395147,0.0017491053,0.86793184,0.0035203453,0.083629936,0.031839967,0.0066893157
5,5,melanocytic nevi,melanocytic nevi,0.0010830289,0.0022224132,0.0021925385,0.0051803114,0.007973205,0.9738332,0.007515259
5,5,melanocytic nevi,melanocytic nevi,0.0025001583,0.00352726,0.012236766,0.0070578638,0.23748,0.7116905,0.025507525
4,5,melanoma,melanocytic nevi,0.008264017,0.019221878,0.14678018,0.03564425,0.26337907,0.4629257,0.06378489
4,5,melanoma,melanocytic nevi,0.0018912795,0.0026076369,0.0017438359,0.004564637,0.022702277,0.9562093,0.010281011
5,5,melanocytic nevi,melanocytic nevi,0.0038376197,0.0021080142,0.008606503,0.008127988,0.0037538887,0.9588785,0.014687296
4,5,melanoma,melanocytic nevi,0.0020063613,0.0013570446,0.008158708,0.00697763,0.32896644,0.6359206,0.016613208
2,2,benign keratosis-like lesions,benign keratosis-like lesions,0.00026249062,0.000580355,0.9510391,0.0017944652,0.0039929524,0.036404982,0.005925636
4,4,melanoma,melanoma,0.01433859,0.0064698677,0.00482697,0.007808743,0.8988148,0.05249805,0.015242941
5,5,melanocytic nevi,melanocytic nevi,0.0036272798,0.012974677,0.003554104,0.0060810074,0.008434756,0.94307715,0.022251075
5,5,melanocytic nevi,melanocytic nevi,0.00949482,0.0074921264,0.0027764193,0.003858496,0.0020345221,0.9559556,0.018388033
5,5,melanocytic nevi,melanocytic nevi,0.003512819,0.005466258,0.00503358,0.0063739773,0.0042443704,0.96192664,0.0134423915
4,4,melanoma,melanoma,0.006519033,0.029409684,0.011692831,0.0064690053,0.5401856,0.36051247,0.04521133
5,5,melanocytic nevi,melanocytic nevi,0.0031158617,0.0025641688,0.00296541,0.0023086278,0.016787091,0.96250284,0.009755947
5,2,melanocytic nevi,benign keratosis-like lesions,0.2759399,0.016293738,0.5093387,0.084431194,0.0016158762,0.098543845,0.013836806
5,5,melanocytic nevi,melanocytic nevi,0.0041235914,0.006726291,0.019677358,0.02123599,0.20004103,0.7132488,0.03494694
4,5,melanoma,melanocytic nevi,0.000615424,0.00048558085,0.0027480964,0.0018809456,0.14952616,0.8386774,0.00606637
1,1,basal cell carcinoma,basal cell carcinoma,0.0023895602,0.8543601,0.005964508,0.0075936415,0.0051995884,0.0822838,0.04220875
2,5,benign keratosis-like lesions,melanocytic nevi,0.003301498,0.0005119103,0.32391748,0.011273537,0.29057556,0.35725448,0.013165588
5,5,melanocytic nevi,melanocytic nevi,0.0020663198,0.01604044,0.05179826,0.030389033,0.028898712,0.81713164,0.053675614
5,5,melanocytic nevi,melanocytic nevi,0.0011599034,0.0007416262,0.0061196364,0.005880877,0.007732822,0.969491,0.008874118
5,5,melanocytic nevi,melanocytic nevi,0.0020962553,0.003290783,0.013950128,0.020800384,0.02985986,0.90682507,0.023177627
5,5,melanocytic nevi,melanocytic nevi,0.0010826634,0.000709387,0.0016331733,0.004442754,0.11600189,0.8639071,0.0122229885
5,5,melanocytic nevi,melanocytic nevi,0.0030169631,0.005872271,0.027746186,0.018378817,0.33200324,0.5718819,0.041100737
5,5,melanocytic nevi,melanocytic nevi,0.00013956735,0.00035509226,9.939959e-05,0.0021983478,0.097536735,0.8970145,0.0026563685
5,5,melanocytic nevi,melanocytic nevi,0.0013480306,0.004684972,0.0033757174,0.013763749,0.32999027,0.6242303,0.022606896
1,1,basal cell carcinoma,basal cell carcinoma,0.0035826752,0.7395099,0.05089479,0.022217203,0.013011544,0.032283947,0.13849993
5,5,melanocytic nevi,melanocytic nevi,0.004596442,0.003726594,0.0055393837,0.014435506,0.08347458,0.8683158,0.019911727
2,2,benign keratosis-like lesions,benign keratosis-like lesions,0.0022556765,0.005916629,0.7635035,0.014867068,0.055606242,0.10325761,0.054593295
2,2,benign keratosis-like lesions,benign keratosis-like lesions,0.0044814195,0.09068156,0.75360566,0.013859363,0.023243777,0.022112967,0.09201526
5,5,melanocytic nevi,melanocytic nevi,0.0036687397,0.0030669358,0.034798026,0.014043332,0.19120196,0.73400974,0.019211303
5,5,melanocytic nevi,melanocytic nevi,0.004502145,0.008697855,0.001276258,0.006091782,0.09132379,0.8674591,0.020649115
5,5,melanocytic nevi,melanocytic nevi,0.0062014293,0.0056610424,0.0021997897,0.003341694,0.0021204697,0.97099876,0.009476746
5,5,melanocytic nevi,melanocytic nevi,0.0075535323,0.010136733,0.006314892,0.016026463,0.0009949458,0.94130206,0.017671332
4,4,melanoma,melanoma,0.003650959,0.0142646115,0.14301667,0.016932322,0.7329386,0.04196676,0.047230095
5,5,melanocytic nevi,melanocytic nevi,0.0041301507,0.12162888,0.003502249,0.01371482,0.025889006,0.74120986,0.089925006
5,4,melanocytic nevi,melanoma,0.006308994,0.008272432,0.017403087,0.009183937,0.654701,0.25392956,0.05020105
5,5,melanocytic nevi,melanocytic nevi,0.017815491,0.025312923,0.05364573,0.043968316,0.0034088865,0.7927554,0.063093215
5,5,melanocytic nevi,melanocytic nevi,0.000998719,0.0022311145,0.0010585076,0.0043437644,0.020931419,0.96347755,0.0069589904
5,5,melanocytic nevi,melanocytic nevi,0.0010169467,0.00033786407,0.005602886,0.004609897,0.06493034,0.9173166,0.0061855037
5,5,melanocytic nevi,melanocytic nevi,0.008703804,0.0007010481,0.003608399,0.008425387,0.084853105,0.8848199,0.008888338
5,5,melanocytic nevi,melanocytic nevi,0.0015241217,0.0014251884,0.0033475645,0.0021223854,0.006386974,0.9756822,0.009511582
5,5,melanocytic nevi,melanocytic nevi,0.0012893195,0.0013806719,0.007939182,0.0077292323,0.036651958,0.9345637,0.010446024
1,1,basal cell carcinoma,basal cell carcinoma,0.005646155,0.9709844,0.00033885686,0.0033313718,0.0005114925,0.008003822,0.011183916
5,5,melanocytic nevi,melanocytic nevi,0.0028740326,0.0010157173,0.0010263234,0.0032834692,0.17724517,0.8057396,0.00881576
4,5,melanoma,melanocytic nevi,0.004068323,0.01955596,0.004115227,0.01840297,0.2790656,0.6362122,0.03857969
5,5,melanocytic nevi,melanocytic nevi,0.0021872998,0.0023610033,0.0007981514,0.0031157176,0.011544841,0.9715925,0.008400393
5,5,melanocytic nevi,melanocytic nevi,0.004988845,0.003721075,0.0059968717,0.008131215,0.35810283,0.5920803,0.02697893
2,5,benign keratosis-like lesions,melanocytic nevi,0.011153525,0.0042792684,0.1847946,0.05282509,0.007007142,0.7128412,0.027099062
0,0,actinic keratoses and intraepithelial carcinoma,actinic keratoses and intraepithelial carcinoma,0.97186565,0.0025336363,0.00033761494,0.0016273195,0.01366675,0.0061034197,0.0038655838
5,5,melanocytic nevi,melanocytic nevi,0.07141601,0.014709029,0.07167237,0.055875648,0.0048909113,0.7546465,0.026789507
5,5,melanocytic nevi,melanocytic nevi,0.007867774,0.0058619357,0.0059316396,0.008916376,0.0016850333,0.95763,0.012107298
5,5,melanocytic nevi,melanocytic nevi,0.011557632,0.1891263,0.0027120186,0.036162578,0.0039091525,0.7002014,0.05633088
5,5,melanocytic nevi,melanocytic nevi,0.013290082,0.0077679986,0.009693812,0.028252944,0.02844142,0.88716894,0.025384875
5,5,melanocytic nevi,melanocytic nevi,0.022880808,0.041167766,0.046706617,0.031050991,0.1547123,0.58975816,0.11372341
6,2,vascular lesions,benign keratosis-like lesions,0.19126663,0.029308528,0.35322788,0.09159745,0.0036951792,0.28864834,0.042256024
4,4,melanoma,melanoma,0.00403901,0.001207208,0.03237749,0.009072862,0.802851,0.13710774,0.013344703
1,1,basal cell carcinoma,basal cell carcinoma,0.0050352314,0.8983224,0.0029085178,0.006596269,0.0026101663,0.03833752,0.046189863
5,5,melanocytic nevi,melanocytic nevi,0.0040321583,0.0053577926,0.002142189,0.0028190548,0.0040280246,0.9710133,0.010607453
5,5,melanocytic nevi,melanocytic nevi,0.0021723316,0.14120063,0.0019562,0.021397026,0.009205533,0.7676419,0.056426283
2,2,benign keratosis-like lesions,benign keratosis-like lesions,0.016380308,0.0073689185,0.6076303,0.042732958,0.05591289,0.24156179,0.028412879
5,5,melanocytic nevi,melanocytic nevi,0.003000856,0.00070393033,0.0004803259,0.010711,0.3168406,0.66064125,0.0076220515
5,5,melanocytic nevi,melanocytic nevi,0.0017469019,0.0020716111,0.07730234,0.006515329,0.01858931,0.86983675,0.023937784
5,5,melanocytic nevi,melanocytic nevi,0.004938308,0.008804263,0.0035545682,0.023057679,0.0078253355,0.9339193,0.017900536
0,0,actinic keratoses and intraepithelial carcinoma,actinic keratoses and intraepithelial carcinoma,0.89505774,0.0043754242,0.024963029,0.058544006,0.005377741,0.005760856,0.005921307
5,5,melanocytic nevi,melanocytic nevi,0.004542188,0.0015521189,0.0034501962,0.016539697,0.03464216,0.9260586,0.013215112
5,5,melanocytic nevi,melanocytic nevi,0.0016569716,0.0026273802,0.011445203,0.013660548,0.108765885,0.83971435,0.022129608
4,4,melanoma,melanoma,0.011713218,0.029053042,0.21085721,0.023206916,0.5582838,0.10330887,0.06357698
5,5,melanocytic nevi,melanocytic nevi,0.033751227,0.0054801856,0.03504945,0.030522274,0.110509716,0.74823517,0.036451995
5,5,melanocytic nevi,melanocytic nevi,0.0016326584,0.00050213817,0.20033012,0.0068274154,0.37572998,0.393879,0.021098778
4,4,melanoma,melanoma,0.0029431966,0.0053093308,0.0012300113,0.007873199,0.61372733,0.353799,0.015118022
5,5,melanocytic nevi,melanocytic nevi,0.009525073,0.0020051103,0.00051441154,0.007375154,0.13352421,0.8377949,0.009261166
5,5,melanocytic nevi,melanocytic nevi,0.0124774305,0.032316834,0.13479304,0.065349475,0.16731502,0.4921114,0.095636845
5,5,melanocytic nevi,melanocytic nevi,0.0042834524,0.0022305045,0.008447,0.011579129,0.010890717,0.9462632,0.016306065
5,5,melanocytic nevi,melanocytic nevi,0.00085311057,0.0026339877,0.07562215,0.010647492,0.28067708,0.6058938,0.02367236
5,5,melanocytic nevi,melanocytic nevi,0.001221855,0.00081335823,0.008174408,0.0040303804,0.0016128487,0.9775554,0.006591706
5,5,melanocytic nevi,melanocytic nevi,0.0012093034,0.0003410736,0.0022661844,0.0026942808,0.0035717767,0.98572206,0.0041952794
5,5,melanocytic nevi,melanocytic nevi,0.00058991904,0.000500323,0.0008591683,0.0035754156,0.022089627,0.96523154,0.0071541048
5,5,melanocytic nevi,melanocytic nevi,0.0042762337,0.0079166405,0.003194303,0.011267219,0.05937318,0.8960012,0.017971195
5,5,melanocytic nevi,melanocytic nevi,0.0019359743,0.0007377421,0.004177778,0.0089043435,0.04152928,0.9298687,0.012846195
5,4,melanocytic nevi,melanoma,0.02663781,0.0003368216,0.046697482,0.009630556,0.65244937,0.25401258,0.010235404
4,1,melanoma,basal cell carcinoma,0.006257021,0.45926785,0.018919291,0.03628831,0.24002221,0.08954152,0.14970386
4,4,melanoma,melanoma,0.05227297,0.013465616,0.006992402,0.119928375,0.5336289,0.23830187,0.035409875
5,5,melanocytic nevi,melanocytic nevi,0.0006834786,0.0014407762,0.013639817,0.0074170637,0.0065728147,0.96333516,0.0069108824
5,4,melanocytic nevi,melanoma,0.006684775,0.0035606106,0.013941335,0.01893363,0.51238406,0.41278142,0.031714175
2,2,benign keratosis-like lesions,benign keratosis-like lesions,0.033797868,0.005640381,0.90975344,0.0099553615,0.007120112,0.024492722,0.009240165
5,5,melanocytic nevi,melanocytic nevi,0.0334263,0.03239068,0.036269967,0.122525685,0.026341902,0.6083951,0.14065033
5,2,melanocytic nevi,benign keratosis-like lesions,0.0056980858,0.045454923,0.28782433,0.058569796,0.22215825,0.25839826,0.12189628
2,2,benign keratosis-like lesions,benign keratosis-like lesions,0.005869045,0.0015441924,0.8426765,0.008072477,0.008710962,0.11551335,0.017613495
5,5,melanocytic nevi,melanocytic nevi,0.0012527629,0.0014045233,0.0022872216,0.003336336,0.028606119,0.9535087,0.009604374
4,4,melanoma,melanoma,0.0018937244,0.0006020859,0.009167371,0.006091894,0.7085675,0.2640954,0.009582073
5,5,melanocytic nevi,melanocytic nevi,0.016076107,0.0051106745,0.003830357,0.012581705,0.025839832,0.92225546,0.014305881
5,5,melanocytic nevi,melanocytic nevi,0.0067060255,0.0022077786,0.31210792,0.021420833,0.0036976384,0.6331878,0.020672014
5,5,melanocytic nevi,melanocytic nevi,0.0015774348,0.0011269157,0.0015195091,0.0033588537,0.021080991,0.96242094,0.008915406
4,4,melanoma,melanoma,0.003276565,0.0013358393,0.007622439,0.006516666,0.6434535,0.3272792,0.010515812
5,5,melanocytic nevi,melanocytic nevi,0.0017138653,0.0027482137,0.003623726,0.0038214908,0.00635857,0.9754975,0.0062366338
5,5,melanocytic nevi,melanocytic nevi,0.0034881397,0.0023875604,0.121053934,0.012837718,0.07369786,0.7536621,0.03287265
5,5,melanocytic nevi,melanocytic nevi,0.0018329386,0.003302236,0.001693984,0.004678828,0.002246056,0.9804986,0.0057473453
1,1,basal cell carcinoma,basal cell carcinoma,0.0027460395,0.9363379,0.0027558254,0.004148815,0.0030246591,0.012162582,0.038824245
5,5,melanocytic nevi,melanocytic nevi,0.0066143367,0.003932781,0.0016559055,0.0063321106,0.007160805,0.96139425,0.012909797
5,5,melanocytic nevi,melanocytic nevi,0.0043351757,0.007582249,0.0019655814,0.0108016245,0.12116895,0.8210076,0.033138886
5,5,melanocytic nevi,melanocytic nevi,0.007972787,0.0010187041,0.0023699002,0.011158898,0.063597344,0.90428424,0.0095981
4,5,melanoma,melanocytic nevi,0.005024921,0.004913305,0.02624407,0.0150970565,0.27489644,0.6397912,0.034032952
5,5,melanocytic nevi,melanocytic nevi,0.004764873,0.010038529,0.0015078585,0.013819263,0.0048624724,0.9422023,0.022804685
4,5,melanoma,melanocytic nevi,0.0011710856,0.0012492461,0.0042714635,0.01422729,0.23746458,0.7260793,0.015537051
5,5,melanocytic nevi,melanocytic nevi,0.0027657023,0.029069327,0.014874682,0.031492013,0.04180263,0.8053034,0.07469218
2,2,benign keratosis-like lesions,benign keratosis-like lesions,0.0014501784,0.0005069163,0.79645735,0.003835124,0.116440795,0.07280114,0.008508505
5,5,melanocytic nevi,melanocytic nevi,0.01032477,0.046960007,0.04483195,0.038446013,0.06297272,0.7307324,0.065732144
5,5,melanocytic nevi,melanocytic nevi,0.008832337,0.019144991,0.0049854065,0.019179247,0.04603872,0.86798614,0.03383313
5,5,melanocytic nevi,melanocytic nevi,0.0046336786,0.0059803147,0.06401131,0.019232545,0.049135808,0.8212487,0.035757612
5,5,melanocytic nevi,melanocytic nevi,0.0019116482,0.0016722014,0.012795269,0.006264204,0.051828567,0.91154075,0.013987305
5,5,melanocytic nevi,melanocytic nevi,0.0006162898,0.00066078635,0.0020807907,0.007057289,0.0024491043,0.98096883,0.0061669108
5,5,melanocytic nevi,melanocytic nevi,0.0074575543,0.0018606593,0.009230833,0.012899828,0.0025580882,0.954744,0.011249027
5,5,melanocytic nevi,melanocytic nevi,0.0051545124,0.00399881,0.0026987696,0.016108437,0.12291571,0.83210444,0.017019274
5,2,melanocytic nevi,benign keratosis-like lesions,0.02931218,0.081397794,0.64482427,0.094475895,0.04099417,0.04408315,0.064912535
5,2,melanocytic nevi,benign keratosis-like lesions,0.006885392,0.0077015385,0.6191409,0.021884477,0.098742954,0.21330626,0.03233838
5,5,melanocytic nevi,melanocytic nevi,0.00019309513,0.0024124454,0.00050011894,0.0040760892,0.016480884,0.96609795,0.010239418
1,1,basal cell carcinoma,basal cell carcinoma,0.005844426,0.89382327,0.0030107803,0.0024461541,0.00067176996,0.07366997,0.020533646
4,5,melanoma,melanocytic nevi,0.022654885,0.009416599,0.0069866725,0.018970847,0.18035525,0.7300133,0.0316024
5,5,melanocytic nevi,melanocytic nevi,0.0016111871,0.0015753027,0.0010755475,0.01123014,0.0073745907,0.9682616,0.008871626
5,5,melanocytic nevi,melanocytic nevi,0.0037663972,0.006264731,0.01136743,0.029161038,0.2363112,0.68066084,0.03246833
5,4,melanocytic nevi,melanoma,0.020476084,0.0050699087,0.020953031,0.022327866,0.5779621,0.32085207,0.032358903
5,5,melanocytic nevi,melanocytic nevi,0.0034765908,0.0015196417,0.0017051687,0.00581974,0.004462109,0.97641027,0.0066065076
5,5,melanocytic nevi,melanocytic nevi,0.0018636087,0.0061133183,0.01436117,0.022047581,0.027217932,0.9106577,0.01773879
5,5,melanocytic nevi,melanocytic nevi,0.0022844246,0.002397032,0.06745686,0.013706734,0.20488338,0.66379946,0.045472093
5,5,melanocytic nevi,melanocytic nevi,0.0047956863,0.0030977277,0.0064167073,0.013252041,0.011348624,0.94455594,0.01653329
5,5,melanocytic nevi,melanocytic nevi,0.0064388188,0.27570823,0.009854145,0.043951873,0.093968295,0.4812125,0.08886608
5,5,melanocytic nevi,melanocytic nevi,0.0028274506,0.0036508485,0.0047035594,0.007455502,0.0013962039,0.9644453,0.015521086
5,5,melanocytic nevi,melanocytic nevi,0.0041049602,0.0028818147,0.004448963,0.006704974,0.039608512,0.9290572,0.013193607
0,0,actinic keratoses and intraepithelial carcinoma,actinic keratoses and intraepithelial carcinoma,0.8430196,0.015170257,0.004680144,0.043987837,0.004885052,0.079142906,0.009114241
2,2,benign keratosis-like lesions,benign keratosis-like lesions,0.0030340946,0.0039282003,0.95995665,0.0050531244,0.0006142954,0.017461605,0.009952022
5,5,melanocytic nevi,melanocytic nevi,0.0051100864,0.0108055975,0.008305839,0.0065586437,0.016613288,0.9305321,0.022074431
0,0,actinic keratoses and intraepithelial carcinoma,actinic keratoses and intraepithelial carcinoma,0.5400022,0.10435194,0.14221898,0.17597285,0.009759861,0.008245649,0.019448498
5,5,melanocytic nevi,melanocytic nevi,0.009218365,0.007855545,0.011409429,0.025190188,0.003752694,0.92311823,0.019455496
5,5,melanocytic nevi,melanocytic nevi,0.0037874614,0.0056824763,0.022666244,0.016157713,0.17695756,0.7200017,0.05474686
4,4,melanoma,melanoma,0.0025319762,0.0030198689,0.008099315,0.01438247,0.60229135,0.35430872,0.015366332
4,5,melanoma,melanocytic nevi,0.0058509717,0.011545403,0.0031555456,0.03780462,0.34759095,0.5608695,0.03318306
6,6,vascular lesions,vascular lesions,0.018274475,0.21369311,0.0161974,0.05442267,0.11624027,0.2897876,0.29138446
5,5,melanocytic nevi,melanocytic nevi,0.0037863324,0.006943619,0.0814739,0.017033452,0.007825485,0.85812855,0.024808723
5,5,melanocytic nevi,melanocytic nevi,0.0054891664,0.00232679,0.23618285,0.006195951,0.1852766,0.5287503,0.03577829
5,5,melanocytic nevi,melanocytic nevi,0.00462688,0.0012298374,0.046290416,0.026086634,0.118129715,0.7858771,0.017759383
5,5,melanocytic nevi,melanocytic nevi,0.007377205,0.017299727,0.0030507857,0.031568266,0.0062912446,0.9064707,0.027942073
5,5,melanocytic nevi,melanocytic nevi,0.00094250066,0.00086819526,0.002226738,0.005259105,0.017082592,0.9666267,0.0069941813
5,4,melanocytic nevi,melanoma,0.0008811761,0.00087521266,0.007515921,0.0045796633,0.5165415,0.45349395,0.016112631
1,1,basal cell carcinoma,basal cell carcinoma,0.0056962683,0.8679579,0.00077358726,0.004927599,0.033134345,0.015119966,0.072390325
0,0,actinic keratoses and intraepithelial carcinoma,actinic keratoses and intraepithelial carcinoma,0.9971017,0.00014292658,0.0015141482,9.983128e-05,0.0002422741,0.000683768,0.0002152879
4,5,melanoma,melanocytic nevi,0.0010950345,0.008127128,0.004562498,0.014244726,0.085621096,0.85933936,0.027010081
5,5,melanocytic nevi,melanocytic nevi,0.046292715,0.002436015,0.042314906,0.047187727,0.28270745,0.5479542,0.03110696
5,5,melanocytic nevi,melanocytic nevi,0.0018467024,0.000109099296,0.0058140946,0.004586507,0.05102227,0.93127424,0.005347014
1,1,basal cell carcinoma,basal cell carcinoma,0.011768926,0.5664484,0.0675118,0.059094634,0.017195124,0.120809294,0.15717185
5,5,melanocytic nevi,melanocytic nevi,0.0034517334,0.0037083824,0.0018606683,0.005582886,0.10790954,0.86615515,0.011331569
5,5,melanocytic nevi,melanocytic nevi,0.0044900286,0.005359969,0.0074941716,0.0065505398,0.02030626,0.941298,0.0145009225
5,5,melanocytic nevi,melanocytic nevi,0.00073645933,0.0029266335,0.00050980394,0.0045128046,0.055996094,0.91900593,0.016312294
5,4,melanocytic nevi,melanoma,0.054476198,0.0007633624,0.00990096,0.025901727,0.73166525,0.16759668,0.009695828
5,5,melanocytic nevi,melanocytic nevi,0.0027281311,0.004173079,0.0013251164,0.006985397,0.019004729,0.9548567,0.010926886
1,1,basal cell carcinoma,basal cell carcinoma,0.0021803638,0.78622484,0.0028197188,0.00644063,0.0034831034,0.14020622,0.058645137
5,5,melanocytic nevi,melanocytic nevi,0.00082172255,0.0016318513,0.023929888,0.010902955,0.026492637,0.92088574,0.015335191
5,5,melanocytic nevi,melanocytic nevi,0.00812202,0.010582369,0.002358662,0.022574041,0.06648022,0.8586578,0.031224862
5,5,melanocytic nevi,melanocytic nevi,0.0018389912,0.0023336855,0.004344517,0.00678823,0.20902777,0.7557242,0.019942585
4,4,melanoma,melanoma,0.015895098,0.0004666371,0.09978417,0.018332668,0.45445743,0.39773634,0.01332765
5,5,melanocytic nevi,melanocytic nevi,0.0033535527,0.00379598,0.0032333087,0.004515884,0.004776263,0.9714327,0.00889238
5,5,melanocytic nevi,melanocytic nevi,0.0019500835,0.0060923924,0.019612957,0.013178614,0.0036836718,0.9440664,0.011415799
6,2,vascular lesions,benign keratosis-like lesions,0.008603207,0.033837494,0.5553676,0.023874493,0.18051687,0.07954856,0.1182518
5,5,melanocytic nevi,melanocytic nevi,0.00068519515,0.00120432,0.0005084314,0.0018637946,0.026878979,0.96454316,0.0043161334
2,2,benign keratosis-like lesions,benign keratosis-like lesions,0.00599194,0.020859523,0.7166977,0.045403957,0.005514946,0.16107352,0.04445837
6,1,vascular lesions,basal cell carcinoma,0.0039233034,0.69096166,0.0009249544,0.006422811,0.035425823,0.16983423,0.09250721
4,4,melanoma,melanoma,0.0047133905,0.0012871198,0.22583008,0.009412142,0.59785694,0.14020857,0.020691788
5,5,melanocytic nevi,melanocytic nevi,0.0042137937,0.003734156,0.001381238,0.001840226,0.008080151,0.9721733,0.008577185
5,5,melanocytic nevi,melanocytic nevi,0.007853637,0.022230163,0.09875807,0.07627221,0.0073631117,0.74033105,0.0471918
5,5,melanocytic nevi,melanocytic nevi,0.0045744586,0.0052333535,0.004388844,0.0113381455,0.010969653,0.9440168,0.019478714
5,5,melanocytic nevi,melanocytic nevi,0.0035987576,0.0032133413,0.021359306,0.012190444,0.022802763,0.916284,0.020551328
5,5,melanocytic nevi,melanocytic nevi,0.0064842436,0.005310542,0.006819345,0.009116872,0.011487066,0.9372542,0.02352774
4,2,melanoma,benign keratosis-like lesions,0.0018513948,0.0010309548,0.45897034,0.007928912,0.4065641,0.11219358,0.011460658
5,1,melanocytic nevi,basal cell carcinoma,0.02474526,0.30557147,0.12422644,0.09563488,0.003035486,0.2773832,0.16940328
0,0,actinic keratoses and intraepithelial carcinoma,actinic keratoses and intraepithelial carcinoma,0.84435433,0.075698294,0.0020426186,0.03762282,0.0052183177,0.015415781,0.019647826
5,2,melanocytic nevi,benign keratosis-like lesions,0.0032006574,0.0023604592,0.4604523,0.034686007,0.09002252,0.37702924,0.03224889
5,5,melanocytic nevi,melanocytic nevi,0.0027535418,0.0011672352,0.04986964,0.020774964,0.002581677,0.9066425,0.016210377
2,2,benign keratosis-like lesions,benign keratosis-like lesions,0.0031358942,0.0017392817,0.86256063,0.008407621,0.029453384,0.080600746,0.014102349
5,5,melanocytic nevi,melanocytic nevi,0.0024269598,0.0019577953,0.0047563855,0.0107687935,0.005082876,0.96339834,0.011608943
0,0,actinic keratoses and intraepithelial carcinoma,actinic keratoses and intraepithelial carcinoma,0.99087346,0.000231361,0.0022558197,0.005456864,5.3921325e-05,0.00082065957,0.00030799175
2,2,benign keratosis-like lesions,benign keratosis-like lesions,0.021365928,0.00066989026,0.86774653,0.007025202,0.075493895,0.02166715,0.006031456
5,5,melanocytic nevi,melanocytic nevi,0.005857075,0.053506892,0.0069694123,0.027311085,0.27400735,0.5608918,0.07145642
5,5,melanocytic nevi,melanocytic nevi,0.0034638883,0.0021601692,0.008143132,0.017526885,0.08060191,0.8692939,0.01881012
5,5,melanocytic nevi,melanocytic nevi,0.0015126879,0.0006211884,0.00037851106,0.00388628,0.0075077796,0.98202056,0.004073148
5,5,melanocytic nevi,melanocytic nevi,0.009431007,0.00071613607,0.024365792,0.017946258,0.3083552,0.62429273,0.0148928715
5,5,melanocytic nevi,melanocytic nevi,0.0024613272,0.007974411,0.005963179,0.013186408,0.0035145094,0.95267886,0.014221247
5,5,melanocytic nevi,melanocytic nevi,0.0011615523,0.00085223163,0.00083030807,0.0025901205,0.04667894,0.942353,0.0055338163
5,5,melanocytic nevi,melanocytic nevi,0.0007668426,0.00043630064,0.002448375,0.004738368,0.00424049,0.98285264,0.0045169154
5,5,melanocytic nevi,melanocytic nevi,0.0015685726,0.0010571509,0.22179608,0.008046805,0.30451542,0.44509465,0.01792131
5,4,melanocytic nevi,melanoma,0.067544386,0.0023382076,0.30240372,0.05546504,0.33976385,0.19708031,0.035404474
4,4,melanoma,melanoma,0.009882541,0.00037599663,0.00058730005,0.005016399,0.8779619,0.102126636,0.0040492686
4,5,melanoma,melanocytic nevi,0.0008957857,0.0006102735,0.13814731,0.0034525292,0.3908464,0.44809198,0.017955713
2,2,benign keratosis-like lesions,benign keratosis-like lesions,0.0012124059,0.0034220463,0.75421566,0.01104621,0.012011711,0.19218706,0.02590495
5,5,melanocytic nevi,melanocytic nevi,0.0034454376,0.0046393685,0.03325103,0.027331373,0.09838828,0.7822155,0.050729044
5,5,melanocytic nevi,melanocytic nevi,0.0011345167,0.0009243219,0.00042289324,0.0018953611,0.012172261,0.9786178,0.004832899
5,5,melanocytic nevi,melanocytic nevi,0.00033699843,0.0007322202,0.0005305032,0.0016717187,0.011240506,0.9823475,0.0031405285
5,5,melanocytic nevi,melanocytic nevi,0.004493228,0.0046475288,0.003800423,0.008824777,0.027330326,0.93797565,0.012928082
5,5,melanocytic nevi,melanocytic nevi,0.0017556406,0.01519665,0.0014108394,0.00617839,0.067747034,0.8808116,0.026899938
2,2,benign keratosis-like lesions,benign keratosis-like lesions,0.012361628,0.005139866,0.92559373,0.004696616,0.0013616346,0.030500188,0.020346388
2,4,benign keratosis-like lesions,melanoma,0.012394047,0.0047901715,0.16465506,0.07084828,0.43410578,0.2844735,0.028733099
5,5,melanocytic nevi,melanocytic nevi,0.0007869825,0.0012329357,0.0054089725,0.0028333906,0.015552872,0.9683014,0.0058834883
2,5,benign keratosis-like lesions,melanocytic nevi,0.007279818,0.0015713642,0.26798257,0.017577603,0.15733573,0.5246848,0.023568083
5,5,melanocytic nevi,melanocytic nevi,0.001231346,0.0033934563,0.052820247,0.01823266,0.3003649,0.58121645,0.04274094
6,5,vascular lesions,melanocytic nevi,0.0047173277,0.086968586,0.0056064865,0.01883287,0.010797303,0.6983707,0.17470682
5,5,melanocytic nevi,melanocytic nevi,0.002097124,0.007403217,0.001404532,0.0077188546,0.0043147467,0.9660212,0.011040317
5,5,melanocytic nevi,melanocytic nevi,0.003870417,0.011299114,0.0014806534,0.010354716,0.1083745,0.83888805,0.025732579
5,5,melanocytic nevi,melanocytic nevi,0.002980763,0.00035954197,0.009530776,0.0075282995,0.0059599937,0.96630067,0.0073400326
5,5,melanocytic nevi,melanocytic nevi,0.00074200047,0.002531135,0.00066803576,0.004105494,0.10383741,0.8795233,0.008592662
4,2,melanoma,benign keratosis-like lesions,0.007960205,0.00077504676,0.57491803,0.019543737,0.17231826,0.20309219,0.021392476
2,2,benign keratosis-like lesions,benign keratosis-like lesions,0.025342148,0.001627476,0.75091857,0.021223709,0.07290062,0.109788984,0.018198483
0,0,actinic keratoses and intraepithelial carcinoma,actinic keratoses and intraepithelial carcinoma,0.99084795,0.0005308552,0.0012748032,0.0002673861,0.0016352874,0.0046601905,0.0007835472
5,5,melanocytic nevi,melanocytic nevi,0.0014173839,0.0021071823,0.04557307,0.009374409,0.017537447,0.90947104,0.014519437
5,5,melanocytic nevi,melanocytic nevi,0.0027056877,0.0045951237,0.001167195,0.0041326866,0.0048259725,0.97538936,0.007184008
5,5,melanocytic nevi,melanocytic nevi,0.004924045,0.008835519,0.004983834,0.011937931,0.005571833,0.9381228,0.025624035
5,5,melanocytic nevi,melanocytic nevi,0.0019126091,0.00808217,0.0013437188,0.0068309535,0.015754344,0.9505364,0.015539842
5,5,melanocytic nevi,melanocytic nevi,0.002916419,0.020923689,0.0023230563,0.01274015,0.053282082,0.881573,0.026241675
2,2,benign keratosis-like lesions,benign keratosis-like lesions,0.011153285,0.0009779793,0.9748352,0.0037588635,0.0010180052,0.0060744067,0.002182353
5,5,melanocytic nevi,melanocytic nevi,0.0012215412,0.0010869551,0.0018179789,0.006035026,0.0035280846,0.97701216,0.009298106
5,5,melanocytic nevi,melanocytic nevi,0.0013210353,0.011036823,0.0059440387,0.010157795,0.18474025,0.7500077,0.03679231
4,5,melanoma,melanocytic nevi,0.0007775596,0.00054579246,0.05599942,0.0047694393,0.35433576,0.56846505,0.015106936
4,5,melanoma,melanocytic nevi,0.0045068366,0.010100489,0.20219195,0.02186332,0.12351397,0.56297576,0.07484764
5,5,melanocytic nevi,melanocytic nevi,0.00061543606,0.0017136958,0.0012153742,0.003773244,0.0072807833,0.97256607,0.01283546
5,5,melanocytic nevi,melanocytic nevi,0.00063958805,0.0010359207,0.006037999,0.004439922,0.01985643,0.9528649,0.015125245
5,2,melanocytic nevi,benign keratosis-like lesions,0.044567525,0.004198489,0.56655014,0.02483922,0.038058475,0.28541726,0.036368895
5,5,melanocytic nevi,melanocytic nevi,0.0052366005,0.007987369,0.029262055,0.012860093,0.28151488,0.626377,0.036761977
5,5,melanocytic nevi,melanocytic nevi,0.018276773,0.0027598753,0.108995445,0.05500867,0.07195749,0.71284676,0.0301549
5,5,melanocytic nevi,melanocytic nevi,0.010199741,0.021729223,0.01068539,0.011423159,0.0035649245,0.9022594,0.040138133
2,2,benign keratosis-like lesions,benign keratosis-like lesions,0.0014848405,0.0021734412,0.699879,0.0025046805,0.01802545,0.25907415,0.01685849
5,5,melanocytic nevi,melanocytic nevi,0.0015391915,0.0013140553,0.002621891,0.005152765,0.062384,0.915569,0.011419057
5,5,melanocytic nevi,melanocytic nevi,0.009625986,0.006257005,0.0065772673,0.029553056,0.0035779374,0.9258898,0.018518904
5,5,melanocytic nevi,melanocytic nevi,0.0009657629,0.0015086075,0.0010896361,0.0028438757,0.014874747,0.97261614,0.0061012083
5,5,melanocytic nevi,melanocytic nevi,0.004681998,0.0035457064,0.0031709075,0.0034643381,0.01120021,0.9627137,0.01122299
4,5,melanoma,melanocytic nevi,0.0016121048,0.0014529894,0.012181446,0.004878748,0.42754292,0.53489494,0.017436815
5,5,melanocytic nevi,melanocytic nevi,0.008643867,0.004423535,0.0032486992,0.005765169,0.01810711,0.94175,0.018061629
4,4,melanoma,melanoma,0.0051514274,0.010100493,0.020746637,0.0074284165,0.862548,0.072275,0.02175003
5,5,melanocytic nevi,melanocytic nevi,0.0012955546,0.00017602903,0.0020636953,0.0045110257,0.0047670244,0.98351073,0.0036758836
5,5,melanocytic nevi,melanocytic nevi,0.0055957935,0.003396716,0.00450086,0.010914089,0.008363682,0.9489332,0.018295724
5,5,melanocytic nevi,melanocytic nevi,0.0020970965,0.0022524903,0.0024289826,0.006174759,0.120994784,0.85127443,0.014777512
2,2,benign keratosis-like lesions,benign keratosis-like lesions,0.03897655,0.0048202476,0.78402805,0.017532496,0.10828111,0.026865087,0.019496486
5,5,melanocytic nevi,melanocytic nevi,0.011467946,0.008587276,0.0015472871,0.0031411175,0.0041661332,0.9571298,0.013960423
2,2,benign keratosis-like lesions,benign keratosis-like lesions,0.014900461,0.0007884332,0.5048454,0.025523253,0.38076088,0.06485546,0.0083261365
4,4,melanoma,melanoma,0.010600133,0.0055195424,0.005711225,0.008346688,0.9062133,0.04642724,0.017181829
2,2,benign keratosis-like lesions,benign keratosis-like lesions,0.14805213,0.00085063226,0.82321864,0.015202417,0.0033316356,0.0074579846,0.001886575
5,5,melanocytic nevi,melanocytic nevi,0.0027437054,0.0034870727,0.000861279,0.0029737102,0.0048833326,0.97537136,0.009679669
0,0,actinic keratoses and intraepithelial carcinoma,actinic keratoses and intraepithelial carcinoma,0.64963514,0.11523113,0.004389346,0.053689975,0.051724423,0.07570765,0.049622327
5,5,melanocytic nevi,melanocytic nevi,0.011359178,0.0068088607,0.002787783,0.0073289047,0.07193051,0.87847316,0.021311635
5,5,melanocytic nevi,melanocytic nevi,0.0033066128,0.008007129,0.0018885096,0.014651667,0.11644671,0.82380706,0.03189238
4,5,melanoma,melanocytic nevi,0.008153068,0.0046652835,0.011155188,0.017407473,0.2701349,0.6550912,0.033392884
2,2,benign keratosis-like lesions,benign keratosis-like lesions,0.0046944786,0.009866407,0.8319349,0.006849382,0.018784089,0.10061777,0.027252898
5,5,melanocytic nevi,melanocytic nevi,0.007980604,0.028802162,0.016384602,0.021308824,0.0026402485,0.8944845,0.028399058
5,1,melanocytic nevi,basal cell carcinoma,0.02009581,0.40333825,0.18675569,0.049258254,0.0068206023,0.2018854,0.13184604
5,5,melanocytic nevi,melanocytic nevi,0.0102905985,0.00583387,0.008333199,0.018953416,0.0052010575,0.9318849,0.019502945
5,5,melanocytic nevi,melanocytic nevi,0.015700147,0.21885559,0.036485188,0.055919934,0.002818864,0.47088727,0.19933297
5,5,melanocytic nevi,melanocytic nevi,0.0012257362,0.0049416767,0.06677908,0.021512162,0.0043774983,0.874237,0.026926877
5,5,melanocytic nevi,melanocytic nevi,0.0022172248,0.005987435,0.001289548,0.0032653224,0.012646724,0.9651672,0.009426503
5,5,melanocytic nevi,melanocytic nevi,0.0065764994,0.006073512,0.0066333353,0.009991861,0.00139378,0.9525785,0.016752562
5,5,melanocytic nevi,melanocytic nevi,0.00075687806,0.000767345,0.009830323,0.006190091,0.06043448,0.91175944,0.010261398
5,5,melanocytic nevi,melanocytic nevi,0.0072600995,0.013665646,0.010774192,0.016773436,0.22263326,0.691675,0.03721839
5,5,melanocytic nevi,melanocytic nevi,0.0016508483,0.0019431378,0.00034341624,0.0040479996,0.044626817,0.94075155,0.0066361674
5,5,melanocytic nevi,melanocytic nevi,0.002453747,0.0051797987,0.0075327363,0.0032069774,0.004317386,0.9648254,0.012484
4,4,melanoma,melanoma,0.0014762295,0.004177305,0.029150594,0.006144258,0.79289615,0.13811381,0.028041651
2,2,benign keratosis-like lesions,benign keratosis-like lesions,0.014846386,0.02399474,0.48193967,0.07299796,0.20666298,0.15147662,0.048081607
5,5,melanocytic nevi,melanocytic nevi,0.0014697583,0.0032522513,0.0025717025,0.007228338,0.004487439,0.96805453,0.012935921
2,2,benign keratosis-like lesions,benign keratosis-like lesions,0.008290075,0.0028913177,0.6310312,0.029382892,0.17829557,0.12638487,0.023724055
5,5,melanocytic nevi,melanocytic nevi,0.004286562,0.0034031228,0.0033160036,0.004527309,0.15719749,0.812846,0.014423614
5,5,melanocytic nevi,melanocytic nevi,0.0011114111,0.0018994095,0.0010332081,0.0044776816,0.042969268,0.942706,0.0058030873
5,5,melanocytic nevi,melanocytic nevi,0.003897285,0.009262339,0.008502616,0.013607533,0.007488031,0.9417302,0.015511928
5,5,melanocytic nevi,melanocytic nevi,0.0048026824,0.004405681,0.01739312,0.064823285,0.21118586,0.6760156,0.021373775
2,2,benign keratosis-like lesions,benign keratosis-like lesions,0.021413106,0.009492702,0.7873938,0.032001525,0.008420084,0.11322092,0.028057845
4,4,melanoma,melanoma,0.014087978,0.122667566,0.0015381915,0.004776975,0.76954585,0.041170016,0.04621336
0,0,actinic keratoses and intraepithelial carcinoma,actinic keratoses and intraepithelial carcinoma,0.99879754,6.485807e-05,0.00044789645,0.00029738102,7.7795325e-05,0.00022738108,8.717109e-05
5,5,melanocytic nevi,melanocytic nevi,0.001236354,0.0024074395,0.0065089082,0.006168002,0.088771425,0.8772964,0.017611366
5,5,melanocytic nevi,melanocytic nevi,0.0014372894,0.0014012145,0.0040315646,0.0037923588,0.26036465,0.711241,0.017731966
2,2,benign keratosis-like lesions,benign keratosis-like lesions,0.077795476,0.023558903,0.30962074,0.08647712,0.19087584,0.2354506,0.07622136
3,2,dermatofibroma,benign keratosis-like lesions,0.012066847,0.108281754,0.64825076,0.03391079,0.04423108,0.0854423,0.06781647
4,4,melanoma,melanoma,0.0024667506,0.0018465042,0.007916364,0.005343202,0.77081585,0.19633499,0.015276364
5,5,melanocytic nevi,melanocytic nevi,0.00092265784,0.0022708422,0.0017429767,0.0023337968,0.009407395,0.9773415,0.0059809014
5,5,melanocytic nevi,melanocytic nevi,0.0018048653,0.0005128248,0.025706768,0.009120025,0.019364616,0.93272007,0.010770839
2,2,benign keratosis-like lesions,benign keratosis-like lesions,0.003321165,0.001498529,0.90859276,0.005773329,0.011521766,0.061977763,0.0073146997
5,5,melanocytic nevi,melanocytic nevi,0.007281332,0.0015507906,0.029114552,0.009100653,0.15859054,0.768674,0.025688136
5,5,melanocytic nevi,melanocytic nevi,0.0019283063,0.0019373839,0.0065893605,0.005693994,0.017423855,0.93959653,0.026830558
2,2,benign keratosis-like lesions,benign keratosis-like lesions,0.008001367,0.0011377333,0.89117956,0.007570588,0.07158439,0.014104461,0.006421864
1,1,basal cell carcinoma,basal cell carcinoma,0.0019720807,0.71568793,0.031062325,0.015314117,0.04354401,0.049503684,0.1429159
4,4,melanoma,melanoma,0.0056603537,0.0026717621,0.17737383,0.0051947054,0.62677085,0.15801512,0.024313388
5,5,melanocytic nevi,melanocytic nevi,0.0046319654,0.002946343,0.0032561957,0.02903813,0.011515632,0.93526345,0.01334835
5,5,melanocytic nevi,melanocytic nevi,0.0032589883,0.0012345783,0.0019070966,0.005806994,0.0044181324,0.97632545,0.0070486786
2,2,benign keratosis-like lesions,benign keratosis-like lesions,0.020189665,0.0012801324,0.91085833,0.014502219,0.039894,0.0095528625,0.0037228214
1,1,basal cell carcinoma,basal cell carcinoma,0.0027403196,0.69846636,0.0052182386,0.014374037,0.004058304,0.19109188,0.08405085
5,5,melanocytic nevi,melanocytic nevi,0.0010389817,0.002558486,0.000558817,0.0027052134,0.012783633,0.9766118,0.0037431102
4,4,melanoma,melanoma,0.005621923,0.0017985238,0.0030150746,0.005283157,0.9402307,0.037951756,0.006098793
2,2,benign keratosis-like lesions,benign keratosis-like lesions,0.0023459338,0.0071054096,0.7853194,0.009359086,0.059036423,0.11002603,0.026807697
1,1,basal cell carcinoma,basal cell carcinoma,0.0038690295,0.69233316,0.044624384,0.027739458,0.045308456,0.038682304,0.14744319
5,5,melanocytic nevi,melanocytic nevi,0.006139634,0.0013557663,0.0023574093,0.006681527,0.14872393,0.8186597,0.01608204
5,5,melanocytic nevi,melanocytic nevi,0.008483948,0.004581035,0.020175379,0.027601328,0.015086889,0.89873064,0.02534082
2,5,benign keratosis-like lesions,melanocytic nevi,0.003133986,0.0010856219,0.41187152,0.012726836,0.014798128,0.5386388,0.01774521
5,5,melanocytic nevi,melanocytic nevi,0.0034196118,0.0053468575,0.0027563544,0.0073702266,0.005091428,0.9624146,0.0136010125
5,5,melanocytic nevi,melanocytic nevi,0.040898524,0.011587921,0.08670885,0.026118675,0.23713446,0.5006488,0.0969028
4,0,melanoma,actinic keratoses and intraepithelial carcinoma,0.38423845,0.0025185903,0.37369993,0.099451035,0.06564031,0.064653054,0.009798643
5,5,melanocytic nevi,melanocytic nevi,0.032405354,0.013129453,0.015322484,0.02369914,0.0069238245,0.8722487,0.036270946
5,5,melanocytic nevi,melanocytic nevi,0.007825058,0.013074914,0.008383981,0.03824348,0.10229859,0.74714243,0.08303154
2,2,benign keratosis-like lesions,benign keratosis-like lesions,0.018052131,0.0037803703,0.566662,0.029297324,0.3354835,0.024140643,0.022584045
1,1,basal cell carcinoma,basal cell carcinoma,0.0031721531,0.82518995,0.0044106157,0.011707578,0.00092257623,0.098868065,0.05572909
5,5,melanocytic nevi,melanocytic nevi,0.0072966525,0.0050906306,0.011698684,0.014438522,0.048455592,0.88558,0.027439857
1,1,basal cell carcinoma,basal cell carcinoma,0.010975872,0.8643115,0.0052566095,0.011542493,0.0012197832,0.05224359,0.05445022
4,2,melanoma,benign keratosis-like lesions,0.084938765,0.001176551,0.8734938,0.011059333,0.01768667,0.007755678,0.0038892238
5,5,melanocytic nevi,melanocytic nevi,0.002853566,0.0064764833,0.006145097,0.026657965,0.0145545965,0.9241914,0.019120926
0,0,actinic keratoses and intraepithelial carcinoma,actinic keratoses and intraepithelial carcinoma,0.9728581,0.00023158242,0.020168638,0.0008307979,0.0030320957,0.0023661111,0.0005126069
5,5,melanocytic nevi,melanocytic nevi,0.0013267933,0.002241409,0.0046079187,0.0100373775,0.12710458,0.8406114,0.0140705975
5,5,melanocytic nevi,melanocytic nevi,0.00093034114,0.0028402458,0.042755604,0.010259316,0.2733341,0.64417934,0.025701059
2,2,benign keratosis-like lesions,benign keratosis-like lesions,0.004431591,0.0036112478,0.73275316,0.017597694,0.010798455,0.21724874,0.013559147
5,5,melanocytic nevi,melanocytic nevi,0.0014110428,0.017808093,0.009135904,0.009979451,0.0075495634,0.9082041,0.045911822
5,5,melanocytic nevi,melanocytic nevi,0.0033671302,0.0016403963,0.00128316,0.003849102,0.0018819957,0.98163754,0.006340675
5,5,melanocytic nevi,melanocytic nevi,0.00374489,0.0010173332,0.011997844,0.005159283,0.13065019,0.83356714,0.013863304
5,5,melanocytic nevi,melanocytic nevi,0.0012682064,0.004481567,0.0010368859,0.013127927,0.011880692,0.95042586,0.017778905
5,5,melanocytic nevi,melanocytic nevi,0.0004933437,0.0002294152,0.0035210375,0.0028699662,0.1601942,0.82626027,0.0064318655
5,5,melanocytic nevi,melanocytic nevi,0.0041816174,0.009285405,0.0035187777,0.017220903,0.1505705,0.78385824,0.031364452
5,5,melanocytic nevi,melanocytic nevi,0.0010511103,0.002016875,0.0007895629,0.003359164,0.020651756,0.9599788,0.01215271
4,4,melanoma,melanoma,0.009864847,0.0075762523,0.06836521,0.028174372,0.5001381,0.3472741,0.038607117
5,4,melanocytic nevi,melanoma,0.0039632437,0.0013652383,0.022723548,0.005852607,0.55252934,0.39455855,0.01900739
2,2,benign keratosis-like lesions,benign keratosis-like lesions,0.0035708172,0.0011191027,0.65176725,0.011738771,0.19284476,0.119831525,0.019127773
4,5,melanoma,melanocytic nevi,0.0023788668,0.017115211,0.026501022,0.027490573,0.3653658,0.5134054,0.047743134
5,5,melanocytic nevi,melanocytic nevi,0.003490138,0.0032025443,0.053656533,0.025458071,0.17027682,0.71279395,0.03112189
5,5,melanocytic nevi,melanocytic nevi,0.0058006155,0.0035804014,0.0019329409,0.008343897,0.0035658525,0.9673904,0.009385896
5,5,melanocytic nevi,melanocytic nevi,0.022742756,0.045817457,0.0889334,0.2004549,0.07930782,0.48339006,0.07935353
0,0,actinic keratoses and intraepithelial carcinoma,actinic keratoses and intraepithelial carcinoma,0.9149858,0.0075055305,0.004410506,0.02480763,0.002902553,0.040292878,0.0050949845
4,5,melanoma,melanocytic nevi,0.0040095574,0.0011777653,0.3243834,0.0072665736,0.2892917,0.3425926,0.031278405
5,5,melanocytic nevi,melanocytic nevi,0.0018124564,0.013157532,0.00073969905,0.0035812159,0.001534791,0.97117305,0.008001217
2,2,benign keratosis-like lesions,benign keratosis-like lesions,0.0042280355,0.011710064,0.94883955,0.004189727,0.010596109,0.008711135,0.011725396
5,5,melanocytic nevi,melanocytic nevi,0.003529801,0.0038873295,0.0026526088,0.006044551,0.002340196,0.97104913,0.010496416
5,5,melanocytic nevi,melanocytic nevi,0.031735238,0.02416287,0.18035081,0.07939931,0.009897116,0.6281697,0.046284948
2,2,benign keratosis-like lesions,benign keratosis-like lesions,0.000810558,0.002245177,0.9770592,0.003532766,0.0032567254,0.00808413,0.005011486
5,5,melanocytic nevi,melanocytic nevi,0.0010597126,0.00018092374,0.0060024383,0.0042716684,0.045312263,0.9382783,0.004894518
5,5,melanocytic nevi,melanocytic nevi,0.0026486192,0.0037460644,0.008935647,0.0058098966,0.004701571,0.9638556,0.010302533
2,2,benign keratosis-like lesions,benign keratosis-like lesions,0.010369521,0.008121946,0.90028954,0.012552506,0.0122435745,0.04193063,0.014492218
5,5,melanocytic nevi,melanocytic nevi,0.0018820171,0.0010102198,0.0050830557,0.0064309114,0.0031563563,0.97445256,0.007984838
0,0,actinic keratoses and intraepithelial carcinoma,actinic keratoses and intraepithelial carcinoma,0.9312474,0.00076446356,0.012961807,0.015189125,0.02601479,0.010778101,0.0030443443
2,5,benign keratosis-like lesions,melanocytic nevi,0.008637025,0.005912529,0.36330846,0.045350574,0.028414465,0.49051803,0.05785886
5,5,melanocytic nevi,melanocytic nevi,0.00478074,0.017364915,0.021960774,0.022842882,0.044523835,0.8447442,0.043782644
5,5,melanocytic nevi,melanocytic nevi,0.005075089,0.018929468,0.0077086887,0.061025444,0.045025807,0.7639515,0.098284036
5,5,melanocytic nevi,melanocytic nevi,0.0045287083,0.007859432,0.0019187913,0.0075179795,0.06058733,0.90016377,0.017424041
5,5,melanocytic nevi,melanocytic nevi,0.0023065626,0.0013199814,0.0041260496,0.0076195598,0.0024103648,0.9709057,0.011311735
5,5,melanocytic nevi,melanocytic nevi,0.0041475776,0.00778291,0.0016863811,0.007880115,0.13159122,0.8218558,0.025056023
1,0,basal cell carcinoma,actinic keratoses and intraepithelial carcinoma,0.5971957,0.10492907,0.13867232,0.11801514,0.0068284147,0.011945628,0.022413736
5,5,melanocytic nevi,melanocytic nevi,0.002443862,0.0005514217,0.007513366,0.006370925,0.039829053,0.9275943,0.015697014
5,5,melanocytic nevi,melanocytic nevi,0.008677959,0.004287452,0.016609486,0.012408521,0.02381564,0.91092026,0.023280669
5,5,melanocytic nevi,melanocytic nevi,0.011879326,0.034333903,0.24761093,0.034374498,0.01799858,0.5656596,0.08814319
5,5,melanocytic nevi,melanocytic nevi,0.002454217,0.0016136684,0.17395046,0.006952295,0.036315624,0.76494914,0.0137647055
5,5,melanocytic nevi,melanocytic nevi,0.011160222,0.007927125,0.024128951,0.02948768,0.0073800725,0.88835955,0.03155644
2,2,benign keratosis-like lesions,benign keratosis-like lesions,0.026050122,0.032178387,0.7418074,0.046676796,0.043582164,0.06231768,0.04738751
5,5,melanocytic nevi,melanocytic nevi,0.00541732,0.00080960174,0.17688279,0.012647981,0.21861479,0.56671494,0.018912533
5,4,melanocytic nevi,melanoma,0.0016976148,0.0021371976,0.06616304,0.0103942165,0.5021101,0.3901832,0.027314631
2,2,benign keratosis-like lesions,benign keratosis-like lesions,0.013896466,0.002702822,0.4085022,0.018743267,0.14540453,0.38273853,0.0280122
5,5,melanocytic nevi,melanocytic nevi,0.0022829694,0.0007253201,0.0032948207,0.005558971,0.3621884,0.61272997,0.0132196145
1,1,basal cell carcinoma,basal cell carcinoma,0.002951172,0.72614235,0.06526867,0.010769745,0.030048858,0.06230323,0.10251597
4,4,melanoma,melanoma,0.004004229,0.021710902,0.1350378,0.035017233,0.42118683,0.30717677,0.07586628
5,5,melanocytic nevi,melanocytic nevi,0.0092607485,0.0046734447,0.022327026,0.010385928,0.006857642,0.91832674,0.028168479
5,5,melanocytic nevi,melanocytic nevi,0.0020357382,0.00050976523,0.0033660955,0.002240908,0.010850901,0.97335047,0.007646162
5,5,melanocytic nevi,melanocytic nevi,0.004046465,0.0030381544,0.0071688686,0.017677926,0.033453856,0.91963935,0.014975407
5,5,melanocytic nevi,melanocytic nevi,0.0012142457,0.0010025415,0.0120001845,0.006649004,0.113677524,0.85178745,0.013669112
1,1,basal cell carcinoma,basal cell carcinoma,0.015050551,0.78919774,0.009252523,0.04301272,0.00683662,0.043181747,0.09346811
5,5,melanocytic nevi,melanocytic nevi,0.023818592,0.022456625,0.18985492,0.050556395,0.27184507,0.36706722,0.07440116
5,5,melanocytic nevi,melanocytic nevi,0.004856326,0.021266052,0.0020237092,0.014293104,0.016083337,0.9140409,0.027436558
2,2,benign keratosis-like lesions,benign keratosis-like lesions,0.0015057063,0.0007678538,0.8802241,0.0058110994,0.025208442,0.07430969,0.012173155
4,5,melanoma,melanocytic nevi,0.0023989978,0.003202682,0.0079203965,0.007817449,0.45414898,0.501483,0.023028467
5,5,melanocytic nevi,melanocytic nevi,0.002650221,0.002400223,0.0023840007,0.002432141,0.009182735,0.97085124,0.010099468
5,5,melanocytic nevi,melanocytic nevi,0.002777365,0.020879483,0.0085831825,0.016459195,0.0029642042,0.9210185,0.02731803
5,5,melanocytic nevi,melanocytic nevi,0.031233393,0.063727014,0.015462023,0.06023446,0.1469832,0.57419246,0.108167425
5,5,melanocytic nevi,melanocytic nevi,0.03304382,0.041349724,0.006418901,0.032839224,0.012519797,0.8344709,0.03935758
5,5,melanocytic nevi,melanocytic nevi,0.0084704915,0.006457317,0.019119827,0.016591063,0.11975981,0.7888962,0.040705226
4,4,melanoma,melanoma,0.10672737,0.0043795626,0.01005834,0.022110302,0.7886642,0.040539753,0.027520455
5,5,melanocytic nevi,melanocytic nevi,0.0049509825,0.0023054648,0.0031171825,0.0042190924,0.019768653,0.9556261,0.01001243
5,5,melanocytic nevi,melanocytic nevi,0.004054959,0.052553475,0.01891153,0.04763973,0.18545832,0.5993436,0.09203844
5,5,melanocytic nevi,melanocytic nevi,0.010575678,0.005255144,0.010765127,0.02392174,0.12132581,0.79565066,0.032505825
5,5,melanocytic nevi,melanocytic nevi,0.0098228445,0.008359643,0.0048146676,0.020482564,0.08347602,0.84567493,0.027369374
5,5,melanocytic nevi,melanocytic nevi,0.007128996,0.0014301979,0.052892882,0.013295419,0.18133013,0.71851903,0.025403412
4,4,melanoma,melanoma,0.0018406719,0.003921963,0.0025392307,0.013533159,0.5931107,0.3586415,0.026412841
5,2,melanocytic nevi,benign keratosis-like lesions,0.0025285878,0.001680079,0.8900571,0.007819538,0.039175194,0.045096293,0.013643213
5,5,melanocytic nevi,melanocytic nevi,0.003054284,0.012046473,0.0062874067,0.010097745,0.012551271,0.93573827,0.02022456
4,4,melanoma,melanoma,0.033383403,0.29560676,9.1158996e-05,0.02113278,0.5660839,0.02977697,0.05392501
5,5,melanocytic nevi,melanocytic nevi,0.0010782509,0.0039011126,0.0030663593,0.003074815,0.021973807,0.9547725,0.012133275
5,5,melanocytic nevi,melanocytic nevi,0.0032576472,0.008143787,0.00481545,0.020292196,0.042687066,0.8950533,0.025750604
6,4,vascular lesions,melanoma,0.004713877,0.010278796,0.04767369,0.007776748,0.6115361,0.19256322,0.12545758
1,1,basal cell carcinoma,basal cell carcinoma,0.01065903,0.8385319,0.012656625,0.013203481,0.02446222,0.032587484,0.067899115
5,2,melanocytic nevi,benign keratosis-like lesions,0.18601492,0.012201318,0.54822636,0.049427763,0.076310106,0.10129746,0.0265221
5,5,melanocytic nevi,melanocytic nevi,0.0031678,0.0056224302,0.002960852,0.005878998,0.07767827,0.8837196,0.020972012
4,4,melanoma,melanoma,0.0018136769,0.0017908843,0.002193412,0.005727967,0.6001919,0.37420887,0.014073298
5,5,melanocytic nevi,melanocytic nevi,0.0022510309,0.0006656224,0.03071401,0.012895365,0.062369436,0.8791892,0.011915298
1,1,basal cell carcinoma,basal cell carcinoma,0.07731521,0.6715413,0.026670542,0.060410276,0.007805803,0.07681662,0.07944028
5,5,melanocytic nevi,melanocytic nevi,0.0013074557,0.0006442627,0.0033010463,0.005249142,0.019466646,0.9625169,0.0075145476
0,0,actinic keratoses and intraepithelial carcinoma,actinic keratoses and intraepithelial carcinoma,0.9463273,0.008137082,0.0029371318,0.008642421,0.023325397,0.006140634,0.0044899625
5,5,melanocytic nevi,melanocytic nevi,0.013207186,0.037670355,0.16833085,0.025193967,0.040758405,0.6301087,0.08473046
5,5,melanocytic nevi,melanocytic nevi,0.0062423986,0.011513447,0.0022259094,0.013881599,0.0019597365,0.94066226,0.023514628
5,2,melanocytic nevi,benign keratosis-like lesions,0.0052874847,0.016241364,0.6605639,0.033836186,0.001450795,0.2393068,0.04331337
5,5,melanocytic nevi,melanocytic nevi,0.008193552,0.0011193255,0.051325705,0.017131466,0.020436937,0.8868746,0.014918463
5,5,melanocytic nevi,melanocytic nevi,0.0062373336,0.022840878,0.046657067,0.026834566,0.044305682,0.8024443,0.050680187
5,5,melanocytic nevi,melanocytic nevi,0.0023429792,0.0011388004,0.0030139587,0.003710681,0.0051972694,0.9760088,0.008587496
5,5,melanocytic nevi,melanocytic nevi,0.0063172197,0.005771312,0.023376184,0.017895222,0.1483312,0.74132615,0.056982648
4,4,melanoma,melanoma,0.01672753,0.0019461245,0.010136713,0.0073802085,0.92023325,0.032159455,0.011416664
5,5,melanocytic nevi,melanocytic nevi,0.0066566654,0.008054835,0.009481428,0.013713605,0.0422181,0.88544136,0.03443388
5,4,melanocytic nevi,melanoma,0.0064569484,0.0070833103,0.014904783,0.011679045,0.72464544,0.20822676,0.027003726
5,5,melanocytic nevi,melanocytic nevi,0.00064819556,0.00055649696,0.000452867,0.004880708,0.42893052,0.5550789,0.009452282
4,4,melanoma,melanoma,0.010238865,0.018476665,0.0036778487,0.041077033,0.72340274,0.16730581,0.03582109
4,5,melanoma,melanocytic nevi,0.0040056165,0.00037847998,0.025173955,0.0061983103,0.43585366,0.51364756,0.014742451
6,5,vascular lesions,melanocytic nevi,0.0023905095,0.003299081,0.0060736295,0.010474504,0.07667891,0.8783868,0.02269652
5,5,melanocytic nevi,melanocytic nevi,0.0011538072,0.00058395363,0.0068686223,0.0045992355,0.015089557,0.9627673,0.008937542
5,5,melanocytic nevi,melanocytic nevi,0.0014862425,0.0025593603,0.0007544311,0.0030855455,0.06746551,0.9122931,0.012355726
4,4,melanoma,melanoma,0.0035840939,0.02581055,0.07293209,0.022612339,0.7916733,0.026193451,0.057194244
4,5,melanoma,melanocytic nevi,0.0037351744,0.0008518321,0.0038338734,0.0053977044,0.09040039,0.88535404,0.010426956
4,4,melanoma,melanoma,0.01373666,0.0013556681,0.033201363,0.0120257065,0.7098717,0.21120074,0.018608166
2,2,benign keratosis-like lesions,benign keratosis-like lesions,0.034371372,0.008142174,0.8767335,0.026312329,0.03271652,0.0066725146,0.015051587
5,5,melanocytic nevi,melanocytic nevi,0.005691302,0.0120479,0.026083369,0.018781396,0.15675542,0.7390038,0.041636817
1,1,basal cell carcinoma,basal cell carcinoma,0.023815345,0.7754222,0.0006643834,0.04397569,0.04101237,0.01753607,0.09757396
5,5,melanocytic nevi,melanocytic nevi,0.0027490347,0.0032026232,0.0016734863,0.004881024,0.0042657563,0.97361416,0.009613846
5,5,melanocytic nevi,melanocytic nevi,0.003386628,0.0011808454,0.036933232,0.00793995,0.3255483,0.609471,0.015540088
4,5,melanoma,melanocytic nevi,0.0068338676,0.020013187,0.08173615,0.05308201,0.14387132,0.6462992,0.048164282
5,5,melanocytic nevi,melanocytic nevi,0.010514646,0.016028548,0.007643129,0.076049894,0.0041005285,0.8593328,0.026330581
5,5,melanocytic nevi,melanocytic nevi,0.0025047627,0.0034035123,0.011182069,0.010914259,0.019617723,0.9399666,0.012411056
5,5,melanocytic nevi,melanocytic nevi,0.011432167,0.0033019807,0.0072002993,0.009109474,0.006820553,0.9516549,0.010480565
5,5,melanocytic nevi,melanocytic nevi,0.0033308305,0.0017501013,0.0030204868,0.0035223116,0.003342021,0.97483224,0.010202027
2,2,benign keratosis-like lesions,benign keratosis-like lesions,0.0015501472,0.00094279286,0.7610863,0.011809979,0.079161555,0.13702524,0.008424087
5,5,melanocytic nevi,melanocytic nevi,0.0050675585,0.01780882,0.005370753,0.044906437,0.022216989,0.84878033,0.055849124
5,5,melanocytic nevi,melanocytic nevi,0.005145787,0.0031891298,0.015869493,0.01276284,0.03265073,0.9028459,0.027536165
5,5,melanocytic nevi,melanocytic nevi,0.000927355,0.0018957976,0.003508209,0.007946311,0.007562762,0.9676394,0.0105201155
5,5,melanocytic nevi,melanocytic nevi,0.051115613,0.018268902,0.22138178,0.07021373,0.07945223,0.5120949,0.047472898
